receipt_reference,line_number,purchase_order_number,purchase_order_line_number,warehouse_code,receipt_date,quantity_received,quantity_rejected
GRN-2024-00001,1,PO-2024-00002,12,DAV,2024-01-05,36,0
GRN-2024-00002,1,PO-2024-00002,1,DAV,2024-01-10,5,0
GRN-2024-00003,1,PO-2024-00002,2,DAV,2024-01-10,11,0
GRN-2024-00004,1,PO-2024-00002,3,DAV,2024-01-10,6,0
GRN-2024-00005,1,PO-2024-00002,4,DAV,2024-01-10,3,0
GRN-2024-00006,1,PO-2024-00002,5,DAV,2024-01-10,3,0
GRN-2024-00007,1,PO-2024-00002,6,DAV,2024-01-10,18,0
GRN-2024-00008,1,PO-2024-00002,8,DAV,2024-01-10,6,0
GRN-2024-00009,1,PO-2024-00002,9,DAV,2024-01-10,6,0
GRN-2024-00010,1,PO-2024-00002,10,DAV,2024-01-10,6,0
GRN-2024-00011,1,PO-2024-00002,11,DAV,2024-01-10,36,0
GRN-2024-00012,1,PO-2024-00005,1,DAV,2024-01-10,19,0
GRN-2024-00013,1,PO-2024-00005,2,DAV,2024-01-10,7,0
GRN-2024-00014,1,PO-2024-00005,3,DAV,2024-01-10,161,1
GRN-2024-00015,1,PO-2024-00005,4,DAV,2024-01-10,33,0
GRN-2024-00016,1,PO-2024-00009,1,DAV,2024-01-10,8,0
GRN-2024-00017,1,PO-2024-00009,2,DAV,2024-01-10,9,0
GRN-2024-00018,1,PO-2024-00010,1,DAV,2024-01-10,6,0
GRN-2024-00019,1,PO-2024-00010,2,DAV,2024-01-10,36,0
GRN-2024-00020,1,PO-2024-00010,3,DAV,2024-01-10,15,0
GRN-2024-00021,1,PO-2024-00011,1,DAV,2024-01-10,6,0
GRN-2024-00022,1,PO-2024-00011,2,DAV,2024-01-10,145,0
GRN-2024-00023,1,PO-2024-00012,1,DAV,2024-01-10,24,0
GRN-2024-00024,1,PO-2024-00015,2,WAR,2024-01-10,152,0
GRN-2024-00025,1,PO-2024-00015,3,WAR,2024-01-10,21,0
GRN-2024-00026,1,PO-2024-00015,4,WAR,2024-01-10,25,0
GRN-2024-00027,1,PO-2024-00019,1,LIV,2024-01-10,239,1
GRN-2024-00028,1,PO-2024-00019,2,LIV,2024-01-10,13,0
GRN-2024-00029,1,PO-2024-00022,1,DAV,2024-01-11,36,0
GRN-2024-00030,1,PO-2024-00022,2,DAV,2024-01-11,179,1
GRN-2024-00031,1,PO-2024-00022,3,DAV,2024-01-11,54,0
GRN-2024-00032,1,PO-2024-00022,4,DAV,2024-01-11,15,0
GRN-2024-00033,1,PO-2024-00026,1,DAV,2024-01-11,41,1
GRN-2024-00034,1,PO-2024-00002,7,DAV,2024-01-12,54,0
GRN-2024-00035,1,PO-2024-00015,1,WAR,2024-01-12,208,0
GRN-2024-00036,1,PO-2024-00024,1,DAV,2024-01-12,2,0
GRN-2024-00037,1,PO-2024-00024,2,DAV,2024-01-12,5,0
GRN-2024-00038,1,PO-2024-00024,3,DAV,2024-01-12,79,1
GRN-2024-00039,1,PO-2024-00024,4,DAV,2024-01-12,46,0
GRN-2024-00040,1,PO-2024-00028,1,WAR,2024-01-12,44,0
GRN-2024-00041,1,PO-2024-00031,1,DAV,2024-01-15,54,0
GRN-2024-00042,1,PO-2024-00031,2,DAV,2024-01-15,149,1
GRN-2024-00043,1,PO-2024-00031,3,DAV,2024-01-15,52,0
GRN-2024-00044,1,PO-2024-00034,1,WAR,2024-01-15,65,1
GRN-2024-00045,1,PO-2024-00034,2,WAR,2024-01-15,45,0
GRN-2024-00046,1,PO-2024-00034,3,WAR,2024-01-15,168,0
GRN-2024-00047,1,PO-2024-00034,4,WAR,2024-01-15,40,0
GRN-2024-00048,1,PO-2024-00036,1,LIV,2024-01-15,272,0
GRN-2024-00049,1,PO-2024-00042,4,WAR,2024-01-15,10,0
GRN-2024-00050,1,PO-2024-00037,1,DAV,2024-01-16,5,0
GRN-2024-00051,1,PO-2024-00037,2,DAV,2024-01-16,25,0
GRN-2024-00052,1,PO-2024-00037,3,DAV,2024-01-16,5,0
GRN-2024-00053,1,PO-2024-00037,4,DAV,2024-01-16,11,1
GRN-2024-00054,1,PO-2024-00038,1,DAV,2024-01-16,3,0
GRN-2024-00055,1,PO-2024-00038,2,DAV,2024-01-16,15,0
GRN-2024-00056,1,PO-2024-00038,3,DAV,2024-01-16,144,1
GRN-2024-00057,1,PO-2024-00038,4,DAV,2024-01-16,5,0
GRN-2024-00058,1,PO-2024-00041,1,WAR,2024-01-16,2,0
GRN-2024-00059,1,PO-2024-00041,2,WAR,2024-01-16,598,2
GRN-2024-00060,1,PO-2024-00041,3,WAR,2024-01-16,16,0
GRN-2024-00061,1,PO-2024-00042,1,WAR,2024-01-16,42,0
GRN-2024-00062,1,PO-2024-00042,2,WAR,2024-01-16,152,0
GRN-2024-00063,1,PO-2024-00042,3,WAR,2024-01-16,54,0
GRN-2024-00064,1,PO-2024-00046,1,DAV,2024-01-16,4,0
GRN-2024-00065,1,PO-2024-00001,1,DAV,2024-01-17,5,0
GRN-2024-00066,1,PO-2024-00031,4,DAV,2024-01-17,17,0
GRN-2024-00067,1,PO-2024-00044,1,DAV,2024-01-17,5,0
GRN-2024-00068,1,PO-2024-00044,2,DAV,2024-01-17,81,0
GRN-2024-00069,1,PO-2024-00044,3,DAV,2024-01-17,54,0
GRN-2024-00070,1,PO-2024-00044,4,DAV,2024-01-17,6,0
GRN-2024-00071,1,PO-2024-00045,1,DAV,2024-01-17,5,0
GRN-2024-00072,1,PO-2024-00045,2,DAV,2024-01-17,3,0
GRN-2024-00073,1,PO-2024-00045,3,DAV,2024-01-17,151,1
GRN-2024-00074,1,PO-2024-00045,4,DAV,2024-01-17,208,0
GRN-2024-00075,1,PO-2024-00046,2,DAV,2024-01-17,171,0
GRN-2024-00076,1,PO-2024-00048,1,DAV,2024-01-17,37,0
GRN-2024-00077,1,PO-2024-00048,2,DAV,2024-01-17,111,1
GRN-2024-00078,1,PO-2024-00048,3,DAV,2024-01-17,24,0
GRN-2024-00079,1,PO-2024-00048,4,DAV,2024-01-17,8,0
GRN-2024-00080,1,PO-2024-00049,1,WAR,2024-01-17,76,0
GRN-2024-00081,1,PO-2024-00049,2,WAR,2024-01-17,69,0
GRN-2024-00082,1,PO-2024-00003,4,DAV,2024-01-18,2,0
GRN-2024-00083,1,PO-2024-00041,4,WAR,2024-01-18,36,0
GRN-2024-00084,1,PO-2024-00050,1,DAV,2024-01-18,54,0
GRN-2024-00085,1,PO-2024-00004,4,DAV,2024-01-19,70,0
GRN-2024-00086,1,PO-2024-00001,2,DAV,2024-01-22,15,0
GRN-2024-00087,1,PO-2024-00003,1,DAV,2024-01-22,5,0
GRN-2024-00088,1,PO-2024-00003,2,DAV,2024-01-22,24,0
GRN-2024-00089,1,PO-2024-00003,3,DAV,2024-01-22,68,0
GRN-2024-00090,1,PO-2024-00004,1,DAV,2024-01-22,8,0
GRN-2024-00091,1,PO-2024-00004,2,DAV,2024-01-22,42,0
GRN-2024-00092,1,PO-2024-00004,3,DAV,2024-01-22,209,1
GRN-2024-00093,1,PO-2024-00006,1,DAV,2024-01-22,3,0
GRN-2024-00094,1,PO-2024-00006,2,DAV,2024-01-22,12,0
GRN-2024-00095,1,PO-2024-00006,4,DAV,2024-01-22,7,0
GRN-2024-00096,1,PO-2024-00016,1,WAR,2024-01-22,29,0
GRN-2024-00097,1,PO-2024-00017,1,LIV,2024-01-22,20,0
GRN-2024-00098,1,PO-2024-00026,2,DAV,2024-01-22,52,2
GRN-2024-00099,1,PO-2024-00039,3,DAV,2024-01-22,8,0
GRN-2024-00100,1,PO-2024-00056,1,WAR,2024-01-22,47,0
GRN-2024-00101,1,PO-2024-00056,3,WAR,2024-01-22,337,1
GRN-2024-00102,1,PO-2024-00020,1,DAV,2024-01-23,7,0
GRN-2024-00103,1,PO-2024-00020,2,DAV,2024-01-23,36,0
GRN-2024-00104,1,PO-2024-00020,3,DAV,2024-01-23,111,1
GRN-2024-00105,1,PO-2024-00021,2,DAV,2024-01-23,60,0
GRN-2024-00106,1,PO-2024-00023,1,WAR,2024-01-23,130,0
GRN-2024-00107,1,PO-2024-00039,4,DAV,2024-01-23,41,0
GRN-2024-00108,1,PO-2024-00058,1,DAV,2024-01-23,14,0
GRN-2024-00109,1,PO-2024-00058,2,DAV,2024-01-23,7,0
GRN-2024-00110,1,PO-2024-00058,3,DAV,2024-01-23,45,0
GRN-2024-00111,1,PO-2024-00058,4,DAV,2024-01-23,21,0
GRN-2024-00112,1,PO-2024-00060,1,DAV,2024-01-23,231,1
GRN-2024-00113,1,PO-2024-00061,1,WAR,2024-01-23,15,0
GRN-2024-00114,1,PO-2024-00013,2,DAV,2024-01-24,791,4
GRN-2024-00115,1,PO-2024-00013,4,DAV,2024-01-24,105,0
GRN-2024-00116,1,PO-2024-00024,1,DAV,2024-01-24,3,0
GRN-2024-00117,1,PO-2024-00028,1,WAR,2024-01-24,12,0
GRN-2024-00118,1,PO-2024-00055,3,WAR,2024-01-24,90,1
GRN-2024-00119,1,PO-2024-00064,1,WAR,2024-01-24,5,0
GRN-2024-00120,1,PO-2024-00064,2,WAR,2024-01-24,28,1
GRN-2024-00121,1,PO-2024-00064,3,WAR,2024-01-24,8,0
GRN-2024-00122,1,PO-2024-00021,1,DAV,2024-01-25,46,0
GRN-2024-00123,1,PO-2024-00030,1,DAV,2024-01-25,6,0
GRN-2024-00124,1,PO-2024-00032,1,DAV,2024-01-25,65,3
GRN-2024-00125,1,PO-2024-00056,2,WAR,2024-01-25,156,0
GRN-2024-00126,1,PO-2024-00057,3,WAR,2024-01-25,24,1
GRN-2024-00127,1,PO-2024-00065,1,DAV,2024-01-25,96,0
GRN-2024-00128,1,PO-2024-00065,2,DAV,2024-01-25,41,0
GRN-2024-00129,1,PO-2024-00065,3,DAV,2024-01-25,510,0
GRN-2024-00130,1,PO-2024-00065,4,DAV,2024-01-25,10,0
GRN-2024-00131,1,PO-2024-00068,1,DAV,2024-01-25,1980,4
GRN-2024-00132,1,PO-2024-00071,1,WAR,2024-01-25,104,0
GRN-2024-00133,1,PO-2024-00039,1,DAV,2024-01-26,54,0
GRN-2024-00134,1,PO-2024-00039,2,DAV,2024-01-26,24,0
GRN-2024-00135,1,PO-2024-00052,2,WAR,2024-01-26,14,0
GRN-2024-00136,1,PO-2024-00053,4,DAV,2024-01-26,112,0
GRN-2024-00137,1,PO-2024-00068,2,DAV,2024-01-26,6,0
GRN-2024-00138,1,PO-2024-00071,2,WAR,2024-01-26,170,1
GRN-2024-00139,1,PO-2024-00075,2,DAV,2024-01-26,6,0
GRN-2024-00140,1,PO-2024-00075,3,DAV,2024-01-26,44,0
GRN-2024-00141,1,PO-2024-00085,2,DAV,2024-01-26,150,0
GRN-2024-00142,1,PO-2024-00087,2,WAR,2024-01-26,260,0
GRN-2024-00143,1,PO-2024-00020,4,DAV,2024-01-29,403,3
GRN-2024-00144,1,PO-2024-00075,1,DAV,2024-01-29,26,0
GRN-2024-00145,1,PO-2024-00075,4,DAV,2024-01-29,4,0
GRN-2024-00146,1,PO-2024-00078,1,DAV,2024-01-29,36,0
GRN-2024-00147,1,PO-2024-00078,2,DAV,2024-01-29,24,0
GRN-2024-00148,1,PO-2024-00078,3,DAV,2024-01-29,5,0
GRN-2024-00149,1,PO-2024-00081,1,DAV,2024-01-29,11,0
GRN-2024-00150,1,PO-2024-00081,4,DAV,2024-01-29,19,0
GRN-2024-00151,1,PO-2024-00082,1,DAV,2024-01-29,3,0
GRN-2024-00152,1,PO-2024-00085,3,DAV,2024-01-29,464,1
GRN-2024-00153,1,PO-2024-00007,4,DAV,2024-01-30,27,0
GRN-2024-00154,1,PO-2024-00073,1,LIV,2024-01-30,227,1
GRN-2024-00155,1,PO-2024-00080,1,DAV,2024-01-30,5,0
GRN-2024-00156,1,PO-2024-00081,2,DAV,2024-01-30,179,1
GRN-2024-00157,1,PO-2024-00081,3,DAV,2024-01-30,15,0
GRN-2024-00158,1,PO-2024-00082,2,DAV,2024-01-30,3,0
GRN-2024-00159,1,PO-2024-00082,3,DAV,2024-01-30,168,0
GRN-2024-00160,1,PO-2024-00083,1,DAV,2024-01-30,15,0
GRN-2024-00161,1,PO-2024-00085,1,DAV,2024-01-30,6,0
GRN-2024-00162,1,PO-2024-00085,4,DAV,2024-01-30,54,0
GRN-2024-00163,1,PO-2024-00087,1,WAR,2024-01-30,146,0
GRN-2024-00164,1,PO-2024-00087,3,WAR,2024-01-30,4,0
GRN-2024-00165,1,PO-2024-00087,4,WAR,2024-01-30,16,0
GRN-2024-00166,1,PO-2024-00052,1,WAR,2024-01-31,5,0
GRN-2024-00167,1,PO-2024-00053,2,DAV,2024-01-31,8,0
GRN-2024-00168,1,PO-2024-00057,4,WAR,2024-01-31,35,1
GRN-2024-00169,1,PO-2024-00064,3,WAR,2024-01-31,3,0
GRN-2024-00170,1,PO-2024-00088,1,DAV,2024-01-31,179,1
GRN-2024-00171,1,PO-2024-00089,1,DAV,2024-01-31,35,1
GRN-2024-00172,1,PO-2024-00089,2,DAV,2024-01-31,290,0
GRN-2024-00173,1,PO-2024-00089,3,DAV,2024-01-31,6,0
GRN-2024-00174,1,PO-2024-00089,4,DAV,2024-01-31,5,0
GRN-2024-00175,1,PO-2024-00006,3,DAV,2024-02-01,112,0
GRN-2024-00176,1,PO-2024-00007,2,DAV,2024-02-01,15,0
GRN-2024-00177,1,PO-2024-00013,3,DAV,2024-02-01,3,0
GRN-2024-00178,1,PO-2024-00025,1,DAV,2024-02-01,15,0
GRN-2024-00179,1,PO-2024-00027,2,DAV,2024-02-01,24,0
GRN-2024-00180,1,PO-2024-00053,1,DAV,2024-02-01,5,0
GRN-2024-00181,1,PO-2024-00053,3,DAV,2024-02-01,14,0
GRN-2024-00182,1,PO-2024-00055,2,WAR,2024-02-01,7,0
GRN-2024-00183,1,PO-2024-00055,4,WAR,2024-02-01,36,0
GRN-2024-00184,1,PO-2024-00057,1,WAR,2024-02-01,5,1
GRN-2024-00185,1,PO-2024-00057,2,WAR,2024-02-01,103,1
GRN-2024-00186,1,PO-2024-00062,1,DAV,2024-02-01,8,0
GRN-2024-00187,1,PO-2024-00095,1,DAV,2024-02-01,53,0
GRN-2024-00188,1,PO-2024-00096,1,WAR,2024-02-01,1663,1
GRN-2024-00189,1,PO-2024-00096,2,WAR,2024-02-01,125,0
GRN-2024-00190,1,PO-2024-00098,1,WAR,2024-02-01,36,0
GRN-2024-00191,1,PO-2024-00013,1,DAV,2024-02-02,24,0
GRN-2024-00192,1,PO-2024-00087,3,WAR,2024-02-02,4,0
GRN-2024-00193,1,PO-2024-00099,1,DAV,2024-02-02,13,0
GRN-2024-00194,1,PO-2024-00099,2,DAV,2024-02-02,64,0
GRN-2024-00195,1,PO-2024-00101,1,WAR,2024-02-02,120,0
GRN-2024-00196,1,PO-2024-00101,2,WAR,2024-02-02,48,0
GRN-2024-00197,1,PO-2024-00101,3,WAR,2024-02-02,25,0
GRN-2024-00198,1,PO-2024-00102,1,WAR,2024-02-02,144,0
GRN-2024-00199,1,PO-2024-00105,2,WAR,2024-02-02,150,0
GRN-2024-00200,1,PO-2024-00027,1,DAV,2024-02-05,15,0
GRN-2024-00201,1,PO-2024-00027,4,DAV,2024-02-05,43,0
GRN-2024-00202,1,PO-2024-00062,2,DAV,2024-02-05,299,1
GRN-2024-00203,1,PO-2024-00063,1,DAV,2024-02-05,53,1
GRN-2024-00204,1,PO-2024-00063,3,DAV,2024-02-05,24,0
GRN-2024-00205,1,PO-2024-00065,2,DAV,2024-02-05,13,0
GRN-2024-00206,1,PO-2024-00077,3,DAV,2024-02-05,23,1
GRN-2024-00207,1,PO-2024-00104,1,DAV,2024-02-05,7,0
GRN-2024-00208,1,PO-2024-00104,2,DAV,2024-02-05,54,0
GRN-2024-00209,1,PO-2024-00104,3,DAV,2024-02-05,52,0
GRN-2024-00210,1,PO-2024-00105,1,WAR,2024-02-05,231,0
GRN-2024-00211,1,PO-2024-00107,2,DAV,2024-02-05,3,0
GRN-2024-00212,1,PO-2024-00108,2,DAV,2024-02-05,17,0
GRN-2024-00213,1,PO-2024-00003,3,DAV,2024-02-06,22,0
GRN-2024-00214,1,PO-2024-00003,4,DAV,2024-02-06,3,0
GRN-2024-00215,1,PO-2024-00037,3,DAV,2024-02-06,3,0
GRN-2024-00216,1,PO-2024-00077,4,DAV,2024-02-06,5,0
GRN-2024-00217,1,PO-2024-00107,1,DAV,2024-02-06,7,0
GRN-2024-00218,1,PO-2024-00108,1,DAV,2024-02-06,76,0
GRN-2024-00219,1,PO-2024-00108,3,DAV,2024-02-06,6,0
GRN-2024-00220,1,PO-2024-00041,1,WAR,2024-02-07,3,0
GRN-2024-00221,1,PO-2024-00062,3,DAV,2024-02-07,4,0
GRN-2024-00222,1,PO-2024-00063,2,DAV,2024-02-07,24,0
GRN-2024-00223,1,PO-2024-00074,1,LIV,2024-02-07,142,2
GRN-2024-00224,1,PO-2024-00077,2,DAV,2024-02-07,7,0
GRN-2024-00225,1,PO-2024-00087,1,WAR,2024-02-07,46,0
GRN-2024-00226,1,PO-2024-00112,1,DAV,2024-02-07,5,0
GRN-2024-00227,1,PO-2024-00116,1,WAR,2024-02-07,36,0
GRN-2024-00228,1,PO-2024-00067,1,WAR,2024-02-08,104,0
GRN-2024-00229,1,PO-2024-00117,1,DAV,2024-02-08,87,0
GRN-2024-00230,1,PO-2024-00119,1,WAR,2024-02-08,200,0
GRN-2024-00231,1,PO-2024-00121,1,WAR,2024-02-08,15,0
GRN-2024-00232,1,PO-2024-00006,3,DAV,2024-02-09,68,0
GRN-2024-00233,1,PO-2024-00007,3,DAV,2024-02-09,11,0
GRN-2024-00234,1,PO-2024-00084,1,DAV,2024-02-09,210,0
GRN-2024-00235,1,PO-2024-00084,2,DAV,2024-02-09,84,1
GRN-2024-00236,1,PO-2024-00084,3,DAV,2024-02-09,5,0
GRN-2024-00237,1,PO-2024-00084,4,DAV,2024-02-09,69,1
GRN-2024-00238,1,PO-2024-00091,2,DAV,2024-02-09,26,0
GRN-2024-00239,1,PO-2024-00094,1,DAV,2024-02-09,12,0
GRN-2024-00240,1,PO-2024-00123,1,WAR,2024-02-09,39,1
GRN-2024-00241,1,PO-2024-00123,2,WAR,2024-02-09,41,1
GRN-2024-00242,1,PO-2024-00123,3,WAR,2024-02-09,18,0
GRN-2024-00243,1,PO-2024-00073,2,LIV,2024-02-12,123,3
GRN-2024-00244,1,PO-2024-00077,1,DAV,2024-02-12,26,0
GRN-2024-00245,1,PO-2024-00082,2,DAV,2024-02-12,3,0
GRN-2024-00246,1,PO-2024-00091,3,DAV,2024-02-12,312,0
GRN-2024-00247,1,PO-2024-00109,2,DAV,2024-02-12,8,0
GRN-2024-00248,1,PO-2024-00110,1,LIV,2024-02-12,203,1
GRN-2024-00249,1,PO-2024-00120,1,WAR,2024-02-12,20,0
GRN-2024-00250,1,PO-2024-00091,1,DAV,2024-02-13,7,0
GRN-2024-00251,1,PO-2024-00091,4,DAV,2024-02-13,24,0
GRN-2024-00252,1,PO-2024-00092,1,DAV,2024-02-13,9,1
GRN-2024-00253,1,PO-2024-00097,1,WAR,2024-02-13,38,0
GRN-2024-00254,1,PO-2024-00115,1,WAR,2024-02-13,127,3
GRN-2024-00255,1,PO-2024-00130,1,DAV,2024-02-13,14,0
GRN-2024-00256,1,PO-2024-00130,2,DAV,2024-02-13,19,0
GRN-2024-00257,1,PO-2024-00132,1,WAR,2024-02-13,5,0
GRN-2024-00258,1,PO-2024-00132,2,WAR,2024-02-13,600,0
GRN-2024-00259,1,PO-2024-00134,1,WAR,2024-02-13,152,0
GRN-2024-00260,1,PO-2024-00134,2,WAR,2024-02-13,62,1
GRN-2024-00261,1,PO-2024-00134,3,WAR,2024-02-13,424,1
GRN-2024-00262,1,PO-2024-00100,1,DAV,2024-02-14,111,1
GRN-2024-00263,1,PO-2024-00135,1,DAV,2024-02-14,7,1
GRN-2024-00264,1,PO-2024-00135,2,DAV,2024-02-14,5,0
GRN-2024-00265,1,PO-2024-00137,1,WAR,2024-02-14,150,0
GRN-2024-00266,1,PO-2024-00027,3,DAV,2024-02-15,9,0
GRN-2024-00267,1,PO-2024-00069,1,DAV,2024-02-15,42,0
GRN-2024-00268,1,PO-2024-00075,4,DAV,2024-02-15,2,0
GRN-2024-00269,1,PO-2024-00081,4,DAV,2024-02-15,13,0
GRN-2024-00270,1,PO-2024-00131,3,DAV,2024-02-15,24,0
GRN-2024-00271,1,PO-2024-00133,1,WAR,2024-02-15,75,0
GRN-2024-00272,1,PO-2024-00133,2,WAR,2024-02-15,5,0
GRN-2024-00273,1,PO-2024-00140,1,DAV,2024-02-15,140,0
GRN-2024-00274,1,PO-2024-00140,2,DAV,2024-02-15,145,0
GRN-2024-00275,1,PO-2024-00140,3,DAV,2024-02-15,19,0
GRN-2024-00276,1,PO-2024-00142,1,WAR,2024-02-15,150,0
GRN-2024-00277,1,PO-2024-00145,3,DAV,2024-02-15,364,0
GRN-2024-00278,1,PO-2024-00007,1,DAV,2024-02-16,22,0
GRN-2024-00279,1,PO-2024-00079,1,WAR,2024-02-16,22,1
GRN-2024-00280,1,PO-2024-00099,1,DAV,2024-02-16,6,0
GRN-2024-00281,1,PO-2024-00109,1,DAV,2024-02-16,6,0
GRN-2024-00282,1,PO-2024-00109,3,DAV,2024-02-16,4,0
GRN-2024-00283,1,PO-2024-00143,1,DAV,2024-02-16,5,0
GRN-2024-00284,1,PO-2024-00143,2,DAV,2024-02-16,8,0
GRN-2024-00285,1,PO-2024-00144,1,DAV,2024-02-16,8,0
GRN-2024-00286,1,PO-2024-00145,1,DAV,2024-02-16,111,1
GRN-2024-00287,1,PO-2024-00145,2,DAV,2024-02-16,54,0
GRN-2024-00288,1,PO-2024-00145,4,DAV,2024-02-16,18,0
GRN-2024-00289,1,PO-2024-00146,1,WAR,2024-02-16,104,0
GRN-2024-00290,1,PO-2024-00147,1,WAR,2024-02-16,17,1
GRN-2024-00291,1,PO-2024-00065,1,DAV,2024-02-19,56,0
GRN-2024-00292,1,PO-2024-00115,3,WAR,2024-02-19,8,0
GRN-2024-00293,1,PO-2024-00148,1,DAV,2024-02-19,8,0
GRN-2024-00294,1,PO-2024-00148,2,DAV,2024-02-19,248,0
GRN-2024-00295,1,PO-2024-00148,3,DAV,2024-02-19,53,1
GRN-2024-00296,1,PO-2024-00148,4,DAV,2024-02-19,80,0
GRN-2024-00297,1,PO-2024-00149,1,DAV,2024-02-19,33,0
GRN-2024-00298,1,PO-2024-00149,2,DAV,2024-02-19,25,0
GRN-2024-00299,1,PO-2024-00153,1,DAV,2024-02-19,6,0
GRN-2024-00300,1,PO-2024-00053,3,DAV,2024-02-20,10,0
GRN-2024-00301,1,PO-2024-00092,2,DAV,2024-02-20,15,0
GRN-2024-00302,1,PO-2024-00093,2,DAV,2024-02-20,23,0
GRN-2024-00303,1,PO-2024-00141,2,WAR,2024-02-20,20,0
GRN-2024-00304,1,PO-2024-00153,2,DAV,2024-02-20,208,0
GRN-2024-00305,1,PO-2024-00153,3,DAV,2024-02-20,3,0
GRN-2024-00306,1,PO-2024-00153,4,DAV,2024-02-20,3,0
GRN-2024-00307,1,PO-2024-00155,1,LIV,2024-02-20,32,0
GRN-2024-00308,1,PO-2024-00155,2,LIV,2024-02-20,62,0
GRN-2024-00309,1,PO-2024-00155,4,LIV,2024-02-20,61,0
GRN-2024-00310,1,PO-2024-00027,3,DAV,2024-02-21,8,0
GRN-2024-00311,1,PO-2024-00055,1,WAR,2024-02-21,181,1
GRN-2024-00312,1,PO-2024-00093,1,DAV,2024-02-21,15,0
GRN-2024-00313,1,PO-2024-00114,1,WAR,2024-02-21,155,1
GRN-2024-00314,1,PO-2024-00115,2,WAR,2024-02-21,10,0
GRN-2024-00315,1,PO-2024-00156,1,DAV,2024-02-21,5,0
GRN-2024-00316,1,PO-2024-00156,2,DAV,2024-02-21,6,0
GRN-2024-00317,1,PO-2024-00156,3,DAV,2024-02-21,198,0
GRN-2024-00318,1,PO-2024-00156,4,DAV,2024-02-21,71,0
GRN-2024-00319,1,PO-2024-00158,1,DAV,2024-02-21,24,0
GRN-2024-00320,1,PO-2024-00160,1,WAR,2024-02-21,43,0
GRN-2024-00321,1,PO-2024-00101,2,WAR,2024-02-22,18,0
GRN-2024-00322,1,PO-2024-00105,1,WAR,2024-02-22,173,1
GRN-2024-00323,1,PO-2024-00124,1,DAV,2024-02-22,9,0
GRN-2024-00324,1,PO-2024-00128,2,LIV,2024-02-22,1000,7
GRN-2024-00325,1,PO-2024-00162,1,DAV,2024-02-22,305,0
GRN-2024-00326,1,PO-2024-00052,1,WAR,2024-02-23,3,0
GRN-2024-00327,1,PO-2024-00079,1,WAR,2024-02-23,15,0
GRN-2024-00328,1,PO-2024-00113,3,DAV,2024-02-23,22,0
GRN-2024-00329,1,PO-2024-00139,1,DAV,2024-02-23,6,0
GRN-2024-00330,1,PO-2024-00139,2,DAV,2024-02-23,24,0
GRN-2024-00331,1,PO-2024-00164,1,DAV,2024-02-23,6,0
GRN-2024-00332,1,PO-2024-00169,1,DAV,2024-02-23,4,0
GRN-2024-00333,1,PO-2024-00091,3,DAV,2024-02-26,94,0
GRN-2024-00334,1,PO-2024-00113,4,DAV,2024-02-26,24,0
GRN-2024-00335,1,PO-2024-00128,1,LIV,2024-02-26,126,0
GRN-2024-00336,1,PO-2024-00138,1,DAV,2024-02-26,5,0
GRN-2024-00337,1,PO-2024-00155,3,LIV,2024-02-26,98,0
GRN-2024-00338,1,PO-2024-00164,2,DAV,2024-02-26,26,0
GRN-2024-00339,1,PO-2024-00164,3,DAV,2024-02-26,6,0
GRN-2024-00340,1,PO-2024-00164,4,DAV,2024-02-26,18,0
GRN-2024-00341,1,PO-2024-00165,1,DAV,2024-02-26,69,0
GRN-2024-00342,1,PO-2024-00165,2,DAV,2024-02-26,54,0
GRN-2024-00343,1,PO-2024-00165,3,DAV,2024-02-26,5,0
GRN-2024-00344,1,PO-2024-00165,4,DAV,2024-02-26,8,0
GRN-2024-00345,1,PO-2024-00166,1,WAR,2024-02-26,36,0
GRN-2024-00346,1,PO-2024-00166,3,WAR,2024-02-26,27,0
GRN-2024-00347,1,PO-2024-00166,4,WAR,2024-02-26,208,0
GRN-2024-00348,1,PO-2024-00167,1,LIV,2024-02-26,569,1
GRN-2024-00349,1,PO-2024-00168,3,DAV,2024-02-26,15,0
GRN-2024-00350,1,PO-2024-00062,3,DAV,2024-02-27,2,0
GRN-2024-00351,1,PO-2024-00141,1,WAR,2024-02-27,94,0
GRN-2024-00352,1,PO-2024-00152,1,DAV,2024-02-27,54,0
GRN-2024-00353,1,PO-2024-00157,3,DAV,2024-02-27,36,0
GRN-2024-00354,1,PO-2024-00172,1,DAV,2024-02-27,6,0
GRN-2024-00355,1,PO-2024-00172,2,DAV,2024-02-27,171,0
GRN-2024-00356,1,PO-2024-00007,3,DAV,2024-02-28,4,0
GRN-2024-00357,1,PO-2024-00040,1,WAR,2024-02-28,261,3
GRN-2024-00358,1,PO-2024-00141,2,WAR,2024-02-28,9,0
GRN-2024-00359,1,PO-2024-00166,2,WAR,2024-02-28,150,0
GRN-2024-00360,1,PO-2024-00175,1,WAR,2024-02-28,16,0
GRN-2024-00361,1,PO-2024-00175,2,WAR,2024-02-28,5,0
GRN-2024-00362,1,PO-2024-00176,1,WAR,2024-02-28,56,0
GRN-2024-00363,1,PO-2024-00176,2,WAR,2024-02-28,124,1
GRN-2024-00364,1,PO-2024-00177,1,WAR,2024-02-28,18,0
GRN-2024-00365,1,PO-2024-00113,1,DAV,2024-02-29,37,0
GRN-2024-00366,1,PO-2024-00172,3,DAV,2024-02-29,47,0
GRN-2024-00367,1,PO-2024-00179,1,DAV,2024-02-29,5,0
GRN-2024-00368,1,PO-2024-00179,2,DAV,2024-02-29,5,0
GRN-2024-00369,1,PO-2024-00179,3,DAV,2024-02-29,3,0
GRN-2024-00370,1,PO-2024-00179,4,DAV,2024-02-29,25,0
GRN-2024-00371,1,PO-2024-00182,1,DAV,2024-02-29,18,0
GRN-2024-00372,1,PO-2024-00040,3,WAR,2024-03-01,784,7
GRN-2024-00373,1,PO-2024-00125,2,WAR,2024-03-01,18,1
GRN-2024-00374,1,PO-2024-00125,4,WAR,2024-03-01,37,0
GRN-2024-00375,1,PO-2024-00127,1,LIV,2024-03-01,54,1
GRN-2024-00376,1,PO-2024-00131,1,DAV,2024-03-01,21,0
GRN-2024-00377,1,PO-2024-00151,1,DAV,2024-03-01,7,0
GRN-2024-00378,1,PO-2024-00151,2,DAV,2024-03-01,9,0
GRN-2024-00379,1,PO-2024-00157,2,DAV,2024-03-01,7,0
GRN-2024-00380,1,PO-2024-00185,1,DAV,2024-03-01,15,0
GRN-2024-00381,1,PO-2024-00185,2,DAV,2024-03-01,15,0
GRN-2024-00382,1,PO-2024-00186,1,DAV,2024-03-01,51,0
GRN-2024-00383,1,PO-2024-00186,2,DAV,2024-03-01,54,0
GRN-2024-00384,1,PO-2024-00186,3,DAV,2024-03-01,15,0
GRN-2024-00385,1,PO-2024-00186,4,DAV,2024-03-01,3,0
GRN-2024-00386,1,PO-2024-00187,1,WAR,2024-03-01,337,1
GRN-2024-00387,1,PO-2024-00188,4,DAV,2024-03-01,11,0
GRN-2024-00388,1,PO-2024-00014,2,WAR,2024-03-04,76,2
GRN-2024-00389,1,PO-2024-00131,2,DAV,2024-03-04,4,0
GRN-2024-00390,1,PO-2024-00157,1,DAV,2024-03-04,8,0
GRN-2024-00391,1,PO-2024-00159,1,WAR,2024-03-04,78,0
GRN-2024-00392,1,PO-2024-00188,1,DAV,2024-03-04,21,0
GRN-2024-00393,1,PO-2024-00188,2,DAV,2024-03-04,36,0
GRN-2024-00394,1,PO-2024-00188,3,DAV,2024-03-04,32,0
GRN-2024-00395,1,PO-2024-00189,1,WAR,2024-03-04,60,0
GRN-2024-00396,1,PO-2024-00189,2,WAR,2024-03-04,14,0
GRN-2024-00397,1,PO-2024-00189,3,WAR,2024-03-04,63,0
GRN-2024-00398,1,PO-2024-00189,4,WAR,2024-03-04,54,0
GRN-2024-00399,1,PO-2024-00035,4,LIV,2024-03-05,144,0
GRN-2024-00400,1,PO-2024-00115,2,WAR,2024-03-05,4,0
GRN-2024-00401,1,PO-2024-00161,1,DAV,2024-03-05,3,0
GRN-2024-00402,1,PO-2024-00161,2,DAV,2024-03-05,6,0
GRN-2024-00403,1,PO-2024-00161,3,DAV,2024-03-05,12,0
GRN-2024-00404,1,PO-2024-00168,2,DAV,2024-03-05,9,0
GRN-2024-00405,1,PO-2024-00192,1,DAV,2024-03-05,54,0
GRN-2024-00406,1,PO-2024-00192,2,DAV,2024-03-05,9,0
GRN-2024-00407,1,PO-2024-00193,1,DAV,2024-03-05,45,0
GRN-2024-00408,1,PO-2024-00193,2,DAV,2024-03-05,36,0
GRN-2024-00409,1,PO-2024-00194,1,WAR,2024-03-05,171,0
GRN-2024-00410,1,PO-2024-00196,1,WAR,2024-03-05,19,0
GRN-2024-00411,1,PO-2024-00198,1,WAR,2024-03-05,150,0
GRN-2024-00412,1,PO-2024-00205,3,WAR,2024-03-05,42,0
GRN-2024-00413,1,PO-2024-00133,2,WAR,2024-03-06,2,0
GRN-2024-00414,1,PO-2024-00199,1,DAV,2024-03-06,7,0
GRN-2024-00415,1,PO-2024-00199,2,DAV,2024-03-06,24,0
GRN-2024-00416,1,PO-2024-00200,1,DAV,2024-03-06,11,0
GRN-2024-00417,1,PO-2024-00200,2,DAV,2024-03-06,125,0
GRN-2024-00418,1,PO-2024-00200,3,DAV,2024-03-06,6,0
GRN-2024-00419,1,PO-2024-00200,4,DAV,2024-03-06,15,0
GRN-2024-00420,1,PO-2024-00202,1,WAR,2024-03-06,450,0
GRN-2024-00421,1,PO-2024-00014,4,WAR,2024-03-07,2040,39
GRN-2024-00422,1,PO-2024-00113,2,DAV,2024-03-07,54,1
GRN-2024-00423,1,PO-2024-00180,2,DAV,2024-03-07,67,1
GRN-2024-00424,1,PO-2024-00195,1,WAR,2024-03-07,22,0
GRN-2024-00425,1,PO-2024-00204,1,WAR,2024-03-07,5,0
GRN-2024-00426,1,PO-2024-00204,2,WAR,2024-03-07,29,0
GRN-2024-00427,1,PO-2024-00205,1,WAR,2024-03-07,8,0
GRN-2024-00428,1,PO-2024-00205,2,WAR,2024-03-07,152,0
GRN-2024-00429,1,PO-2024-00205,4,WAR,2024-03-07,66,0
GRN-2024-00430,1,PO-2024-00208,3,DAV,2024-03-07,11,0
GRN-2024-00431,1,PO-2024-00014,3,WAR,2024-03-08,88,2
GRN-2024-00432,1,PO-2024-00171,3,DAV,2024-03-08,178,2
GRN-2024-00433,1,PO-2024-00174,1,LIV,2024-03-08,153,1
GRN-2024-00434,1,PO-2024-00208,1,DAV,2024-03-08,17,0
GRN-2024-00435,1,PO-2024-00208,2,DAV,2024-03-08,54,0
GRN-2024-00436,1,PO-2024-00208,4,DAV,2024-03-08,46,0
GRN-2024-00437,1,PO-2024-00209,1,DAV,2024-03-08,36,0
GRN-2024-00438,1,PO-2024-00209,2,DAV,2024-03-08,54,0
GRN-2024-00439,1,PO-2024-00210,1,WAR,2024-03-08,25,0
GRN-2024-00440,1,PO-2024-00210,2,WAR,2024-03-08,46,0
GRN-2024-00441,1,PO-2024-00210,3,WAR,2024-03-08,36,1
GRN-2024-00442,1,PO-2024-00211,1,LIV,2024-03-08,31,0
GRN-2024-00443,1,PO-2024-00211,2,LIV,2024-03-08,32,0
GRN-2024-00444,1,PO-2024-00211,3,LIV,2024-03-08,61,0
GRN-2024-00445,1,PO-2024-00043,2,LIV,2024-03-11,194,4
GRN-2024-00446,1,PO-2024-00047,4,DAV,2024-03-11,77,0
GRN-2024-00447,1,PO-2024-00178,1,WAR,2024-03-11,55,0
GRN-2024-00448,1,PO-2024-00211,4,LIV,2024-03-11,296,0
GRN-2024-00449,1,PO-2024-00214,1,DAV,2024-03-11,6,0
GRN-2024-00450,1,PO-2024-00214,2,DAV,2024-03-11,64,0
GRN-2024-00451,1,PO-2024-00040,2,WAR,2024-03-12,138,6
GRN-2024-00452,1,PO-2024-00171,2,DAV,2024-03-12,24,0
GRN-2024-00453,1,PO-2024-00171,4,DAV,2024-03-12,450,0
GRN-2024-00454,1,PO-2024-00180,1,DAV,2024-03-12,6,0
GRN-2024-00455,1,PO-2024-00180,3,DAV,2024-03-12,9,0
GRN-2024-00456,1,PO-2024-00180,4,DAV,2024-03-12,44,2
GRN-2024-00457,1,PO-2024-00200,2,DAV,2024-03-12,55,0
GRN-2024-00458,1,PO-2024-00218,1,WAR,2024-03-12,69,0
GRN-2024-00459,1,PO-2024-00219,1,WAR,2024-03-12,199,1
GRN-2024-00460,1,PO-2024-00223,1,DAV,2024-03-12,24,0
GRN-2024-00461,1,PO-2024-00029,1,LIV,2024-03-13,402,6
GRN-2024-00462,1,PO-2024-00059,1,DAV,2024-03-13,7,0
GRN-2024-00463,1,PO-2024-00165,1,DAV,2024-03-13,18,0
GRN-2024-00464,1,PO-2024-00212,1,DAV,2024-03-13,5,0
GRN-2024-00465,1,PO-2024-00220,2,DAV,2024-03-13,112,0
GRN-2024-00466,1,PO-2024-00220,3,DAV,2024-03-13,3,0
GRN-2024-00467,1,PO-2024-00220,4,DAV,2024-03-13,6,0
GRN-2024-00468,1,PO-2024-00131,2,DAV,2024-03-14,2,0
GRN-2024-00469,1,PO-2024-00141,1,WAR,2024-03-14,62,0
GRN-2024-00470,1,PO-2024-00213,2,DAV,2024-03-14,8,0
GRN-2024-00471,1,PO-2024-00224,1,DAV,2024-03-14,14,0
GRN-2024-00472,1,PO-2024-00090,2,WAR,2024-03-15,301,7
GRN-2024-00473,1,PO-2024-00174,1,LIV,2024-03-15,112,0
GRN-2024-00474,1,PO-2024-00195,2,WAR,2024-03-15,75,0
GRN-2024-00475,1,PO-2024-00197,1,WAR,2024-03-15,6,0
GRN-2024-00476,1,PO-2024-00197,2,WAR,2024-03-15,102,2
GRN-2024-00477,1,PO-2024-00213,3,DAV,2024-03-15,24,0
GRN-2024-00478,1,PO-2024-00008,1,DAV,2024-03-18,27,1
GRN-2024-00479,1,PO-2024-00008,2,DAV,2024-03-18,358,6
GRN-2024-00480,1,PO-2024-00008,3,DAV,2024-03-18,158,2
GRN-2024-00481,1,PO-2024-00008,4,DAV,2024-03-18,1631,35
GRN-2024-00482,1,PO-2024-00014,1,WAR,2024-03-18,1630,36
GRN-2024-00483,1,PO-2024-00018,1,LIV,2024-03-18,84,0
GRN-2024-00484,1,PO-2024-00018,2,LIV,2024-03-18,140,4
GRN-2024-00485,1,PO-2024-00018,3,LIV,2024-03-18,179,3
GRN-2024-00486,1,PO-2024-00018,4,LIV,2024-03-18,23,1
GRN-2024-00487,1,PO-2024-00125,1,WAR,2024-03-18,25,0
GRN-2024-00488,1,PO-2024-00159,1,WAR,2024-03-18,26,0
GRN-2024-00489,1,PO-2024-00162,1,DAV,2024-03-18,198,1
GRN-2024-00490,1,PO-2024-00168,1,DAV,2024-03-18,10,0
GRN-2024-00491,1,PO-2024-00171,1,DAV,2024-03-18,54,0
GRN-2024-00492,1,PO-2024-00182,1,DAV,2024-03-18,11,0
GRN-2024-00493,1,PO-2024-00189,2,WAR,2024-03-18,7,0
GRN-2024-00494,1,PO-2024-00201,1,WAR,2024-03-18,14,0
GRN-2024-00495,1,PO-2024-00203,1,DAV,2024-03-18,129,1
GRN-2024-00496,1,PO-2024-00203,2,DAV,2024-03-18,7,0
GRN-2024-00497,1,PO-2024-00212,3,DAV,2024-03-18,24,0
GRN-2024-00498,1,PO-2024-00217,1,DAV,2024-03-18,5,0
GRN-2024-00499,1,PO-2024-00220,2,DAV,2024-03-18,33,0
GRN-2024-00500,1,PO-2024-00224,2,DAV,2024-03-18,16,0
GRN-2024-00501,1,PO-2024-00229,1,DAV,2024-03-18,35,1
GRN-2024-00502,1,PO-2024-00229,2,DAV,2024-03-18,464,1
GRN-2024-00503,1,PO-2024-00230,2,WAR,2024-03-18,89,2
GRN-2024-00504,1,PO-2024-00231,1,WAR,2024-03-18,5,0
GRN-2024-00505,1,PO-2024-00231,2,WAR,2024-03-18,36,0
GRN-2024-00506,1,PO-2024-00231,3,WAR,2024-03-18,16,0
GRN-2024-00507,1,PO-2024-00232,1,WAR,2024-03-18,15,0
GRN-2024-00508,1,PO-2024-00234,1,LIV,2024-03-18,64,0
GRN-2024-00509,1,PO-2024-00234,2,LIV,2024-03-18,481,0
GRN-2024-00510,1,PO-2024-00234,3,LIV,2024-03-18,227,1
GRN-2024-00511,1,PO-2024-00249,1,DAV,2024-03-18,15,0
GRN-2024-00512,1,PO-2024-00211,1,LIV,2024-03-19,21,0
GRN-2024-00513,1,PO-2024-00220,1,DAV,2024-03-19,208,0
GRN-2024-00514,1,PO-2024-00238,2,DAV,2024-03-19,507,3
GRN-2024-00515,1,PO-2024-00047,2,DAV,2024-03-20,89,1
GRN-2024-00516,1,PO-2024-00207,2,DAV,2024-03-20,42,0
GRN-2024-00517,1,PO-2024-00207,3,DAV,2024-03-20,77,0
GRN-2024-00518,1,PO-2024-00207,4,DAV,2024-03-20,84,1
GRN-2024-00519,1,PO-2024-00212,2,DAV,2024-03-20,15,0
GRN-2024-00520,1,PO-2024-00216,1,WAR,2024-03-20,38,0
GRN-2024-00521,1,PO-2024-00227,2,DAV,2024-03-20,297,3
GRN-2024-00522,1,PO-2024-00238,1,DAV,2024-03-20,5,0
GRN-2024-00523,1,PO-2024-00238,3,DAV,2024-03-20,6,0
GRN-2024-00524,1,PO-2024-00238,4,DAV,2024-03-20,6,0
GRN-2024-00525,1,PO-2024-00033,1,WAR,2024-03-21,968,22
GRN-2024-00526,1,PO-2024-00033,2,WAR,2024-03-21,2078,40
GRN-2024-00527,1,PO-2024-00033,3,WAR,2024-03-21,137,4
GRN-2024-00528,1,PO-2024-00033,4,WAR,2024-03-21,87,3
GRN-2024-00529,1,PO-2024-00035,1,LIV,2024-03-21,47,1
GRN-2024-00530,1,PO-2024-00035,2,LIV,2024-03-21,146,1
GRN-2024-00531,1,PO-2024-00035,3,LIV,2024-03-21,768,23
GRN-2024-00532,1,PO-2024-00171,4,DAV,2024-03-21,341,4
GRN-2024-00533,1,PO-2024-00184,1,DAV,2024-03-21,42,0
GRN-2024-00534,1,PO-2024-00203,3,DAV,2024-03-21,3,0
GRN-2024-00535,1,PO-2024-00213,1,DAV,2024-03-21,6,0
GRN-2024-00536,1,PO-2024-00215,1,DAV,2024-03-21,23,1
GRN-2024-00537,1,PO-2024-00241,1,DAV,2024-03-21,28,0
GRN-2024-00538,1,PO-2024-00241,2,DAV,2024-03-21,5,0
GRN-2024-00539,1,PO-2024-00241,3,DAV,2024-03-21,11,0
GRN-2024-00540,1,PO-2024-00241,4,DAV,2024-03-21,53,0
GRN-2024-00541,1,PO-2024-00242,1,WAR,2024-03-21,8,0
GRN-2024-00542,1,PO-2024-00242,3,WAR,2024-03-21,54,0
GRN-2024-00543,1,PO-2024-00242,4,WAR,2024-03-21,25,0
GRN-2024-00544,1,PO-2024-00243,2,DAV,2024-03-21,33,0
GRN-2024-00545,1,PO-2024-00247,1,DAV,2024-03-21,44,0
GRN-2024-00546,1,PO-2024-00043,1,LIV,2024-03-22,81,3
GRN-2024-00547,1,PO-2024-00043,3,LIV,2024-03-22,1636,30
GRN-2024-00548,1,PO-2024-00043,4,LIV,2024-03-22,270,8
GRN-2024-00549,1,PO-2024-00059,4,DAV,2024-03-22,162,6
GRN-2024-00550,1,PO-2024-00125,3,WAR,2024-03-22,15,0
GRN-2024-00551,1,PO-2024-00207,1,DAV,2024-03-22,210,0
GRN-2024-00552,1,PO-2024-00217,2,DAV,2024-03-22,7,0
GRN-2024-00553,1,PO-2024-00217,3,DAV,2024-03-22,24,0
GRN-2024-00554,1,PO-2024-00243,1,DAV,2024-03-22,12,0
GRN-2024-00555,1,PO-2024-00243,3,DAV,2024-03-22,7,0
GRN-2024-00556,1,PO-2024-00244,1,DAV,2024-03-22,92,0
GRN-2024-00557,1,PO-2024-00244,2,DAV,2024-03-22,168,0
GRN-2024-00558,1,PO-2024-00247,2,DAV,2024-03-22,52,0
GRN-2024-00559,1,PO-2024-00247,4,DAV,2024-03-22,15,0
GRN-2024-00560,1,PO-2024-00250,3,DAV,2024-03-22,139,1
GRN-2024-00561,1,PO-2024-00029,2,LIV,2024-03-25,837,21
GRN-2024-00562,1,PO-2024-00047,3,DAV,2024-03-25,22,2
GRN-2024-00563,1,PO-2024-00206,4,DAV,2024-03-25,411,3
GRN-2024-00564,1,PO-2024-00212,1,DAV,2024-03-25,2,0
GRN-2024-00565,1,PO-2024-00225,1,DAV,2024-03-25,8,0
GRN-2024-00566,1,PO-2024-00237,1,LIV,2024-03-25,271,1
GRN-2024-00567,1,PO-2024-00242,2,WAR,2024-03-25,27,0
GRN-2024-00568,1,PO-2024-00250,1,DAV,2024-03-25,1981,3
GRN-2024-00569,1,PO-2024-00250,2,DAV,2024-03-25,19,0
GRN-2024-00570,1,PO-2024-00252,1,WAR,2024-03-25,598,2
GRN-2024-00571,1,PO-2024-00255,1,WAR,2024-03-25,59,0
GRN-2024-00572,1,PO-2024-00255,2,WAR,2024-03-25,27,0
GRN-2024-00573,1,PO-2024-00255,3,WAR,2024-03-25,120,0
GRN-2024-00574,1,PO-2024-00255,4,WAR,2024-03-25,46,0
GRN-2024-00575,1,PO-2024-00258,2,DAV,2024-03-25,180,0
GRN-2024-00576,1,PO-2024-00173,1,WAR,2024-03-26,38,0
GRN-2024-00577,1,PO-2024-00208,1,DAV,2024-03-26,8,0
GRN-2024-00578,1,PO-2024-00247,3,DAV,2024-03-26,5,0
GRN-2024-00579,1,PO-2024-00258,1,DAV,2024-03-26,54,0
GRN-2024-00580,1,PO-2024-00258,3,DAV,2024-03-26,24,0
GRN-2024-00581,1,PO-2024-00047,1,DAV,2024-03-27,90,0
GRN-2024-00582,1,PO-2024-00051,1,DAV,2024-03-27,22,0
GRN-2024-00583,1,PO-2024-00051,2,DAV,2024-03-27,461,7
GRN-2024-00584,1,PO-2024-00125,1,WAR,2024-03-27,7,0
GRN-2024-00585,1,PO-2024-00227,1,DAV,2024-03-27,4,0
GRN-2024-00586,1,PO-2024-00260,1,DAV,2024-03-27,14,0
GRN-2024-00587,1,PO-2024-00261,1,DAV,2024-03-27,290,0
GRN-2024-00588,1,PO-2024-00261,2,DAV,2024-03-27,54,0
GRN-2024-00589,1,PO-2024-00261,3,DAV,2024-03-27,36,0
GRN-2024-00590,1,PO-2024-00261,4,DAV,2024-03-27,53,1
GRN-2024-00591,1,PO-2024-00263,1,WAR,2024-03-27,405,0
GRN-2024-00592,1,PO-2024-00264,1,WAR,2024-03-27,152,0
GRN-2024-00593,1,PO-2024-00264,2,WAR,2024-03-27,234,0
GRN-2024-00594,1,PO-2024-00043,2,LIV,2024-03-28,148,2
GRN-2024-00595,1,PO-2024-00054,1,DAV,2024-03-28,49,0
GRN-2024-00596,1,PO-2024-00054,2,DAV,2024-03-28,23,1
GRN-2024-00597,1,PO-2024-00054,3,DAV,2024-03-28,36,0
GRN-2024-00598,1,PO-2024-00059,3,DAV,2024-03-28,79,5
GRN-2024-00599,1,PO-2024-00206,3,DAV,2024-03-28,21,0
GRN-2024-00600,1,PO-2024-00224,2,DAV,2024-03-28,9,0
GRN-2024-00601,1,PO-2024-00227,3,DAV,2024-03-28,8,0
GRN-2024-00602,1,PO-2024-00230,1,WAR,2024-03-28,182,0
GRN-2024-00603,1,PO-2024-00242,2,WAR,2024-03-28,18,0
GRN-2024-00604,1,PO-2024-00256,2,DAV,2024-03-28,6,0
GRN-2024-00605,1,PO-2024-00265,1,DAV,2024-03-28,46,1
GRN-2024-00606,1,PO-2024-00033,3,WAR,2024-04-02,41,0
GRN-2024-00607,1,PO-2024-00059,2,DAV,2024-04-02,152,2
GRN-2024-00608,1,PO-2024-00244,1,DAV,2024-04-02,63,0
GRN-2024-00609,1,PO-2024-00266,1,DAV,2024-04-02,6,0
GRN-2024-00610,1,PO-2024-00266,2,DAV,2024-04-02,26,0
GRN-2024-00611,1,PO-2024-00266,3,DAV,2024-04-02,245,3
GRN-2024-00612,1,PO-2024-00274,1,LIV,2024-04-02,26,0
GRN-2024-00613,1,PO-2024-00239,2,DAV,2024-04-03,112,0
GRN-2024-00614,1,PO-2024-00239,3,DAV,2024-04-03,54,0
GRN-2024-00615,1,PO-2024-00239,4,DAV,2024-04-03,60,0
GRN-2024-00616,1,PO-2024-00270,1,DAV,2024-04-03,10,0
GRN-2024-00617,1,PO-2024-00270,2,DAV,2024-04-03,46,0
GRN-2024-00618,1,PO-2024-00272,1,WAR,2024-04-03,6,0
GRN-2024-00619,1,PO-2024-00273,1,WAR,2024-04-03,156,0
GRN-2024-00620,1,PO-2024-00274,2,LIV,2024-04-03,13,0
GRN-2024-00621,1,PO-2024-00279,1,WAR,2024-04-03,144,0
GRN-2024-00622,1,PO-2024-00066,1,DAV,2024-04-04,48,0
GRN-2024-00623,1,PO-2024-00221,1,DAV,2024-04-04,15,0
GRN-2024-00624,1,PO-2024-00240,1,DAV,2024-04-04,35,0
GRN-2024-00625,1,PO-2024-00276,1,DAV,2024-04-04,12,0
GRN-2024-00626,1,PO-2024-00276,2,DAV,2024-04-04,24,0
GRN-2024-00627,1,PO-2024-00277,1,DAV,2024-04-04,8,0
GRN-2024-00628,1,PO-2024-00277,2,DAV,2024-04-04,18,0
GRN-2024-00629,1,PO-2024-00277,3,DAV,2024-04-04,21,0
GRN-2024-00630,1,PO-2024-00278,1,WAR,2024-04-04,1661,3
GRN-2024-00631,1,PO-2024-00279,2,WAR,2024-04-04,18,0
GRN-2024-00632,1,PO-2024-00070,1,DAV,2024-04-05,147,0
GRN-2024-00633,1,PO-2024-00070,2,DAV,2024-04-05,141,3
GRN-2024-00634,1,PO-2024-00072,1,WAR,2024-04-05,66,0
GRN-2024-00635,1,PO-2024-00086,1,WAR,2024-04-05,840,18
GRN-2024-00636,1,PO-2024-00125,3,WAR,2024-04-05,5,0
GRN-2024-00637,1,PO-2024-00206,1,DAV,2024-04-05,14,0
GRN-2024-00638,1,PO-2024-00206,2,DAV,2024-04-05,43,0
GRN-2024-00639,1,PO-2024-00213,2,DAV,2024-04-05,4,0
GRN-2024-00640,1,PO-2024-00239,1,DAV,2024-04-05,9,0
GRN-2024-00641,1,PO-2024-00246,1,DAV,2024-04-05,38,0
GRN-2024-00642,1,PO-2024-00280,1,DAV,2024-04-05,5,0
GRN-2024-00643,1,PO-2024-00280,2,DAV,2024-04-05,54,0
GRN-2024-00644,1,PO-2024-00280,3,DAV,2024-04-05,11,0
GRN-2024-00645,1,PO-2024-00290,1,WAR,2024-04-05,168,0
GRN-2024-00646,1,PO-2024-00043,4,LIV,2024-04-08,82,4
GRN-2024-00647,1,PO-2024-00076,1,DAV,2024-04-08,282,6
GRN-2024-00648,1,PO-2024-00076,2,DAV,2024-04-08,848,10
GRN-2024-00649,1,PO-2024-00076,3,DAV,2024-04-08,8,0
GRN-2024-00650,1,PO-2024-00076,4,DAV,2024-04-08,15,1
GRN-2024-00651,1,PO-2024-00212,2,DAV,2024-04-08,9,0
GRN-2024-00652,1,PO-2024-00226,1,DAV,2024-04-08,15,0
GRN-2024-00653,1,PO-2024-00226,2,DAV,2024-04-08,19,0
GRN-2024-00654,1,PO-2024-00235,1,WAR,2024-04-08,20,0
GRN-2024-00655,1,PO-2024-00249,2,DAV,2024-04-08,148,2
GRN-2024-00656,1,PO-2024-00251,1,DAV,2024-04-08,55,0
GRN-2024-00657,1,PO-2024-00253,1,WAR,2024-04-08,104,0
GRN-2024-00658,1,PO-2024-00254,1,WAR,2024-04-08,54,1
GRN-2024-00659,1,PO-2024-00269,1,WAR,2024-04-08,6,0
GRN-2024-00660,1,PO-2024-00283,1,DAV,2024-04-08,87,0
GRN-2024-00661,1,PO-2024-00283,2,DAV,2024-04-08,81,0
GRN-2024-00662,1,PO-2024-00203,1,DAV,2024-04-09,49,1
GRN-2024-00663,1,PO-2024-00256,1,DAV,2024-04-09,5,0
GRN-2024-00664,1,PO-2024-00090,1,WAR,2024-04-10,28,0
GRN-2024-00665,1,PO-2024-00207,3,DAV,2024-04-10,35,0
GRN-2024-00666,1,PO-2024-00262,1,WAR,2024-04-10,153,3
GRN-2024-00667,1,PO-2024-00275,4,DAV,2024-04-10,84,0
GRN-2024-00668,1,PO-2024-00285,1,DAV,2024-04-10,7,0
GRN-2024-00669,1,PO-2024-00290,2,WAR,2024-04-10,207,1
GRN-2024-00670,1,PO-2024-00290,3,WAR,2024-04-10,4,0
GRN-2024-00671,1,PO-2024-00290,4,WAR,2024-04-10,59,0
GRN-2024-00672,1,PO-2024-00051,1,DAV,2024-04-11,14,0
GRN-2024-00673,1,PO-2024-00241,1,DAV,2024-04-11,8,0
GRN-2024-00674,1,PO-2024-00271,1,DAV,2024-04-11,210,0
GRN-2024-00675,1,PO-2024-00271,2,DAV,2024-04-11,7,0
GRN-2024-00676,1,PO-2024-00272,1,WAR,2024-04-11,2,0
GRN-2024-00677,1,PO-2024-00281,1,DAV,2024-04-11,7,0
GRN-2024-00678,1,PO-2024-00291,1,DAV,2024-04-11,111,1
GRN-2024-00679,1,PO-2024-00292,1,WAR,2024-04-11,192,0
GRN-2024-00680,1,PO-2024-00292,2,WAR,2024-04-11,42,0
GRN-2024-00681,1,PO-2024-00090,3,WAR,2024-04-12,236,4
GRN-2024-00682,1,PO-2024-00106,1,LIV,2024-04-12,77,1
GRN-2024-00683,1,PO-2024-00129,1,LIV,2024-04-12,654,12
GRN-2024-00684,1,PO-2024-00275,3,DAV,2024-04-12,24,0
GRN-2024-00685,1,PO-2024-00293,1,DAV,2024-04-12,41,0
GRN-2024-00686,1,PO-2024-00293,2,DAV,2024-04-12,44,0
GRN-2024-00687,1,PO-2024-00293,3,DAV,2024-04-12,17,0
GRN-2024-00688,1,PO-2024-00293,4,DAV,2024-04-12,3,0
GRN-2024-00689,1,PO-2024-00295,1,WAR,2024-04-12,130,0
GRN-2024-00690,1,PO-2024-00296,1,WAR,2024-04-12,151,1
GRN-2024-00691,1,PO-2024-00298,4,DAV,2024-04-12,54,0
GRN-2024-00692,1,PO-2024-00302,2,DAV,2024-04-12,54,0
GRN-2024-00693,1,PO-2024-00103,1,LIV,2024-04-15,459,9
GRN-2024-00694,1,PO-2024-00106,2,LIV,2024-04-15,1370,30
GRN-2024-00695,1,PO-2024-00106,3,LIV,2024-04-15,976,14
GRN-2024-00696,1,PO-2024-00106,4,LIV,2024-04-15,107,1
GRN-2024-00697,1,PO-2024-00126,1,LIV,2024-04-15,64,2
GRN-2024-00698,1,PO-2024-00264,2,WAR,2024-04-15,191,0
GRN-2024-00699,1,PO-2024-00271,3,DAV,2024-04-15,69,1
GRN-2024-00700,1,PO-2024-00298,1,DAV,2024-04-15,6,0
GRN-2024-00701,1,PO-2024-00298,2,DAV,2024-04-15,36,0
GRN-2024-00702,1,PO-2024-00298,3,DAV,2024-04-15,150,0
GRN-2024-00703,1,PO-2024-00307,2,WAR,2024-04-15,44,1
GRN-2024-00704,1,PO-2024-00040,4,WAR,2024-04-16,144,3
GRN-2024-00705,1,PO-2024-00122,2,DAV,2024-04-16,1850,26
GRN-2024-00706,1,PO-2024-00246,1,DAV,2024-04-16,16,0
GRN-2024-00707,1,PO-2024-00275,1,DAV,2024-04-16,8,0
GRN-2024-00708,1,PO-2024-00275,2,DAV,2024-04-16,15,0
GRN-2024-00709,1,PO-2024-00302,1,DAV,2024-04-16,18,0
GRN-2024-00710,1,PO-2024-00306,2,DAV,2024-04-16,9,0
GRN-2024-00711,1,PO-2024-00277,2,DAV,2024-04-17,6,0
GRN-2024-00712,1,PO-2024-00281,2,DAV,2024-04-17,24,0
GRN-2024-00713,1,PO-2024-00281,3,DAV,2024-04-17,53,1
GRN-2024-00714,1,PO-2024-00293,4,DAV,2024-04-17,4,0
GRN-2024-00715,1,PO-2024-00304,1,DAV,2024-04-17,3,0
GRN-2024-00716,1,PO-2024-00304,2,DAV,2024-04-17,36,0
GRN-2024-00717,1,PO-2024-00304,3,DAV,2024-04-17,80,0
GRN-2024-00718,1,PO-2024-00304,4,DAV,2024-04-17,5,0
GRN-2024-00719,1,PO-2024-00305,1,DAV,2024-04-17,24,0
GRN-2024-00720,1,PO-2024-00305,2,DAV,2024-04-17,4,0
GRN-2024-00721,1,PO-2024-00306,1,DAV,2024-04-17,29,0
GRN-2024-00722,1,PO-2024-00306,3,DAV,2024-04-17,6,0
GRN-2024-00723,1,PO-2024-00307,1,WAR,2024-04-17,16,0
GRN-2024-00724,1,PO-2024-00309,1,WAR,2024-04-18,75,0
GRN-2024-00725,1,PO-2024-00319,2,WAR,2024-04-18,338,0
GRN-2024-00726,1,PO-2024-00111,1,LIV,2024-04-19,26,2
GRN-2024-00727,1,PO-2024-00122,1,DAV,2024-04-19,20,0
GRN-2024-00728,1,PO-2024-00122,3,DAV,2024-04-19,48,0
GRN-2024-00729,1,PO-2024-00122,4,DAV,2024-04-19,2076,42
GRN-2024-00730,1,PO-2024-00126,2,LIV,2024-04-19,174,2
GRN-2024-00731,1,PO-2024-00163,1,WAR,2024-04-19,131,1
GRN-2024-00732,1,PO-2024-00317,1,DAV,2024-04-19,24,0
GRN-2024-00733,1,PO-2024-00318,1,WAR,2024-04-19,450,0
GRN-2024-00734,1,PO-2024-00318,2,WAR,2024-04-19,36,0
GRN-2024-00735,1,PO-2024-00319,1,WAR,2024-04-19,156,0
GRN-2024-00736,1,PO-2024-00111,2,LIV,2024-04-22,251,7
GRN-2024-00737,1,PO-2024-00129,2,LIV,2024-04-22,616,14
GRN-2024-00738,1,PO-2024-00150,1,LIV,2024-04-22,501,9
GRN-2024-00739,1,PO-2024-00260,1,DAV,2024-04-22,5,0
GRN-2024-00740,1,PO-2024-00287,1,DAV,2024-04-22,46,0
GRN-2024-00741,1,PO-2024-00287,2,DAV,2024-04-22,37,0
GRN-2024-00742,1,PO-2024-00287,3,DAV,2024-04-22,5,0
GRN-2024-00743,1,PO-2024-00287,4,DAV,2024-04-22,6,0
GRN-2024-00744,1,PO-2024-00321,1,DAV,2024-04-22,105,0
GRN-2024-00745,1,PO-2024-00321,2,DAV,2024-04-22,24,0
GRN-2024-00746,1,PO-2024-00321,3,DAV,2024-04-22,3,0
GRN-2024-00747,1,PO-2024-00321,4,DAV,2024-04-22,6,0
GRN-2024-00748,1,PO-2024-00325,1,DAV,2024-04-23,248,0
GRN-2024-00749,1,PO-2024-00325,2,DAV,2024-04-23,290,0
GRN-2024-00750,1,PO-2024-00325,3,DAV,2024-04-23,9,1
GRN-2024-00751,1,PO-2024-00325,4,DAV,2024-04-23,25,0
GRN-2024-00752,1,PO-2024-00326,1,DAV,2024-04-23,145,0
GRN-2024-00753,1,PO-2024-00326,2,DAV,2024-04-23,64,0
GRN-2024-00754,1,PO-2024-00327,1,DAV,2024-04-23,25,0
GRN-2024-00755,1,PO-2024-00327,2,DAV,2024-04-23,36,0
GRN-2024-00756,1,PO-2024-00327,3,DAV,2024-04-23,21,0
GRN-2024-00757,1,PO-2024-00327,4,DAV,2024-04-23,503,1
GRN-2024-00758,1,PO-2024-00328,1,WAR,2024-04-23,18,0
GRN-2024-00759,1,PO-2024-00328,2,WAR,2024-04-23,36,0
GRN-2024-00760,1,PO-2024-00328,3,WAR,2024-04-23,192,0
GRN-2024-00761,1,PO-2024-00330,1,WAR,2024-04-23,143,1
GRN-2024-00762,1,PO-2024-00206,1,DAV,2024-04-24,10,0
GRN-2024-00763,1,PO-2024-00275,4,DAV,2024-04-24,28,0
GRN-2024-00764,1,PO-2024-00286,1,DAV,2024-04-24,23,0
GRN-2024-00765,1,PO-2024-00289,1,WAR,2024-04-24,20,0
GRN-2024-00766,1,PO-2024-00294,1,DAV,2024-04-24,6,0
GRN-2024-00767,1,PO-2024-00294,2,DAV,2024-04-24,40,0
GRN-2024-00768,1,PO-2024-00294,3,DAV,2024-04-24,4,0
GRN-2024-00769,1,PO-2024-00304,1,DAV,2024-04-24,2,0
GRN-2024-00770,1,PO-2024-00320,1,LIV,2024-04-24,142,2
GRN-2024-00771,1,PO-2024-00329,2,WAR,2024-04-24,21,0
GRN-2024-00772,1,PO-2024-00331,1,DAV,2024-04-24,54,0
GRN-2024-00773,1,PO-2024-00331,2,DAV,2024-04-24,9,0
GRN-2024-00774,1,PO-2024-00331,3,DAV,2024-04-24,6,0
GRN-2024-00775,1,PO-2024-00331,4,DAV,2024-04-24,32,0
GRN-2024-00776,1,PO-2024-00118,1,WAR,2024-04-25,135,3
GRN-2024-00777,1,PO-2024-00154,2,WAR,2024-04-25,360,4
GRN-2024-00778,1,PO-2024-00299,1,DAV,2024-04-25,6,0
GRN-2024-00779,1,PO-2024-00300,3,DAV,2024-04-25,26,0
GRN-2024-00780,1,PO-2024-00300,4,DAV,2024-04-25,24,0
GRN-2024-00781,1,PO-2024-00301,1,WAR,2024-04-25,8,0
GRN-2024-00782,1,PO-2024-00332,2,DAV,2024-04-25,47,0
GRN-2024-00783,1,PO-2024-00332,3,DAV,2024-04-25,8,0
GRN-2024-00784,1,PO-2024-00332,4,DAV,2024-04-25,5,0
GRN-2024-00785,1,PO-2024-00054,4,DAV,2024-04-26,47,1
GRN-2024-00786,1,PO-2024-00066,2,DAV,2024-04-26,34,2
GRN-2024-00787,1,PO-2024-00303,1,LIV,2024-04-26,20,0
GRN-2024-00788,1,PO-2024-00303,2,LIV,2024-04-26,189,1
GRN-2024-00789,1,PO-2024-00316,2,DAV,2024-04-26,6,0
GRN-2024-00790,1,PO-2024-00333,1,LIV,2024-04-26,32,0
GRN-2024-00791,1,PO-2024-00334,1,DAV,2024-04-26,53,1
GRN-2024-00792,1,PO-2024-00334,2,DAV,2024-04-26,168,0
GRN-2024-00793,1,PO-2024-00334,3,DAV,2024-04-26,3,0
GRN-2024-00794,1,PO-2024-00334,4,DAV,2024-04-26,152,3
GRN-2024-00795,1,PO-2024-00336,1,LIV,2024-04-26,100,0
GRN-2024-00796,1,PO-2024-00337,2,DAV,2024-04-26,3,0
GRN-2024-00797,1,PO-2024-00126,2,LIV,2024-04-29,111,1
GRN-2024-00798,1,PO-2024-00136,1,WAR,2024-04-29,461,7
GRN-2024-00799,1,PO-2024-00150,2,LIV,2024-04-29,29,1
GRN-2024-00800,1,PO-2024-00150,3,LIV,2024-04-29,64,2
GRN-2024-00801,1,PO-2024-00294,2,DAV,2024-04-29,14,0
GRN-2024-00802,1,PO-2024-00300,1,DAV,2024-04-29,42,0
GRN-2024-00803,1,PO-2024-00300,2,DAV,2024-04-29,8,0
GRN-2024-00804,1,PO-2024-00309,2,WAR,2024-04-29,7,0
GRN-2024-00805,1,PO-2024-00309,3,WAR,2024-04-29,181,1
GRN-2024-00806,1,PO-2024-00332,1,DAV,2024-04-29,36,0
GRN-2024-00807,1,PO-2024-00337,1,DAV,2024-04-29,3,0
GRN-2024-00808,1,PO-2024-00337,3,DAV,2024-04-29,32,0
GRN-2024-00809,1,PO-2024-00337,4,DAV,2024-04-29,180,0
GRN-2024-00810,1,PO-2024-00338,1,WAR,2024-04-29,25,0
GRN-2024-00811,1,PO-2024-00338,2,WAR,2024-04-29,149,1
GRN-2024-00812,1,PO-2024-00344,3,WAR,2024-04-29,15,0
GRN-2024-00813,1,PO-2024-00154,1,WAR,2024-04-30,221,3
GRN-2024-00814,1,PO-2024-00154,3,WAR,2024-04-30,70,2
GRN-2024-00815,1,PO-2024-00154,4,WAR,2024-04-30,73,4
GRN-2024-00816,1,PO-2024-00313,2,DAV,2024-04-30,15,0
GRN-2024-00817,1,PO-2024-00314,1,DAV,2024-04-30,24,0
GRN-2024-00818,1,PO-2024-00314,2,DAV,2024-04-30,9,0
GRN-2024-00819,1,PO-2024-00321,1,DAV,2024-04-30,47,0
GRN-2024-00820,1,PO-2024-00341,1,DAV,2024-04-30,54,0
GRN-2024-00821,1,PO-2024-00341,2,DAV,2024-04-30,180,0
GRN-2024-00822,1,PO-2024-00316,1,DAV,2024-05-01,3,0
GRN-2024-00823,1,PO-2024-00320,2,LIV,2024-05-01,76,0
GRN-2024-00824,1,PO-2024-00344,1,WAR,2024-05-01,319,1
GRN-2024-00825,1,PO-2024-00344,2,WAR,2024-05-01,36,0
GRN-2024-00826,1,PO-2024-00293,1,DAV,2024-05-02,30,0
GRN-2024-00827,1,PO-2024-00313,1,DAV,2024-05-02,150,0
GRN-2024-00828,1,PO-2024-00323,1,WAR,2024-05-02,37,1
GRN-2024-00829,1,PO-2024-00347,1,DAV,2024-05-02,75,1
GRN-2024-00830,1,PO-2024-00347,2,DAV,2024-05-02,36,0
GRN-2024-00831,1,PO-2024-00347,3,DAV,2024-05-02,5,0
GRN-2024-00832,1,PO-2024-00347,4,DAV,2024-05-02,6,0
GRN-2024-00833,1,PO-2024-00362,2,WAR,2024-05-02,24,0
GRN-2024-00834,1,PO-2024-00163,2,WAR,2024-05-03,88,2
GRN-2024-00835,1,PO-2024-00282,1,DAV,2024-05-03,31,0
GRN-2024-00836,1,PO-2024-00290,3,WAR,2024-05-03,4,0
GRN-2024-00837,1,PO-2024-00305,2,DAV,2024-05-03,2,0
GRN-2024-00838,1,PO-2024-00329,1,WAR,2024-05-03,156,0
GRN-2024-00839,1,PO-2024-00352,1,DAV,2024-05-03,12,0
GRN-2024-00840,1,PO-2024-00352,2,DAV,2024-05-03,139,1
GRN-2024-00841,1,PO-2024-00354,1,DAV,2024-05-03,6,0
GRN-2024-00842,1,PO-2024-00354,2,DAV,2024-05-03,24,0
GRN-2024-00843,1,PO-2024-00354,3,DAV,2024-05-03,11,0
GRN-2024-00844,1,PO-2024-00354,4,DAV,2024-05-03,46,0
GRN-2024-00845,1,PO-2024-00355,1,DAV,2024-05-03,87,0
GRN-2024-00846,1,PO-2024-00355,2,DAV,2024-05-03,6,0
GRN-2024-00847,1,PO-2024-00356,1,WAR,2024-05-03,595,5
GRN-2024-00848,1,PO-2024-00356,2,WAR,2024-05-03,19,0
GRN-2024-00849,1,PO-2024-00358,1,WAR,2024-05-03,42,0
GRN-2024-00850,1,PO-2024-00358,2,WAR,2024-05-03,37,0
GRN-2024-00851,1,PO-2024-00359,1,DAV,2024-05-03,18,1
GRN-2024-00852,1,PO-2024-00289,2,WAR,2024-05-07,19,0
GRN-2024-00853,1,PO-2024-00350,1,LIV,2024-05-07,190,0
GRN-2024-00854,1,PO-2024-00359,2,DAV,2024-05-07,25,0
GRN-2024-00855,1,PO-2024-00359,3,DAV,2024-05-07,24,0
GRN-2024-00856,1,PO-2024-00361,1,DAV,2024-05-07,87,3
GRN-2024-00857,1,PO-2024-00170,1,DAV,2024-05-08,64,2
GRN-2024-00858,1,PO-2024-00170,2,DAV,2024-05-08,363,9
GRN-2024-00859,1,PO-2024-00308,1,WAR,2024-05-08,38,0
GRN-2024-00860,1,PO-2024-00357,1,WAR,2024-05-08,103,1
GRN-2024-00861,1,PO-2024-00364,2,WAR,2024-05-08,63,0
GRN-2024-00862,1,PO-2024-00364,3,WAR,2024-05-08,18,0
GRN-2024-00863,1,PO-2024-00275,2,DAV,2024-05-09,11,0
GRN-2024-00864,1,PO-2024-00301,1,WAR,2024-05-09,6,0
GRN-2024-00865,1,PO-2024-00312,1,DAV,2024-05-09,15,0
GRN-2024-00866,1,PO-2024-00312,2,DAV,2024-05-09,14,1
GRN-2024-00867,1,PO-2024-00312,3,DAV,2024-05-09,43,0
GRN-2024-00868,1,PO-2024-00312,4,DAV,2024-05-09,21,0
GRN-2024-00869,1,PO-2024-00342,1,DAV,2024-05-09,179,1
GRN-2024-00870,1,PO-2024-00343,2,WAR,2024-05-09,60,0
GRN-2024-00871,1,PO-2024-00345,2,LIV,2024-05-09,126,0
GRN-2024-00872,1,PO-2024-00181,1,DAV,2024-05-10,302,6
GRN-2024-00873,1,PO-2024-00181,2,DAV,2024-05-10,11,1
GRN-2024-00874,1,PO-2024-00287,3,DAV,2024-05-10,4,0
GRN-2024-00875,1,PO-2024-00339,1,WAR,2024-05-10,156,0
GRN-2024-00876,1,PO-2024-00364,1,WAR,2024-05-10,27,0
GRN-2024-00877,1,PO-2024-00366,1,WAR,2024-05-10,45,0
GRN-2024-00878,1,PO-2024-00366,2,WAR,2024-05-10,59,0
GRN-2024-00879,1,PO-2024-00183,1,DAV,2024-05-13,24,0
GRN-2024-00880,1,PO-2024-00183,2,DAV,2024-05-13,74,3
GRN-2024-00881,1,PO-2024-00183,3,DAV,2024-05-13,69,3
GRN-2024-00882,1,PO-2024-00183,4,DAV,2024-05-13,9,0
GRN-2024-00883,1,PO-2024-00349,1,DAV,2024-05-13,24,0
GRN-2024-00884,1,PO-2024-00367,1,DAV,2024-05-13,26,0
GRN-2024-00885,1,PO-2024-00367,2,DAV,2024-05-13,6,0
GRN-2024-00886,1,PO-2024-00367,3,DAV,2024-05-13,508,2
GRN-2024-00887,1,PO-2024-00367,4,DAV,2024-05-13,50,1
GRN-2024-00888,1,PO-2024-00368,1,DAV,2024-05-13,24,0
GRN-2024-00889,1,PO-2024-00368,2,DAV,2024-05-13,112,0
GRN-2024-00890,1,PO-2024-00369,1,WAR,2024-05-13,69,0
GRN-2024-00891,1,PO-2024-00370,1,WAR,2024-05-13,66,0
GRN-2024-00892,1,PO-2024-00190,2,WAR,2024-05-14,236,2
GRN-2024-00893,1,PO-2024-00190,3,WAR,2024-05-14,81,3
GRN-2024-00894,1,PO-2024-00191,1,WAR,2024-05-14,30,0
GRN-2024-00895,1,PO-2024-00228,4,DAV,2024-05-14,146,1
GRN-2024-00896,1,PO-2024-00331,2,DAV,2024-05-14,6,0
GRN-2024-00897,1,PO-2024-00342,2,DAV,2024-05-14,792,3
GRN-2024-00898,1,PO-2024-00342,3,DAV,2024-05-14,18,0
GRN-2024-00899,1,PO-2024-00342,4,DAV,2024-05-14,3,0
GRN-2024-00900,1,PO-2024-00343,1,WAR,2024-05-14,22,0
GRN-2024-00901,1,PO-2024-00345,1,LIV,2024-05-14,226,2
GRN-2024-00902,1,PO-2024-00360,1,DAV,2024-05-14,15,0
GRN-2024-00903,1,PO-2024-00371,1,DAV,2024-05-14,6,0
GRN-2024-00904,1,PO-2024-00371,2,DAV,2024-05-14,1983,1
GRN-2024-00905,1,PO-2024-00372,1,DAV,2024-05-14,36,0
GRN-2024-00906,1,PO-2024-00372,2,DAV,2024-05-14,76,0
GRN-2024-00907,1,PO-2024-00372,3,DAV,2024-05-14,15,0
GRN-2024-00908,1,PO-2024-00372,4,DAV,2024-05-14,6,0
GRN-2024-00909,1,PO-2024-00346,1,DAV,2024-05-15,7,0
GRN-2024-00910,1,PO-2024-00348,1,DAV,2024-05-15,111,1
GRN-2024-00911,1,PO-2024-00348,2,DAV,2024-05-15,46,0
GRN-2024-00912,1,PO-2024-00349,2,DAV,2024-05-15,8,0
GRN-2024-00913,1,PO-2024-00349,3,DAV,2024-05-15,41,0
GRN-2024-00914,1,PO-2024-00362,1,WAR,2024-05-15,20,0
GRN-2024-00915,1,PO-2024-00363,2,DAV,2024-05-15,3,0
GRN-2024-00916,1,PO-2024-00375,1,WAR,2024-05-15,208,0
GRN-2024-00917,1,PO-2024-00287,2,DAV,2024-05-16,31,0
GRN-2024-00918,1,PO-2024-00329,2,WAR,2024-05-16,8,0
GRN-2024-00919,1,PO-2024-00337,3,DAV,2024-05-16,12,0
GRN-2024-00920,1,PO-2024-00353,1,DAV,2024-05-16,16,0
GRN-2024-00921,1,PO-2024-00353,2,DAV,2024-05-16,7,0
GRN-2024-00922,1,PO-2024-00353,3,DAV,2024-05-16,8,0
GRN-2024-00923,1,PO-2024-00353,4,DAV,2024-05-16,15,0
GRN-2024-00924,1,PO-2024-00378,1,DAV,2024-05-16,152,0
GRN-2024-00925,1,PO-2024-00378,2,DAV,2024-05-16,145,0
GRN-2024-00926,1,PO-2024-00378,3,DAV,2024-05-16,3,0
GRN-2024-00927,1,PO-2024-00378,4,DAV,2024-05-16,3,0
GRN-2024-00928,1,PO-2024-00190,1,WAR,2024-05-17,36,0
GRN-2024-00929,1,PO-2024-00312,1,DAV,2024-05-17,9,0
GRN-2024-00930,1,PO-2024-00342,3,DAV,2024-05-17,6,0
GRN-2024-00931,1,PO-2024-00361,2,DAV,2024-05-17,12,0
GRN-2024-00932,1,PO-2024-00381,1,DAV,2024-05-17,12,0
GRN-2024-00933,1,PO-2024-00363,1,DAV,2024-05-20,35,0
GRN-2024-00934,1,PO-2024-00376,1,LIV,2024-05-20,204,0
GRN-2024-00935,1,PO-2024-00387,4,WAR,2024-05-20,60,0
GRN-2024-00936,1,PO-2024-00344,1,WAR,2024-05-21,84,1
GRN-2024-00937,1,PO-2024-00352,1,DAV,2024-05-21,7,0
GRN-2024-00938,1,PO-2024-00383,1,DAV,2024-05-21,36,0
GRN-2024-00939,1,PO-2024-00383,2,DAV,2024-05-21,7,0
GRN-2024-00940,1,PO-2024-00384,1,WAR,2024-05-21,16,0
GRN-2024-00941,1,PO-2024-00385,1,WAR,2024-05-21,155,1
GRN-2024-00942,1,PO-2024-00386,1,DAV,2024-05-21,15,0
GRN-2024-00943,1,PO-2024-00391,1,DAV,2024-05-21,4,0
GRN-2024-00944,1,PO-2024-00396,2,WAR,2024-05-21,181,1
GRN-2024-00945,1,PO-2024-00363,3,DAV,2024-05-22,180,0
GRN-2024-00946,1,PO-2024-00379,2,DAV,2024-05-22,5,0
GRN-2024-00947,1,PO-2024-00379,3,DAV,2024-05-22,70,0
GRN-2024-00948,1,PO-2024-00386,2,DAV,2024-05-22,54,0
GRN-2024-00949,1,PO-2024-00387,1,WAR,2024-05-22,16,0
GRN-2024-00950,1,PO-2024-00387,2,WAR,2024-05-22,424,1
GRN-2024-00951,1,PO-2024-00387,3,WAR,2024-05-22,66,0
GRN-2024-00952,1,PO-2024-00388,1,WAR,2024-05-22,200,0
GRN-2024-00953,1,PO-2024-00388,2,WAR,2024-05-22,104,0
GRN-2024-00954,1,PO-2024-00408,1,DAV,2024-05-22,42,1
GRN-2024-00955,1,PO-2024-00222,2,DAV,2024-05-23,193,5
GRN-2024-00956,1,PO-2024-00222,3,DAV,2024-05-23,24,0
GRN-2024-00957,1,PO-2024-00245,4,DAV,2024-05-23,84,0
GRN-2024-00958,1,PO-2024-00385,2,WAR,2024-05-23,100,0
GRN-2024-00959,1,PO-2024-00390,1,DAV,2024-05-23,5,0
GRN-2024-00960,1,PO-2024-00390,2,DAV,2024-05-23,21,0
GRN-2024-00961,1,PO-2024-00390,3,DAV,2024-05-23,3,0
GRN-2024-00962,1,PO-2024-00390,4,DAV,2024-05-23,26,0
GRN-2024-00963,1,PO-2024-00308,2,WAR,2024-05-24,50,4
GRN-2024-00964,1,PO-2024-00353,1,DAV,2024-05-24,10,0
GRN-2024-00965,1,PO-2024-00379,1,DAV,2024-05-24,153,1
GRN-2024-00966,1,PO-2024-00399,1,DAV,2024-05-24,24,0
GRN-2024-00967,1,PO-2024-00236,2,WAR,2024-05-28,65,1
GRN-2024-00968,1,PO-2024-00362,3,WAR,2024-05-28,19,0
GRN-2024-00969,1,PO-2024-00399,2,DAV,2024-05-28,3,0
GRN-2024-00970,1,PO-2024-00399,3,DAV,2024-05-28,52,1
GRN-2024-00971,1,PO-2024-00399,4,DAV,2024-05-28,246,2
GRN-2024-00972,1,PO-2024-00400,1,LIV,2024-05-28,175,0
GRN-2024-00973,1,PO-2024-00400,4,LIV,2024-05-28,67,0
GRN-2024-00974,1,PO-2024-00403,1,DAV,2024-05-28,17,0
GRN-2024-00975,1,PO-2024-00228,2,DAV,2024-05-29,136,2
GRN-2024-00976,1,PO-2024-00282,1,DAV,2024-05-29,11,0
GRN-2024-00977,1,PO-2024-00365,1,LIV,2024-05-29,54,1
GRN-2024-00978,1,PO-2024-00377,1,DAV,2024-05-29,6,1
GRN-2024-00979,1,PO-2024-00390,3,DAV,2024-05-29,3,0
GRN-2024-00980,1,PO-2024-00402,1,DAV,2024-05-29,15,0
GRN-2024-00981,1,PO-2024-00403,3,DAV,2024-05-29,54,0
GRN-2024-00982,1,PO-2024-00403,4,DAV,2024-05-29,6,0
GRN-2024-00983,1,PO-2024-00409,2,DAV,2024-05-29,4,0
GRN-2024-00984,1,PO-2024-00417,1,DAV,2024-05-29,6,0
GRN-2024-00985,1,PO-2024-00236,1,WAR,2024-05-30,246,5
GRN-2024-00986,1,PO-2024-00405,1,WAR,2024-05-30,155,1
GRN-2024-00987,1,PO-2024-00406,1,DAV,2024-05-30,19,0
GRN-2024-00988,1,PO-2024-00407,1,DAV,2024-05-30,3,0
GRN-2024-00989,1,PO-2024-00407,2,DAV,2024-05-30,207,1
GRN-2024-00990,1,PO-2024-00407,3,DAV,2024-05-30,26,0
GRN-2024-00991,1,PO-2024-00407,4,DAV,2024-05-30,54,0
GRN-2024-00992,1,PO-2024-00410,1,DAV,2024-05-30,29,0
GRN-2024-00993,1,PO-2024-00410,2,DAV,2024-05-30,36,0
GRN-2024-00994,1,PO-2024-00410,3,DAV,2024-05-30,5,0
GRN-2024-00995,1,PO-2024-00379,4,DAV,2024-05-31,9,0
GRN-2024-00996,1,PO-2024-00403,2,DAV,2024-05-31,8,0
GRN-2024-00997,1,PO-2024-00412,1,WAR,2024-05-31,1661,3
GRN-2024-00998,1,PO-2024-00412,2,WAR,2024-05-31,130,0
GRN-2024-00999,1,PO-2024-00412,3,WAR,2024-05-31,123,2
GRN-2024-01000,1,PO-2024-00233,1,LIV,2024-06-03,38,4
GRN-2024-01001,1,PO-2024-00233,2,LIV,2024-06-03,112,0
GRN-2024-01002,1,PO-2024-00236,3,WAR,2024-06-03,149,5
GRN-2024-01003,1,PO-2024-00257,1,DAV,2024-06-03,64,2
GRN-2024-01004,1,PO-2024-00373,1,WAR,2024-06-03,15,0
GRN-2024-01005,1,PO-2024-00391,1,DAV,2024-06-03,4,0
GRN-2024-01006,1,PO-2024-00400,2,LIV,2024-06-03,98,0
GRN-2024-01007,1,PO-2024-00400,3,LIV,2024-06-03,240,0
GRN-2024-01008,1,PO-2024-00413,1,DAV,2024-06-03,3,0
GRN-2024-01009,1,PO-2024-00414,1,DAV,2024-06-03,465,0
GRN-2024-01010,1,PO-2024-00414,2,DAV,2024-06-03,6,0
GRN-2024-01011,1,PO-2024-00414,3,DAV,2024-06-03,15,0
GRN-2024-01012,1,PO-2024-00417,2,DAV,2024-06-03,5,0
GRN-2024-01013,1,PO-2024-00417,3,DAV,2024-06-03,36,0
GRN-2024-01014,1,PO-2024-00417,4,DAV,2024-06-03,6,0
GRN-2024-01015,1,PO-2024-00418,1,DAV,2024-06-03,80,1
GRN-2024-01016,1,PO-2024-00245,1,DAV,2024-06-04,77,1
GRN-2024-01017,1,PO-2024-00245,2,DAV,2024-06-04,89,1
GRN-2024-01018,1,PO-2024-00245,3,DAV,2024-06-04,48,0
GRN-2024-01019,1,PO-2024-00248,2,LIV,2024-06-04,1838,38
GRN-2024-01020,1,PO-2024-00392,1,WAR,2024-06-04,29,1
GRN-2024-01021,1,PO-2024-00420,1,DAV,2024-06-04,71,0
GRN-2024-01022,1,PO-2024-00420,3,DAV,2024-06-04,11,0
GRN-2024-01023,1,PO-2024-00421,1,WAR,2024-06-04,18,0
GRN-2024-01024,1,PO-2024-00423,2,DAV,2024-06-04,152,0
GRN-2024-01025,1,PO-2024-00259,2,WAR,2024-06-05,255,3
GRN-2024-01026,1,PO-2024-00268,2,WAR,2024-06-05,142,2
GRN-2024-01027,1,PO-2024-00391,2,DAV,2024-06-05,41,0
GRN-2024-01028,1,PO-2024-00423,1,DAV,2024-06-05,36,0
GRN-2024-01029,1,PO-2024-00257,3,DAV,2024-06-06,842,16
GRN-2024-01030,1,PO-2024-00257,4,DAV,2024-06-06,16,0
GRN-2024-01031,1,PO-2024-00259,1,WAR,2024-06-06,299,9
GRN-2024-01032,1,PO-2024-00393,1,DAV,2024-06-06,6,1
GRN-2024-01033,1,PO-2024-00393,2,DAV,2024-06-06,68,0
GRN-2024-01034,1,PO-2024-00393,3,DAV,2024-06-06,45,1
GRN-2024-01035,1,PO-2024-00394,1,WAR,2024-06-06,14,0
GRN-2024-01036,1,PO-2024-00395,1,WAR,2024-06-06,103,1
GRN-2024-01037,1,PO-2024-00396,1,WAR,2024-06-06,4,0
GRN-2024-01038,1,PO-2024-00426,1,DAV,2024-06-06,8,0
GRN-2024-01039,1,PO-2024-00426,2,DAV,2024-06-06,37,0
GRN-2024-01040,1,PO-2024-00426,3,DAV,2024-06-06,24,0
GRN-2024-01041,1,PO-2024-00426,4,DAV,2024-06-06,24,0
GRN-2024-01042,1,PO-2024-00427,1,DAV,2024-06-06,24,0
GRN-2024-01043,1,PO-2024-00236,1,WAR,2024-06-07,121,0
GRN-2024-01044,1,PO-2024-00398,1,DAV,2024-06-07,15,0
GRN-2024-01045,1,PO-2024-00420,2,DAV,2024-06-07,52,0
GRN-2024-01046,1,PO-2024-00431,1,WAR,2024-06-07,42,0
GRN-2024-01047,1,PO-2024-00431,2,WAR,2024-06-07,168,0
GRN-2024-01048,1,PO-2024-00431,3,WAR,2024-06-07,63,0
GRN-2024-01049,1,PO-2024-00432,1,WAR,2024-06-07,156,0
GRN-2024-01050,1,PO-2024-00257,2,DAV,2024-06-10,9,0
GRN-2024-01051,1,PO-2024-00401,1,DAV,2024-06-10,4,0
GRN-2024-01052,1,PO-2024-00416,1,DAV,2024-06-10,7,0
GRN-2024-01053,1,PO-2024-00434,1,DAV,2024-06-10,504,0
GRN-2024-01054,1,PO-2024-00434,2,DAV,2024-06-10,7,0
GRN-2024-01055,1,PO-2024-00435,1,DAV,2024-06-10,6,0
GRN-2024-01056,1,PO-2024-00437,1,WAR,2024-06-10,403,2
GRN-2024-01057,1,PO-2024-00437,2,WAR,2024-06-10,36,0
GRN-2024-01058,1,PO-2024-00437,3,WAR,2024-06-10,15,0
GRN-2024-01059,1,PO-2024-00439,1,WAR,2024-06-10,58,1
GRN-2024-01060,1,PO-2024-00191,2,WAR,2024-06-11,369,9
GRN-2024-01061,1,PO-2024-00267,1,WAR,2024-06-11,111,1
GRN-2024-01062,1,PO-2024-00268,1,WAR,2024-06-11,92,4
GRN-2024-01063,1,PO-2024-00268,3,WAR,2024-06-11,112,2
GRN-2024-01064,1,PO-2024-00409,1,DAV,2024-06-11,24,0
GRN-2024-01065,1,PO-2024-00409,3,DAV,2024-06-11,8,0
GRN-2024-01066,1,PO-2024-00440,1,DAV,2024-06-11,47,0
GRN-2024-01067,1,PO-2024-00440,2,DAV,2024-06-11,5,0
GRN-2024-01068,1,PO-2024-00442,1,WAR,2024-06-11,45,0
GRN-2024-01069,1,PO-2024-00360,2,DAV,2024-06-12,15,0
GRN-2024-01070,1,PO-2024-00390,4,DAV,2024-06-12,10,0
GRN-2024-01071,1,PO-2024-00401,2,DAV,2024-06-12,4,0
GRN-2024-01072,1,PO-2024-00405,2,WAR,2024-06-12,682,7
GRN-2024-01073,1,PO-2024-00444,1,DAV,2024-06-12,54,0
GRN-2024-01074,1,PO-2024-00444,2,DAV,2024-06-12,198,2
GRN-2024-01075,1,PO-2024-00444,3,DAV,2024-06-12,6,0
GRN-2024-01076,1,PO-2024-00448,1,WAR,2024-06-12,16,0
GRN-2024-01077,1,PO-2024-00448,2,WAR,2024-06-12,192,0
GRN-2024-01078,1,PO-2024-00248,1,LIV,2024-06-13,235,3
GRN-2024-01079,1,PO-2024-00288,2,WAR,2024-06-13,198,0
GRN-2024-01080,1,PO-2024-00297,3,DAV,2024-06-13,189,7
GRN-2024-01081,1,PO-2024-00429,2,DAV,2024-06-13,46,0
GRN-2024-01082,1,PO-2024-00430,1,DAV,2024-06-13,6,0
GRN-2024-01083,1,PO-2024-00450,1,DAV,2024-06-13,50,0
GRN-2024-01084,1,PO-2024-00450,2,DAV,2024-06-13,25,0
GRN-2024-01085,1,PO-2024-00450,3,DAV,2024-06-13,71,0
GRN-2024-01086,1,PO-2024-00450,4,DAV,2024-06-13,54,0
GRN-2024-01087,1,PO-2024-00379,1,DAV,2024-06-14,54,2
GRN-2024-01088,1,PO-2024-00449,3,DAV,2024-06-14,26,0
GRN-2024-01089,1,PO-2024-00454,1,WAR,2024-06-14,54,0
GRN-2024-01090,1,PO-2024-00461,2,DAV,2024-06-14,15,0
GRN-2024-01091,1,PO-2024-00228,1,DAV,2024-06-17,767,24
GRN-2024-01092,1,PO-2024-00409,2,DAV,2024-06-17,2,0
GRN-2024-01093,1,PO-2024-00424,1,WAR,2024-06-17,22,0
GRN-2024-01094,1,PO-2024-00455,1,DAV,2024-06-17,53,1
GRN-2024-01095,1,PO-2024-00455,3,DAV,2024-06-17,5,0
GRN-2024-01096,1,PO-2024-00455,4,DAV,2024-06-17,8,0
GRN-2024-01097,1,PO-2024-00456,1,DAV,2024-06-17,144,1
GRN-2024-01098,1,PO-2024-00456,2,DAV,2024-06-17,18,1
GRN-2024-01099,1,PO-2024-00456,3,DAV,2024-06-17,140,0
GRN-2024-01100,1,PO-2024-00457,1,LIV,2024-06-17,32,0
GRN-2024-01101,1,PO-2024-00457,2,LIV,2024-06-17,62,0
GRN-2024-01102,1,PO-2024-00457,3,LIV,2024-06-17,27,0
GRN-2024-01103,1,PO-2024-00457,4,LIV,2024-06-17,26,0
GRN-2024-01104,1,PO-2024-00284,1,WAR,2024-06-18,24,0
GRN-2024-01105,1,PO-2024-00284,2,WAR,2024-06-18,974,16
GRN-2024-01106,1,PO-2024-00284,3,WAR,2024-06-18,73,4
GRN-2024-01107,1,PO-2024-00392,1,WAR,2024-06-18,8,0
GRN-2024-01108,1,PO-2024-00419,1,DAV,2024-06-18,42,0
GRN-2024-01109,1,PO-2024-00450,1,DAV,2024-06-18,30,0
GRN-2024-01110,1,PO-2024-00458,1,DAV,2024-06-18,443,2
GRN-2024-01111,1,PO-2024-00459,1,DAV,2024-06-18,15,0
GRN-2024-01112,1,PO-2024-00460,1,DAV,2024-06-18,18,0
GRN-2024-01113,1,PO-2024-00460,2,DAV,2024-06-18,118,1
GRN-2024-01114,1,PO-2024-00461,1,DAV,2024-06-18,6,0
GRN-2024-01115,1,PO-2024-00461,3,DAV,2024-06-18,6,0
GRN-2024-01116,1,PO-2024-00461,4,DAV,2024-06-18,11,0
GRN-2024-01117,1,PO-2024-00288,1,WAR,2024-06-19,615,15
GRN-2024-01118,1,PO-2024-00408,2,DAV,2024-06-19,18,0
GRN-2024-01119,1,PO-2024-00413,1,DAV,2024-06-19,1,0
GRN-2024-01120,1,PO-2024-00429,1,DAV,2024-06-19,111,1
GRN-2024-01121,1,PO-2024-00443,1,WAR,2024-06-19,40,1
GRN-2024-01122,1,PO-2024-00446,3,DAV,2024-06-19,3,0
GRN-2024-01123,1,PO-2024-00462,1,WAR,2024-06-19,25,0
GRN-2024-01124,1,PO-2024-00462,2,WAR,2024-06-19,18,0
GRN-2024-01125,1,PO-2024-00479,1,DAV,2024-06-19,15,0
GRN-2024-01126,1,PO-2024-00455,2,DAV,2024-06-20,4,0
GRN-2024-01127,1,PO-2024-00464,1,WAR,2024-06-20,69,0
GRN-2024-01128,1,PO-2024-00466,2,WAR,2024-06-20,29,0
GRN-2024-01129,1,PO-2024-00466,3,WAR,2024-06-20,16,0
GRN-2024-01130,1,PO-2024-00467,1,LIV,2024-06-20,569,1
GRN-2024-01131,1,PO-2024-00441,1,WAR,2024-06-21,5,1
GRN-2024-01132,1,PO-2024-00445,4,DAV,2024-06-21,8,0
GRN-2024-01133,1,PO-2024-00449,2,DAV,2024-06-21,110,2
GRN-2024-01134,1,PO-2024-00451,2,DAV,2024-06-21,5,0
GRN-2024-01135,1,PO-2024-00468,1,DAV,2024-06-21,162,0
GRN-2024-01136,1,PO-2024-00469,1,WAR,2024-06-21,424,1
GRN-2024-01137,1,PO-2024-00469,2,WAR,2024-06-21,59,0
GRN-2024-01138,1,PO-2024-00469,3,WAR,2024-06-21,152,0
GRN-2024-01139,1,PO-2024-00469,4,WAR,2024-06-21,46,0
GRN-2024-01140,1,PO-2024-00472,1,DAV,2024-06-21,7,0
GRN-2024-01141,1,PO-2024-00476,1,WAR,2024-06-21,450,0
GRN-2024-01142,1,PO-2024-00222,1,DAV,2024-06-24,618,12
GRN-2024-01143,1,PO-2024-00297,1,DAV,2024-06-24,35,1
GRN-2024-01144,1,PO-2024-00297,2,DAV,2024-06-24,52,3
GRN-2024-01145,1,PO-2024-00297,4,DAV,2024-06-24,11,0
GRN-2024-01146,1,PO-2024-00393,1,DAV,2024-06-24,2,0
GRN-2024-01147,1,PO-2024-00408,2,DAV,2024-06-24,6,0
GRN-2024-01148,1,PO-2024-00408,3,DAV,2024-06-24,21,0
GRN-2024-01149,1,PO-2024-00445,2,DAV,2024-06-24,210,0
GRN-2024-01150,1,PO-2024-00445,3,DAV,2024-06-24,26,0
GRN-2024-01151,1,PO-2024-00446,1,DAV,2024-06-24,12,0
GRN-2024-01152,1,PO-2024-00446,2,DAV,2024-06-24,25,0
GRN-2024-01153,1,PO-2024-00466,1,WAR,2024-06-24,36,0
GRN-2024-01154,1,PO-2024-00472,2,DAV,2024-06-24,168,0
GRN-2024-01155,1,PO-2024-00472,3,DAV,2024-06-24,24,0
GRN-2024-01156,1,PO-2024-00449,1,DAV,2024-06-25,8,0
GRN-2024-01157,1,PO-2024-00449,4,DAV,2024-06-25,24,0
GRN-2024-01158,1,PO-2024-00460,2,DAV,2024-06-25,61,0
GRN-2024-01159,1,PO-2024-00475,1,DAV,2024-06-25,930,0
GRN-2024-01160,1,PO-2024-00475,2,DAV,2024-06-25,6,0
GRN-2024-01161,1,PO-2024-00475,3,DAV,2024-06-25,18,0
GRN-2024-01162,1,PO-2024-00475,4,DAV,2024-06-25,3,0
GRN-2024-01163,1,PO-2024-00476,2,WAR,2024-06-25,599,1
GRN-2024-01164,1,PO-2024-00310,1,LIV,2024-06-26,257,7
GRN-2024-01165,1,PO-2024-00310,2,LIV,2024-06-26,134,4
GRN-2024-01166,1,PO-2024-00310,3,LIV,2024-06-26,146,1
GRN-2024-01167,1,PO-2024-00373,1,WAR,2024-06-26,5,0
GRN-2024-01168,1,PO-2024-00401,1,DAV,2024-06-26,4,0
GRN-2024-01169,1,PO-2024-00416,1,DAV,2024-06-26,2,0
GRN-2024-01170,1,PO-2024-00445,1,DAV,2024-06-26,85,0
GRN-2024-01171,1,PO-2024-00451,1,DAV,2024-06-26,5,1
GRN-2024-01172,1,PO-2024-00478,1,DAV,2024-06-26,1979,5
GRN-2024-01173,1,PO-2024-00481,1,WAR,2024-06-26,200,0
GRN-2024-01174,1,PO-2024-00311,2,DAV,2024-06-27,372,6
GRN-2024-01175,1,PO-2024-00311,3,DAV,2024-06-27,151,3
GRN-2024-01176,1,PO-2024-00311,4,DAV,2024-06-27,14,0
GRN-2024-01177,1,PO-2024-00315,1,LIV,2024-06-27,125,7
GRN-2024-01178,1,PO-2024-00315,2,LIV,2024-06-27,2086,32
GRN-2024-01179,1,PO-2024-00453,2,WAR,2024-06-27,15,0
GRN-2024-01180,1,PO-2024-00483,1,WAR,2024-06-27,150,0
GRN-2024-01181,1,PO-2024-00483,2,WAR,2024-06-27,63,0
GRN-2024-01182,1,PO-2024-00396,1,WAR,2024-06-28,3,0
GRN-2024-01183,1,PO-2024-00458,1,DAV,2024-06-28,227,0
GRN-2024-01184,1,PO-2024-00485,1,DAV,2024-06-28,54,0
GRN-2024-01185,1,PO-2024-00485,2,DAV,2024-06-28,231,1
GRN-2024-01186,1,PO-2024-00485,3,DAV,2024-06-28,5,0
GRN-2024-01187,1,PO-2024-00487,1,DAV,2024-06-28,510,0
GRN-2024-01188,1,PO-2024-00487,2,DAV,2024-06-28,18,0
GRN-2024-01189,1,PO-2024-00487,3,DAV,2024-06-28,198,0
GRN-2024-01190,1,PO-2024-00487,4,DAV,2024-06-28,8,0
GRN-2024-01191,1,PO-2024-00311,1,DAV,2024-07-01,10,0
GRN-2024-01192,1,PO-2024-00322,1,DAV,2024-07-01,97,5
GRN-2024-01193,1,PO-2024-00322,3,DAV,2024-07-01,301,7
GRN-2024-01194,1,PO-2024-00461,2,DAV,2024-07-01,6,0
GRN-2024-01195,1,PO-2024-00463,1,WAR,2024-07-01,55,3
GRN-2024-01196,1,PO-2024-00489,1,WAR,2024-07-01,144,0
GRN-2024-01197,1,PO-2024-00489,2,WAR,2024-07-01,18,0
GRN-2024-01198,1,PO-2024-00297,2,DAV,2024-07-02,39,2
GRN-2024-01199,1,PO-2024-00444,2,DAV,2024-07-02,90,0
GRN-2024-01200,1,PO-2024-00465,1,WAR,2024-07-02,155,1
GRN-2024-01201,1,PO-2024-00493,1,WAR,2024-07-02,25,0
GRN-2024-01202,1,PO-2024-00493,2,WAR,2024-07-02,54,0
GRN-2024-01203,1,PO-2024-00493,3,WAR,2024-07-02,27,0
GRN-2024-01204,1,PO-2024-00493,4,WAR,2024-07-02,120,0
GRN-2024-01205,1,PO-2024-00443,1,WAR,2024-07-03,14,0
GRN-2024-01206,1,PO-2024-00446,2,DAV,2024-07-03,10,0
GRN-2024-01207,1,PO-2024-00498,1,DAV,2024-07-03,4,0
GRN-2024-01208,1,PO-2024-00502,1,LIV,2024-07-03,271,1
GRN-2024-01209,1,PO-2024-00453,1,WAR,2024-07-04,19,1
GRN-2024-01210,1,PO-2024-00453,2,WAR,2024-07-04,9,0
GRN-2024-01211,1,PO-2024-00479,2,DAV,2024-07-04,15,0
GRN-2024-01212,1,PO-2024-00503,1,DAV,2024-07-04,54,0
GRN-2024-01213,1,PO-2024-00504,1,WAR,2024-07-04,1660,4
GRN-2024-01214,1,PO-2024-00507,2,WAR,2024-07-04,16,0
GRN-2024-01215,1,PO-2024-00335,1,WAR,2024-07-05,659,7
GRN-2024-01216,1,PO-2024-00506,1,DAV,2024-07-05,79,1
GRN-2024-01217,1,PO-2024-00506,2,DAV,2024-07-05,36,0
GRN-2024-01218,1,PO-2024-00506,3,DAV,2024-07-05,52,0
GRN-2024-01219,1,PO-2024-00507,1,WAR,2024-07-05,42,0
GRN-2024-01220,1,PO-2024-00507,3,WAR,2024-07-05,46,0
GRN-2024-01221,1,PO-2024-00507,4,WAR,2024-07-05,21,0
GRN-2024-01222,1,PO-2024-00508,1,WAR,2024-07-05,156,0
GRN-2024-01223,1,PO-2024-00511,1,DAV,2024-07-05,81,0
GRN-2024-01224,1,PO-2024-00324,1,LIV,2024-07-08,265,8
GRN-2024-01225,1,PO-2024-00474,1,DAV,2024-07-08,24,0
GRN-2024-01226,1,PO-2024-00490,1,WAR,2024-07-08,6,0
GRN-2024-01227,1,PO-2024-00511,2,DAV,2024-07-08,5,0
GRN-2024-01228,1,PO-2024-00513,1,WAR,2024-07-08,55,0
GRN-2024-01229,1,PO-2024-00513,2,WAR,2024-07-08,149,1
GRN-2024-01230,1,PO-2024-00515,2,DAV,2024-07-08,29,0
GRN-2024-01231,1,PO-2024-00479,2,DAV,2024-07-09,7,0
GRN-2024-01232,1,PO-2024-00482,1,DAV,2024-07-09,24,0
GRN-2024-01233,1,PO-2024-00492,3,DAV,2024-07-09,4,0
GRN-2024-01234,1,PO-2024-00506,4,DAV,2024-07-09,51,0
GRN-2024-01235,1,PO-2024-00512,2,WAR,2024-07-09,22,0
GRN-2024-01236,1,PO-2024-00515,1,DAV,2024-07-09,15,0
GRN-2024-01237,1,PO-2024-00515,3,DAV,2024-07-09,26,0
GRN-2024-01238,1,PO-2024-00515,4,DAV,2024-07-09,25,0
GRN-2024-01239,1,PO-2024-00518,1,WAR,2024-07-09,337,1
GRN-2024-01240,1,PO-2024-00518,2,WAR,2024-07-09,36,0
GRN-2024-01241,1,PO-2024-00519,2,WAR,2024-07-09,168,0
GRN-2024-01242,1,PO-2024-00519,3,WAR,2024-07-09,152,0
GRN-2024-01243,1,PO-2024-00519,4,WAR,2024-07-09,8,0
GRN-2024-01244,1,PO-2024-00520,1,BRS,2024-07-09,6,0
GRN-2024-01245,1,PO-2024-00520,2,BRS,2024-07-09,8,0
GRN-2024-01246,1,PO-2024-00520,3,BRS,2024-07-09,214,2
GRN-2024-01247,1,PO-2024-00520,4,BRS,2024-07-09,5,0
GRN-2024-01248,1,PO-2024-00529,4,DAV,2024-07-09,36,0
GRN-2024-01249,1,PO-2024-00486,1,DAV,2024-07-10,112,0
GRN-2024-01250,1,PO-2024-00486,2,DAV,2024-07-10,7,0
GRN-2024-01251,1,PO-2024-00522,2,DAV,2024-07-10,503,1
GRN-2024-01252,1,PO-2024-00522,4,DAV,2024-07-10,7,0
GRN-2024-01253,1,PO-2024-00524,1,DAV,2024-07-10,32,0
GRN-2024-01254,1,PO-2024-00524,2,DAV,2024-07-10,7,0
GRN-2024-01255,1,PO-2024-00524,3,DAV,2024-07-10,6,0
GRN-2024-01256,1,PO-2024-00524,4,DAV,2024-07-10,70,1
GRN-2024-01257,1,PO-2024-00525,1,WAR,2024-07-10,100,0
GRN-2024-01258,1,PO-2024-00527,1,BRS,2024-07-10,9,0
GRN-2024-01259,1,PO-2024-00527,2,BRS,2024-07-10,150,0
GRN-2024-01260,1,PO-2024-00527,3,BRS,2024-07-10,152,0
GRN-2024-01261,1,PO-2024-00527,4,BRS,2024-07-10,149,1
GRN-2024-01262,1,PO-2024-00340,1,DAV,2024-07-11,855,15
GRN-2024-01263,1,PO-2024-00488,1,DAV,2024-07-11,103,1
GRN-2024-01264,1,PO-2024-00488,2,DAV,2024-07-11,8,0
GRN-2024-01265,1,PO-2024-00519,1,WAR,2024-07-11,45,0
GRN-2024-01266,1,PO-2024-00528,1,DAV,2024-07-11,6,0
GRN-2024-01267,1,PO-2024-00529,1,DAV,2024-07-11,11,0
GRN-2024-01268,1,PO-2024-00529,2,DAV,2024-07-11,930,0
GRN-2024-01269,1,PO-2024-00529,3,DAV,2024-07-11,5,0
GRN-2024-01270,1,PO-2024-00531,1,BRS,2024-07-11,55,0
GRN-2024-01271,1,PO-2024-00531,2,BRS,2024-07-11,13,0
GRN-2024-01272,1,PO-2024-00531,3,BRS,2024-07-11,36,0
GRN-2024-01273,1,PO-2024-00531,4,BRS,2024-07-11,152,0
GRN-2024-01274,1,PO-2024-00532,1,BRS,2024-07-11,56,0
GRN-2024-01275,1,PO-2024-00532,2,BRS,2024-07-11,24,0
GRN-2024-01276,1,PO-2024-00532,3,BRS,2024-07-11,103,1
GRN-2024-01277,1,PO-2024-00533,1,BRS,2024-07-11,36,0
GRN-2024-01278,1,PO-2024-00533,2,BRS,2024-07-11,24,0
GRN-2024-01279,1,PO-2024-00535,2,DAV,2024-07-11,8,0
GRN-2024-01280,1,PO-2024-00335,2,WAR,2024-07-12,269,4
GRN-2024-01281,1,PO-2024-00335,3,WAR,2024-07-12,24,0
GRN-2024-01282,1,PO-2024-00351,1,DAV,2024-07-12,1636,30
GRN-2024-01283,1,PO-2024-00351,2,DAV,2024-07-12,235,3
GRN-2024-01284,1,PO-2024-00351,4,DAV,2024-07-12,972,18
GRN-2024-01285,1,PO-2024-00492,1,DAV,2024-07-12,6,0
GRN-2024-01286,1,PO-2024-00492,2,DAV,2024-07-12,54,0
GRN-2024-01287,1,PO-2024-00506,3,DAV,2024-07-12,24,0
GRN-2024-01288,1,PO-2024-00522,1,DAV,2024-07-12,161,1
GRN-2024-01289,1,PO-2024-00522,3,DAV,2024-07-12,36,0
GRN-2024-01290,1,PO-2024-00534,1,DAV,2024-07-12,6,0
GRN-2024-01291,1,PO-2024-00534,2,DAV,2024-07-12,145,0
GRN-2024-01292,1,PO-2024-00534,3,DAV,2024-07-12,2,0
GRN-2024-01293,1,PO-2024-00535,1,DAV,2024-07-12,9,0
GRN-2024-01294,1,PO-2024-00455,2,DAV,2024-07-15,2,0
GRN-2024-01295,1,PO-2024-00500,1,DAV,2024-07-15,37,0
GRN-2024-01296,1,PO-2024-00500,2,DAV,2024-07-15,177,3
GRN-2024-01297,1,PO-2024-00501,1,WAR,2024-07-15,72,0
GRN-2024-01298,1,PO-2024-00521,1,LIV,2024-07-15,144,0
GRN-2024-01299,1,PO-2024-00536,1,DAV,2024-07-15,8,0
GRN-2024-01300,1,PO-2024-00538,1,BRS,2024-07-15,18,0
GRN-2024-01301,1,PO-2024-00538,2,BRS,2024-07-15,36,0
GRN-2024-01302,1,PO-2024-00538,3,BRS,2024-07-15,5,0
GRN-2024-01303,1,PO-2024-00538,4,BRS,2024-07-15,152,0
GRN-2024-01304,1,PO-2024-00550,1,LIV,2024-07-15,228,0
GRN-2024-01305,1,PO-2024-00351,3,DAV,2024-07-16,360,4
GRN-2024-01306,1,PO-2024-00473,2,DAV,2024-07-16,21,0
GRN-2024-01307,1,PO-2024-00544,1,WAR,2024-07-16,149,1
GRN-2024-01308,1,PO-2024-00547,4,DAV,2024-07-16,9,1
GRN-2024-01309,1,PO-2024-00463,1,WAR,2024-07-17,16,1
GRN-2024-01310,1,PO-2024-00505,1,DAV,2024-07-17,6,0
GRN-2024-01311,1,PO-2024-00505,2,DAV,2024-07-17,112,0
GRN-2024-01312,1,PO-2024-00505,3,DAV,2024-07-17,9,0
GRN-2024-01313,1,PO-2024-00547,1,DAV,2024-07-17,53,0
GRN-2024-01314,1,PO-2024-00547,2,DAV,2024-07-17,52,0
GRN-2024-01315,1,PO-2024-00547,3,DAV,2024-07-17,7,0
GRN-2024-01316,1,PO-2024-00549,1,BRS,2024-07-17,5,0
GRN-2024-01317,1,PO-2024-00389,2,WAR,2024-07-18,1631,35
GRN-2024-01318,1,PO-2024-00501,1,WAR,2024-07-18,32,0
GRN-2024-01319,1,PO-2024-00517,2,DAV,2024-07-18,29,0
GRN-2024-01320,1,PO-2024-00540,1,BRS,2024-07-18,60,0
GRN-2024-01321,1,PO-2024-00542,1,DAV,2024-07-18,4,0
GRN-2024-01322,1,PO-2024-00546,2,BRS,2024-07-18,42,0
GRN-2024-01323,1,PO-2024-00551,1,DAV,2024-07-18,36,0
GRN-2024-01324,1,PO-2024-00551,2,DAV,2024-07-18,80,0
GRN-2024-01325,1,PO-2024-00551,3,DAV,2024-07-18,3,0
GRN-2024-01326,1,PO-2024-00551,4,DAV,2024-07-18,145,0
GRN-2024-01327,1,PO-2024-00552,1,WAR,2024-07-18,150,0
GRN-2024-01328,1,PO-2024-00552,2,WAR,2024-07-18,53,1
GRN-2024-01329,1,PO-2024-00556,1,DAV,2024-07-18,6,0
GRN-2024-01330,1,PO-2024-00488,2,DAV,2024-07-19,4,0
GRN-2024-01331,1,PO-2024-00516,1,DAV,2024-07-19,209,1
GRN-2024-01332,1,PO-2024-00516,3,DAV,2024-07-19,3,0
GRN-2024-01333,1,PO-2024-00516,4,DAV,2024-07-19,20,0
GRN-2024-01334,1,PO-2024-00555,1,DAV,2024-07-19,207,1
GRN-2024-01335,1,PO-2024-00555,2,DAV,2024-07-19,6,0
GRN-2024-01336,1,PO-2024-00558,1,BRS,2024-07-19,5,0
GRN-2024-01337,1,PO-2024-00558,2,BRS,2024-07-19,8,0
GRN-2024-01338,1,PO-2024-00558,3,BRS,2024-07-19,36,0
GRN-2024-01339,1,PO-2024-00559,1,BRS,2024-07-19,179,1
GRN-2024-01340,1,PO-2024-00559,2,BRS,2024-07-19,36,0
GRN-2024-01341,1,PO-2024-00560,1,BRS,2024-07-19,42,0
GRN-2024-01342,1,PO-2024-00560,2,BRS,2024-07-19,150,0
GRN-2024-01343,1,PO-2024-00389,4,WAR,2024-07-22,181,1
GRN-2024-01344,1,PO-2024-00494,1,WAR,2024-07-22,20,0
GRN-2024-01345,1,PO-2024-00495,1,LIV,2024-07-22,266,0
GRN-2024-01346,1,PO-2024-00512,1,WAR,2024-07-22,136,0
GRN-2024-01347,1,PO-2024-00526,1,WAR,2024-07-22,154,2
GRN-2024-01348,1,PO-2024-00526,2,WAR,2024-07-22,687,2
GRN-2024-01349,1,PO-2024-00550,2,LIV,2024-07-22,481,0
GRN-2024-01350,1,PO-2024-00322,2,DAV,2024-07-23,232,8
GRN-2024-01351,1,PO-2024-00374,1,WAR,2024-07-23,148,4
GRN-2024-01352,1,PO-2024-00374,2,WAR,2024-07-23,302,6
GRN-2024-01353,1,PO-2024-00516,2,DAV,2024-07-23,15,0
GRN-2024-01354,1,PO-2024-00530,1,DAV,2024-07-23,9,0
GRN-2024-01355,1,PO-2024-00537,1,BRS,2024-07-23,11,0
GRN-2024-01356,1,PO-2024-00537,4,BRS,2024-07-23,48,0
GRN-2024-01357,1,PO-2024-00563,1,WAR,2024-07-23,36,0
GRN-2024-01358,1,PO-2024-00514,1,WAR,2024-07-24,28,1
GRN-2024-01359,1,PO-2024-00534,3,DAV,2024-07-24,2,0
GRN-2024-01360,1,PO-2024-00547,3,DAV,2024-07-24,4,0
GRN-2024-01361,1,PO-2024-00567,1,DAV,2024-07-24,4,0
GRN-2024-01362,1,PO-2024-00567,2,DAV,2024-07-24,36,0
GRN-2024-01363,1,PO-2024-00568,1,DAV,2024-07-24,162,0
GRN-2024-01364,1,PO-2024-00573,3,DAV,2024-07-24,30,0
GRN-2024-01365,1,PO-2024-00433,2,DAV,2024-07-25,196,5
GRN-2024-01366,1,PO-2024-00500,1,DAV,2024-07-25,17,0
GRN-2024-01367,1,PO-2024-00507,4,WAR,2024-07-25,16,0
GRN-2024-01368,1,PO-2024-00537,2,BRS,2024-07-25,201,2
GRN-2024-01369,1,PO-2024-00537,3,BRS,2024-07-25,291,3
GRN-2024-01370,1,PO-2024-00540,2,BRS,2024-07-25,5,0
GRN-2024-01371,1,PO-2024-00382,1,LIV,2024-07-26,1124,16
GRN-2024-01372,1,PO-2024-00488,1,DAV,2024-07-26,76,0
GRN-2024-01373,1,PO-2024-00510,1,DAV,2024-07-26,15,0
GRN-2024-01374,1,PO-2024-00510,2,DAV,2024-07-26,19,0
GRN-2024-01375,1,PO-2024-00516,2,DAV,2024-07-26,9,0
GRN-2024-01376,1,PO-2024-00542,1,DAV,2024-07-26,2,0
GRN-2024-01377,1,PO-2024-00543,1,DAV,2024-07-26,24,0
GRN-2024-01378,1,PO-2024-00543,2,DAV,2024-07-26,19,0
GRN-2024-01379,1,PO-2024-00543,3,DAV,2024-07-26,5,0
GRN-2024-01380,1,PO-2024-00543,4,DAV,2024-07-26,402,4
GRN-2024-01381,1,PO-2024-00545,1,BRS,2024-07-26,6,0
GRN-2024-01382,1,PO-2024-00545,2,BRS,2024-07-26,56,0
GRN-2024-01383,1,PO-2024-00545,4,BRS,2024-07-26,26,0
GRN-2024-01384,1,PO-2024-00546,1,BRS,2024-07-26,72,0
GRN-2024-01385,1,PO-2024-00546,3,BRS,2024-07-26,316,2
GRN-2024-01386,1,PO-2024-00560,1,BRS,2024-07-26,24,0
GRN-2024-01387,1,PO-2024-00574,1,LIV,2024-07-26,52,0
GRN-2024-01388,1,PO-2024-00574,2,LIV,2024-07-26,61,0
GRN-2024-01389,1,PO-2024-00574,3,LIV,2024-07-26,98,0
GRN-2024-01390,1,PO-2024-00579,3,BRS,2024-07-26,150,0
GRN-2024-01391,1,PO-2024-00228,3,DAV,2024-07-29,10,0
GRN-2024-01392,1,PO-2024-00380,1,LIV,2024-07-29,213,2
GRN-2024-01393,1,PO-2024-00382,2,LIV,2024-07-29,270,9
GRN-2024-01394,1,PO-2024-00516,4,DAV,2024-07-29,6,0
GRN-2024-01395,1,PO-2024-00551,3,DAV,2024-07-29,3,0
GRN-2024-01396,1,PO-2024-00577,1,WAR,2024-07-29,208,0
GRN-2024-01397,1,PO-2024-00577,2,WAR,2024-07-29,424,1
GRN-2024-01398,1,PO-2024-00577,3,WAR,2024-07-29,10,0
GRN-2024-01399,1,PO-2024-00579,1,BRS,2024-07-29,8,0
GRN-2024-01400,1,PO-2024-00579,2,BRS,2024-07-29,150,0
GRN-2024-01401,1,PO-2024-00579,4,BRS,2024-07-29,371,1
GRN-2024-01402,1,PO-2024-00580,3,DAV,2024-07-29,23,1
GRN-2024-01403,1,PO-2024-00389,1,WAR,2024-07-30,71,1
GRN-2024-01404,1,PO-2024-00389,3,WAR,2024-07-30,89,1
GRN-2024-01405,1,PO-2024-00570,1,DAV,2024-07-30,12,0
GRN-2024-01406,1,PO-2024-00580,1,DAV,2024-07-30,3,0
GRN-2024-01407,1,PO-2024-00580,2,DAV,2024-07-30,152,0
GRN-2024-01408,1,PO-2024-00580,4,DAV,2024-07-30,179,1
GRN-2024-01409,1,PO-2024-00582,1,DAV,2024-07-30,29,0
GRN-2024-01410,1,PO-2024-00582,2,DAV,2024-07-30,54,0
GRN-2024-01411,1,PO-2024-00582,3,DAV,2024-07-30,8,0
GRN-2024-01412,1,PO-2024-00582,4,DAV,2024-07-30,9,0
GRN-2024-01413,1,PO-2024-00584,1,WAR,2024-07-30,89,0
GRN-2024-01414,1,PO-2024-00587,1,LIV,2024-07-30,175,0
GRN-2024-01415,1,PO-2024-00588,1,LIV,2024-07-30,100,0
GRN-2024-01416,1,PO-2024-00473,1,DAV,2024-07-31,23,0
GRN-2024-01417,1,PO-2024-00517,1,DAV,2024-07-31,24,0
GRN-2024-01418,1,PO-2024-00532,3,BRS,2024-07-31,48,0
GRN-2024-01419,1,PO-2024-00557,1,WAR,2024-07-31,6,0
GRN-2024-01420,1,PO-2024-00557,2,WAR,2024-07-31,374,3
GRN-2024-01421,1,PO-2024-00589,1,DAV,2024-07-31,8,0
GRN-2024-01422,1,PO-2024-00589,2,DAV,2024-07-31,3,0
GRN-2024-01423,1,PO-2024-00589,3,DAV,2024-07-31,15,0
GRN-2024-01424,1,PO-2024-00589,4,DAV,2024-07-31,11,0
GRN-2024-01425,1,PO-2024-00590,1,DAV,2024-07-31,1354,3
GRN-2024-01426,1,PO-2024-00590,2,DAV,2024-07-31,6,0
GRN-2024-01427,1,PO-2024-00592,1,WAR,2024-07-31,129,0
GRN-2024-01428,1,PO-2024-00592,2,WAR,2024-07-31,104,0
GRN-2024-01429,1,PO-2024-00593,1,BRS,2024-07-31,60,0
GRN-2024-01430,1,PO-2024-00599,2,DAV,2024-07-31,507,3
GRN-2024-01431,1,PO-2024-00340,2,DAV,2024-08-01,4,0
GRN-2024-01432,1,PO-2024-00397,1,LIV,2024-08-01,4953,108
GRN-2024-01433,1,PO-2024-00411,1,DAV,2024-08-01,48,0
GRN-2024-01434,1,PO-2024-00473,2,DAV,2024-08-01,6,0
GRN-2024-01435,1,PO-2024-00512,1,WAR,2024-08-01,46,0
GRN-2024-01436,1,PO-2024-00516,3,DAV,2024-08-01,2,0
GRN-2024-01437,1,PO-2024-00545,3,BRS,2024-08-01,98,0
GRN-2024-01438,1,PO-2024-00570,2,DAV,2024-08-01,7,0
GRN-2024-01439,1,PO-2024-00573,1,DAV,2024-08-01,9,0
GRN-2024-01440,1,PO-2024-00595,1,DAV,2024-08-01,15,0
GRN-2024-01441,1,PO-2024-00595,2,DAV,2024-08-01,81,0
GRN-2024-01442,1,PO-2024-00595,3,DAV,2024-08-01,6,0
GRN-2024-01443,1,PO-2024-00596,1,DAV,2024-08-01,36,0
GRN-2024-01444,1,PO-2024-00596,3,DAV,2024-08-01,149,1
GRN-2024-01445,1,PO-2024-00603,3,BRS,2024-08-01,36,0
GRN-2024-01446,1,PO-2024-00404,2,DAV,2024-08-02,69,3
GRN-2024-01447,1,PO-2024-00517,2,DAV,2024-08-02,25,0
GRN-2024-01448,1,PO-2024-00539,2,BRS,2024-08-02,22,0
GRN-2024-01449,1,PO-2024-00543,2,DAV,2024-08-02,7,0
GRN-2024-01450,1,PO-2024-00573,2,DAV,2024-08-02,24,0
GRN-2024-01451,1,PO-2024-00598,1,DAV,2024-08-02,7,0
GRN-2024-01452,1,PO-2024-00598,2,DAV,2024-08-02,5,0
GRN-2024-01453,1,PO-2024-00598,3,DAV,2024-08-02,668,4
GRN-2024-01454,1,PO-2024-00599,1,DAV,2024-08-02,30,0
GRN-2024-01455,1,PO-2024-00599,3,DAV,2024-08-02,21,0
GRN-2024-01456,1,PO-2024-00599,4,DAV,2024-08-02,6,0
GRN-2024-01457,1,PO-2024-00600,1,WAR,2024-08-02,18,0
GRN-2024-01458,1,PO-2024-00602,1,BRS,2024-08-02,33,0
GRN-2024-01459,1,PO-2024-00603,1,BRS,2024-08-02,5,0
GRN-2024-01460,1,PO-2024-00603,2,BRS,2024-08-02,224,1
GRN-2024-01461,1,PO-2024-00382,2,LIV,2024-08-05,186,3
GRN-2024-01462,1,PO-2024-00404,1,DAV,2024-08-05,142,2
GRN-2024-01463,1,PO-2024-00404,3,DAV,2024-08-05,47,1
GRN-2024-01464,1,PO-2024-00596,2,DAV,2024-08-05,6,0
GRN-2024-01465,1,PO-2024-00605,1,DAV,2024-08-05,22,0
GRN-2024-01466,1,PO-2024-00606,1,WAR,2024-08-05,600,0
GRN-2024-01467,1,PO-2024-00607,1,BRS,2024-08-05,7,0
GRN-2024-01468,1,PO-2024-00607,2,BRS,2024-08-05,15,0
GRN-2024-01469,1,PO-2024-00607,3,BRS,2024-08-05,18,0
GRN-2024-01470,1,PO-2024-00539,1,BRS,2024-08-06,176,4
GRN-2024-01471,1,PO-2024-00539,4,BRS,2024-08-06,17,0
GRN-2024-01472,1,PO-2024-00548,1,DAV,2024-08-06,24,0
GRN-2024-01473,1,PO-2024-00572,1,BRS,2024-08-06,9,0
GRN-2024-01474,1,PO-2024-00573,4,DAV,2024-08-06,24,0
GRN-2024-01475,1,PO-2024-00596,4,DAV,2024-08-06,15,0
GRN-2024-01476,1,PO-2024-00609,1,DAV,2024-08-06,19,0
GRN-2024-01477,1,PO-2024-00411,2,DAV,2024-08-07,151,3
GRN-2024-01478,1,PO-2024-00411,3,DAV,2024-08-07,143,4
GRN-2024-01479,1,PO-2024-00575,3,DAV,2024-08-07,72,0
GRN-2024-01480,1,PO-2024-00613,1,DAV,2024-08-07,4,0
GRN-2024-01481,1,PO-2024-00614,1,DAV,2024-08-07,6,0
GRN-2024-01482,1,PO-2024-00616,1,WAR,2024-08-07,100,0
GRN-2024-01483,1,PO-2024-00616,2,WAR,2024-08-07,155,1
GRN-2024-01484,1,PO-2024-00619,1,BRS,2024-08-07,36,0
GRN-2024-01485,1,PO-2024-00415,1,DAV,2024-08-08,197,1
GRN-2024-01486,1,PO-2024-00566,1,LIV,2024-08-08,37,0
GRN-2024-01487,1,PO-2024-00573,3,DAV,2024-08-08,24,0
GRN-2024-01488,1,PO-2024-00575,1,DAV,2024-08-08,6,0
GRN-2024-01489,1,PO-2024-00575,2,DAV,2024-08-08,68,0
GRN-2024-01490,1,PO-2024-00545,4,BRS,2024-08-09,14,0
GRN-2024-01491,1,PO-2024-00590,1,DAV,2024-08-09,623,4
GRN-2024-01492,1,PO-2024-00621,1,DAV,2024-08-09,54,0
GRN-2024-01493,1,PO-2024-00422,1,DAV,2024-08-12,82,3
GRN-2024-01494,1,PO-2024-00428,3,DAV,2024-08-12,217,7
GRN-2024-01495,1,PO-2024-00558,1,BRS,2024-08-12,2,0
GRN-2024-01496,1,PO-2024-00562,2,WAR,2024-08-12,20,0
GRN-2024-01497,1,PO-2024-00565,1,BRS,2024-08-12,16,1
GRN-2024-01498,1,PO-2024-00591,1,DAV,2024-08-12,175,5
GRN-2024-01499,1,PO-2024-00591,2,DAV,2024-08-12,35,0
GRN-2024-01500,1,PO-2024-00591,3,DAV,2024-08-12,12,0
GRN-2024-01501,1,PO-2024-00626,1,DAV,2024-08-12,24,0
GRN-2024-01502,1,PO-2024-00626,2,DAV,2024-08-12,25,0
GRN-2024-01503,1,PO-2024-00626,3,DAV,2024-08-12,4,0
GRN-2024-01504,1,PO-2024-00626,4,DAV,2024-08-12,7,0
GRN-2024-01505,1,PO-2024-00603,2,BRS,2024-08-13,63,0
GRN-2024-01506,1,PO-2024-00605,1,DAV,2024-08-13,14,0
GRN-2024-01507,1,PO-2024-00610,2,DAV,2024-08-13,8,0
GRN-2024-01508,1,PO-2024-00631,1,WAR,2024-08-13,9,0
GRN-2024-01509,1,PO-2024-00428,1,DAV,2024-08-14,153,1
GRN-2024-01510,1,PO-2024-00428,2,DAV,2024-08-14,46,2
GRN-2024-01511,1,PO-2024-00428,4,DAV,2024-08-14,2040,39
GRN-2024-01512,1,PO-2024-00601,1,WAR,2024-08-14,41,0
GRN-2024-01513,1,PO-2024-00632,1,BRS,2024-08-14,6,0
GRN-2024-01514,1,PO-2024-00632,2,BRS,2024-08-14,216,0
GRN-2024-01515,1,PO-2024-00634,1,BRS,2024-08-14,36,0
GRN-2024-01516,1,PO-2024-00634,2,BRS,2024-08-14,55,0
GRN-2024-01517,1,PO-2024-00634,3,BRS,2024-08-14,9,0
GRN-2024-01518,1,PO-2024-00638,3,DAV,2024-08-14,6,0
GRN-2024-01519,1,PO-2024-00374,1,WAR,2024-08-15,86,2
GRN-2024-01520,1,PO-2024-00380,1,LIV,2024-08-15,72,1
GRN-2024-01521,1,PO-2024-00436,1,DAV,2024-08-15,75,2
GRN-2024-01522,1,PO-2024-00438,1,WAR,2024-08-15,770,21
GRN-2024-01523,1,PO-2024-00452,3,WAR,2024-08-15,50,0
GRN-2024-01524,1,PO-2024-00562,1,WAR,2024-08-15,24,0
GRN-2024-01525,1,PO-2024-00592,1,WAR,2024-08-15,71,0
GRN-2024-01526,1,PO-2024-00608,1,LIV,2024-08-15,20,0
GRN-2024-01527,1,PO-2024-00618,2,BRS,2024-08-15,5,0
GRN-2024-01528,1,PO-2024-00628,1,WAR,2024-08-15,25,0
GRN-2024-01529,1,PO-2024-00628,2,WAR,2024-08-15,20,1
GRN-2024-01530,1,PO-2024-00638,1,DAV,2024-08-15,26,0
GRN-2024-01531,1,PO-2024-00638,2,DAV,2024-08-15,18,0
GRN-2024-01532,1,PO-2024-00638,4,DAV,2024-08-15,5,0
GRN-2024-01533,1,PO-2024-00640,1,DAV,2024-08-15,501,3
GRN-2024-01534,1,PO-2024-00640,2,DAV,2024-08-15,24,0
GRN-2024-01535,1,PO-2024-00640,3,DAV,2024-08-15,12,0
GRN-2024-01536,1,PO-2024-00642,1,BRS,2024-08-15,36,0
GRN-2024-01537,1,PO-2024-00642,2,BRS,2024-08-15,59,1
GRN-2024-01538,1,PO-2024-00545,1,BRS,2024-08-16,4,0
GRN-2024-01539,1,PO-2024-00601,2,WAR,2024-08-16,6,1
GRN-2024-01540,1,PO-2024-00610,1,DAV,2024-08-16,24,0
GRN-2024-01541,1,PO-2024-00611,1,BRS,2024-08-16,11,0
GRN-2024-01542,1,PO-2024-00611,2,BRS,2024-08-16,48,0
GRN-2024-01543,1,PO-2024-00631,1,WAR,2024-08-16,6,0
GRN-2024-01544,1,PO-2024-00639,1,DAV,2024-08-16,12,0
GRN-2024-01545,1,PO-2024-00644,1,DAV,2024-08-16,8,0
GRN-2024-01546,1,PO-2024-00644,2,DAV,2024-08-16,24,0
GRN-2024-01547,1,PO-2024-00644,3,DAV,2024-08-16,11,0
GRN-2024-01548,1,PO-2024-00646,1,WAR,2024-08-16,74,0
GRN-2024-01549,1,PO-2024-00433,2,DAV,2024-08-19,87,0
GRN-2024-01550,1,PO-2024-00447,1,DAV,2024-08-19,12,0
GRN-2024-01551,1,PO-2024-00470,1,WAR,2024-08-19,47,1
GRN-2024-01552,1,PO-2024-00566,1,LIV,2024-08-19,18,0
GRN-2024-01553,1,PO-2024-00583,1,WAR,2024-08-19,38,0
GRN-2024-01554,1,PO-2024-00612,1,DAV,2024-08-19,15,0
GRN-2024-01555,1,PO-2024-00615,1,DAV,2024-08-19,45,1
GRN-2024-01556,1,PO-2024-00618,1,BRS,2024-08-19,10,0
GRN-2024-01557,1,PO-2024-00620,2,DAV,2024-08-19,4,0
GRN-2024-01558,1,PO-2024-00645,1,DAV,2024-08-19,54,0
GRN-2024-01559,1,PO-2024-00645,2,DAV,2024-08-19,54,0
GRN-2024-01560,1,PO-2024-00645,3,DAV,2024-08-19,5,0
GRN-2024-01561,1,PO-2024-00645,4,DAV,2024-08-19,927,3
GRN-2024-01562,1,PO-2024-00646,2,WAR,2024-08-19,1661,3
GRN-2024-01563,1,PO-2024-00625,1,DAV,2024-08-20,134,1
GRN-2024-01564,1,PO-2024-00649,1,DAV,2024-08-20,4,0
GRN-2024-01565,1,PO-2024-00649,2,DAV,2024-08-20,6,0
GRN-2024-01566,1,PO-2024-00650,1,DAV,2024-08-20,54,0
GRN-2024-01567,1,PO-2024-00650,2,DAV,2024-08-20,24,0
GRN-2024-01568,1,PO-2024-00650,3,DAV,2024-08-20,7,0
GRN-2024-01569,1,PO-2024-00651,1,WAR,2024-08-20,16,0
GRN-2024-01570,1,PO-2024-00657,1,DAV,2024-08-20,145,0
GRN-2024-01571,1,PO-2024-00662,4,DAV,2024-08-20,6,0
GRN-2024-01572,1,PO-2024-00452,1,WAR,2024-08-21,2090,28
GRN-2024-01573,1,PO-2024-00452,2,WAR,2024-08-21,108,0
GRN-2024-01574,1,PO-2024-00452,3,WAR,2024-08-21,39,1
GRN-2024-01575,1,PO-2024-00452,4,WAR,2024-08-21,359,5
GRN-2024-01576,1,PO-2024-00599,1,DAV,2024-08-21,14,0
GRN-2024-01577,1,PO-2024-00622,1,BRS,2024-08-21,22,2
GRN-2024-01578,1,PO-2024-00626,3,DAV,2024-08-21,3,0
GRN-2024-01579,1,PO-2024-00627,1,DAV,2024-08-21,24,0
GRN-2024-01580,1,PO-2024-00630,1,WAR,2024-08-21,22,0
GRN-2024-01581,1,PO-2024-00655,1,DAV,2024-08-21,161,1
GRN-2024-01582,1,PO-2024-00657,2,DAV,2024-08-21,140,0
GRN-2024-01583,1,PO-2024-00480,2,DAV,2024-08-22,112,2
GRN-2024-01584,1,PO-2024-00575,3,DAV,2024-08-22,39,1
GRN-2024-01585,1,PO-2024-00584,1,WAR,2024-08-22,36,0
GRN-2024-01586,1,PO-2024-00620,1,DAV,2024-08-22,6,0
GRN-2024-01587,1,PO-2024-00627,2,DAV,2024-08-22,180,0
GRN-2024-01588,1,PO-2024-00628,3,WAR,2024-08-22,104,0
GRN-2024-01589,1,PO-2024-00629,1,BRS,2024-08-22,54,0
GRN-2024-01590,1,PO-2024-00658,1,DAV,2024-08-22,17,0
GRN-2024-01591,1,PO-2024-00658,2,DAV,2024-08-22,6,0
GRN-2024-01592,1,PO-2024-00658,3,DAV,2024-08-22,6,0
GRN-2024-01593,1,PO-2024-00658,4,DAV,2024-08-22,54,0
GRN-2024-01594,1,PO-2024-00660,1,BRS,2024-08-22,33,0
GRN-2024-01595,1,PO-2024-00471,2,LIV,2024-08-23,964,26
GRN-2024-01596,1,PO-2024-00633,2,BRS,2024-08-23,42,0
GRN-2024-01597,1,PO-2024-00662,2,DAV,2024-08-23,35,1
GRN-2024-01598,1,PO-2024-00662,3,DAV,2024-08-23,3,0
GRN-2024-01599,1,PO-2024-00663,1,WAR,2024-08-23,18,0
GRN-2024-01600,1,PO-2024-00663,2,WAR,2024-08-23,59,0
GRN-2024-01601,1,PO-2024-00663,3,WAR,2024-08-23,63,0
GRN-2024-01602,1,PO-2024-00663,4,WAR,2024-08-23,36,0
GRN-2024-01603,1,PO-2024-00539,3,BRS,2024-08-27,15,0
GRN-2024-01604,1,PO-2024-00614,1,DAV,2024-08-27,2,0
GRN-2024-01605,1,PO-2024-00633,1,BRS,2024-08-27,72,0
GRN-2024-01606,1,PO-2024-00635,2,LIV,2024-08-27,55,0
GRN-2024-01607,1,PO-2024-00637,1,LIV,2024-08-27,180,0
GRN-2024-01608,1,PO-2024-00637,2,LIV,2024-08-27,125,1
GRN-2024-01609,1,PO-2024-00646,1,WAR,2024-08-27,56,0
GRN-2024-01610,1,PO-2024-00664,1,DAV,2024-08-27,32,0
GRN-2024-01611,1,PO-2024-00664,2,DAV,2024-08-27,6,0
GRN-2024-01612,1,PO-2024-00664,3,DAV,2024-08-27,3,0
GRN-2024-01613,1,PO-2024-00664,4,DAV,2024-08-27,6,0
GRN-2024-01614,1,PO-2024-00603,1,BRS,2024-08-28,3,0
GRN-2024-01615,1,PO-2024-00612,2,DAV,2024-08-28,9,0
GRN-2024-01616,1,PO-2024-00639,2,DAV,2024-08-28,5,1
GRN-2024-01617,1,PO-2024-00668,1,DAV,2024-08-28,15,0
GRN-2024-01618,1,PO-2024-00668,2,DAV,2024-08-28,18,0
GRN-2024-01619,1,PO-2024-00668,3,DAV,2024-08-28,11,0
GRN-2024-01620,1,PO-2024-00668,4,DAV,2024-08-28,5,0
GRN-2024-01621,1,PO-2024-00670,1,WAR,2024-08-28,405,0
GRN-2024-01622,1,PO-2024-00671,1,BRS,2024-08-28,136,0
GRN-2024-01623,1,PO-2024-00672,1,BRS,2024-08-28,151,1
GRN-2024-01624,1,PO-2024-00672,2,BRS,2024-08-28,13,0
GRN-2024-01625,1,PO-2024-00471,1,LIV,2024-08-29,119,1
GRN-2024-01626,1,PO-2024-00624,4,DAV,2024-08-29,15,0
GRN-2024-01627,1,PO-2024-00643,1,DAV,2024-08-29,3,0
GRN-2024-01628,1,PO-2024-00674,1,DAV,2024-08-29,54,0
GRN-2024-01629,1,PO-2024-00674,2,DAV,2024-08-29,44,0
GRN-2024-01630,1,PO-2024-00674,3,DAV,2024-08-29,53,0
GRN-2024-01631,1,PO-2024-00662,1,DAV,2024-08-30,11,0
GRN-2024-01632,1,PO-2024-00666,1,WAR,2024-08-30,16,0
GRN-2024-01633,1,PO-2024-00680,1,WAR,2024-08-30,125,0
GRN-2024-01634,1,PO-2024-00682,1,BRS,2024-08-30,72,0
GRN-2024-01635,1,PO-2024-00682,2,BRS,2024-08-30,56,0
GRN-2024-01636,1,PO-2024-00693,3,WAR,2024-08-30,25,0
GRN-2024-01637,1,PO-2024-00411,2,DAV,2024-09-02,108,2
GRN-2024-01638,1,PO-2024-00624,1,DAV,2024-09-02,24,0
GRN-2024-01639,1,PO-2024-00624,3,DAV,2024-09-02,24,0
GRN-2024-01640,1,PO-2024-00635,1,LIV,2024-09-02,22,0
GRN-2024-01641,1,PO-2024-00635,2,LIV,2024-09-02,30,0
GRN-2024-01642,1,PO-2024-00653,1,BRS,2024-09-02,56,0
GRN-2024-01643,1,PO-2024-00671,1,BRS,2024-09-02,44,0
GRN-2024-01644,1,PO-2024-00683,1,DAV,2024-09-02,52,0
GRN-2024-01645,1,PO-2024-00683,2,DAV,2024-09-02,54,0
GRN-2024-01646,1,PO-2024-00684,1,WAR,2024-09-02,449,1
GRN-2024-01647,1,PO-2024-00684,2,WAR,2024-09-02,28,0
GRN-2024-01648,1,PO-2024-00685,1,WAR,2024-09-02,200,0
GRN-2024-01649,1,PO-2024-00480,1,DAV,2024-09-03,107,1
GRN-2024-01650,1,PO-2024-00480,3,DAV,2024-09-03,90,0
GRN-2024-01651,1,PO-2024-00480,4,DAV,2024-09-03,360,4
GRN-2024-01652,1,PO-2024-00499,1,DAV,2024-09-03,163,5
GRN-2024-01653,1,PO-2024-00659,2,DAV,2024-09-03,24,0
GRN-2024-01654,1,PO-2024-00687,1,BRS,2024-09-03,156,0
GRN-2024-01655,1,PO-2024-00687,2,BRS,2024-09-03,24,0
GRN-2024-01656,1,PO-2024-00688,1,LIV,2024-09-03,189,1
GRN-2024-01657,1,PO-2024-00422,1,DAV,2024-09-04,56,3
GRN-2024-01658,1,PO-2024-00477,1,WAR,2024-09-04,840,18
GRN-2024-01659,1,PO-2024-00624,2,DAV,2024-09-04,410,4
GRN-2024-01660,1,PO-2024-00667,1,DAV,2024-09-04,3,0
GRN-2024-01661,1,PO-2024-00675,1,WAR,2024-09-04,116,0
GRN-2024-01662,1,PO-2024-00689,1,DAV,2024-09-04,465,0
GRN-2024-01663,1,PO-2024-00689,2,DAV,2024-09-04,15,0
GRN-2024-01664,1,PO-2024-00689,3,DAV,2024-09-04,8,0
GRN-2024-01665,1,PO-2024-00690,1,DAV,2024-09-04,168,0
GRN-2024-01666,1,PO-2024-00691,1,DAV,2024-09-04,6,0
GRN-2024-01667,1,PO-2024-00691,2,DAV,2024-09-04,18,0
GRN-2024-01668,1,PO-2024-00691,3,DAV,2024-09-04,5,0
GRN-2024-01669,1,PO-2024-00691,4,DAV,2024-09-04,41,0
GRN-2024-01670,1,PO-2024-00694,2,BRS,2024-09-04,6,0
GRN-2024-01671,1,PO-2024-00697,1,DAV,2024-09-04,15,0
GRN-2024-01672,1,PO-2024-00484,1,DAV,2024-09-05,495,10
GRN-2024-01673,1,PO-2024-00675,2,WAR,2024-09-05,91,0
GRN-2024-01674,1,PO-2024-00678,2,DAV,2024-09-05,6,0
GRN-2024-01675,1,PO-2024-00693,1,WAR,2024-09-05,168,0
GRN-2024-01676,1,PO-2024-00693,2,WAR,2024-09-05,120,0
GRN-2024-01677,1,PO-2024-00693,4,WAR,2024-09-05,42,0
GRN-2024-01678,1,PO-2024-00694,1,BRS,2024-09-05,7,1
GRN-2024-01679,1,PO-2024-00698,1,WAR,2024-09-05,28,0
GRN-2024-01680,1,PO-2024-00491,1,WAR,2024-09-06,194,4
GRN-2024-01681,1,PO-2024-00561,2,DAV,2024-09-06,35,1
GRN-2024-01682,1,PO-2024-00659,1,DAV,2024-09-06,26,0
GRN-2024-01683,1,PO-2024-00696,1,DAV,2024-09-06,232,0
GRN-2024-01684,1,PO-2024-00696,2,DAV,2024-09-06,8,0
GRN-2024-01685,1,PO-2024-00697,2,DAV,2024-09-06,6,0
GRN-2024-01686,1,PO-2024-00698,2,WAR,2024-09-06,66,0
GRN-2024-01687,1,PO-2024-00698,3,WAR,2024-09-06,21,0
GRN-2024-01688,1,PO-2024-00699,1,BRS,2024-09-06,277,3
GRN-2024-01689,1,PO-2024-00699,2,BRS,2024-09-06,54,0
GRN-2024-01690,1,PO-2024-00699,3,BRS,2024-09-06,18,0
GRN-2024-01691,1,PO-2024-00496,1,LIV,2024-09-09,656,10
GRN-2024-01692,1,PO-2024-00497,1,LIV,2024-09-09,500,10
GRN-2024-01693,1,PO-2024-00497,2,LIV,2024-09-09,66,0
GRN-2024-01694,1,PO-2024-00497,3,LIV,2024-09-09,66,0
GRN-2024-01695,1,PO-2024-00509,1,LIV,2024-09-09,107,1
GRN-2024-01696,1,PO-2024-00601,1,WAR,2024-09-09,33,1
GRN-2024-01697,1,PO-2024-00637,1,LIV,2024-09-09,48,0
GRN-2024-01698,1,PO-2024-00644,3,DAV,2024-09-09,7,0
GRN-2024-01699,1,PO-2024-00669,2,DAV,2024-09-09,299,1
GRN-2024-01700,1,PO-2024-00675,1,WAR,2024-09-09,40,0
GRN-2024-01701,1,PO-2024-00688,2,LIV,2024-09-09,142,0
GRN-2024-01702,1,PO-2024-00701,1,LIV,2024-09-09,60,0
GRN-2024-01703,1,PO-2024-00425,1,WAR,2024-09-10,460,8
GRN-2024-01704,1,PO-2024-00628,2,WAR,2024-09-10,15,0
GRN-2024-01705,1,PO-2024-00677,1,WAR,2024-09-10,38,0
GRN-2024-01706,1,PO-2024-00678,1,DAV,2024-09-10,9,0
GRN-2024-01707,1,PO-2024-00679,1,DAV,2024-09-10,4,0
GRN-2024-01708,1,PO-2024-00669,1,DAV,2024-09-11,6,0
GRN-2024-01709,1,PO-2024-00679,2,DAV,2024-09-11,6,0
GRN-2024-01710,1,PO-2024-00679,3,DAV,2024-09-11,27,0
GRN-2024-01711,1,PO-2024-00706,1,LIV,2024-09-11,26,0
GRN-2024-01712,1,PO-2024-00706,3,LIV,2024-09-11,296,0
GRN-2024-01713,1,PO-2024-00708,1,DAV,2024-09-11,23,2
GRN-2024-01714,1,PO-2024-00509,2,LIV,2024-09-12,81,3
GRN-2024-01715,1,PO-2024-00509,3,LIV,2024-09-12,2041,38
GRN-2024-01716,1,PO-2024-00625,1,DAV,2024-09-12,75,0
GRN-2024-01717,1,PO-2024-00661,1,BRS,2024-09-12,15,0
GRN-2024-01718,1,PO-2024-00705,1,BRS,2024-09-12,96,2
GRN-2024-01719,1,PO-2024-00705,3,BRS,2024-09-12,5,0
GRN-2024-01720,1,PO-2024-00707,2,DAV,2024-09-12,18,0
GRN-2024-01721,1,PO-2024-00707,3,DAV,2024-09-12,24,0
GRN-2024-01722,1,PO-2024-00708,2,DAV,2024-09-12,21,0
GRN-2024-01723,1,PO-2024-00708,3,DAV,2024-09-12,44,1
GRN-2024-01724,1,PO-2024-00709,1,BRS,2024-09-12,152,0
GRN-2024-01725,1,PO-2024-00470,2,WAR,2024-09-13,145,2
GRN-2024-01726,1,PO-2024-00686,1,DAV,2024-09-13,46,0
GRN-2024-01727,1,PO-2024-00710,1,DAV,2024-09-13,26,0
GRN-2024-01728,1,PO-2024-00710,2,DAV,2024-09-13,7,0
GRN-2024-01729,1,PO-2024-00710,3,DAV,2024-09-13,508,2
GRN-2024-01730,1,PO-2024-00710,4,DAV,2024-09-13,119,0
GRN-2024-01731,1,PO-2024-00712,1,WAR,2024-09-13,23,0
GRN-2024-01732,1,PO-2024-00713,1,BRS,2024-09-13,55,0
GRN-2024-01733,1,PO-2024-00541,1,BRS,2024-09-16,173,7
GRN-2024-01734,1,PO-2024-00679,4,DAV,2024-09-16,24,0
GRN-2024-01735,1,PO-2024-00691,4,DAV,2024-09-16,30,0
GRN-2024-01736,1,PO-2024-00701,1,LIV,2024-09-16,40,0
GRN-2024-01737,1,PO-2024-00706,2,LIV,2024-09-16,13,0
GRN-2024-01738,1,PO-2024-00706,4,LIV,2024-09-16,32,0
GRN-2024-01739,1,PO-2024-00707,1,DAV,2024-09-16,180,0
GRN-2024-01740,1,PO-2024-00714,1,DAV,2024-09-16,19,0
GRN-2024-01741,1,PO-2024-00714,2,DAV,2024-09-16,504,0
GRN-2024-01742,1,PO-2024-00715,1,DAV,2024-09-16,4,0
GRN-2024-01743,1,PO-2024-00717,1,DAV,2024-09-16,19,0
GRN-2024-01744,1,PO-2024-00720,1,WAR,2024-09-16,24,0
GRN-2024-01745,1,PO-2024-00720,2,WAR,2024-09-16,60,0
GRN-2024-01746,1,PO-2024-00720,3,WAR,2024-09-16,424,1
GRN-2024-01747,1,PO-2024-00523,2,DAV,2024-09-17,255,3
GRN-2024-01748,1,PO-2024-00681,2,WAR,2024-09-17,19,0
GRN-2024-01749,1,PO-2024-00695,1,BRS,2024-09-17,72,0
GRN-2024-01750,1,PO-2024-00704,3,DAV,2024-09-17,54,0
GRN-2024-01751,1,PO-2024-00673,1,DAV,2024-09-18,42,0
GRN-2024-01752,1,PO-2024-00724,2,LIV,2024-09-18,171,0
GRN-2024-01753,1,PO-2024-00725,1,LIV,2024-09-18,34,0
GRN-2024-01754,1,PO-2024-00725,2,LIV,2024-09-18,239,1
GRN-2024-01755,1,PO-2024-00725,3,LIV,2024-09-18,175,0
GRN-2024-01756,1,PO-2024-00732,4,DAV,2024-09-18,76,0
GRN-2024-01757,1,PO-2024-00523,1,DAV,2024-09-19,299,9
GRN-2024-01758,1,PO-2024-00635,1,LIV,2024-09-19,10,0
GRN-2024-01759,1,PO-2024-00679,1,DAV,2024-09-19,4,0
GRN-2024-01760,1,PO-2024-00681,1,WAR,2024-09-19,20,0
GRN-2024-01761,1,PO-2024-00681,3,WAR,2024-09-19,377,1
GRN-2024-01762,1,PO-2024-00688,2,LIV,2024-09-19,38,0
GRN-2024-01763,1,PO-2024-00712,1,WAR,2024-09-19,13,0
GRN-2024-01764,1,PO-2024-00730,1,BRS,2024-09-19,8,0
GRN-2024-01765,1,PO-2024-00731,1,BRS,2024-09-19,36,0
GRN-2024-01766,1,PO-2024-00668,4,DAV,2024-09-20,3,0
GRN-2024-01767,1,PO-2024-00704,1,DAV,2024-09-20,6,0
GRN-2024-01768,1,PO-2024-00705,2,BRS,2024-09-20,55,1
GRN-2024-01769,1,PO-2024-00705,4,BRS,2024-09-20,40,0
GRN-2024-01770,1,PO-2024-00732,1,DAV,2024-09-20,4,0
GRN-2024-01771,1,PO-2024-00732,2,DAV,2024-09-20,6,0
GRN-2024-01772,1,PO-2024-00484,1,DAV,2024-09-23,159,2
GRN-2024-01773,1,PO-2024-00643,1,DAV,2024-09-23,2,0
GRN-2024-01774,1,PO-2024-00699,1,BRS,2024-09-23,92,0
GRN-2024-01775,1,PO-2024-00724,1,LIV,2024-09-23,270,2
GRN-2024-01776,1,PO-2024-00735,1,DAV,2024-09-23,15,0
GRN-2024-01777,1,PO-2024-00735,2,DAV,2024-09-23,197,1
GRN-2024-01778,1,PO-2024-00735,3,DAV,2024-09-23,6,0
GRN-2024-01779,1,PO-2024-00735,4,DAV,2024-09-23,11,0
GRN-2024-01780,1,PO-2024-00736,1,WAR,2024-09-23,297,0
GRN-2024-01781,1,PO-2024-00737,1,WAR,2024-09-23,47,0
GRN-2024-01782,1,PO-2024-00737,2,WAR,2024-09-23,36,0
GRN-2024-01783,1,PO-2024-00746,1,DAV,2024-09-23,5,0
GRN-2024-01784,1,PO-2024-00541,2,BRS,2024-09-24,353,9
GRN-2024-01785,1,PO-2024-00725,1,LIV,2024-09-24,28,0
GRN-2024-01786,1,PO-2024-00729,1,WAR,2024-09-24,59,0
GRN-2024-01787,1,PO-2024-00732,3,DAV,2024-09-24,248,0
GRN-2024-01788,1,PO-2024-00738,1,DAV,2024-09-24,11,0
GRN-2024-01789,1,PO-2024-00738,2,DAV,2024-09-24,53,0
GRN-2024-01790,1,PO-2024-00739,1,DAV,2024-09-24,15,0
GRN-2024-01791,1,PO-2024-00739,2,DAV,2024-09-24,8,0
GRN-2024-01792,1,PO-2024-00740,1,DAV,2024-09-24,64,0
GRN-2024-01793,1,PO-2024-00740,2,DAV,2024-09-24,1980,4
GRN-2024-01794,1,PO-2024-00740,3,DAV,2024-09-24,90,0
GRN-2024-01795,1,PO-2024-00742,1,BRS,2024-09-24,71,1
GRN-2024-01796,1,PO-2024-00743,1,BRS,2024-09-24,66,0
GRN-2024-01797,1,PO-2024-00553,3,BRS,2024-09-25,64,3
GRN-2024-01798,1,PO-2024-00553,4,BRS,2024-09-25,116,4
GRN-2024-01799,1,PO-2024-00554,2,LIV,2024-09-25,779,12
GRN-2024-01800,1,PO-2024-00704,2,DAV,2024-09-25,152,0
GRN-2024-01801,1,PO-2024-00748,1,BRS,2024-09-25,372,0
GRN-2024-01802,1,PO-2024-00748,2,BRS,2024-09-25,13,0
GRN-2024-01803,1,PO-2024-00748,3,BRS,2024-09-25,87,0
GRN-2024-01804,1,PO-2024-00748,4,BRS,2024-09-25,36,0
GRN-2024-01805,1,PO-2024-00749,1,BRS,2024-09-25,149,1
GRN-2024-01806,1,PO-2024-00749,2,BRS,2024-09-25,15,0
GRN-2024-01807,1,PO-2024-00749,3,BRS,2024-09-25,8,0
GRN-2024-01808,1,PO-2024-00750,3,DAV,2024-09-25,5,0
GRN-2024-01809,1,PO-2024-00698,1,WAR,2024-09-26,8,0
GRN-2024-01810,1,PO-2024-00705,3,BRS,2024-09-26,5,0
GRN-2024-01811,1,PO-2024-00711,3,DAV,2024-09-26,14,0
GRN-2024-01812,1,PO-2024-00716,1,DAV,2024-09-26,12,0
GRN-2024-01813,1,PO-2024-00716,2,DAV,2024-09-26,3,0
GRN-2024-01814,1,PO-2024-00746,1,DAV,2024-09-26,2,0
GRN-2024-01815,1,PO-2024-00750,1,DAV,2024-09-26,6,0
GRN-2024-01816,1,PO-2024-00750,2,DAV,2024-09-26,25,0
GRN-2024-01817,1,PO-2024-00750,4,DAV,2024-09-26,3,0
GRN-2024-01818,1,PO-2024-00756,1,WAR,2024-09-26,192,0
GRN-2024-01819,1,PO-2024-00553,1,BRS,2024-09-27,234,4
GRN-2024-01820,1,PO-2024-00594,1,LIV,2024-09-27,264,8
GRN-2024-01821,1,PO-2024-00703,1,BRS,2024-09-27,52,2
GRN-2024-01822,1,PO-2024-00722,1,LIV,2024-09-27,265,1
GRN-2024-01823,1,PO-2024-00726,1,DAV,2024-09-27,85,0
GRN-2024-01824,1,PO-2024-00740,3,DAV,2024-09-27,55,0
GRN-2024-01825,1,PO-2024-00747,1,DAV,2024-09-27,24,0
GRN-2024-01826,1,PO-2024-00753,1,DAV,2024-09-27,4,0
GRN-2024-01827,1,PO-2024-00755,1,WAR,2024-09-27,130,0
GRN-2024-01828,1,PO-2024-00756,2,WAR,2024-09-27,8,0
GRN-2024-01829,1,PO-2024-00759,1,LIV,2024-09-27,203,1
GRN-2024-01830,1,PO-2024-00763,1,WAR,2024-09-27,15,0
GRN-2024-01831,1,PO-2024-00764,2,BRS,2024-09-27,288,0
GRN-2024-01832,1,PO-2024-00553,3,BRS,2024-09-30,23,0
GRN-2024-01833,1,PO-2024-00561,3,DAV,2024-09-30,48,0
GRN-2024-01834,1,PO-2024-00561,4,DAV,2024-09-30,13,0
GRN-2024-01835,1,PO-2024-00564,1,BRS,2024-09-30,3836,75
GRN-2024-01836,1,PO-2024-00604,4,BRS,2024-09-30,2034,45
GRN-2024-01837,1,PO-2024-00727,1,DAV,2024-09-30,16,0
GRN-2024-01838,1,PO-2024-00748,3,BRS,2024-09-30,65,0
GRN-2024-01839,1,PO-2024-00760,1,DAV,2024-09-30,501,3
GRN-2024-01840,1,PO-2024-00760,2,DAV,2024-09-30,162,0
GRN-2024-01841,1,PO-2024-00761,1,DAV,2024-09-30,21,0
GRN-2024-01842,1,PO-2024-00761,2,DAV,2024-09-30,18,0
GRN-2024-01843,1,PO-2024-00761,3,DAV,2024-09-30,36,0
GRN-2024-01844,1,PO-2024-00761,4,DAV,2024-09-30,71,0
GRN-2024-01845,1,PO-2024-00763,2,WAR,2024-09-30,150,0
GRN-2024-01846,1,PO-2024-00764,1,BRS,2024-09-30,6,0
GRN-2024-01847,1,PO-2024-00766,1,BRS,2024-09-30,150,0
GRN-2024-01848,1,PO-2024-00569,1,DAV,2024-10-01,41,1
GRN-2024-01849,1,PO-2024-00571,1,BRS,2024-10-01,838,20
GRN-2024-01850,1,PO-2024-00571,2,BRS,2024-10-01,406,2
GRN-2024-01851,1,PO-2024-00576,2,DAV,2024-10-01,24,0
GRN-2024-01852,1,PO-2024-00710,2,DAV,2024-10-01,3,0
GRN-2024-01853,1,PO-2024-00726,2,DAV,2024-10-01,208,2
GRN-2024-01854,1,PO-2024-00728,1,WAR,2024-10-01,29,0
GRN-2024-01855,1,PO-2024-00732,1,DAV,2024-10-01,3,0
GRN-2024-01856,1,PO-2024-00769,1,WAR,2024-10-01,144,0
GRN-2024-01857,1,PO-2024-00773,1,BRS,2024-10-01,180,0
GRN-2024-01858,1,PO-2024-00433,1,DAV,2024-10-02,163,5
GRN-2024-01859,1,PO-2024-00561,1,DAV,2024-10-02,460,8
GRN-2024-01860,1,PO-2024-00585,1,BRS,2024-10-02,1123,17
GRN-2024-01861,1,PO-2024-00733,1,WAR,2024-10-02,22,0
GRN-2024-01862,1,PO-2024-00756,3,WAR,2024-10-02,16,0
GRN-2024-01863,1,PO-2024-00772,1,DAV,2024-10-02,11,0
GRN-2024-01864,1,PO-2024-00772,2,DAV,2024-10-02,36,0
GRN-2024-01865,1,PO-2024-00581,1,DAV,2024-10-03,307,8
GRN-2024-01866,1,PO-2024-00711,3,DAV,2024-10-03,10,0
GRN-2024-01867,1,PO-2024-00711,4,DAV,2024-10-03,43,0
GRN-2024-01868,1,PO-2024-00720,1,WAR,2024-10-03,21,0
GRN-2024-01869,1,PO-2024-00779,3,DAV,2024-10-03,6,0
GRN-2024-01870,1,PO-2024-00541,2,BRS,2024-10-04,104,2
GRN-2024-01871,1,PO-2024-00576,1,DAV,2024-10-04,90,0
GRN-2024-01872,1,PO-2024-00576,3,DAV,2024-10-04,1633,33
GRN-2024-01873,1,PO-2024-00576,4,DAV,2024-10-04,96,4
GRN-2024-01874,1,PO-2024-00578,1,BRS,2024-10-04,255,9
GRN-2024-01875,1,PO-2024-00578,3,BRS,2024-10-04,141,3
GRN-2024-01876,1,PO-2024-00581,3,DAV,2024-10-04,22,2
GRN-2024-01877,1,PO-2024-00647,1,BRS,2024-10-04,28,0
GRN-2024-01878,1,PO-2024-00654,2,DAV,2024-10-04,403,5
GRN-2024-01879,1,PO-2024-00679,3,DAV,2024-10-04,14,0
GRN-2024-01880,1,PO-2024-00704,1,DAV,2024-10-04,3,0
GRN-2024-01881,1,PO-2024-00710,4,DAV,2024-10-04,33,0
GRN-2024-01882,1,PO-2024-00717,1,DAV,2024-10-04,10,0
GRN-2024-01883,1,PO-2024-00718,1,WAR,2024-10-04,24,0
GRN-2024-01884,1,PO-2024-00718,2,WAR,2024-10-04,32,0
GRN-2024-01885,1,PO-2024-00721,1,WAR,2024-10-04,19,1
GRN-2024-01886,1,PO-2024-00777,1,DAV,2024-10-04,15,0
GRN-2024-01887,1,PO-2024-00777,2,DAV,2024-10-04,54,0
GRN-2024-01888,1,PO-2024-00777,3,DAV,2024-10-04,464,1
GRN-2024-01889,1,PO-2024-00777,4,DAV,2024-10-04,36,0
GRN-2024-01890,1,PO-2024-00780,1,WAR,2024-10-04,338,0
GRN-2024-01891,1,PO-2024-00782,1,WAR,2024-10-04,453,0
GRN-2024-01892,1,PO-2024-00782,2,WAR,2024-10-04,36,0
GRN-2024-01893,1,PO-2024-00782,3,WAR,2024-10-04,449,1
GRN-2024-01894,1,PO-2024-00581,2,DAV,2024-10-07,192,4
GRN-2024-01895,1,PO-2024-00581,4,DAV,2024-10-07,33,3
GRN-2024-01896,1,PO-2024-00586,1,BRS,2024-10-07,153,1
GRN-2024-01897,1,PO-2024-00586,2,BRS,2024-10-07,66,0
GRN-2024-01898,1,PO-2024-00746,2,DAV,2024-10-07,24,0
GRN-2024-01899,1,PO-2024-00751,2,DAV,2024-10-07,8,0
GRN-2024-01900,1,PO-2024-00711,2,DAV,2024-10-08,21,0
GRN-2024-01901,1,PO-2024-00723,1,BRS,2024-10-08,17,0
GRN-2024-01902,1,PO-2024-00734,3,BRS,2024-10-08,15,0
GRN-2024-01903,1,PO-2024-00751,1,DAV,2024-10-08,32,0
GRN-2024-01904,1,PO-2024-00751,3,DAV,2024-10-08,4,0
GRN-2024-01905,1,PO-2024-00768,3,DAV,2024-10-08,6,0
GRN-2024-01906,1,PO-2024-00771,2,BRS,2024-10-08,34,0
GRN-2024-01907,1,PO-2024-00803,1,BRS,2024-10-08,6,0
GRN-2024-01908,1,PO-2024-00594,1,LIV,2024-10-09,134,2
GRN-2024-01909,1,PO-2024-00734,4,BRS,2024-10-09,21,1
GRN-2024-01910,1,PO-2024-00746,3,DAV,2024-10-09,22,0
GRN-2024-01911,1,PO-2024-00757,1,WAR,2024-10-09,74,1
GRN-2024-01912,1,PO-2024-00786,1,DAV,2024-10-09,8,0
GRN-2024-01913,1,PO-2024-00786,2,DAV,2024-10-09,112,0
GRN-2024-01914,1,PO-2024-00787,1,DAV,2024-10-09,26,0
GRN-2024-01915,1,PO-2024-00787,2,DAV,2024-10-09,15,0
GRN-2024-01916,1,PO-2024-00787,3,DAV,2024-10-09,36,0
GRN-2024-01917,1,PO-2024-00789,1,WAR,2024-10-09,208,0
GRN-2024-01918,1,PO-2024-00792,1,BRS,2024-10-09,36,0
GRN-2024-01919,1,PO-2024-00792,2,BRS,2024-10-09,9,0
GRN-2024-01920,1,PO-2024-00793,4,DAV,2024-10-09,36,0
GRN-2024-01921,1,PO-2024-00798,2,DAV,2024-10-09,3,0
GRN-2024-01922,1,PO-2024-00553,2,BRS,2024-10-10,278,6
GRN-2024-01923,1,PO-2024-00576,4,DAV,2024-10-10,81,1
GRN-2024-01924,1,PO-2024-00604,1,BRS,2024-10-10,112,2
GRN-2024-01925,1,PO-2024-00604,2,BRS,2024-10-10,89,1
GRN-2024-01926,1,PO-2024-00604,3,BRS,2024-10-10,1630,36
GRN-2024-01927,1,PO-2024-00734,1,BRS,2024-10-10,17,0
GRN-2024-01928,1,PO-2024-00734,2,BRS,2024-10-10,15,0
GRN-2024-01929,1,PO-2024-00744,1,BRS,2024-10-10,9,0
GRN-2024-01930,1,PO-2024-00765,1,BRS,2024-10-10,24,0
GRN-2024-01931,1,PO-2024-00778,1,DAV,2024-10-10,149,1
GRN-2024-01932,1,PO-2024-00782,1,WAR,2024-10-10,145,2
GRN-2024-01933,1,PO-2024-00793,1,DAV,2024-10-10,17,0
GRN-2024-01934,1,PO-2024-00793,2,DAV,2024-10-10,24,0
GRN-2024-01935,1,PO-2024-00793,3,DAV,2024-10-10,25,0
GRN-2024-01936,1,PO-2024-00794,1,BRS,2024-10-10,33,0
GRN-2024-01937,1,PO-2024-00800,1,DAV,2024-10-10,25,0
GRN-2024-01938,1,PO-2024-00800,3,DAV,2024-10-10,33,0
GRN-2024-01939,1,PO-2024-00767,1,DAV,2024-10-11,15,0
GRN-2024-01940,1,PO-2024-00767,2,DAV,2024-10-11,5,0
GRN-2024-01941,1,PO-2024-00768,2,DAV,2024-10-11,46,0
GRN-2024-01942,1,PO-2024-00770,1,WAR,2024-10-11,24,0
GRN-2024-01943,1,PO-2024-00771,1,BRS,2024-10-11,98,0
GRN-2024-01944,1,PO-2024-00792,3,BRS,2024-10-11,9,0
GRN-2024-01945,1,PO-2024-00797,1,DAV,2024-10-11,88,0
GRN-2024-01946,1,PO-2024-00797,2,DAV,2024-10-11,231,1
GRN-2024-01947,1,PO-2024-00798,1,DAV,2024-10-11,166,2
GRN-2024-01948,1,PO-2024-00800,2,DAV,2024-10-11,669,3
GRN-2024-01949,1,PO-2024-00800,4,DAV,2024-10-11,21,0
GRN-2024-01950,1,PO-2024-00803,1,BRS,2024-10-11,3,0
GRN-2024-01951,1,PO-2024-00804,1,BRS,2024-10-11,59,1
GRN-2024-01952,1,PO-2024-00805,1,BRS,2024-10-11,149,1
GRN-2024-01953,1,PO-2024-00805,2,BRS,2024-10-11,36,0
GRN-2024-01954,1,PO-2024-00564,1,BRS,2024-10-14,1119,31
GRN-2024-01955,1,PO-2024-00597,1,LIV,2024-10-14,34,2
GRN-2024-01956,1,PO-2024-00806,1,DAV,2024-10-14,6,0
GRN-2024-01957,1,PO-2024-00806,2,DAV,2024-10-14,145,0
GRN-2024-01958,1,PO-2024-00806,3,DAV,2024-10-14,7,0
GRN-2024-01959,1,PO-2024-00806,4,DAV,2024-10-14,4,0
GRN-2024-01960,1,PO-2024-00808,1,WAR,2024-10-14,46,0
GRN-2024-01961,1,PO-2024-00768,1,DAV,2024-10-15,32,0
GRN-2024-01962,1,PO-2024-00775,1,DAV,2024-10-15,112,0
GRN-2024-01963,1,PO-2024-00776,1,BRS,2024-10-15,11,0
GRN-2024-01964,1,PO-2024-00812,1,WAR,2024-10-15,19,0
GRN-2024-01965,1,PO-2024-00812,2,WAR,2024-10-15,36,0
GRN-2024-01966,1,PO-2024-00813,1,BRS,2024-10-15,6,0
GRN-2024-01967,1,PO-2024-00813,2,BRS,2024-10-15,8,0
GRN-2024-01968,1,PO-2024-00816,1,WAR,2024-10-15,55,0
GRN-2024-01969,1,PO-2024-00817,2,DAV,2024-10-15,3,0
GRN-2024-01970,1,PO-2024-00711,1,DAV,2024-10-16,22,0
GRN-2024-01971,1,PO-2024-00727,1,DAV,2024-10-16,8,0
GRN-2024-01972,1,PO-2024-00736,1,WAR,2024-10-16,108,0
GRN-2024-01973,1,PO-2024-00779,2,DAV,2024-10-16,24,0
GRN-2024-01974,1,PO-2024-00779,4,DAV,2024-10-16,5,0
GRN-2024-01975,1,PO-2024-00816,2,WAR,2024-10-16,36,0
GRN-2024-01976,1,PO-2024-00617,1,WAR,2024-10-17,396,12
GRN-2024-01977,1,PO-2024-00788,2,DAV,2024-10-17,111,1
GRN-2024-01978,1,PO-2024-00817,1,DAV,2024-10-17,5,0
GRN-2024-01979,1,PO-2024-00817,4,DAV,2024-10-17,508,2
GRN-2024-01980,1,PO-2024-00484,2,DAV,2024-10-18,162,4
GRN-2024-01981,1,PO-2024-00623,1,DAV,2024-10-18,496,14
GRN-2024-01982,1,PO-2024-00744,1,BRS,2024-10-18,6,0
GRN-2024-01983,1,PO-2024-00779,1,DAV,2024-10-18,24,0
GRN-2024-01984,1,PO-2024-00785,1,DAV,2024-10-18,4,0
GRN-2024-01985,1,PO-2024-00792,2,BRS,2024-10-18,4,0
GRN-2024-01986,1,PO-2024-00819,1,DAV,2024-10-18,19,0
GRN-2024-01987,1,PO-2024-00594,2,LIV,2024-10-21,842,16
GRN-2024-01988,1,PO-2024-00652,4,BRS,2024-10-21,962,28
GRN-2024-01989,1,PO-2024-00788,1,DAV,2024-10-21,60,0
GRN-2024-01990,1,PO-2024-00790,1,BRS,2024-10-21,72,0
GRN-2024-01991,1,PO-2024-00817,3,DAV,2024-10-21,18,0
GRN-2024-01992,1,PO-2024-00818,1,LIV,2024-10-21,61,0
GRN-2024-01993,1,PO-2024-00818,2,LIV,2024-10-21,296,0
GRN-2024-01994,1,PO-2024-00821,1,DAV,2024-10-21,140,0
GRN-2024-01995,1,PO-2024-00823,1,BRS,2024-10-21,55,0
GRN-2024-01996,1,PO-2024-00823,2,BRS,2024-10-21,149,1
GRN-2024-01997,1,PO-2024-00636,1,LIV,2024-10-22,1371,29
GRN-2024-01998,1,PO-2024-00636,3,LIV,2024-10-22,140,4
GRN-2024-01999,1,PO-2024-00779,4,DAV,2024-10-22,3,0
GRN-2024-02000,1,PO-2024-00811,2,WAR,2024-10-22,21,1
GRN-2024-02001,1,PO-2024-00824,1,DAV,2024-10-22,51,0
GRN-2024-02002,1,PO-2024-00824,2,DAV,2024-10-22,6,0
GRN-2024-02003,1,PO-2024-00826,1,WAR,2024-10-22,10,0
GRN-2024-02004,1,PO-2024-00826,2,WAR,2024-10-22,40,0
GRN-2024-02005,1,PO-2024-00826,3,WAR,2024-10-22,25,0
GRN-2024-02006,1,PO-2024-00829,1,BRS,2024-10-22,150,0
GRN-2024-02007,1,PO-2024-00771,2,BRS,2024-10-23,21,0
GRN-2024-02008,1,PO-2024-00799,1,DAV,2024-10-23,24,0
GRN-2024-02009,1,PO-2024-00799,2,DAV,2024-10-23,9,0
GRN-2024-02010,1,PO-2024-00834,1,WAR,2024-10-23,69,0
GRN-2024-02011,1,PO-2024-00835,1,WAR,2024-10-23,21,0
GRN-2024-02012,1,PO-2024-00837,2,DAV,2024-10-23,29,0
GRN-2024-02013,1,PO-2024-00837,4,DAV,2024-10-23,80,0
GRN-2024-02014,1,PO-2024-00833,3,DAV,2024-10-24,3,0
GRN-2024-02015,1,PO-2024-00837,1,DAV,2024-10-24,10,0
GRN-2024-02016,1,PO-2024-00837,3,DAV,2024-10-24,18,0
GRN-2024-02017,1,PO-2024-00838,1,DAV,2024-10-24,36,0
GRN-2024-02018,1,PO-2024-00839,1,WAR,2024-10-24,156,0
GRN-2024-02019,1,PO-2024-00842,1,LIV,2024-10-24,566,4
GRN-2024-02020,1,PO-2024-00844,2,WAR,2024-10-24,130,0
GRN-2024-02021,1,PO-2024-00553,2,BRS,2024-10-25,78,2
GRN-2024-02022,1,PO-2024-00647,2,BRS,2024-10-25,235,5
GRN-2024-02023,1,PO-2024-00783,2,DAV,2024-10-25,20,1
GRN-2024-02024,1,PO-2024-00810,1,WAR,2024-10-25,14,0
GRN-2024-02025,1,PO-2024-00811,1,WAR,2024-10-25,181,1
GRN-2024-02026,1,PO-2024-00822,1,DAV,2024-10-25,85,0
GRN-2024-02027,1,PO-2024-00843,1,DAV,2024-10-25,11,0
GRN-2024-02028,1,PO-2024-00844,1,WAR,2024-10-25,124,1
GRN-2024-02029,1,PO-2024-00846,1,WAR,2024-10-25,37,0
GRN-2024-02030,1,PO-2024-00846,3,WAR,2024-10-25,257,3
GRN-2024-02031,1,PO-2024-00636,2,LIV,2024-10-28,76,2
GRN-2024-02032,1,PO-2024-00652,1,BRS,2024-10-28,80,4
GRN-2024-02033,1,PO-2024-00652,2,BRS,2024-10-28,61,5
GRN-2024-02034,1,PO-2024-00652,3,BRS,2024-10-28,48,1
GRN-2024-02035,1,PO-2024-00746,3,DAV,2024-10-28,14,0
GRN-2024-02036,1,PO-2024-00796,1,LIV,2024-10-28,143,1
GRN-2024-02037,1,PO-2024-00815,1,DAV,2024-10-28,52,2
GRN-2024-02038,1,PO-2024-00815,2,DAV,2024-10-28,24,0
GRN-2024-02039,1,PO-2024-00841,1,LIV,2024-10-28,61,0
GRN-2024-02040,1,PO-2024-00847,2,BRS,2024-10-28,24,0
GRN-2024-02041,1,PO-2024-00541,3,BRS,2024-10-29,41,1
GRN-2024-02042,1,PO-2024-00648,1,LIV,2024-10-29,151,3
GRN-2024-02043,1,PO-2024-00783,1,DAV,2024-10-29,40,0
GRN-2024-02044,1,PO-2024-00797,1,DAV,2024-10-29,28,0
GRN-2024-02045,1,PO-2024-00846,2,WAR,2024-10-29,45,0
GRN-2024-02046,1,PO-2024-00846,4,WAR,2024-10-29,18,0
GRN-2024-02047,1,PO-2024-00849,1,DAV,2024-10-29,180,0
GRN-2024-02048,1,PO-2024-00850,1,WAR,2024-10-29,19,0
GRN-2024-02049,1,PO-2024-00851,1,WAR,2024-10-29,103,1
GRN-2024-02050,1,PO-2024-00854,1,BRS,2024-10-29,6,0
GRN-2024-02051,1,PO-2024-00854,2,BRS,2024-10-29,15,0
GRN-2024-02052,1,PO-2024-00854,3,BRS,2024-10-29,221,1
GRN-2024-02053,1,PO-2024-00692,1,WAR,2024-10-30,142,2
GRN-2024-02054,1,PO-2024-00822,4,DAV,2024-10-30,70,0
GRN-2024-02055,1,PO-2024-00859,1,BRS,2024-10-30,13,0
GRN-2024-02056,1,PO-2024-00656,1,DAV,2024-10-31,63,3
GRN-2024-02057,1,PO-2024-00768,1,DAV,2024-10-31,14,0
GRN-2024-02058,1,PO-2024-00817,2,DAV,2024-10-31,3,0
GRN-2024-02059,1,PO-2024-00822,2,DAV,2024-10-31,42,0
GRN-2024-02060,1,PO-2024-00822,3,DAV,2024-10-31,26,0
GRN-2024-02061,1,PO-2024-00856,1,BRS,2024-10-31,53,1
GRN-2024-02062,1,PO-2024-00860,1,DAV,2024-10-31,5,0
GRN-2024-02063,1,PO-2024-00860,2,DAV,2024-10-31,12,0
GRN-2024-02064,1,PO-2024-00860,3,DAV,2024-10-31,502,2
GRN-2024-02065,1,PO-2024-00860,4,DAV,2024-10-31,8,0
GRN-2024-02066,1,PO-2024-00861,1,DAV,2024-10-31,928,2
GRN-2024-02067,1,PO-2024-00861,2,DAV,2024-10-31,6,0
GRN-2024-02068,1,PO-2024-00861,3,DAV,2024-10-31,3,0
GRN-2024-02069,1,PO-2024-00861,4,DAV,2024-10-31,25,0
GRN-2024-02070,1,PO-2024-00863,1,BRS,2024-10-31,33,0
GRN-2024-02071,1,PO-2024-00484,2,DAV,2024-11-01,106,1
GRN-2024-02072,1,PO-2024-00665,1,WAR,2024-11-01,259,5
GRN-2024-02073,1,PO-2024-00665,2,WAR,2024-11-01,133,5
GRN-2024-02074,1,PO-2024-00768,2,DAV,2024-11-01,22,0
GRN-2024-02075,1,PO-2024-00806,4,DAV,2024-11-01,4,0
GRN-2024-02076,1,PO-2024-00827,1,WAR,2024-11-01,6,0
GRN-2024-02077,1,PO-2024-00827,4,WAR,2024-11-01,60,0
GRN-2024-02078,1,PO-2024-00852,1,WAR,2024-11-01,7,0
GRN-2024-02079,1,PO-2024-00868,1,WAR,2024-11-01,150,0
GRN-2024-02080,1,PO-2024-00868,2,WAR,2024-11-01,16,0
GRN-2024-02081,1,PO-2024-00868,3,WAR,2024-11-01,40,0
GRN-2024-02082,1,PO-2024-00597,1,LIV,2024-11-04,12,0
GRN-2024-02083,1,PO-2024-00770,1,WAR,2024-11-04,14,0
GRN-2024-02084,1,PO-2024-00830,1,DAV,2024-11-04,7,0
GRN-2024-02085,1,PO-2024-00830,2,DAV,2024-11-04,152,0
GRN-2024-02086,1,PO-2024-00832,1,DAV,2024-11-04,46,0
GRN-2024-02087,1,PO-2024-00833,1,DAV,2024-11-04,24,0
GRN-2024-02088,1,PO-2024-00833,2,DAV,2024-11-04,180,0
GRN-2024-02089,1,PO-2024-00833,4,DAV,2024-11-04,103,2
GRN-2024-02090,1,PO-2024-00845,1,WAR,2024-11-04,20,0
GRN-2024-02091,1,PO-2024-00866,1,DAV,2024-11-04,24,0
GRN-2024-02092,1,PO-2024-00872,1,DAV,2024-11-04,45,0
GRN-2024-02093,1,PO-2024-00872,2,DAV,2024-11-04,15,0
GRN-2024-02094,1,PO-2024-00874,1,DAV,2024-11-04,36,0
GRN-2024-02095,1,PO-2024-00874,2,DAV,2024-11-04,62,0
GRN-2024-02096,1,PO-2024-00874,3,DAV,2024-11-04,148,2
GRN-2024-02097,1,PO-2024-00875,1,WAR,2024-11-04,598,2
GRN-2024-02098,1,PO-2024-00875,2,WAR,2024-11-04,29,0
GRN-2024-02099,1,PO-2024-00876,1,WAR,2024-11-04,47,0
GRN-2024-02100,1,PO-2024-00879,1,BRS,2024-11-04,41,0
GRN-2024-02101,1,PO-2024-00785,1,DAV,2024-11-05,2,0
GRN-2024-02102,1,PO-2024-00827,2,WAR,2024-11-05,247,1
GRN-2024-02103,1,PO-2024-00857,1,DAV,2024-11-05,18,0
GRN-2024-02104,1,PO-2024-00864,1,LIV,2024-11-05,32,0
GRN-2024-02105,1,PO-2024-00883,1,DAV,2024-11-05,19,0
GRN-2024-02106,1,PO-2024-00884,1,DAV,2024-11-05,6,0
GRN-2024-02107,1,PO-2024-00884,2,DAV,2024-11-05,36,0
GRN-2024-02108,1,PO-2024-00884,3,DAV,2024-11-05,15,0
GRN-2024-02109,1,PO-2024-00884,4,DAV,2024-11-05,17,0
GRN-2024-02110,1,PO-2024-00885,1,WAR,2024-11-05,168,0
GRN-2024-02111,1,PO-2024-00885,2,WAR,2024-11-05,63,0
GRN-2024-02112,1,PO-2024-00886,1,BRS,2024-11-05,151,1
GRN-2024-02113,1,PO-2024-00886,2,BRS,2024-11-05,56,0
GRN-2024-02114,1,PO-2024-00886,3,BRS,2024-11-05,72,0
GRN-2024-02115,1,PO-2024-00887,1,BRS,2024-11-05,150,0
GRN-2024-02116,1,PO-2024-00888,1,DAV,2024-11-06,364,0
GRN-2024-02117,1,PO-2024-00888,2,DAV,2024-11-06,112,0
GRN-2024-02118,1,PO-2024-00890,1,WAR,2024-11-06,46,0
GRN-2024-02119,1,PO-2024-00890,2,WAR,2024-11-06,8,0
GRN-2024-02120,1,PO-2024-00896,2,DAV,2024-11-06,20,0
GRN-2024-02121,1,PO-2024-00578,2,BRS,2024-11-07,775,16
GRN-2024-02122,1,PO-2024-00676,1,WAR,2024-11-07,236,4
GRN-2024-02123,1,PO-2024-00827,3,WAR,2024-11-07,36,0
GRN-2024-02124,1,PO-2024-00847,1,BRS,2024-11-07,56,0
GRN-2024-02125,1,PO-2024-00858,3,WAR,2024-11-07,52,0
GRN-2024-02126,1,PO-2024-00866,4,DAV,2024-11-08,7,0
GRN-2024-02127,1,PO-2024-00896,1,DAV,2024-11-08,179,1
GRN-2024-02128,1,PO-2024-00896,3,DAV,2024-11-08,3,0
GRN-2024-02129,1,PO-2024-00896,4,DAV,2024-11-08,5,0
GRN-2024-02130,1,PO-2024-00897,1,DAV,2024-11-08,36,0
GRN-2024-02131,1,PO-2024-00897,2,DAV,2024-11-08,5,0
GRN-2024-02132,1,PO-2024-00554,1,LIV,2024-11-11,142,2
GRN-2024-02133,1,PO-2024-00835,1,WAR,2024-11-11,7,0
GRN-2024-02134,1,PO-2024-00857,3,DAV,2024-11-11,12,0
GRN-2024-02135,1,PO-2024-00858,1,WAR,2024-11-11,38,0
GRN-2024-02136,1,PO-2024-00858,2,WAR,2024-11-11,103,1
GRN-2024-02137,1,PO-2024-00882,1,DAV,2024-11-11,15,0
GRN-2024-02138,1,PO-2024-00899,1,WAR,2024-11-11,42,0
GRN-2024-02139,1,PO-2024-00899,2,WAR,2024-11-11,425,0
GRN-2024-02140,1,PO-2024-00899,3,WAR,2024-11-11,120,0
GRN-2024-02141,1,PO-2024-00652,2,BRS,2024-11-12,23,1
GRN-2024-02142,1,PO-2024-00692,2,WAR,2024-11-12,43,0
GRN-2024-02143,1,PO-2024-00692,3,WAR,2024-11-12,82,2
GRN-2024-02144,1,PO-2024-00692,4,WAR,2024-11-12,86,4
GRN-2024-02145,1,PO-2024-00719,3,WAR,2024-11-12,2031,48
GRN-2024-02146,1,PO-2024-00828,1,WAR,2024-11-12,75,0
GRN-2024-02147,1,PO-2024-00831,1,DAV,2024-11-12,24,0
GRN-2024-02148,1,PO-2024-00831,3,DAV,2024-11-12,18,0
GRN-2024-02149,1,PO-2024-00836,1,BRS,2024-11-12,15,0
GRN-2024-02150,1,PO-2024-00836,2,BRS,2024-11-12,15,0
GRN-2024-02151,1,PO-2024-00857,1,DAV,2024-11-12,5,1
GRN-2024-02152,1,PO-2024-00862,1,WAR,2024-11-12,103,0
GRN-2024-02153,1,PO-2024-00872,1,DAV,2024-11-12,36,0
GRN-2024-02154,1,PO-2024-00882,2,DAV,2024-11-12,149,1
GRN-2024-02155,1,PO-2024-00903,1,WAR,2024-11-12,200,0
GRN-2024-02156,1,PO-2024-00700,2,BRS,2024-11-13,255,3
GRN-2024-02157,1,PO-2024-00825,1,WAR,2024-11-13,38,0
GRN-2024-02158,1,PO-2024-00857,2,DAV,2024-11-13,5,0
GRN-2024-02159,1,PO-2024-00866,3,DAV,2024-11-13,5,0
GRN-2024-02160,1,PO-2024-00908,1,DAV,2024-11-13,7,0
GRN-2024-02161,1,PO-2024-00909,1,DAV,2024-11-13,130,0
GRN-2024-02162,1,PO-2024-00910,1,DAV,2024-11-13,91,0
GRN-2024-02163,1,PO-2024-00910,2,DAV,2024-11-13,4,0
GRN-2024-02164,1,PO-2024-00910,3,DAV,2024-11-13,6,0
GRN-2024-02165,1,PO-2024-00911,1,DAV,2024-11-13,116,0
GRN-2024-02166,1,PO-2024-00911,2,DAV,2024-11-13,9,0
GRN-2024-02167,1,PO-2024-00912,1,DAV,2024-11-13,4,0
GRN-2024-02168,1,PO-2024-00912,2,DAV,2024-11-13,52,0
GRN-2024-02169,1,PO-2024-00912,4,DAV,2024-11-13,54,0
GRN-2024-02170,1,PO-2024-00914,1,LIV,2024-11-13,15,0
GRN-2024-02171,1,PO-2024-00783,1,DAV,2024-11-14,15,0
GRN-2024-02172,1,PO-2024-00854,3,BRS,2024-11-14,66,0
GRN-2024-02173,1,PO-2024-00871,1,DAV,2024-11-14,12,0
GRN-2024-02174,1,PO-2024-00871,2,DAV,2024-11-14,179,1
GRN-2024-02175,1,PO-2024-00871,3,DAV,2024-11-14,7,0
GRN-2024-02176,1,PO-2024-00871,4,DAV,2024-11-14,3,0
GRN-2024-02177,1,PO-2024-00873,1,DAV,2024-11-14,24,0
GRN-2024-02178,1,PO-2024-00873,2,DAV,2024-11-14,7,0
GRN-2024-02179,1,PO-2024-00873,3,DAV,2024-11-14,5,0
GRN-2024-02180,1,PO-2024-00877,1,BRS,2024-11-14,42,1
GRN-2024-02181,1,PO-2024-00901,1,DAV,2024-11-14,9,0
GRN-2024-02182,1,PO-2024-00915,1,DAV,2024-11-14,5,0
GRN-2024-02183,1,PO-2024-00915,2,DAV,2024-11-14,32,0
GRN-2024-02184,1,PO-2024-00915,3,DAV,2024-11-14,248,0
GRN-2024-02185,1,PO-2024-00915,4,DAV,2024-11-14,5,0
GRN-2024-02186,1,PO-2024-00917,1,BRS,2024-11-14,13,0
GRN-2024-02187,1,PO-2024-00917,2,BRS,2024-11-14,55,0
GRN-2024-02188,1,PO-2024-00917,3,BRS,2024-11-14,36,0
GRN-2024-02189,1,PO-2024-00918,1,BRS,2024-11-14,6,0
GRN-2024-02190,1,PO-2024-00918,2,BRS,2024-11-14,150,0
GRN-2024-02191,1,PO-2024-00700,1,BRS,2024-11-15,98,4
GRN-2024-02192,1,PO-2024-00866,2,DAV,2024-11-15,112,0
GRN-2024-02193,1,PO-2024-00867,1,WAR,2024-11-15,22,0
GRN-2024-02194,1,PO-2024-00882,3,DAV,2024-11-15,5,0
GRN-2024-02195,1,PO-2024-00912,3,DAV,2024-11-15,11,0
GRN-2024-02196,1,PO-2024-00869,1,DAV,2024-11-18,9,0
GRN-2024-02197,1,PO-2024-00870,2,DAV,2024-11-18,14,1
GRN-2024-02198,1,PO-2024-00881,1,LIV,2024-11-18,154,1
GRN-2024-02199,1,PO-2024-00896,2,DAV,2024-11-18,6,0
GRN-2024-02200,1,PO-2024-00914,2,LIV,2024-11-18,8,0
GRN-2024-02201,1,PO-2024-00921,1,DAV,2024-11-18,25,0
GRN-2024-02202,1,PO-2024-00921,2,DAV,2024-11-18,36,0
GRN-2024-02203,1,PO-2024-00922,1,WAR,2024-11-18,144,0
GRN-2024-02204,1,PO-2024-00831,2,DAV,2024-11-19,38,0
GRN-2024-02205,1,PO-2024-00862,1,WAR,2024-11-19,53,0
GRN-2024-02206,1,PO-2024-00879,1,BRS,2024-11-19,19,0
GRN-2024-02207,1,PO-2024-00881,2,LIV,2024-11-19,125,1
GRN-2024-02208,1,PO-2024-00906,4,DAV,2024-11-19,13,0
GRN-2024-02209,1,PO-2024-00919,1,BRS,2024-11-19,180,0
GRN-2024-02210,1,PO-2024-00925,1,WAR,2024-11-19,21,0
GRN-2024-02211,1,PO-2024-00925,2,WAR,2024-11-19,59,0
GRN-2024-02212,1,PO-2024-00925,3,WAR,2024-11-19,60,0
GRN-2024-02213,1,PO-2024-00925,4,WAR,2024-11-19,63,0
GRN-2024-02214,1,PO-2024-00941,2,DAV,2024-11-19,414,4
GRN-2024-02215,1,PO-2024-00692,2,WAR,2024-11-20,33,1
GRN-2024-02216,1,PO-2024-00719,1,WAR,2024-11-20,93,3
GRN-2024-02217,1,PO-2024-00865,1,LIV,2024-11-20,55,0
GRN-2024-02218,1,PO-2024-00904,1,BRS,2024-11-20,10,0
GRN-2024-02219,1,PO-2024-00907,1,DAV,2024-11-20,7,0
GRN-2024-02220,1,PO-2024-00928,1,DAV,2024-11-20,5,0
GRN-2024-02221,1,PO-2024-00928,2,DAV,2024-11-20,48,0
GRN-2024-02222,1,PO-2024-00928,3,DAV,2024-11-20,18,0
GRN-2024-02223,1,PO-2024-00929,1,DAV,2024-11-20,169,2
GRN-2024-02224,1,PO-2024-00929,2,DAV,2024-11-20,36,0
GRN-2024-02225,1,PO-2024-00930,1,DAV,2024-11-20,167,1
GRN-2024-02226,1,PO-2024-00930,2,DAV,2024-11-20,7,0
GRN-2024-02227,1,PO-2024-00931,1,DAV,2024-11-20,6,0
GRN-2024-02228,1,PO-2024-00931,2,DAV,2024-11-20,15,0
GRN-2024-02229,1,PO-2024-00934,1,WAR,2024-11-20,10,0
GRN-2024-02230,1,PO-2024-00935,1,BRS,2024-11-20,33,0
GRN-2024-02231,1,PO-2024-00937,1,BRS,2024-11-20,24,0
GRN-2024-02232,1,PO-2024-00947,2,BRS,2024-11-20,5,0
GRN-2024-02233,1,PO-2024-00719,2,WAR,2024-11-21,337,5
GRN-2024-02234,1,PO-2024-00831,3,DAV,2024-11-21,6,0
GRN-2024-02235,1,PO-2024-00867,1,WAR,2024-11-21,7,0
GRN-2024-02236,1,PO-2024-00920,1,DAV,2024-11-21,23,0
GRN-2024-02237,1,PO-2024-00939,1,DAV,2024-11-21,1982,2
GRN-2024-02238,1,PO-2024-00939,2,DAV,2024-11-21,13,0
GRN-2024-02239,1,PO-2024-00939,3,DAV,2024-11-21,144,1
GRN-2024-02240,1,PO-2024-00941,1,DAV,2024-11-21,36,0
GRN-2024-02241,1,PO-2024-00941,3,DAV,2024-11-21,33,0
GRN-2024-02242,1,PO-2024-00942,1,WAR,2024-11-21,401,4
GRN-2024-02243,1,PO-2024-00942,2,WAR,2024-11-21,55,0
GRN-2024-02244,1,PO-2024-00943,2,WAR,2024-11-21,69,0
GRN-2024-02245,1,PO-2024-00947,1,BRS,2024-11-21,8,0
GRN-2024-02246,1,PO-2024-00870,1,DAV,2024-11-22,43,0
GRN-2024-02247,1,PO-2024-00870,3,DAV,2024-11-22,409,5
GRN-2024-02248,1,PO-2024-00870,4,DAV,2024-11-22,22,0
GRN-2024-02249,1,PO-2024-00878,1,BRS,2024-11-22,17,0
GRN-2024-02250,1,PO-2024-00902,1,DAV,2024-11-22,24,0
GRN-2024-02251,1,PO-2024-00904,3,BRS,2024-11-22,55,0
GRN-2024-02252,1,PO-2024-00916,2,DAV,2024-11-22,299,1
GRN-2024-02253,1,PO-2024-00916,4,DAV,2024-11-22,6,0
GRN-2024-02254,1,PO-2024-00946,1,BRS,2024-11-22,6,0
GRN-2024-02255,1,PO-2024-00946,2,BRS,2024-11-22,216,0
GRN-2024-02256,1,PO-2024-00946,3,BRS,2024-11-22,288,0
GRN-2024-02257,1,PO-2024-00947,3,BRS,2024-11-22,150,2
GRN-2024-02258,1,PO-2024-00948,1,BRS,2024-11-22,152,0
GRN-2024-02259,1,PO-2024-00719,4,WAR,2024-11-25,1638,28
GRN-2024-02260,1,PO-2024-00827,2,WAR,2024-11-25,128,1
GRN-2024-02261,1,PO-2024-00898,1,LIV,2024-11-25,144,0
GRN-2024-02262,1,PO-2024-00906,1,DAV,2024-11-25,5,0
GRN-2024-02263,1,PO-2024-00906,2,DAV,2024-11-25,24,0
GRN-2024-02264,1,PO-2024-00906,3,DAV,2024-11-25,15,0
GRN-2024-02265,1,PO-2024-00912,1,DAV,2024-11-25,2,0
GRN-2024-02266,1,PO-2024-00949,1,WAR,2024-11-25,337,1
GRN-2024-02267,1,PO-2024-00949,2,WAR,2024-11-25,36,0
GRN-2024-02268,1,PO-2024-00952,1,WAR,2024-11-25,66,0
GRN-2024-02269,1,PO-2024-00623,2,DAV,2024-11-26,66,0
GRN-2024-02270,1,PO-2024-00754,4,DAV,2024-11-26,333,9
GRN-2024-02271,1,PO-2024-00827,4,WAR,2024-11-26,44,0
GRN-2024-02272,1,PO-2024-00877,1,BRS,2024-11-26,29,0
GRN-2024-02273,1,PO-2024-00916,1,DAV,2024-11-26,54,0
GRN-2024-02274,1,PO-2024-00916,3,DAV,2024-11-26,24,0
GRN-2024-02275,1,PO-2024-00943,1,WAR,2024-11-26,76,0
GRN-2024-02276,1,PO-2024-00950,1,DAV,2024-11-26,12,0
GRN-2024-02277,1,PO-2024-00950,2,DAV,2024-11-26,21,0
GRN-2024-02278,1,PO-2024-00951,1,DAV,2024-11-26,8,0
GRN-2024-02279,1,PO-2024-00951,2,DAV,2024-11-26,179,1
GRN-2024-02280,1,PO-2024-00952,2,WAR,2024-11-26,25,0
GRN-2024-02281,1,PO-2024-00952,3,WAR,2024-11-26,151,1
GRN-2024-02282,1,PO-2024-00954,1,LIV,2024-11-26,175,0
GRN-2024-02283,1,PO-2024-00954,2,LIV,2024-11-26,240,0
GRN-2024-02284,1,PO-2024-00954,3,LIV,2024-11-26,13,0
GRN-2024-02285,1,PO-2024-00963,1,WAR,2024-11-26,151,1
GRN-2024-02286,1,PO-2024-00932,2,DAV,2024-11-27,6,0
GRN-2024-02287,1,PO-2024-00957,1,DAV,2024-11-27,464,1
GRN-2024-02288,1,PO-2024-00957,2,DAV,2024-11-27,62,0
GRN-2024-02289,1,PO-2024-00958,1,DAV,2024-11-27,29,0
GRN-2024-02290,1,PO-2024-00958,2,DAV,2024-11-27,75,1
GRN-2024-02291,1,PO-2024-00958,3,DAV,2024-11-27,3,0
GRN-2024-02292,1,PO-2024-00958,4,DAV,2024-11-27,26,0
GRN-2024-02293,1,PO-2024-00758,1,LIV,2024-11-28,34,2
GRN-2024-02294,1,PO-2024-00840,1,BRS,2024-11-28,15,0
GRN-2024-02295,1,PO-2024-00904,2,BRS,2024-11-28,68,0
GRN-2024-02296,1,PO-2024-00906,4,DAV,2024-11-28,11,0
GRN-2024-02297,1,PO-2024-00963,2,WAR,2024-11-28,36,0
GRN-2024-02298,1,PO-2024-00963,3,WAR,2024-11-28,149,1
GRN-2024-02299,1,PO-2024-00963,4,WAR,2024-11-28,46,0
GRN-2024-02300,1,PO-2024-00965,1,BRS,2024-11-28,66,0
GRN-2024-02301,1,PO-2024-00741,1,WAR,2024-11-29,42,0
GRN-2024-02302,1,PO-2024-00741,2,WAR,2024-11-29,460,8
GRN-2024-02303,1,PO-2024-00745,1,LIV,2024-11-29,42,0
GRN-2024-02304,1,PO-2024-00900,1,BRS,2024-11-29,17,0
GRN-2024-02305,1,PO-2024-00926,1,BRS,2024-11-29,5,0
GRN-2024-02306,1,PO-2024-00941,2,DAV,2024-11-29,254,0
GRN-2024-02307,1,PO-2024-00960,2,BRS,2024-11-29,56,0
GRN-2024-02308,1,PO-2024-00967,1,LIV,2024-11-29,228,0
GRN-2024-02309,1,PO-2024-00881,1,LIV,2024-12-02,73,0
GRN-2024-02310,1,PO-2024-00932,1,DAV,2024-12-02,25,0
GRN-2024-02311,1,PO-2024-00954,4,LIV,2024-12-02,45,1
GRN-2024-02312,1,PO-2024-00960,1,BRS,2024-12-02,24,0
GRN-2024-02313,1,PO-2024-00976,4,DAV,2024-12-02,53,0
GRN-2024-02314,1,PO-2024-00977,2,DAV,2024-12-02,54,0
GRN-2024-02315,1,PO-2024-00754,3,DAV,2024-12-03,90,0
GRN-2024-02316,1,PO-2024-00901,1,DAV,2024-12-03,6,0
GRN-2024-02317,1,PO-2024-00913,1,WAR,2024-12-03,20,0
GRN-2024-02318,1,PO-2024-00913,2,WAR,2024-12-03,37,0
GRN-2024-02319,1,PO-2024-00913,3,WAR,2024-12-03,13,0
GRN-2024-02320,1,PO-2024-00940,1,DAV,2024-12-03,85,0
GRN-2024-02321,1,PO-2024-00940,2,DAV,2024-12-03,9,0
GRN-2024-02322,1,PO-2024-00940,4,DAV,2024-12-03,8,0
GRN-2024-02323,1,PO-2024-00944,1,LIV,2024-12-03,14,0
GRN-2024-02324,1,PO-2024-00954,4,LIV,2024-12-03,16,0
GRN-2024-02325,1,PO-2024-00975,1,WAR,2024-12-03,156,0
GRN-2024-02326,1,PO-2024-00702,1,DAV,2024-12-04,191,7
GRN-2024-02327,1,PO-2024-00752,1,DAV,2024-12-04,24,0
GRN-2024-02328,1,PO-2024-00754,1,DAV,2024-12-04,82,2
GRN-2024-02329,1,PO-2024-00754,2,DAV,2024-12-04,127,5
GRN-2024-02330,1,PO-2024-00758,2,LIV,2024-12-04,128,4
GRN-2024-02331,1,PO-2024-00758,3,LIV,2024-12-04,1620,46
GRN-2024-02332,1,PO-2024-00909,1,DAV,2024-12-04,49,1
GRN-2024-02333,1,PO-2024-00910,1,DAV,2024-12-04,49,0
GRN-2024-02334,1,PO-2024-00933,1,WAR,2024-12-04,9,0
GRN-2024-02335,1,PO-2024-00976,1,DAV,2024-12-04,2,0
GRN-2024-02336,1,PO-2024-00976,2,DAV,2024-12-04,5,0
GRN-2024-02337,1,PO-2024-00976,3,DAV,2024-12-04,180,0
GRN-2024-02338,1,PO-2024-00977,1,DAV,2024-12-04,8,0
GRN-2024-02339,1,PO-2024-00977,3,DAV,2024-12-04,5,0
GRN-2024-02340,1,PO-2024-00654,1,DAV,2024-12-05,838,20
GRN-2024-02341,1,PO-2024-00762,1,DAV,2024-12-05,49,0
GRN-2024-02342,1,PO-2024-00762,2,DAV,2024-12-05,28,0
GRN-2024-02343,1,PO-2024-00762,3,DAV,2024-12-05,19,1
GRN-2024-02344,1,PO-2024-00762,4,DAV,2024-12-05,45,0
GRN-2024-02345,1,PO-2024-00814,1,BRS,2024-12-05,47,1
GRN-2024-02346,1,PO-2024-00913,4,WAR,2024-12-05,373,5
GRN-2024-02347,1,PO-2024-00932,1,DAV,2024-12-05,10,0
GRN-2024-02348,1,PO-2024-00939,2,DAV,2024-12-05,6,0
GRN-2024-02349,1,PO-2024-00940,3,DAV,2024-12-05,41,1
GRN-2024-02350,1,PO-2024-00955,1,DAV,2024-12-05,3,0
GRN-2024-02351,1,PO-2024-00979,1,WAR,2024-12-05,83,0
GRN-2024-02352,1,PO-2024-00982,1,BRS,2024-12-05,36,0
GRN-2024-02353,1,PO-2024-00983,1,WAR,2024-12-05,46,1
GRN-2024-02354,1,PO-2024-00984,1,BRS,2024-12-05,24,0
GRN-2024-02355,1,PO-2024-00774,1,BRS,2024-12-06,82,2
GRN-2024-02356,1,PO-2024-00920,2,DAV,2024-12-06,11,0
GRN-2024-02357,1,PO-2024-00959,2,DAV,2024-12-06,105,0
GRN-2024-02358,1,PO-2024-00985,1,LIV,2024-12-06,190,0
GRN-2024-02359,1,PO-2024-00989,3,BRS,2024-12-06,54,0
GRN-2024-02360,1,PO-2024-00814,2,BRS,2024-12-09,136,2
GRN-2024-02361,1,PO-2024-00955,2,DAV,2024-12-09,46,0
GRN-2024-02362,1,PO-2024-00955,3,DAV,2024-12-09,60,0
GRN-2024-02363,1,PO-2024-00956,1,DAV,2024-12-09,6,0
GRN-2024-02364,1,PO-2024-00959,1,DAV,2024-12-09,178,2
GRN-2024-02365,1,PO-2024-00964,1,BRS,2024-12-09,9,0
GRN-2024-02366,1,PO-2024-00979,2,WAR,2024-12-09,125,0
GRN-2024-02367,1,PO-2024-00988,1,DAV,2024-12-09,71,0
GRN-2024-02368,1,PO-2024-00988,2,DAV,2024-12-09,378,0
GRN-2024-02369,1,PO-2024-00988,3,DAV,2024-12-09,198,0
GRN-2024-02370,1,PO-2024-00988,4,DAV,2024-12-09,42,2
GRN-2024-02371,1,PO-2024-00989,1,BRS,2024-12-09,36,0
GRN-2024-02372,1,PO-2024-00936,1,BRS,2024-12-10,17,0
GRN-2024-02373,1,PO-2024-00955,1,DAV,2024-12-10,3,0
GRN-2024-02374,1,PO-2024-00961,1,DAV,2024-12-10,5,0
GRN-2024-02375,1,PO-2024-00962,1,WAR,2024-12-10,75,0
GRN-2024-02376,1,PO-2024-00979,1,WAR,2024-12-10,47,0
GRN-2024-02377,1,PO-2024-00994,1,DAV,2024-12-10,37,0
GRN-2024-02378,1,PO-2024-00994,2,DAV,2024-12-10,364,0
GRN-2024-02379,1,PO-2024-00995,1,BRS,2024-12-10,6,0
GRN-2024-02380,1,PO-2024-00928,2,DAV,2024-12-11,23,0
GRN-2024-02381,1,PO-2024-00945,1,DAV,2024-12-11,25,0
GRN-2024-02382,1,PO-2024-00966,1,DAV,2024-12-11,54,0
GRN-2024-02383,1,PO-2024-00966,2,DAV,2024-12-11,9,0
GRN-2024-02384,1,PO-2024-00969,1,DAV,2024-12-11,374,4
GRN-2024-02385,1,PO-2024-00971,1,WAR,2024-12-11,17,2
GRN-2024-02386,1,PO-2024-00998,1,DAV,2024-12-11,6,0
GRN-2024-02387,1,PO-2024-00998,2,DAV,2024-12-11,54,0
GRN-2024-02388,1,PO-2024-00998,3,DAV,2024-12-11,290,0
GRN-2024-02389,1,PO-2024-00998,4,DAV,2024-12-11,10,0
GRN-2024-02390,1,PO-2024-00999,1,DAV,2024-12-11,7,0
GRN-2024-02391,1,PO-2024-00999,2,DAV,2024-12-11,15,0
GRN-2024-02392,1,PO-2024-00999,3,DAV,2024-12-11,4,0
GRN-2024-02393,1,PO-2024-01001,1,WAR,2024-12-11,600,0
GRN-2024-02394,1,PO-2024-01001,2,WAR,2024-12-11,19,0
GRN-2024-02395,1,PO-2024-01001,3,WAR,2024-12-11,19,0
GRN-2024-02396,1,PO-2024-01002,1,BRS,2024-12-11,24,0
GRN-2024-02397,1,PO-2024-01002,2,BRS,2024-12-11,41,0
GRN-2024-02398,1,PO-2024-00831,2,DAV,2024-12-12,16,1
GRN-2024-02399,1,PO-2024-00904,2,BRS,2024-12-12,30,0
GRN-2024-02400,1,PO-2024-00972,2,BRS,2024-12-12,15,0
GRN-2024-02401,1,PO-2024-00978,3,DAV,2024-12-12,3,0
GRN-2024-02402,1,PO-2024-00989,2,BRS,2024-12-12,148,2
GRN-2024-02403,1,PO-2024-00997,2,BRS,2024-12-12,74,1
GRN-2024-02404,1,PO-2024-01004,1,DAV,2024-12-12,4,0
GRN-2024-02405,1,PO-2024-01006,1,DAV,2024-12-12,18,0
GRN-2024-02406,1,PO-2024-01007,1,WAR,2024-12-12,8,0
GRN-2024-02407,1,PO-2024-01007,2,WAR,2024-12-12,45,0
GRN-2024-02408,1,PO-2024-01007,3,WAR,2024-12-12,10,0
GRN-2024-02409,1,PO-2024-01010,3,DAV,2024-12-12,7,0
GRN-2024-02410,1,PO-2024-00641,1,BRS,2024-12-13,375,3
GRN-2024-02411,1,PO-2024-00781,1,WAR,2024-12-13,64,2
GRN-2024-02412,1,PO-2024-00987,1,DAV,2024-12-13,7,0
GRN-2024-02413,1,PO-2024-00987,2,DAV,2024-12-13,9,0
GRN-2024-02414,1,PO-2024-00999,4,DAV,2024-12-13,504,0
GRN-2024-02415,1,PO-2024-01008,1,DAV,2024-12-13,6,0
GRN-2024-02416,1,PO-2024-01008,2,DAV,2024-12-13,18,0
GRN-2024-02417,1,PO-2024-01008,3,DAV,2024-12-13,11,0
GRN-2024-02418,1,PO-2024-01009,1,DAV,2024-12-13,54,0
GRN-2024-02419,1,PO-2024-01010,1,DAV,2024-12-13,17,0
GRN-2024-02420,1,PO-2024-01010,2,DAV,2024-12-13,7,0
GRN-2024-02421,1,PO-2024-00791,1,BRS,2024-12-16,270,3
GRN-2024-02422,1,PO-2024-00976,1,DAV,2024-12-16,3,0
GRN-2024-02423,1,PO-2024-01001,3,WAR,2024-12-16,9,0
GRN-2024-02424,1,PO-2024-01011,1,DAV,2024-12-16,54,0
GRN-2024-02425,1,PO-2024-01011,2,DAV,2024-12-16,115,1
GRN-2024-02426,1,PO-2024-01011,3,DAV,2024-12-16,5,0
GRN-2024-02427,1,PO-2024-01011,4,DAV,2024-12-16,8,0
GRN-2024-02428,1,PO-2024-01014,2,DAV,2024-12-16,8,0
GRN-2024-02429,1,PO-2024-00801,1,DAV,2024-12-17,128,3
GRN-2024-02430,1,PO-2024-00820,1,DAV,2024-12-17,196,2
GRN-2024-02431,1,PO-2024-00944,1,LIV,2024-12-17,6,0
GRN-2024-02432,1,PO-2024-00978,2,DAV,2024-12-17,24,0
GRN-2024-02433,1,PO-2024-00978,3,DAV,2024-12-17,2,0
GRN-2024-02434,1,PO-2024-00980,1,WAR,2024-12-17,52,0
GRN-2024-02435,1,PO-2024-00997,3,BRS,2024-12-17,10,0
GRN-2024-02436,1,PO-2024-01014,1,DAV,2024-12-17,15,0
GRN-2024-02437,1,PO-2024-01014,3,DAV,2024-12-17,54,0
GRN-2024-02438,1,PO-2024-01015,1,BRS,2024-12-17,13,0
GRN-2024-02439,1,PO-2024-01015,2,BRS,2024-12-17,18,0
GRN-2024-02440,1,PO-2024-00801,2,DAV,2024-12-18,96,7
GRN-2024-02441,1,PO-2024-00801,3,DAV,2024-12-18,156,4
GRN-2024-02442,1,PO-2024-00801,4,DAV,2024-12-18,72,0
GRN-2024-02443,1,PO-2024-00892,2,DAV,2024-12-18,99,3
GRN-2024-02444,1,PO-2024-00795,2,BRS,2024-12-19,29,1
GRN-2024-02445,1,PO-2024-00807,1,WAR,2024-12-19,373,5
GRN-2024-02446,1,PO-2024-00807,2,WAR,2024-12-19,320,9
GRN-2024-02447,1,PO-2024-00809,1,BRS,2024-12-19,24,0
GRN-2024-02448,1,PO-2024-00809,2,BRS,2024-12-19,2075,43
GRN-2024-02449,1,PO-2024-00913,3,WAR,2024-12-19,11,0
GRN-2024-02450,1,PO-2024-00952,2,WAR,2024-12-19,12,0
GRN-2024-02451,1,PO-2024-00977,2,DAV,2024-12-19,27,0
GRN-2024-02452,1,PO-2024-00986,1,DAV,2024-12-19,15,0
GRN-2024-02453,1,PO-2024-00993,2,DAV,2024-12-19,35,0
GRN-2024-02454,1,PO-2024-01002,2,BRS,2024-12-19,15,0
GRN-2024-02455,1,PO-2024-01017,1,DAV,2024-12-19,5,0
GRN-2024-02456,1,PO-2024-01017,2,DAV,2024-12-19,54,0
GRN-2024-02457,1,PO-2024-01017,3,DAV,2024-12-19,36,0
GRN-2024-02458,1,PO-2024-01017,4,DAV,2024-12-19,5,0
GRN-2024-02459,1,PO-2024-00802,1,BRS,2024-12-20,850,20
GRN-2024-02460,1,PO-2024-00933,1,WAR,2024-12-20,5,0
GRN-2024-02461,1,PO-2024-00971,2,WAR,2024-12-20,11,0
GRN-2024-02462,1,PO-2024-00972,1,BRS,2024-12-20,15,0
GRN-2024-02463,1,PO-2024-00991,1,DAV,2024-12-20,8,0
GRN-2024-02464,1,PO-2024-00991,2,DAV,2024-12-20,110,2
GRN-2024-02465,1,PO-2024-00991,3,DAV,2024-12-20,403,3
GRN-2024-02466,1,PO-2024-00991,4,DAV,2024-12-20,670,2
GRN-2024-02467,1,PO-2024-00993,1,DAV,2024-12-20,12,0
GRN-2024-02468,1,PO-2024-00997,1,BRS,2024-12-20,5,0
GRN-2024-02469,1,PO-2024-01020,1,DAV,2024-12-20,29,0
GRN-2024-02470,1,PO-2024-01020,2,DAV,2024-12-20,36,0
GRN-2024-02471,1,PO-2024-01020,3,DAV,2024-12-20,5,0
GRN-2024-02472,1,PO-2024-01022,1,BRS,2024-12-20,33,0
GRN-2024-02473,1,PO-2024-00801,2,DAV,2024-12-23,41,0
GRN-2024-02474,1,PO-2024-00974,1,WAR,2024-12-23,36,2
GRN-2024-02475,1,PO-2024-01010,1,DAV,2024-12-23,8,0
GRN-2024-02476,1,PO-2024-01010,2,DAV,2024-12-23,5,0
GRN-2024-02477,1,PO-2024-01012,1,WAR,2024-12-23,155,1
GRN-2024-02478,1,PO-2024-01026,2,DAV,2024-12-23,6,0
GRN-2024-02479,1,PO-2024-00997,2,BRS,2024-12-24,23,0
GRN-2024-02480,1,PO-2024-01003,1,DAV,2024-12-24,8,1
GRN-2024-02481,1,PO-2024-00801,1,DAV,2024-12-27,104,3
GRN-2024-02482,1,PO-2024-00971,2,WAR,2024-12-27,9,0
GRN-2024-02483,1,PO-2024-00988,2,DAV,2024-12-27,132,0
GRN-2024-02484,1,PO-2024-01031,1,DAV,2024-12-27,52,0
GRN-2024-02485,1,PO-2024-01033,1,WAR,2024-12-27,104,0
GRN-2024-02486,1,PO-2024-01033,2,WAR,2024-12-27,171,0
GRN-2024-02487,1,PO-2024-01035,1,WAR,2024-12-27,40,0
GRN-2024-02488,1,PO-2024-01035,2,WAR,2024-12-27,119,1
GRN-2024-02489,1,PO-2024-01035,3,WAR,2024-12-27,42,0
GRN-2024-02490,1,PO-2024-01036,1,BRS,2024-12-27,6,0
GRN-2024-02491,1,PO-2024-01037,1,BRS,2024-12-27,180,0
GRN-2024-02492,1,PO-2024-01038,1,BRS,2024-12-27,150,0
GRN-2024-02493,1,PO-2024-01038,2,BRS,2024-12-27,150,0
GRN-2024-02494,1,PO-2024-00762,4,DAV,2024-12-30,32,0
GRN-2024-02495,1,PO-2024-00802,2,BRS,2024-12-30,145,2
GRN-2024-02496,1,PO-2024-00807,2,WAR,2024-12-30,175,6
GRN-2024-02497,1,PO-2024-00978,1,DAV,2024-12-30,209,1
GRN-2024-02498,1,PO-2024-01016,2,WAR,2024-12-30,91,0
GRN-2024-02499,1,PO-2024-01026,1,DAV,2024-12-30,6,0
GRN-2024-02500,1,PO-2024-00990,1,LIV,2024-12-31,30,1
GRN-2024-02501,1,PO-2024-01013,1,DAV,2024-12-31,6,0
GRN-2024-02502,1,PO-2024-01016,1,WAR,2024-12-31,182,0
GRN-2024-02503,1,PO-2024-01043,3,DAV,2024-12-31,928,2
GRN-2025-02504,1,PO-2024-00945,1,DAV,2025-01-02,17,0
GRN-2025-02505,1,PO-2024-00992,1,DAV,2025-01-02,38,0
GRN-2025-02506,1,PO-2024-00992,2,DAV,2025-01-02,24,0
GRN-2025-02507,1,PO-2024-00992,3,DAV,2025-01-02,11,1
GRN-2025-02508,1,PO-2024-00992,4,DAV,2025-01-02,11,0
GRN-2025-02509,1,PO-2024-00996,1,BRS,2025-01-02,17,0
GRN-2025-02510,1,PO-2024-01005,1,DAV,2025-01-02,24,0
GRN-2025-02511,1,PO-2024-01043,1,DAV,2025-01-02,3,0
GRN-2025-02512,1,PO-2024-01043,2,DAV,2025-01-02,54,0
GRN-2025-02513,1,PO-2024-01043,4,DAV,2025-01-02,3,0
GRN-2025-02514,1,PO-2024-01044,3,DAV,2025-01-02,5,0
GRN-2025-02515,1,PO-2024-01045,1,WAR,2025-01-02,43,0
GRN-2025-02516,1,PO-2024-01046,1,WAR,2025-01-02,56,0
GRN-2025-02517,1,PO-2024-01047,1,BRS,2025-01-02,13,0
GRN-2025-02518,1,PO-2024-01055,1,BRS,2025-01-02,33,0
GRN-2025-02519,1,PO-2024-00795,1,BRS,2025-01-03,496,14
GRN-2025-02520,1,PO-2024-00892,3,DAV,2025-01-03,40,2
GRN-2025-02521,1,PO-2024-00920,2,DAV,2025-01-03,4,0
GRN-2025-02522,1,PO-2024-01018,1,BRS,2025-01-03,9,0
GRN-2025-02523,1,PO-2024-01054,1,WAR,2025-01-03,59,0
GRN-2025-02524,1,PO-2024-01054,2,WAR,2025-01-03,16,0
GRN-2025-02525,1,PO-2024-01056,1,BRS,2025-01-03,8,0
GRN-2025-02526,1,PO-2024-00880,3,BRS,2025-01-06,33,3
GRN-2025-02527,1,PO-2024-00894,4,WAR,2025-01-06,88,2
GRN-2025-02528,1,PO-2024-01005,2,DAV,2025-01-06,9,1
GRN-2025-02529,1,PO-2024-01023,1,BRS,2025-01-06,69,3
GRN-2025-02530,1,PO-2024-01029,1,DAV,2025-01-06,8,0
GRN-2025-02531,1,PO-2024-01058,1,DAV,2025-01-06,7,0
GRN-2025-02532,1,PO-2024-01058,2,DAV,2025-01-06,26,0
GRN-2025-02533,1,PO-2024-01058,3,DAV,2025-01-06,8,0
GRN-2025-02534,1,PO-2024-01058,4,DAV,2025-01-06,150,2
GRN-2025-02535,1,PO-2024-00992,1,DAV,2025-01-07,17,0
GRN-2025-02536,1,PO-2024-00999,3,DAV,2025-01-07,4,0
GRN-2025-02537,1,PO-2024-01024,1,DAV,2025-01-07,24,0
GRN-2025-02538,1,PO-2024-01027,2,DAV,2025-01-07,9,0
GRN-2025-02539,1,PO-2024-01061,2,WAR,2025-01-07,6,1
GRN-2025-02540,1,PO-2024-01064,1,WAR,2025-01-07,36,0
GRN-2025-02541,1,PO-2024-01066,2,DAV,2025-01-07,10,0
GRN-2025-02542,1,PO-2024-00848,1,DAV,2025-01-08,9,0
GRN-2025-02543,1,PO-2024-00848,2,DAV,2025-01-08,110,2
GRN-2025-02544,1,PO-2024-00848,3,DAV,2025-01-08,657,11
GRN-2025-02545,1,PO-2024-00853,1,WAR,2025-01-08,178,1
GRN-2025-02546,1,PO-2024-00855,1,BRS,2025-01-08,74,4
GRN-2025-02547,1,PO-2024-00855,2,BRS,2025-01-08,142,2
GRN-2025-02548,1,PO-2024-00855,3,BRS,2025-01-08,220,4
GRN-2025-02549,1,PO-2024-00855,4,BRS,2025-01-08,341,7
GRN-2025-02550,1,PO-2024-00891,1,DAV,2025-01-08,41,1
GRN-2025-02551,1,PO-2024-01027,1,DAV,2025-01-08,68,0
GRN-2025-02552,1,PO-2024-01049,1,LIV,2025-01-08,266,0
GRN-2025-02553,1,PO-2024-01066,1,DAV,2025-01-08,5,0
GRN-2025-02554,1,PO-2024-01067,1,DAV,2025-01-08,21,0
GRN-2025-02555,1,PO-2024-01067,2,DAV,2025-01-08,168,0
GRN-2025-02556,1,PO-2024-01067,3,DAV,2025-01-08,6,0
GRN-2025-02557,1,PO-2024-01034,1,WAR,2025-01-09,38,0
GRN-2025-02558,1,PO-2024-01034,2,WAR,2025-01-09,103,1
GRN-2025-02559,1,PO-2024-01041,1,WAR,2025-01-09,29,0
GRN-2025-02560,1,PO-2024-01068,1,DAV,2025-01-09,465,0
GRN-2025-02561,1,PO-2024-01068,2,DAV,2025-01-09,36,0
GRN-2025-02562,1,PO-2024-01070,1,LIV,2025-01-09,228,0
GRN-2025-02563,1,PO-2024-01040,1,WAR,2025-01-10,103,1
GRN-2025-02564,1,PO-2024-01040,2,WAR,2025-01-10,6,0
GRN-2025-02565,1,PO-2024-01040,3,WAR,2025-01-10,36,0
GRN-2025-02566,1,PO-2024-01051,1,DAV,2025-01-10,8,0
GRN-2025-02567,1,PO-2024-01058,3,DAV,2025-01-10,3,0
GRN-2025-02568,1,PO-2024-01061,1,WAR,2025-01-10,74,1
GRN-2025-02569,1,PO-2024-01066,3,DAV,2025-01-10,145,0
GRN-2025-02570,1,PO-2024-01066,4,DAV,2025-01-10,3,0
GRN-2025-02571,1,PO-2025-01078,3,WAR,2025-01-10,60,0
GRN-2025-02572,1,PO-2024-00990,1,LIV,2025-01-13,24,0
GRN-2025-02573,1,PO-2024-01029,2,DAV,2025-01-13,54,0
GRN-2025-02574,1,PO-2024-01044,2,DAV,2025-01-13,89,1
GRN-2025-02575,1,PO-2025-01075,2,DAV,2025-01-13,247,1
GRN-2025-02576,1,PO-2025-01075,3,DAV,2025-01-13,51,0
GRN-2025-02577,1,PO-2025-01075,4,DAV,2025-01-13,76,0
GRN-2025-02578,1,PO-2025-01078,1,WAR,2025-01-13,152,0
GRN-2025-02579,1,PO-2025-01078,4,WAR,2025-01-13,40,0
GRN-2025-02580,1,PO-2024-00880,1,BRS,2025-01-14,334,8
GRN-2025-02581,1,PO-2024-00880,2,BRS,2025-01-14,176,6
GRN-2025-02582,1,PO-2024-01021,1,WAR,2025-01-14,19,0
GRN-2025-02583,1,PO-2024-01021,2,WAR,2025-01-14,227,1
GRN-2025-02584,1,PO-2024-01042,1,DAV,2025-01-14,15,0
GRN-2025-02585,1,PO-2024-01044,1,DAV,2025-01-14,8,0
GRN-2025-02586,1,PO-2024-01044,4,DAV,2025-01-14,4,0
GRN-2025-02587,1,PO-2024-01048,1,LIV,2025-01-14,20,0
GRN-2025-02588,1,PO-2025-01071,1,DAV,2025-01-14,5,0
GRN-2025-02589,1,PO-2025-01080,1,DAV,2025-01-14,18,0
GRN-2025-02590,1,PO-2025-01080,2,DAV,2025-01-14,21,0
GRN-2025-02591,1,PO-2025-01080,3,DAV,2025-01-14,6,0
GRN-2025-02592,1,PO-2025-01080,4,DAV,2025-01-14,24,0
GRN-2025-02593,1,PO-2025-01081,1,WAR,2025-01-14,404,1
GRN-2025-02594,1,PO-2025-01081,2,WAR,2025-01-14,55,0
GRN-2025-02595,1,PO-2025-01082,1,BRS,2025-01-14,54,1
GRN-2025-02596,1,PO-2025-01082,2,BRS,2025-01-14,36,0
GRN-2025-02597,1,PO-2025-01082,3,BRS,2025-01-14,5,0
GRN-2025-02598,1,PO-2025-01085,1,BRS,2025-01-14,150,0
GRN-2025-02599,1,PO-2024-00848,3,DAV,2025-01-15,189,1
GRN-2025-02600,1,PO-2024-01051,2,DAV,2025-01-15,5,0
GRN-2025-02601,1,PO-2024-01051,3,DAV,2025-01-15,112,0
GRN-2025-02602,1,PO-2024-01057,1,BRS,2025-01-15,12,0
GRN-2025-02603,1,PO-2025-01075,1,DAV,2025-01-15,38,0
GRN-2025-02604,1,PO-2025-01078,2,WAR,2025-01-15,804,2
GRN-2025-02605,1,PO-2025-01086,1,DAV,2025-01-15,36,0
GRN-2025-02606,1,PO-2025-01086,2,DAV,2025-01-15,1983,1
GRN-2025-02607,1,PO-2024-00889,1,WAR,2025-01-16,4941,120
GRN-2025-02608,1,PO-2025-01089,1,DAV,2025-01-16,304,1
GRN-2025-02609,1,PO-2025-01090,1,DAV,2025-01-16,17,0
GRN-2025-02610,1,PO-2025-01090,2,DAV,2025-01-16,8,0
GRN-2025-02611,1,PO-2025-01090,3,DAV,2025-01-16,3,0
GRN-2025-02612,1,PO-2025-01090,4,DAV,2025-01-16,28,1
GRN-2025-02613,1,PO-2025-01092,1,BRS,2025-01-16,288,0
GRN-2025-02614,1,PO-2024-00891,2,DAV,2025-01-17,455,13
GRN-2025-02615,1,PO-2024-00892,1,DAV,2025-01-17,303,5
GRN-2025-02616,1,PO-2024-00893,1,DAV,2025-01-17,70,2
GRN-2025-02617,1,PO-2024-00893,2,DAV,2025-01-17,89,1
GRN-2025-02618,1,PO-2024-00893,3,DAV,2025-01-17,355,9
GRN-2025-02619,1,PO-2024-00893,4,DAV,2025-01-17,9,0
GRN-2025-02620,1,PO-2024-00894,1,WAR,2025-01-17,356,8
GRN-2025-02621,1,PO-2024-00894,2,WAR,2025-01-17,220,4
GRN-2025-02622,1,PO-2024-00894,3,WAR,2025-01-17,81,3
GRN-2025-02623,1,PO-2024-01030,1,DAV,2025-01-17,15,0
GRN-2025-02624,1,PO-2024-01062,1,DAV,2025-01-17,6,0
GRN-2025-02625,1,PO-2024-01062,2,DAV,2025-01-17,24,0
GRN-2025-02626,1,PO-2025-01106,2,DAV,2025-01-17,6,0
GRN-2025-02627,1,PO-2024-01051,4,DAV,2025-01-20,7,0
GRN-2025-02628,1,PO-2024-01065,1,DAV,2025-01-20,3,0
GRN-2025-02629,1,PO-2024-01065,2,DAV,2025-01-20,6,0
GRN-2025-02630,1,PO-2025-01094,1,LIV,2025-01-20,32,0
GRN-2025-02631,1,PO-2025-01094,2,LIV,2025-01-20,52,0
GRN-2025-02632,1,PO-2025-01094,3,LIV,2025-01-20,611,1
GRN-2025-02633,1,PO-2025-01096,1,WAR,2025-01-20,337,1
GRN-2025-02634,1,PO-2025-01096,2,WAR,2025-01-20,156,0
GRN-2025-02635,1,PO-2025-01097,1,WAR,2025-01-20,149,1
GRN-2025-02636,1,PO-2025-01097,2,WAR,2025-01-20,25,0
GRN-2025-02637,1,PO-2025-01097,3,WAR,2025-01-20,258,2
GRN-2025-02638,1,PO-2025-01098,1,DAV,2025-01-20,8,0
GRN-2025-02639,1,PO-2024-01060,4,DAV,2025-01-21,24,0
GRN-2025-02640,1,PO-2025-01098,2,DAV,2025-01-21,363,1
GRN-2025-02641,1,PO-2025-01098,3,DAV,2025-01-21,112,0
GRN-2025-02642,1,PO-2025-01101,1,DAV,2025-01-21,81,0
GRN-2025-02643,1,PO-2024-00895,1,BRS,2025-01-22,23,1
GRN-2025-02644,1,PO-2024-00905,1,LIV,2025-01-22,66,0
GRN-2025-02645,1,PO-2024-00992,4,DAV,2025-01-22,6,0
GRN-2025-02646,1,PO-2024-01005,2,DAV,2025-01-22,5,0
GRN-2025-02647,1,PO-2024-01021,2,WAR,2025-01-22,149,1
GRN-2025-02648,1,PO-2025-01072,1,DAV,2025-01-22,179,1
GRN-2025-02649,1,PO-2025-01073,1,WAR,2025-01-22,13,1
GRN-2025-02650,1,PO-2025-01106,1,DAV,2025-01-22,41,0
GRN-2025-02651,1,PO-2025-01106,3,DAV,2025-01-22,180,0
GRN-2025-02652,1,PO-2025-01108,2,BRS,2025-01-22,5,0
GRN-2025-02653,1,PO-2025-01108,3,BRS,2025-01-22,150,0
GRN-2025-02654,1,PO-2024-00784,1,DAV,2025-01-23,4,0
GRN-2025-02655,1,PO-2024-01044,1,DAV,2025-01-23,4,0
GRN-2025-02656,1,PO-2024-01060,1,DAV,2025-01-23,13,0
GRN-2025-02657,1,PO-2024-01060,2,DAV,2025-01-23,43,0
GRN-2025-02658,1,PO-2025-01074,1,DAV,2025-01-23,7,0
GRN-2025-02659,1,PO-2025-01076,1,DAV,2025-01-23,24,0
GRN-2025-02660,1,PO-2025-01099,1,DAV,2025-01-23,10,0
GRN-2025-02661,1,PO-2025-01112,2,DAV,2025-01-23,22,0
GRN-2025-02662,1,PO-2025-01113,1,BRS,2025-01-23,150,0
GRN-2025-02663,1,PO-2024-00927,1,LIV,2025-01-24,82,2
GRN-2025-02664,1,PO-2024-00992,3,DAV,2025-01-24,9,0
GRN-2025-02665,1,PO-2024-01060,3,DAV,2025-01-24,22,0
GRN-2025-02666,1,PO-2025-01089,1,DAV,2025-01-24,197,2
GRN-2025-02667,1,PO-2025-01106,4,DAV,2025-01-24,54,0
GRN-2025-02668,1,PO-2025-01108,1,BRS,2025-01-24,13,0
GRN-2025-02669,1,PO-2025-01115,1,DAV,2025-01-24,3,0
GRN-2025-02670,1,PO-2025-01115,2,DAV,2025-01-24,155,0
GRN-2025-02671,1,PO-2024-01044,4,DAV,2025-01-27,2,0
GRN-2025-02672,1,PO-2025-01106,1,DAV,2025-01-27,28,2
GRN-2025-02673,1,PO-2024-00923,1,LIV,2025-01-28,366,12
GRN-2025-02674,1,PO-2024-00924,1,LIV,2025-01-28,27,1
GRN-2025-02675,1,PO-2024-00927,3,LIV,2025-01-28,2073,45
GRN-2025-02676,1,PO-2024-01066,2,DAV,2025-01-28,7,0
GRN-2025-02677,1,PO-2025-01091,1,DAV,2025-01-28,85,0
GRN-2025-02678,1,PO-2025-01091,2,DAV,2025-01-28,209,1
GRN-2025-02679,1,PO-2025-01091,3,DAV,2025-01-28,8,0
GRN-2025-02680,1,PO-2025-01095,1,DAV,2025-01-28,5,0
GRN-2025-02681,1,PO-2025-01095,2,DAV,2025-01-28,3,0
GRN-2025-02682,1,PO-2025-01102,3,WAR,2025-01-28,60,0
GRN-2025-02683,1,PO-2025-01105,1,DAV,2025-01-28,23,0
GRN-2025-02684,1,PO-2025-01119,1,DAV,2025-01-28,116,0
GRN-2025-02685,1,PO-2025-01123,1,LIV,2025-01-28,202,2
GRN-2025-02686,1,PO-2024-00927,2,LIV,2025-01-29,236,2
GRN-2025-02687,1,PO-2024-00968,1,DAV,2025-01-29,65,1
GRN-2025-02688,1,PO-2024-01061,3,WAR,2025-01-29,22,0
GRN-2025-02689,1,PO-2024-01066,4,DAV,2025-01-29,2,0
GRN-2025-02690,1,PO-2024-01069,1,BRS,2025-01-29,15,0
GRN-2025-02691,1,PO-2024-01069,2,BRS,2025-01-29,15,2
GRN-2025-02692,1,PO-2025-01093,1,BRS,2025-01-29,9,0
GRN-2025-02693,1,PO-2025-01112,1,DAV,2025-01-29,3,0
GRN-2025-02694,1,PO-2025-01125,1,DAV,2025-01-29,10,0
GRN-2025-02695,1,PO-2025-01125,2,DAV,2025-01-29,6,0
GRN-2025-02696,1,PO-2025-01125,3,DAV,2025-01-29,3,0
GRN-2025-02697,1,PO-2025-01125,4,DAV,2025-01-29,53,0
GRN-2025-02698,1,PO-2025-01128,1,DAV,2025-01-29,62,0
GRN-2025-02699,1,PO-2025-01128,2,DAV,2025-01-29,14,1
GRN-2025-02700,1,PO-2025-01130,1,WAR,2025-01-29,21,0
GRN-2025-02701,1,PO-2025-01130,2,WAR,2025-01-29,206,2
GRN-2025-02702,1,PO-2025-01130,3,WAR,2025-01-29,37,0
GRN-2025-02703,1,PO-2025-01131,1,BRS,2025-01-29,35,0
GRN-2025-02704,1,PO-2024-00938,1,LIV,2025-01-30,855,15
GRN-2025-02705,1,PO-2024-00938,3,LIV,2025-01-30,260,4
GRN-2025-02706,1,PO-2025-01112,3,DAV,2025-01-30,12,0
GRN-2025-02707,1,PO-2025-01121,1,WAR,2025-01-30,150,0
GRN-2025-02708,1,PO-2025-01135,1,BRS,2025-01-30,18,0
GRN-2025-02709,1,PO-2025-01136,1,LIV,2025-01-30,26,0
GRN-2025-02710,1,PO-2025-01136,2,LIV,2025-01-30,369,1
GRN-2025-02711,1,PO-2024-00853,1,WAR,2025-01-31,128,1
GRN-2025-02712,1,PO-2025-01077,1,WAR,2025-01-31,11,0
GRN-2025-02713,1,PO-2025-01102,1,WAR,2025-01-31,7,0
GRN-2025-02714,1,PO-2025-01102,2,WAR,2025-01-31,181,1
GRN-2025-02715,1,PO-2025-01103,1,BRS,2025-01-31,98,0
GRN-2025-02716,1,PO-2025-01103,2,BRS,2025-01-31,5,0
GRN-2025-02717,1,PO-2025-01139,1,WAR,2025-01-31,54,0
GRN-2025-02718,1,PO-2025-01139,2,WAR,2025-01-31,150,0
GRN-2025-02719,1,PO-2025-01140,1,WAR,2025-01-31,36,0
GRN-2025-02720,1,PO-2025-01140,2,WAR,2025-01-31,599,1
GRN-2025-02721,1,PO-2025-01140,3,WAR,2025-01-31,150,0
GRN-2025-02722,1,PO-2025-01140,4,WAR,2025-01-31,13,0
GRN-2025-02723,1,PO-2025-01142,4,DAV,2025-01-31,5,0
GRN-2025-02724,1,PO-2024-00924,2,LIV,2025-02-03,254,4
GRN-2025-02725,1,PO-2025-01083,1,BRS,2025-02-03,17,0
GRN-2025-02726,1,PO-2025-01083,2,BRS,2025-02-03,15,0
GRN-2025-02727,1,PO-2025-01114,2,DAV,2025-02-03,15,0
GRN-2025-02728,1,PO-2025-01136,3,LIV,2025-02-03,27,0
GRN-2025-02729,1,PO-2025-01136,4,LIV,2025-02-03,238,2
GRN-2025-02730,1,PO-2025-01142,1,DAV,2025-02-03,26,0
GRN-2025-02731,1,PO-2025-01142,2,DAV,2025-02-03,507,3
GRN-2025-02732,1,PO-2025-01142,3,DAV,2025-02-03,6,0
GRN-2025-02733,1,PO-2025-01143,1,WAR,2025-02-03,28,0
GRN-2025-02734,1,PO-2025-01144,1,WAR,2025-02-03,45,0
GRN-2025-02735,1,PO-2025-01144,2,WAR,2025-02-03,167,1
GRN-2025-02736,1,PO-2025-01145,1,DAV,2025-02-03,17,0
GRN-2025-02737,1,PO-2025-01146,2,DAV,2025-02-03,7,0
GRN-2025-02738,1,PO-2025-01075,1,DAV,2025-02-04,15,0
GRN-2025-02739,1,PO-2025-01112,2,DAV,2025-02-04,13,0
GRN-2025-02740,1,PO-2025-01132,1,BRS,2025-02-04,56,0
GRN-2025-02741,1,PO-2025-01145,2,DAV,2025-02-04,11,0
GRN-2025-02742,1,PO-2025-01145,3,DAV,2025-02-04,32,0
GRN-2025-02743,1,PO-2025-01145,4,DAV,2025-02-04,52,0
GRN-2025-02744,1,PO-2025-01146,1,DAV,2025-02-04,21,0
GRN-2025-02745,1,PO-2025-01147,1,DAV,2025-02-04,145,0
GRN-2025-02746,1,PO-2025-01147,2,DAV,2025-02-04,4,0
GRN-2025-02747,1,PO-2025-01147,3,DAV,2025-02-04,19,0
GRN-2025-02748,1,PO-2025-01147,4,DAV,2025-02-04,6,0
GRN-2025-02749,1,PO-2025-01148,1,WAR,2025-02-04,125,0
GRN-2025-02750,1,PO-2025-01149,1,WAR,2025-02-04,152,0
GRN-2025-02751,1,PO-2025-01149,2,WAR,2025-02-04,8,0
GRN-2025-02752,1,PO-2025-01150,1,BRS,2025-02-04,36,0
GRN-2025-02753,1,PO-2024-00953,1,WAR,2025-02-05,194,4
GRN-2025-02754,1,PO-2024-01057,1,BRS,2025-02-05,5,0
GRN-2025-02755,1,PO-2025-01100,2,DAV,2025-02-05,15,0
GRN-2025-02756,1,PO-2025-01114,1,DAV,2025-02-05,5,0
GRN-2025-02757,1,PO-2025-01114,3,DAV,2025-02-05,671,1
GRN-2025-02758,1,PO-2025-01153,1,DAV,2025-02-05,54,0
GRN-2025-02759,1,PO-2025-01154,1,WAR,2025-02-05,143,1
GRN-2025-02760,1,PO-2025-01156,1,BRS,2025-02-05,17,0
GRN-2025-02761,1,PO-2025-01162,2,BRS,2025-02-05,152,0
GRN-2025-02762,1,PO-2025-01178,1,DAV,2025-02-05,12,0
GRN-2025-02763,1,PO-2025-01116,1,WAR,2025-02-06,155,1
GRN-2025-02764,1,PO-2025-01127,1,DAV,2025-02-06,54,0
GRN-2025-02765,1,PO-2025-01134,1,DAV,2025-02-06,9,0
GRN-2025-02766,1,PO-2025-01161,1,BRS,2025-02-06,180,0
GRN-2025-02767,1,PO-2025-01162,1,BRS,2025-02-06,150,0
GRN-2025-02768,1,PO-2025-01164,3,DAV,2025-02-06,151,1
GRN-2025-02769,1,PO-2025-01165,1,BRS,2025-02-06,4,0
GRN-2025-02770,1,PO-2024-01060,1,DAV,2025-02-07,8,0
GRN-2025-02771,1,PO-2025-01105,2,DAV,2025-02-07,15,0
GRN-2025-02772,1,PO-2025-01118,1,DAV,2025-02-07,7,0
GRN-2025-02773,1,PO-2025-01164,1,DAV,2025-02-07,208,0
GRN-2025-02774,1,PO-2025-01164,2,DAV,2025-02-07,49,1
GRN-2025-02775,1,PO-2025-01164,4,DAV,2025-02-07,928,2
GRN-2025-02776,1,PO-2024-00905,2,LIV,2025-02-10,401,7
GRN-2025-02777,1,PO-2025-01099,1,DAV,2025-02-10,5,0
GRN-2025-02778,1,PO-2025-01100,1,DAV,2025-02-10,54,1
GRN-2025-02779,1,PO-2025-01100,3,DAV,2025-02-10,36,1
GRN-2025-02780,1,PO-2025-01100,4,DAV,2025-02-10,410,4
GRN-2025-02781,1,PO-2025-01124,1,DAV,2025-02-10,14,1
GRN-2025-02782,1,PO-2025-01167,1,LIV,2025-02-10,100,0
GRN-2025-02783,1,PO-2025-01170,13,DAV,2025-02-10,41,0
GRN-2025-02784,1,PO-2025-01170,20,DAV,2025-02-10,22,0
GRN-2025-02785,1,PO-2024-00969,2,DAV,2025-02-11,65,1
GRN-2025-02786,1,PO-2024-00970,1,WAR,2025-02-11,144,3
GRN-2025-02787,1,PO-2024-00970,2,WAR,2025-02-11,772,19
GRN-2025-02788,1,PO-2025-01107,1,WAR,2025-02-11,20,0
GRN-2025-02789,1,PO-2025-01107,2,WAR,2025-02-11,14,0
GRN-2025-02790,1,PO-2025-01110,1,BRS,2025-02-11,15,0
GRN-2025-02791,1,PO-2025-01134,2,DAV,2025-02-11,26,0
GRN-2025-02792,1,PO-2025-01165,2,BRS,2025-02-11,288,0
GRN-2025-02793,1,PO-2025-01170,1,DAV,2025-02-11,20,0
GRN-2025-02794,1,PO-2025-01170,2,DAV,2025-02-11,30,1
GRN-2025-02795,1,PO-2025-01170,3,DAV,2025-02-11,9,0
GRN-2025-02796,1,PO-2025-01170,4,DAV,2025-02-11,14,0
GRN-2025-02797,1,PO-2025-01170,5,DAV,2025-02-11,9,0
GRN-2025-02798,1,PO-2025-01170,6,DAV,2025-02-11,12,0
GRN-2025-02799,1,PO-2025-01170,7,DAV,2025-02-11,12,0
GRN-2025-02800,1,PO-2025-01170,8,DAV,2025-02-11,63,0
GRN-2025-02801,1,PO-2025-01170,9,DAV,2025-02-11,22,1
GRN-2025-02802,1,PO-2025-01170,10,DAV,2025-02-11,11,0
GRN-2025-02803,1,PO-2025-01170,11,DAV,2025-02-11,693,3
GRN-2025-02804,1,PO-2025-01170,12,DAV,2025-02-11,522,0
GRN-2025-02805,1,PO-2025-01170,14,DAV,2025-02-11,43,0
GRN-2025-02806,1,PO-2025-01170,15,DAV,2025-02-11,47,0
GRN-2025-02807,1,PO-2025-01170,16,DAV,2025-02-11,152,0
GRN-2025-02808,1,PO-2025-01170,17,DAV,2025-02-11,204,0
GRN-2025-02809,1,PO-2025-01170,18,DAV,2025-02-11,22,0
GRN-2025-02810,1,PO-2025-01170,19,DAV,2025-02-11,19,0
GRN-2025-02811,1,PO-2025-01170,21,DAV,2025-02-11,23,0
GRN-2025-02812,1,PO-2025-01170,22,DAV,2025-02-11,21,0
GRN-2025-02813,1,PO-2025-01170,23,DAV,2025-02-11,24,0
GRN-2025-02814,1,PO-2025-01170,25,DAV,2025-02-11,123,0
GRN-2025-02815,1,PO-2025-01170,26,DAV,2025-02-11,133,0
GRN-2025-02816,1,PO-2025-01170,27,DAV,2025-02-11,68,1
GRN-2025-02817,1,PO-2025-01170,28,DAV,2025-02-11,145,0
GRN-2025-02818,1,PO-2025-01171,1,DAV,2025-02-11,5,0
GRN-2025-02819,1,PO-2025-01171,2,DAV,2025-02-11,7,0
GRN-2025-02820,1,PO-2025-01172,1,WAR,2025-02-11,56,0
GRN-2025-02821,1,PO-2025-01172,2,WAR,2025-02-11,241,0
GRN-2025-02822,1,PO-2025-01172,3,WAR,2025-02-11,148,0
GRN-2025-02823,1,PO-2025-01172,4,WAR,2025-02-11,570,2
GRN-2025-02824,1,PO-2025-01174,1,BRS,2025-02-11,33,0
GRN-2025-02825,1,PO-2025-01174,2,BRS,2025-02-11,25,0
GRN-2025-02826,1,PO-2025-01174,3,BRS,2025-02-11,17,0
GRN-2025-02827,1,PO-2025-01174,4,BRS,2025-02-11,101,0
GRN-2025-02828,1,PO-2025-01175,1,BRS,2025-02-11,59,1
GRN-2025-02829,1,PO-2025-01176,1,LIV,2025-02-11,150,0
GRN-2025-02830,1,PO-2025-01176,2,LIV,2025-02-11,51,0
GRN-2025-02831,1,PO-2025-01176,3,LIV,2025-02-11,966,2
GRN-2025-02832,1,PO-2024-00973,1,WAR,2025-02-12,65,1
GRN-2025-02833,1,PO-2024-00973,2,WAR,2025-02-12,840,18
GRN-2025-02834,1,PO-2025-01095,1,DAV,2025-02-12,5,0
GRN-2025-02835,1,PO-2025-01114,1,DAV,2025-02-12,3,0
GRN-2025-02836,1,PO-2025-01137,1,DAV,2025-02-12,3,0
GRN-2025-02837,1,PO-2025-01179,1,WAR,2025-02-12,64,0
GRN-2025-02838,1,PO-2025-01180,1,BRS,2025-02-12,54,0
GRN-2025-02839,1,PO-2025-01183,1,LIV,2025-02-12,104,0
GRN-2025-02840,1,PO-2025-01183,2,LIV,2025-02-12,128,0
GRN-2025-02841,1,PO-2025-01134,3,DAV,2025-02-13,24,0
GRN-2025-02842,1,PO-2025-01170,24,DAV,2025-02-13,80,1
GRN-2025-02843,1,PO-2025-01174,5,BRS,2025-02-13,57,1
GRN-2025-02844,1,PO-2025-01184,1,DAV,2025-02-13,290,0
GRN-2025-02845,1,PO-2025-01185,1,DAV,2025-02-13,6,0
GRN-2025-02846,1,PO-2025-01186,1,BRS,2025-02-13,125,0
GRN-2025-02847,1,PO-2025-01095,2,DAV,2025-02-14,2,0
GRN-2025-02848,1,PO-2025-01155,1,BRS,2025-02-14,72,0
GRN-2025-02849,1,PO-2025-01168,1,DAV,2025-02-14,6,0
GRN-2025-02850,1,PO-2025-01187,1,DAV,2025-02-14,95,0
GRN-2025-02851,1,PO-2025-01188,1,DAV,2025-02-14,231,1
GRN-2025-02852,1,PO-2025-01189,1,BRS,2025-02-14,185,0
GRN-2025-02853,1,PO-2025-01190,1,DAV,2025-02-14,503,1
GRN-2025-02854,1,PO-2025-01197,2,BRS,2025-02-14,508,0
GRN-2025-02855,1,PO-2025-01120,1,WAR,2025-02-17,38,0
GRN-2025-02856,1,PO-2025-01120,2,WAR,2025-02-17,53,1
GRN-2025-02857,1,PO-2025-01151,1,LIV,2025-02-17,265,1
GRN-2025-02858,1,PO-2025-01155,2,BRS,2025-02-17,41,1
GRN-2025-02859,1,PO-2025-01170,27,DAV,2025-02-17,44,0
GRN-2025-02860,1,PO-2025-01176,4,LIV,2025-02-17,228,0
GRN-2025-02861,1,PO-2025-01176,5,LIV,2025-02-17,208,1
GRN-2025-02862,1,PO-2025-01185,2,DAV,2025-02-17,102,1
GRN-2025-02863,1,PO-2025-01190,2,DAV,2025-02-17,36,0
GRN-2025-02864,1,PO-2025-01190,3,DAV,2025-02-17,21,0
GRN-2025-02865,1,PO-2025-01191,1,DAV,2025-02-17,509,1
GRN-2025-02866,1,PO-2025-01192,1,BRS,2025-02-17,95,0
GRN-2025-02867,1,PO-2025-01193,1,LIV,2025-02-17,205,0
GRN-2025-02868,1,PO-2025-01077,1,WAR,2025-02-18,9,0
GRN-2025-02869,1,PO-2025-01131,1,BRS,2025-02-18,20,0
GRN-2025-02870,1,PO-2025-01157,1,DAV,2025-02-18,7,0
GRN-2025-02871,1,PO-2025-01158,1,WAR,2025-02-18,14,0
GRN-2025-02872,1,PO-2025-01177,3,LIV,2025-02-18,1004,3
GRN-2025-02873,1,PO-2025-01187,2,DAV,2025-02-18,622,2
GRN-2025-02874,1,PO-2025-01194,1,DAV,2025-02-18,11,0
GRN-2025-02875,1,PO-2025-01194,2,DAV,2025-02-18,176,0
GRN-2025-02876,1,PO-2025-01195,1,WAR,2025-02-18,77,0
GRN-2025-02877,1,PO-2025-01197,1,BRS,2025-02-18,169,0
GRN-2025-02878,1,PO-2024-00927,4,LIV,2025-02-19,354,10
GRN-2025-02879,1,PO-2024-01000,1,DAV,2025-02-19,146,1
GRN-2025-02880,1,PO-2024-01039,2,WAR,2025-02-19,89,1
GRN-2025-02881,1,PO-2025-01170,3,DAV,2025-02-19,6,0
GRN-2025-02882,1,PO-2025-01200,1,WAR,2025-02-19,76,0
GRN-2025-02883,1,PO-2025-01201,1,BRS,2025-02-19,33,0
GRN-2025-02884,1,PO-2025-01138,1,DAV,2025-02-20,42,0
GRN-2025-02885,1,PO-2025-01141,1,LIV,2025-02-20,40,1
GRN-2025-02886,1,PO-2025-01159,2,WAR,2025-02-20,52,0
GRN-2025-02887,1,PO-2025-01168,2,DAV,2025-02-20,9,0
GRN-2025-02888,1,PO-2025-01168,3,DAV,2025-02-20,112,0
GRN-2025-02889,1,PO-2025-01168,4,DAV,2025-02-20,42,0
GRN-2025-02890,1,PO-2025-01174,5,BRS,2025-02-20,41,0
GRN-2025-02891,1,PO-2025-01185,2,DAV,2025-02-20,65,0
GRN-2025-02892,1,PO-2025-01202,1,DAV,2025-02-20,20,0
GRN-2025-02893,1,PO-2025-01202,3,DAV,2025-02-20,136,0
GRN-2025-02894,1,PO-2025-01202,4,DAV,2025-02-20,42,0
GRN-2025-02895,1,PO-2025-01202,5,DAV,2025-02-20,462,3
GRN-2025-02896,1,PO-2025-01204,1,DAV,2025-02-20,179,1
GRN-2025-02897,1,PO-2025-01204,2,DAV,2025-02-20,266,0
GRN-2025-02898,1,PO-2025-01207,1,WAR,2025-02-20,130,0
GRN-2025-02899,1,PO-2025-01208,1,BRS,2025-02-20,8,0
GRN-2025-02900,1,PO-2025-01208,2,BRS,2025-02-20,215,1
GRN-2025-02901,1,PO-2025-01210,1,LIV,2025-02-20,601,0
GRN-2025-02902,1,PO-2025-01143,1,WAR,2025-02-21,19,0
GRN-2025-02903,1,PO-2025-01177,1,LIV,2025-02-21,223,5
GRN-2025-02904,1,PO-2025-01177,2,LIV,2025-02-21,73,2
GRN-2025-02905,1,PO-2025-01214,1,DAV,2025-02-21,161,0
GRN-2025-02906,1,PO-2024-00968,2,DAV,2025-02-24,127,3
GRN-2025-02907,1,PO-2024-01000,2,DAV,2025-02-24,779,12
GRN-2025-02908,1,PO-2025-01140,4,WAR,2025-02-24,6,0
GRN-2025-02909,1,PO-2025-01151,2,LIV,2025-02-24,84,1
GRN-2025-02910,1,PO-2025-01170,14,DAV,2025-02-24,16,0
GRN-2025-02911,1,PO-2025-01215,1,WAR,2025-02-24,170,1
GRN-2025-02912,1,PO-2025-01218,1,BRS,2025-02-24,16,0
GRN-2025-02913,1,PO-2025-01219,1,LIV,2025-02-24,189,1
GRN-2025-02914,1,PO-2024-01025,2,LIV,2025-02-25,269,4
GRN-2025-02915,1,PO-2024-01059,1,DAV,2025-02-25,36,0
GRN-2025-02916,1,PO-2025-01152,2,DAV,2025-02-25,21,0
GRN-2025-02917,1,PO-2025-01152,3,DAV,2025-02-25,22,0
GRN-2025-02918,1,PO-2025-01152,4,DAV,2025-02-25,15,0
GRN-2025-02919,1,PO-2025-01202,2,DAV,2025-02-25,19,0
GRN-2025-02920,1,PO-2025-01210,2,LIV,2025-02-25,40,0
GRN-2025-02921,1,PO-2025-01224,1,DAV,2025-02-25,16,0
GRN-2025-02922,1,PO-2025-01226,1,WAR,2025-02-25,564,0
GRN-2025-02923,1,PO-2025-01227,1,LIV,2025-02-25,495,0
GRN-2025-02924,1,PO-2025-01228,1,LIV,2025-02-25,568,2
GRN-2025-02925,1,PO-2025-01234,1,BRS,2025-02-25,439,1
GRN-2025-02926,1,PO-2024-01059,2,DAV,2025-02-26,2044,35
GRN-2025-02927,1,PO-2025-01182,1,BRS,2025-02-26,55,0
GRN-2025-02928,1,PO-2025-01203,3,DAV,2025-02-26,5,0
GRN-2025-02929,1,PO-2025-01232,1,DAV,2025-02-26,44,0
GRN-2025-02930,1,PO-2025-01232,2,DAV,2025-02-26,102,0
GRN-2025-02931,1,PO-2024-01019,2,LIV,2025-02-27,975,15
GRN-2025-02932,1,PO-2024-01039,4,WAR,2025-02-27,57,1
GRN-2025-02933,1,PO-2025-01107,2,WAR,2025-02-27,5,0
GRN-2025-02934,1,PO-2025-01152,1,DAV,2025-02-27,25,0
GRN-2025-02935,1,PO-2025-01181,1,BRS,2025-02-27,14,1
GRN-2025-02936,1,PO-2025-01206,3,DAV,2025-02-27,3,0
GRN-2025-02937,1,PO-2025-01213,2,DAV,2025-02-27,9,0
GRN-2025-02938,1,PO-2025-01237,1,WAR,2025-02-27,61,0
GRN-2025-02939,1,PO-2025-01237,2,WAR,2025-02-27,146,0
GRN-2025-02940,1,PO-2025-01238,1,BRS,2025-02-27,180,0
GRN-2025-02941,1,PO-2024-00968,2,DAV,2025-02-28,36,2
GRN-2025-02942,1,PO-2025-01100,2,DAV,2025-02-28,7,0
GRN-2025-02943,1,PO-2025-01156,1,BRS,2025-02-28,7,0
GRN-2025-02944,1,PO-2025-01165,1,BRS,2025-02-28,4,0
GRN-2025-02945,1,PO-2025-01196,1,BRS,2025-02-28,9,0
GRN-2025-02946,1,PO-2025-01198,1,BRS,2025-02-28,5,0
GRN-2025-02947,1,PO-2025-01239,1,DAV,2025-02-28,121,0
GRN-2025-02948,1,PO-2025-01240,1,WAR,2025-02-28,384,0
GRN-2025-02949,1,PO-2024-01019,1,LIV,2025-03-03,339,9
GRN-2025-02950,1,PO-2025-01141,1,LIV,2025-03-03,14,0
GRN-2025-02951,1,PO-2025-01168,4,DAV,2025-03-03,26,0
GRN-2025-02952,1,PO-2025-01176,1,LIV,2025-03-03,80,0
GRN-2025-02953,1,PO-2025-01232,1,DAV,2025-03-03,14,0
GRN-2025-02954,1,PO-2025-01235,1,LIV,2025-03-03,1068,2
GRN-2025-02955,1,PO-2025-01241,1,BRS,2025-03-03,24,0
GRN-2025-02956,1,PO-2025-01250,2,DAV,2025-03-03,15,0
GRN-2025-02957,1,PO-2024-01053,4,DAV,2025-03-04,35,1
GRN-2025-02958,1,PO-2025-01159,1,WAR,2025-03-04,102,2
GRN-2025-02959,1,PO-2025-01164,2,DAV,2025-03-04,30,0
GRN-2025-02960,1,PO-2025-01181,2,BRS,2025-03-04,14,1
GRN-2025-02961,1,PO-2025-01203,1,DAV,2025-03-04,8,0
GRN-2025-02962,1,PO-2025-01203,2,DAV,2025-03-04,41,1
GRN-2025-02963,1,PO-2025-01203,4,DAV,2025-03-04,5,0
GRN-2025-02964,1,PO-2025-01206,1,DAV,2025-03-04,33,2
GRN-2025-02965,1,PO-2025-01206,2,DAV,2025-03-04,7,0
GRN-2025-02966,1,PO-2025-01210,1,LIV,2025-03-04,215,0
GRN-2025-02967,1,PO-2025-01213,1,DAV,2025-03-04,23,1
GRN-2025-02968,1,PO-2025-01245,1,DAV,2025-03-04,15,0
GRN-2025-02969,1,PO-2025-01245,2,DAV,2025-03-04,62,0
GRN-2025-02970,1,PO-2025-01245,3,DAV,2025-03-04,36,0
GRN-2025-02971,1,PO-2025-01245,4,DAV,2025-03-04,8,0
GRN-2025-02972,1,PO-2025-01246,1,WAR,2025-03-04,847,3
GRN-2025-02973,1,PO-2025-01249,1,DAV,2025-03-04,20,0
GRN-2025-02974,1,PO-2024-01052,3,DAV,2025-03-05,8,0
GRN-2025-02975,1,PO-2025-01088,1,WAR,2025-03-05,27,1
GRN-2025-02976,1,PO-2025-01152,1,DAV,2025-03-05,18,0
GRN-2025-02977,1,PO-2025-01211,1,DAV,2025-03-05,3,0
GRN-2025-02978,1,PO-2025-01211,2,DAV,2025-03-05,8,0
GRN-2025-02979,1,PO-2025-01214,1,DAV,2025-03-05,117,0
GRN-2025-02980,1,PO-2025-01249,2,DAV,2025-03-05,107,1
GRN-2025-02981,1,PO-2025-01249,3,DAV,2025-03-05,175,0
GRN-2025-02982,1,PO-2025-01249,4,DAV,2025-03-05,1324,2
GRN-2025-02983,1,PO-2025-01250,1,DAV,2025-03-05,464,1
GRN-2025-02984,1,PO-2025-01250,3,DAV,2025-03-05,150,0
GRN-2025-02985,1,PO-2025-01250,4,DAV,2025-03-05,3,0
GRN-2025-02986,1,PO-2025-01253,1,BRS,2025-03-05,414,0
GRN-2025-02987,1,PO-2024-01032,1,WAR,2025-03-06,76,3
GRN-2025-02988,1,PO-2024-01039,1,WAR,2025-03-06,1373,27
GRN-2025-02989,1,PO-2024-01053,1,DAV,2025-03-06,344,4
GRN-2025-02990,1,PO-2025-01216,1,WAR,2025-03-06,182,0
GRN-2025-02991,1,PO-2025-01236,1,DAV,2025-03-06,7,0
GRN-2025-02992,1,PO-2025-01254,2,DAV,2025-03-06,7,0
GRN-2025-02993,1,PO-2025-01254,3,DAV,2025-03-06,33,0
GRN-2025-02994,1,PO-2025-01255,1,WAR,2025-03-06,205,0
GRN-2025-02995,1,PO-2024-00938,2,LIV,2025-03-07,131,7
GRN-2025-02996,1,PO-2024-01028,1,WAR,2025-03-07,1117,23
GRN-2025-02997,1,PO-2024-01039,3,WAR,2025-03-07,89,1
GRN-2025-02998,1,PO-2024-01039,4,WAR,2025-03-07,19,0
GRN-2025-02999,1,PO-2025-01202,1,DAV,2025-03-07,12,0
GRN-2025-03000,1,PO-2025-01212,1,DAV,2025-03-07,138,0
GRN-2025-03001,1,PO-2025-01225,1,WAR,2025-03-07,155,1
GRN-2025-03002,1,PO-2025-01233,4,DAV,2025-03-07,669,3
GRN-2025-03003,1,PO-2025-01236,2,DAV,2025-03-07,404,2
GRN-2025-03004,1,PO-2025-01256,1,BRS,2025-03-07,680,0
GRN-2025-03005,1,PO-2025-01257,1,BRS,2025-03-07,56,0
GRN-2025-03006,1,PO-2025-01257,2,BRS,2025-03-07,151,1
GRN-2025-03007,1,PO-2025-01263,1,LIV,2025-03-07,184,0
GRN-2025-03008,1,PO-2024-01025,1,LIV,2025-03-10,617,13
GRN-2025-03009,1,PO-2024-01053,2,DAV,2025-03-10,163,5
GRN-2025-03010,1,PO-2025-01079,2,LIV,2025-03-10,23,0
GRN-2025-03011,1,PO-2025-01173,1,WAR,2025-03-10,7,0
GRN-2025-03012,1,PO-2025-01230,1,DAV,2025-03-10,5,0
GRN-2025-03013,1,PO-2025-01230,2,DAV,2025-03-10,83,2
GRN-2025-03014,1,PO-2025-01231,1,DAV,2025-03-10,54,0
GRN-2025-03015,1,PO-2025-01233,1,DAV,2025-03-10,24,0
GRN-2025-03016,1,PO-2025-01233,2,DAV,2025-03-10,8,0
GRN-2025-03017,1,PO-2025-01233,3,DAV,2025-03-10,110,2
GRN-2025-03018,1,PO-2025-01254,1,DAV,2025-03-10,25,0
GRN-2025-03019,1,PO-2025-01260,1,WAR,2025-03-10,28,0
GRN-2025-03020,1,PO-2025-01260,2,WAR,2025-03-10,597,3
GRN-2025-03021,1,PO-2025-01261,1,WAR,2025-03-10,16,0
GRN-2025-03022,1,PO-2025-01262,1,BRS,2025-03-10,150,0
GRN-2025-03023,1,PO-2025-01263,2,LIV,2025-03-10,40,1
GRN-2025-03024,1,PO-2025-01195,1,WAR,2025-03-11,22,0
GRN-2025-03025,1,PO-2025-01204,2,DAV,2025-03-11,98,0
GRN-2025-03026,1,PO-2025-01221,1,LIV,2025-03-11,143,1
GRN-2025-03027,1,PO-2025-01264,1,WAR,2025-03-11,125,0
GRN-2025-03028,1,PO-2025-01264,2,WAR,2025-03-11,56,0
GRN-2025-03029,1,PO-2025-01270,1,WAR,2025-03-11,76,0
GRN-2025-03030,1,PO-2024-00981,1,BRS,2025-03-12,63,3
GRN-2025-03031,1,PO-2024-01052,1,DAV,2025-03-12,119,1
GRN-2025-03032,1,PO-2024-01052,2,DAV,2025-03-12,398,10
GRN-2025-03033,1,PO-2024-01053,3,DAV,2025-03-12,88,2
GRN-2025-03034,1,PO-2025-01217,1,WAR,2025-03-12,23,1
GRN-2025-03035,1,PO-2025-01251,1,DAV,2025-03-12,41,0
GRN-2025-03036,1,PO-2025-01265,1,DAV,2025-03-12,53,1
GRN-2025-03037,1,PO-2025-01266,1,DAV,2025-03-12,24,0
GRN-2025-03038,1,PO-2025-01270,2,WAR,2025-03-12,69,0
GRN-2025-03039,1,PO-2024-01050,1,LIV,2025-03-13,178,2
GRN-2025-03040,1,PO-2024-01059,3,DAV,2025-03-13,24,0
GRN-2025-03041,1,PO-2024-01059,4,DAV,2025-03-13,11,0
GRN-2025-03042,1,PO-2025-01244,1,LIV,2025-03-13,20,0
GRN-2025-03043,1,PO-2024-01063,1,WAR,2025-03-14,24,0
GRN-2025-03044,1,PO-2025-01217,2,WAR,2025-03-14,14,0
GRN-2025-03045,1,PO-2025-01241,2,BRS,2025-03-14,56,0
GRN-2025-03046,1,PO-2025-01247,1,WAR,2025-03-14,29,0
GRN-2025-03047,1,PO-2025-01272,1,WAR,2025-03-14,55,0
GRN-2025-03048,1,PO-2025-01272,2,WAR,2025-03-14,15,0
GRN-2025-03049,1,PO-2025-01272,3,WAR,2025-03-14,404,1
GRN-2025-03050,1,PO-2025-01079,2,LIV,2025-03-17,7,0
GRN-2025-03051,1,PO-2025-01177,2,LIV,2025-03-17,50,1
GRN-2025-03052,1,PO-2025-01248,1,DAV,2025-03-17,5,0
GRN-2025-03053,1,PO-2025-01251,2,DAV,2025-03-17,3,0
GRN-2025-03054,1,PO-2025-01251,3,DAV,2025-03-17,44,0
GRN-2025-03055,1,PO-2025-01252,1,DAV,2025-03-17,54,0
GRN-2025-03056,1,PO-2025-01252,2,DAV,2025-03-17,7,1
GRN-2025-03057,1,PO-2025-01252,3,DAV,2025-03-17,4,0
GRN-2025-03058,1,PO-2025-01273,1,BRS,2025-03-17,72,0
GRN-2025-03059,1,PO-2025-01274,1,WAR,2025-03-17,200,0
GRN-2025-03060,1,PO-2025-01088,3,WAR,2025-03-18,251,7
GRN-2025-03061,1,PO-2025-01212,1,DAV,2025-03-18,42,0
GRN-2025-03062,1,PO-2025-01217,3,WAR,2025-03-18,375,3
GRN-2025-03063,1,PO-2025-01276,1,DAV,2025-03-18,21,0
GRN-2025-03064,1,PO-2025-01276,2,DAV,2025-03-18,6,0
GRN-2025-03065,1,PO-2025-01276,3,DAV,2025-03-18,24,0
GRN-2025-03066,1,PO-2025-01283,1,BRS,2025-03-19,66,0
GRN-2025-03067,1,PO-2025-01287,3,DAV,2025-03-19,145,0
GRN-2025-03068,1,PO-2025-01104,3,DAV,2025-03-20,268,5
GRN-2025-03069,1,PO-2025-01259,1,DAV,2025-03-20,208,2
GRN-2025-03070,1,PO-2025-01287,1,DAV,2025-03-20,1979,5
GRN-2025-03071,1,PO-2025-01287,2,DAV,2025-03-20,14,0
GRN-2025-03072,1,PO-2025-01288,1,BRS,2025-03-20,13,0
GRN-2025-03073,1,PO-2025-01288,2,BRS,2025-03-20,149,1
GRN-2025-03074,1,PO-2025-01295,1,WAR,2025-03-20,51,1
GRN-2025-03075,1,PO-2025-01084,1,BRS,2025-03-21,126,6
GRN-2025-03076,1,PO-2025-01242,1,DAV,2025-03-21,51,4
GRN-2025-03077,1,PO-2025-01242,2,DAV,2025-03-21,43,0
GRN-2025-03078,1,PO-2025-01261,1,WAR,2025-03-21,5,0
GRN-2025-03079,1,PO-2025-01267,1,WAR,2025-03-21,76,2
GRN-2025-03080,1,PO-2025-01291,1,DAV,2025-03-21,293,0
GRN-2025-03081,1,PO-2025-01291,2,DAV,2025-03-21,45,0
GRN-2025-03082,1,PO-2025-01294,1,WAR,2025-03-21,16,0
GRN-2025-03083,1,PO-2025-01297,1,BRS,2025-03-21,764,4
GRN-2025-03084,1,PO-2025-01297,2,BRS,2025-03-21,60,0
GRN-2025-03085,1,PO-2025-01299,4,DAV,2025-03-21,6,0
GRN-2025-03086,1,PO-2025-01308,1,WAR,2025-03-21,20,0
GRN-2025-03087,1,PO-2025-01088,2,WAR,2025-03-24,235,5
GRN-2025-03088,1,PO-2025-01169,2,DAV,2025-03-24,373,5
GRN-2025-03089,1,PO-2025-01249,2,DAV,2025-03-24,83,0
GRN-2025-03090,1,PO-2025-01299,1,DAV,2025-03-24,3,0
GRN-2025-03091,1,PO-2025-01299,2,DAV,2025-03-24,29,0
GRN-2025-03092,1,PO-2025-01299,3,DAV,2025-03-24,54,0
GRN-2025-03093,1,PO-2024-01028,2,WAR,2025-03-25,48,0
GRN-2025-03094,1,PO-2025-01269,1,DAV,2025-03-25,32,0
GRN-2025-03095,1,PO-2025-01269,2,DAV,2025-03-25,53,1
GRN-2025-03096,1,PO-2025-01271,4,DAV,2025-03-25,3,1
GRN-2025-03097,1,PO-2025-01287,2,DAV,2025-03-25,5,0
GRN-2025-03098,1,PO-2025-01303,1,DAV,2025-03-25,81,0
GRN-2025-03099,1,PO-2025-01303,2,DAV,2025-03-25,6,0
GRN-2025-03100,1,PO-2025-01304,1,BRS,2025-03-25,33,0
GRN-2025-03101,1,PO-2024-01052,1,DAV,2025-03-26,47,1
GRN-2025-03102,1,PO-2025-01133,4,DAV,2025-03-26,142,1
GRN-2025-03103,1,PO-2025-01211,1,DAV,2025-03-26,3,0
GRN-2025-03104,1,PO-2025-01223,1,DAV,2025-03-26,15,0
GRN-2025-03105,1,PO-2025-01251,1,DAV,2025-03-26,13,0
GRN-2025-03106,1,PO-2025-01263,2,LIV,2025-03-26,34,0
GRN-2025-03107,1,PO-2025-01271,1,DAV,2025-03-26,23,1
GRN-2025-03108,1,PO-2025-01271,2,DAV,2025-03-26,24,0
GRN-2025-03109,1,PO-2025-01271,3,DAV,2025-03-26,36,0
GRN-2025-03110,1,PO-2025-01277,2,DAV,2025-03-26,5,0
GRN-2025-03111,1,PO-2025-01281,1,BRS,2025-03-26,24,0
GRN-2025-03112,1,PO-2025-01306,1,WAR,2025-03-26,100,0
GRN-2025-03113,1,PO-2024-01032,1,WAR,2025-03-27,32,1
GRN-2025-03114,1,PO-2025-01209,1,BRS,2025-03-27,17,0
GRN-2025-03115,1,PO-2025-01258,1,BRS,2025-03-27,15,0
GRN-2025-03116,1,PO-2025-01309,1,DAV,2025-03-27,36,0
GRN-2025-03117,1,PO-2025-01309,2,DAV,2025-03-27,116,0
GRN-2025-03118,1,PO-2025-01309,3,DAV,2025-03-27,5,0
GRN-2025-03119,1,PO-2025-01310,1,WAR,2025-03-27,199,1
GRN-2025-03120,1,PO-2025-01310,2,WAR,2025-03-27,104,0
GRN-2025-03121,1,PO-2025-01311,1,WAR,2025-03-27,87,0
GRN-2025-03122,1,PO-2025-01311,2,WAR,2025-03-27,144,0
GRN-2025-03123,1,PO-2025-01312,1,BRS,2025-03-27,36,0
GRN-2025-03124,1,PO-2025-01250,4,DAV,2025-03-28,3,0
GRN-2025-03125,1,PO-2025-01279,1,WAR,2025-03-28,14,0
GRN-2025-03126,1,PO-2025-01316,1,WAR,2025-03-28,36,0
GRN-2025-03127,1,PO-2025-01104,1,DAV,2025-03-31,192,6
GRN-2025-03128,1,PO-2025-01133,4,DAV,2025-03-31,38,1
GRN-2025-03129,1,PO-2025-01163,1,DAV,2025-03-31,841,17
GRN-2025-03130,1,PO-2025-01251,3,DAV,2025-03-31,23,1
GRN-2025-03131,1,PO-2025-01275,1,LIV,2025-03-31,31,1
GRN-2025-03132,1,PO-2025-01282,2,BRS,2025-03-31,65,1
GRN-2025-03133,1,PO-2025-01286,1,DAV,2025-03-31,6,0
GRN-2025-03134,1,PO-2025-01314,1,BRS,2025-03-31,17,0
GRN-2025-03135,1,PO-2025-01318,1,DAV,2025-03-31,15,0
GRN-2025-03136,1,PO-2025-01318,2,DAV,2025-03-31,61,1
GRN-2025-03137,1,PO-2025-01111,1,DAV,2025-04-01,22,1
GRN-2025-03138,1,PO-2025-01268,1,BRS,2025-04-01,17,0
GRN-2025-03139,1,PO-2025-01268,2,BRS,2025-04-01,15,0
GRN-2025-03140,1,PO-2025-01268,3,BRS,2025-04-01,14,1
GRN-2025-03141,1,PO-2025-01328,1,WAR,2025-04-01,170,1
GRN-2025-03142,1,PO-2025-01230,1,DAV,2025-04-02,2,0
GRN-2025-03143,1,PO-2025-01251,2,DAV,2025-04-02,3,0
GRN-2025-03144,1,PO-2025-01277,1,DAV,2025-04-02,18,0
GRN-2025-03145,1,PO-2025-01282,1,BRS,2025-04-02,10,0
GRN-2025-03146,1,PO-2025-01292,1,DAV,2025-04-02,24,0
GRN-2025-03147,1,PO-2025-01292,2,DAV,2025-04-02,24,0
GRN-2025-03148,1,PO-2025-01295,2,WAR,2025-04-02,38,0
GRN-2025-03149,1,PO-2025-01300,1,DAV,2025-04-02,8,1
GRN-2025-03150,1,PO-2025-01324,1,DAV,2025-04-02,231,1
GRN-2025-03151,1,PO-2025-01327,1,DAV,2025-04-02,25,0
GRN-2025-03152,1,PO-2025-01327,2,DAV,2025-04-02,19,0
GRN-2025-03153,1,PO-2025-01329,1,LIV,2025-04-02,271,1
GRN-2025-03154,1,PO-2025-01329,2,LIV,2025-04-02,151,1
GRN-2025-03155,1,PO-2025-01117,1,BRS,2025-04-03,342,7
GRN-2025-03156,1,PO-2025-01217,2,WAR,2025-04-03,6,0
GRN-2025-03157,1,PO-2025-01300,2,DAV,2025-04-03,111,1
GRN-2025-03158,1,PO-2025-01330,1,WAR,2025-04-03,68,1
GRN-2025-03159,1,PO-2025-01333,1,WAR,2025-04-03,208,0
GRN-2025-03160,1,PO-2025-01333,2,WAR,2025-04-03,36,1
GRN-2025-03161,1,PO-2025-01333,3,WAR,2025-04-03,21,0
GRN-2025-03162,1,PO-2025-01111,2,DAV,2025-04-04,151,3
GRN-2025-03163,1,PO-2025-01122,1,BRS,2025-04-04,65,1
GRN-2025-03164,1,PO-2025-01122,2,BRS,2025-04-04,490,14
GRN-2025-03165,1,PO-2025-01298,1,BRS,2025-04-04,9,0
GRN-2025-03166,1,PO-2025-01331,1,WAR,2025-04-04,79,0
GRN-2025-03167,1,PO-2025-01336,1,BRS,2025-04-04,46,2
GRN-2025-03168,1,PO-2025-01337,1,BRS,2025-04-04,60,0
GRN-2025-03169,1,PO-2025-01126,2,DAV,2025-04-07,143,6
GRN-2025-03170,1,PO-2025-01129,1,DAV,2025-04-07,35,0
GRN-2025-03171,1,PO-2025-01129,2,DAV,2025-04-07,1831,45
GRN-2025-03172,1,PO-2025-01129,3,DAV,2025-04-07,190,6
GRN-2025-03173,1,PO-2025-01129,4,DAV,2025-04-07,88,2
GRN-2025-03174,1,PO-2025-01277,2,DAV,2025-04-07,3,0
GRN-2025-03175,1,PO-2025-01292,3,DAV,2025-04-07,6,0
GRN-2025-03176,1,PO-2025-01307,1,WAR,2025-04-07,181,1
GRN-2025-03177,1,PO-2025-01307,2,WAR,2025-04-07,88,3
GRN-2025-03178,1,PO-2025-01307,3,WAR,2025-04-07,73,2
GRN-2025-03179,1,PO-2025-01307,4,WAR,2025-04-07,7,0
GRN-2025-03180,1,PO-2025-01311,1,WAR,2025-04-07,63,0
GRN-2025-03181,1,PO-2025-01312,1,BRS,2025-04-07,12,0
GRN-2025-03182,1,PO-2025-01133,1,DAV,2025-04-08,168,4
GRN-2025-03183,1,PO-2025-01133,2,DAV,2025-04-08,23,1
GRN-2025-03184,1,PO-2025-01133,3,DAV,2025-04-08,113,1
GRN-2025-03185,1,PO-2025-01160,1,WAR,2025-04-08,24,0
GRN-2025-03186,1,PO-2025-01160,3,WAR,2025-04-08,93,3
GRN-2025-03187,1,PO-2025-01315,1,BRS,2025-04-08,43,0
GRN-2025-03188,1,PO-2025-01315,2,BRS,2025-04-08,5,0
GRN-2025-03189,1,PO-2025-01339,1,DAV,2025-04-08,928,2
GRN-2025-03190,1,PO-2025-01339,2,DAV,2025-04-08,4,0
GRN-2025-03191,1,PO-2025-01341,1,DAV,2025-04-08,112,0
GRN-2025-03192,1,PO-2025-01341,2,DAV,2025-04-08,8,0
GRN-2025-03193,1,PO-2025-01341,3,DAV,2025-04-08,51,3
GRN-2025-03194,1,PO-2025-01342,1,BRS,2025-04-08,7,0
GRN-2025-03195,1,PO-2025-01342,2,BRS,2025-04-08,9,0
GRN-2025-03196,1,PO-2025-01343,1,BRS,2025-04-08,8,0
GRN-2025-03197,1,PO-2025-01344,1,BRS,2025-04-08,36,0
GRN-2025-03198,1,PO-2025-01087,1,WAR,2025-04-09,29,1
GRN-2025-03199,1,PO-2025-01126,1,DAV,2025-04-09,8,0
GRN-2025-03200,1,PO-2025-01277,1,DAV,2025-04-09,6,0
GRN-2025-03201,1,PO-2025-01291,1,DAV,2025-04-09,211,0
GRN-2025-03202,1,PO-2025-01346,1,DAV,2025-04-09,8,0
GRN-2025-03203,1,PO-2025-01347,1,WAR,2025-04-09,19,0
GRN-2025-03204,1,PO-2025-01347,2,WAR,2025-04-09,86,0
GRN-2025-03205,1,PO-2025-01347,3,WAR,2025-04-09,36,0
GRN-2025-03206,1,PO-2025-01349,1,BRS,2025-04-09,24,0
GRN-2025-03207,1,PO-2025-01349,2,BRS,2025-04-09,36,0
GRN-2025-03208,1,PO-2025-01122,2,BRS,2025-04-10,349,5
GRN-2025-03209,1,PO-2025-01319,1,DAV,2025-04-10,42,0
GRN-2025-03210,1,PO-2025-01319,2,DAV,2025-04-10,26,0
GRN-2025-03211,1,PO-2025-01319,3,DAV,2025-04-10,24,0
GRN-2025-03212,1,PO-2025-01319,4,DAV,2025-04-10,7,0
GRN-2025-03213,1,PO-2025-01352,1,BRS,2025-04-10,180,0
GRN-2025-03214,1,PO-2025-01271,4,DAV,2025-04-11,3,0
GRN-2025-03215,1,PO-2025-01302,2,DAV,2025-04-11,21,0
GRN-2025-03216,1,PO-2025-01321,1,DAV,2025-04-11,8,0
GRN-2025-03217,1,PO-2025-01321,2,DAV,2025-04-11,5,0
GRN-2025-03218,1,PO-2025-01321,3,DAV,2025-04-11,36,0
GRN-2025-03219,1,PO-2025-01322,1,DAV,2025-04-11,24,0
GRN-2025-03220,1,PO-2025-01322,2,DAV,2025-04-11,3,0
GRN-2025-03221,1,PO-2025-01322,3,DAV,2025-04-11,54,0
GRN-2025-03222,1,PO-2025-01354,1,WAR,2025-04-11,261,1
GRN-2025-03223,1,PO-2025-01354,2,WAR,2025-04-11,156,0
GRN-2025-03224,1,PO-2025-01355,1,BRS,2025-04-11,33,0
GRN-2025-03225,1,PO-2025-01111,1,DAV,2025-04-14,7,0
GRN-2025-03226,1,PO-2025-01133,1,DAV,2025-04-14,51,1
GRN-2025-03227,1,PO-2025-01302,1,DAV,2025-04-14,15,0
GRN-2025-03228,1,PO-2025-01302,3,DAV,2025-04-14,20,2
GRN-2025-03229,1,PO-2025-01302,4,DAV,2025-04-14,16,0
GRN-2025-03230,1,PO-2025-01323,1,DAV,2025-04-14,5,0
GRN-2025-03231,1,PO-2025-01323,2,DAV,2025-04-14,12,0
GRN-2025-03232,1,PO-2025-01126,2,DAV,2025-04-15,90,1
GRN-2025-03233,1,PO-2025-01160,2,WAR,2025-04-15,72,0
GRN-2025-03234,1,PO-2025-01160,4,WAR,2025-04-15,88,2
GRN-2025-03235,1,PO-2025-01282,2,BRS,2025-04-15,32,0
GRN-2025-03236,1,PO-2025-01331,2,WAR,2025-04-15,52,0
GRN-2025-03237,1,PO-2025-01332,1,WAR,2025-04-15,6,0
GRN-2025-03238,1,PO-2025-01332,2,WAR,2025-04-15,545,1
GRN-2025-03239,1,PO-2025-01334,1,BRS,2025-04-15,56,0
GRN-2025-03240,1,PO-2025-01334,2,BRS,2025-04-15,24,0
GRN-2025-03241,1,PO-2025-01334,3,BRS,2025-04-15,24,0
GRN-2025-03242,1,PO-2025-01339,2,DAV,2025-04-15,2,0
GRN-2025-03243,1,PO-2025-01361,3,DAV,2025-04-15,10,0
GRN-2025-03244,1,PO-2025-01299,1,DAV,2025-04-16,2,0
GRN-2025-03245,1,PO-2025-01335,1,DAV,2025-04-16,34,1
GRN-2025-03246,1,PO-2025-01361,1,DAV,2025-04-16,4,0
GRN-2025-03247,1,PO-2025-01361,2,DAV,2025-04-16,15,0
GRN-2025-03248,1,PO-2025-01117,1,BRS,2025-04-17,274,7
GRN-2025-03249,1,PO-2025-01169,1,DAV,2025-04-17,65,1
GRN-2025-03250,1,PO-2025-01302,4,DAV,2025-04-17,11,0
GRN-2025-03251,1,PO-2025-01315,1,BRS,2025-04-17,11,1
GRN-2025-03252,1,PO-2025-01347,2,WAR,2025-04-17,64,0
GRN-2025-03253,1,PO-2025-01362,1,WAR,2025-04-17,56,0
GRN-2025-03254,1,PO-2025-01166,1,LIV,2025-04-22,65,1
GRN-2025-03255,1,PO-2025-01340,1,DAV,2025-04-22,46,0
GRN-2025-03256,1,PO-2025-01340,2,DAV,2025-04-22,6,0
GRN-2025-03257,1,PO-2025-01348,1,WAR,2025-04-22,155,1
GRN-2025-03258,1,PO-2025-01363,1,DAV,2025-04-22,6,0
GRN-2025-03259,1,PO-2025-01363,2,DAV,2025-04-22,11,0
GRN-2025-03260,1,PO-2025-01363,3,DAV,2025-04-22,5,0
GRN-2025-03261,1,PO-2025-01367,1,BRS,2025-04-22,36,0
GRN-2025-03262,1,PO-2025-01367,2,BRS,2025-04-22,9,0
GRN-2025-03263,1,PO-2025-01126,1,DAV,2025-04-23,4,0
GRN-2025-03264,1,PO-2025-01370,1,WAR,2025-04-23,76,0
GRN-2025-03265,1,PO-2025-01375,1,DAV,2025-04-23,501,3
GRN-2025-03266,1,PO-2025-01129,1,DAV,2025-04-24,13,0
GRN-2025-03267,1,PO-2025-01326,1,DAV,2025-04-24,41,2
GRN-2025-03268,1,PO-2025-01326,2,DAV,2025-04-24,54,1
GRN-2025-03269,1,PO-2025-01350,1,DAV,2025-04-24,24,0
GRN-2025-03270,1,PO-2025-01361,3,DAV,2025-04-24,5,0
GRN-2025-03271,1,PO-2025-01375,2,DAV,2025-04-24,21,0
GRN-2025-03272,1,PO-2025-01375,3,DAV,2025-04-24,7,0
GRN-2025-03273,1,PO-2025-01376,1,DAV,2025-04-24,364,0
GRN-2025-03274,1,PO-2025-01378,1,WAR,2025-04-24,27,0
GRN-2025-03275,1,PO-2025-01379,2,DAV,2025-04-24,7,0
GRN-2025-03276,1,PO-2025-01394,1,WAR,2025-04-24,156,0
GRN-2025-03277,1,PO-2025-01104,2,DAV,2025-04-25,617,13
GRN-2025-03278,1,PO-2025-01286,1,DAV,2025-04-25,4,0
GRN-2025-03279,1,PO-2025-01356,2,DAV,2025-04-25,23,0
GRN-2025-03280,1,PO-2025-01379,1,DAV,2025-04-25,167,1
GRN-2025-03281,1,PO-2025-01382,1,BRS,2025-04-25,767,1
GRN-2025-03282,1,PO-2025-01388,1,LIV,2025-04-25,190,0
GRN-2025-03283,1,PO-2025-01079,1,LIV,2025-04-28,501,9
GRN-2025-03284,1,PO-2025-01320,1,WAR,2025-04-28,48,0
GRN-2025-03285,1,PO-2025-01357,1,BRS,2025-04-28,97,1
GRN-2025-03286,1,PO-2025-01391,1,DAV,2025-04-28,152,0
GRN-2025-03287,1,PO-2025-01391,2,DAV,2025-04-28,46,0
GRN-2025-03288,1,PO-2025-01391,3,DAV,2025-04-28,18,0
GRN-2025-03289,1,PO-2025-01392,1,DAV,2025-04-28,62,0
GRN-2025-03290,1,PO-2025-01393,1,WAR,2025-04-28,42,0
GRN-2025-03291,1,PO-2024-01050,2,LIV,2025-04-29,111,1
GRN-2025-03292,1,PO-2025-01109,1,BRS,2025-04-29,357,7
GRN-2025-03293,1,PO-2025-01350,2,DAV,2025-04-29,15,0
GRN-2025-03294,1,PO-2025-01360,1,WAR,2025-04-29,20,0
GRN-2025-03295,1,PO-2025-01378,2,WAR,2025-04-29,45,0
GRN-2025-03296,1,PO-2025-01397,1,DAV,2025-04-29,1983,1
GRN-2025-03297,1,PO-2025-01397,2,DAV,2025-04-29,4,0
GRN-2025-03298,1,PO-2025-01400,1,BRS,2025-04-29,48,0
GRN-2025-03299,1,PO-2025-01400,2,BRS,2025-04-29,149,1
GRN-2025-03300,1,PO-2025-01401,1,LIV,2025-04-29,228,0
GRN-2025-03301,1,PO-2025-01402,2,DAV,2025-04-29,36,0
GRN-2025-03302,1,PO-2025-01331,1,WAR,2025-04-30,25,0
GRN-2025-03303,1,PO-2025-01345,1,DAV,2025-04-30,15,0
GRN-2025-03304,1,PO-2025-01369,2,DAV,2025-04-30,129,1
GRN-2025-03305,1,PO-2025-01402,1,DAV,2025-04-30,26,0
GRN-2025-03306,1,PO-2025-01404,1,WAR,2025-04-30,51,1
GRN-2025-03307,1,PO-2025-01405,1,BRS,2025-04-30,180,0
GRN-2025-03308,1,PO-2025-01205,1,DAV,2025-05-01,28,0
GRN-2025-03309,1,PO-2025-01342,1,BRS,2025-05-01,6,0
GRN-2025-03310,1,PO-2025-01354,1,WAR,2025-05-01,76,0
GRN-2025-03311,1,PO-2025-01406,1,WAR,2025-05-01,146,1
GRN-2025-03312,1,PO-2025-01406,2,WAR,2025-05-01,83,0
GRN-2025-03313,1,PO-2025-01406,3,WAR,2025-05-01,151,1
GRN-2025-03314,1,PO-2025-01408,1,BRS,2025-05-01,33,0
GRN-2025-03315,1,PO-2025-01411,1,BRS,2025-05-01,24,0
GRN-2025-03316,1,PO-2025-01364,1,DAV,2025-05-02,24,0
GRN-2025-03317,1,PO-2025-01373,1,DAV,2025-05-02,9,0
GRN-2025-03318,1,PO-2025-01392,2,DAV,2025-05-02,465,0
GRN-2025-03319,1,PO-2025-01395,1,BRS,2025-05-02,60,0
GRN-2025-03320,1,PO-2025-01398,2,WAR,2025-05-02,103,1
GRN-2025-03321,1,PO-2025-01409,1,DAV,2025-05-02,180,0
GRN-2025-03322,1,PO-2025-01410,1,WAR,2025-05-02,337,1
GRN-2025-03323,1,PO-2025-01416,2,BRS,2025-05-02,13,0
GRN-2025-03324,1,PO-2025-01205,2,DAV,2025-05-06,66,0
GRN-2025-03325,1,PO-2025-01220,1,LIV,2025-05-06,109,2
GRN-2025-03326,1,PO-2025-01222,1,LIV,2025-05-06,24,0
GRN-2025-03327,1,PO-2025-01222,2,LIV,2025-05-06,1838,38
GRN-2025-03328,1,PO-2025-01222,3,LIV,2025-05-06,2045,34
GRN-2025-03329,1,PO-2025-01371,1,BRS,2025-05-06,10,0
GRN-2025-03330,1,PO-2025-01371,2,BRS,2025-05-06,33,0
GRN-2025-03331,1,PO-2025-01414,1,WAR,2025-05-06,16,0
GRN-2025-03332,1,PO-2025-01414,2,WAR,2025-05-06,600,0
GRN-2025-03333,1,PO-2025-01414,3,WAR,2025-05-06,28,0
GRN-2025-03334,1,PO-2025-01416,1,BRS,2025-05-06,152,0
GRN-2025-03335,1,PO-2025-01416,3,BRS,2025-05-06,5,0
GRN-2025-03336,1,PO-2025-01417,1,BRS,2025-05-06,152,0
GRN-2025-03337,1,PO-2025-01417,2,BRS,2025-05-06,56,0
GRN-2025-03338,1,PO-2025-01356,1,DAV,2025-05-07,11,0
GRN-2025-03339,1,PO-2025-01364,2,DAV,2025-05-07,6,0
GRN-2025-03340,1,PO-2025-01373,2,DAV,2025-05-07,112,0
GRN-2025-03341,1,PO-2025-01373,3,DAV,2025-05-07,46,0
GRN-2025-03342,1,PO-2025-01377,1,WAR,2025-05-07,155,1
GRN-2025-03343,1,PO-2025-01229,1,DAV,2025-05-08,8,1
GRN-2025-03344,1,PO-2025-01369,1,DAV,2025-05-08,42,0
GRN-2025-03345,1,PO-2025-01380,1,WAR,2025-05-08,181,1
GRN-2025-03346,1,PO-2025-01383,1,BRS,2025-05-08,71,1
GRN-2025-03347,1,PO-2025-01385,1,BRS,2025-05-08,53,1
GRN-2025-03348,1,PO-2025-01387,1,LIV,2025-05-08,143,1
GRN-2025-03349,1,PO-2025-01389,2,DAV,2025-05-08,10,0
GRN-2025-03350,1,PO-2025-01395,2,BRS,2025-05-08,5,0
GRN-2025-03351,1,PO-2025-01406,2,WAR,2025-05-08,37,0
GRN-2025-03352,1,PO-2025-01361,1,DAV,2025-05-09,4,0
GRN-2025-03353,1,PO-2025-01371,2,BRS,2025-05-09,22,0
GRN-2025-03354,1,PO-2025-01384,1,BRS,2025-05-09,17,0
GRN-2025-03355,1,PO-2025-01389,1,DAV,2025-05-09,9,0
GRN-2025-03356,1,PO-2025-01389,3,DAV,2025-05-09,15,0
GRN-2025-03357,1,PO-2025-01421,1,DAV,2025-05-09,208,0
GRN-2025-03358,1,PO-2025-01421,2,DAV,2025-05-09,290,0
GRN-2025-03359,1,PO-2025-01423,1,DAV,2025-05-09,24,0
GRN-2025-03360,1,PO-2025-01423,2,DAV,2025-05-09,21,0
GRN-2025-03361,1,PO-2025-01426,2,WAR,2025-05-09,404,1
GRN-2025-03362,1,PO-2025-01366,1,BRS,2025-05-12,17,0
GRN-2025-03363,1,PO-2025-01381,1,WAR,2025-05-12,19,0
GRN-2025-03364,1,PO-2025-01396,1,DAV,2025-05-12,6,0
GRN-2025-03365,1,PO-2025-01404,1,WAR,2025-05-12,17,0
GRN-2025-03366,1,PO-2025-01426,1,WAR,2025-05-12,55,0
GRN-2025-03367,1,PO-2025-01427,2,BRS,2025-05-12,60,0
GRN-2025-03368,1,PO-2025-01243,1,BRS,2025-05-13,237,3
GRN-2025-03369,1,PO-2025-01243,3,BRS,2025-05-13,100,2
GRN-2025-03370,1,PO-2025-01366,2,BRS,2025-05-13,14,1
GRN-2025-03371,1,PO-2025-01369,2,DAV,2025-05-13,79,1
GRN-2025-03372,1,PO-2025-01427,1,BRS,2025-05-13,36,0
GRN-2025-03373,1,PO-2025-01220,1,LIV,2025-05-14,42,1
GRN-2025-03374,1,PO-2025-01280,1,WAR,2025-05-14,456,12
GRN-2025-03375,1,PO-2025-01398,1,WAR,2025-05-14,38,0
GRN-2025-03376,1,PO-2025-01428,1,DAV,2025-05-14,8,0
GRN-2025-03377,1,PO-2025-01433,1,BRS,2025-05-14,8,0
GRN-2025-03378,1,PO-2025-01425,4,DAV,2025-05-15,4,0
GRN-2025-03379,1,PO-2025-01430,1,DAV,2025-05-15,36,0
GRN-2025-03380,1,PO-2025-01430,2,DAV,2025-05-15,232,0
GRN-2025-03381,1,PO-2025-01431,1,WAR,2025-05-15,130,0
GRN-2025-03382,1,PO-2025-01432,1,WAR,2025-05-15,150,0
GRN-2025-03383,1,PO-2025-01433,2,BRS,2025-05-15,5,0
GRN-2025-03384,1,PO-2025-01435,1,BRS,2025-05-15,36,0
GRN-2025-03385,1,PO-2025-01435,2,BRS,2025-05-15,150,0
GRN-2025-03386,1,PO-2025-01278,3,WAR,2025-05-16,181,1
GRN-2025-03387,1,PO-2025-01381,2,WAR,2025-05-16,19,1
GRN-2025-03388,1,PO-2025-01386,1,BRS,2025-05-16,15,0
GRN-2025-03389,1,PO-2025-01386,2,BRS,2025-05-16,10,0
GRN-2025-03390,1,PO-2025-01395,2,BRS,2025-05-16,4,0
GRN-2025-03391,1,PO-2025-01413,3,DAV,2025-05-16,410,4
GRN-2025-03392,1,PO-2025-01415,1,WAR,2025-05-16,22,0
GRN-2025-03393,1,PO-2025-01418,1,DAV,2025-05-16,54,0
GRN-2025-03394,1,PO-2025-01436,1,DAV,2025-05-16,150,0
GRN-2025-03395,1,PO-2025-01438,1,WAR,2025-05-16,104,0
GRN-2025-03396,1,PO-2025-01399,1,WAR,2025-05-19,18,1
GRN-2025-03397,1,PO-2025-01409,2,DAV,2025-05-19,790,5
GRN-2025-03398,1,PO-2025-01418,2,DAV,2025-05-19,5,0
GRN-2025-03399,1,PO-2025-01418,3,DAV,2025-05-19,24,0
GRN-2025-03400,1,PO-2025-01418,4,DAV,2025-05-19,9,0
GRN-2025-03401,1,PO-2025-01431,2,WAR,2025-05-19,84,0
GRN-2025-03402,1,PO-2025-01439,1,DAV,2025-05-19,1534,1
GRN-2025-03403,1,PO-2025-01439,2,DAV,2025-05-19,6,0
GRN-2025-03404,1,PO-2025-01360,1,WAR,2025-05-20,9,0
GRN-2025-03405,1,PO-2025-01399,2,WAR,2025-05-20,24,0
GRN-2025-03406,1,PO-2025-01399,3,WAR,2025-05-20,24,0
GRN-2025-03407,1,PO-2025-01406,1,WAR,2025-05-20,45,0
GRN-2025-03408,1,PO-2025-01425,3,DAV,2025-05-20,24,0
GRN-2025-03409,1,PO-2025-01441,1,BRS,2025-05-20,149,1
GRN-2025-03410,1,PO-2025-01403,1,DAV,2025-05-21,32,0
GRN-2025-03411,1,PO-2025-01443,1,DAV,2025-05-21,3,0
GRN-2025-03412,1,PO-2025-01443,2,DAV,2025-05-21,11,0
GRN-2025-03413,1,PO-2025-01443,3,DAV,2025-05-21,46,0
GRN-2025-03414,1,PO-2025-01443,4,DAV,2025-05-21,26,0
GRN-2025-03415,1,PO-2025-01445,1,WAR,2025-05-21,100,0
GRN-2025-03416,1,PO-2025-01446,1,WAR,2025-05-21,144,0
GRN-2025-03417,1,PO-2025-01447,1,LIV,2025-05-21,323,2
GRN-2025-03418,1,PO-2025-01447,2,LIV,2025-05-21,79,0
GRN-2025-03419,1,PO-2025-01425,1,DAV,2025-05-22,36,0
GRN-2025-03420,1,PO-2025-01425,2,DAV,2025-05-22,111,1
GRN-2025-03421,1,PO-2025-01434,1,BRS,2025-05-22,59,1
GRN-2025-03422,1,PO-2025-01439,1,DAV,2025-05-22,447,2
GRN-2025-03423,1,PO-2025-01444,1,DAV,2025-05-22,7,0
GRN-2025-03424,1,PO-2025-01444,3,DAV,2025-05-22,68,1
GRN-2025-03425,1,PO-2025-01412,1,LIV,2025-05-23,54,1
GRN-2025-03426,1,PO-2025-01438,1,WAR,2025-05-23,46,0
GRN-2025-03427,1,PO-2025-01440,3,DAV,2025-05-23,3,0
GRN-2025-03428,1,PO-2025-01452,1,WAR,2025-05-23,12,0
GRN-2025-03429,1,PO-2025-01454,1,BRS,2025-05-23,25,0
GRN-2025-03430,1,PO-2025-01205,2,DAV,2025-05-27,18,0
GRN-2025-03431,1,PO-2025-01413,1,DAV,2025-05-27,16,0
GRN-2025-03432,1,PO-2025-01413,2,DAV,2025-05-27,26,1
GRN-2025-03433,1,PO-2025-01413,4,DAV,2025-05-27,39,2
GRN-2025-03434,1,PO-2025-01457,3,DAV,2025-05-27,7,0
GRN-2025-03435,1,PO-2025-01381,1,WAR,2025-05-28,5,0
GRN-2025-03436,1,PO-2025-01429,1,DAV,2025-05-28,90,0
GRN-2025-03437,1,PO-2025-01440,2,DAV,2025-05-28,179,1
GRN-2025-03438,1,PO-2025-01448,1,DAV,2025-05-28,24,0
GRN-2025-03439,1,PO-2025-01451,2,LIV,2025-05-28,32,0
GRN-2025-03440,1,PO-2025-01459,1,BRS,2025-05-28,155,1
GRN-2025-03441,1,PO-2025-01460,1,BRS,2025-05-28,152,0
GRN-2025-03442,1,PO-2025-01460,2,BRS,2025-05-28,13,0
GRN-2025-03443,1,PO-2025-01460,3,BRS,2025-05-28,149,1
GRN-2025-03444,1,PO-2025-01460,4,BRS,2025-05-28,6,0
GRN-2025-03445,1,PO-2025-01278,2,WAR,2025-05-29,357,7
GRN-2025-03446,1,PO-2025-01356,1,DAV,2025-05-29,4,0
GRN-2025-03447,1,PO-2025-01418,2,DAV,2025-05-29,2,0
GRN-2025-03448,1,PO-2025-01440,4,DAV,2025-05-29,12,0
GRN-2025-03449,1,PO-2025-01461,1,DAV,2025-05-29,37,0
GRN-2025-03450,1,PO-2025-01461,2,DAV,2025-05-29,362,2
GRN-2025-03451,1,PO-2025-01461,3,DAV,2025-05-29,112,0
GRN-2025-03452,1,PO-2025-01461,4,DAV,2025-05-29,180,0
GRN-2025-03453,1,PO-2025-01467,1,BRS,2025-05-29,36,0
GRN-2025-03454,1,PO-2025-01122,3,BRS,2025-05-30,405,3
GRN-2025-03455,1,PO-2025-01289,3,BRS,2025-05-30,1632,34
GRN-2025-03456,1,PO-2025-01422,1,DAV,2025-05-30,22,0
GRN-2025-03457,1,PO-2025-01422,2,DAV,2025-05-30,43,0
GRN-2025-03458,1,PO-2025-01422,3,DAV,2025-05-30,12,1
GRN-2025-03459,1,PO-2025-01422,4,DAV,2025-05-30,15,0
GRN-2025-03460,1,PO-2025-01440,1,DAV,2025-05-30,21,0
GRN-2025-03461,1,PO-2025-01444,2,DAV,2025-05-30,19,1
GRN-2025-03462,1,PO-2025-01464,1,DAV,2025-05-30,485,0
GRN-2025-03463,1,PO-2025-01464,2,DAV,2025-05-30,19,0
GRN-2025-03464,1,PO-2025-01464,3,DAV,2025-05-30,12,0
GRN-2025-03465,1,PO-2025-01464,4,DAV,2025-05-30,7,0
GRN-2025-03466,1,PO-2025-01466,1,DAV,2025-05-30,62,0
GRN-2025-03467,1,PO-2025-01466,2,DAV,2025-05-30,6,0
GRN-2025-03468,1,PO-2025-01472,1,WAR,2025-05-30,22,0
GRN-2025-03469,1,PO-2025-01199,1,LIV,2025-06-02,3637,74
GRN-2025-03470,1,PO-2025-01284,1,LIV,2025-06-02,40,2
GRN-2025-03471,1,PO-2025-01289,2,BRS,2025-06-02,59,3
GRN-2025-03472,1,PO-2025-01289,4,BRS,2025-06-02,969,21
GRN-2025-03473,1,PO-2025-01290,1,LIV,2025-06-02,48,0
GRN-2025-03474,1,PO-2025-01290,3,LIV,2025-06-02,777,14
GRN-2025-03475,1,PO-2025-01293,1,DAV,2025-06-02,140,4
GRN-2025-03476,1,PO-2025-01386,2,BRS,2025-06-02,5,0
GRN-2025-03477,1,PO-2025-01468,1,DAV,2025-06-02,3,0
GRN-2025-03478,1,PO-2025-01468,2,DAV,2025-06-02,54,0
GRN-2025-03479,1,PO-2025-01468,3,DAV,2025-06-02,21,0
GRN-2025-03480,1,PO-2025-01471,1,BRS,2025-06-02,152,0
GRN-2025-03481,1,PO-2025-01471,2,BRS,2025-06-02,55,0
GRN-2025-03482,1,PO-2025-01293,2,DAV,2025-06-03,232,6
GRN-2025-03483,1,PO-2025-01293,3,DAV,2025-06-03,47,1
GRN-2025-03484,1,PO-2025-01293,4,DAV,2025-06-03,1231,20
GRN-2025-03485,1,PO-2025-01296,1,WAR,2025-06-03,112,2
GRN-2025-03486,1,PO-2025-01296,2,WAR,2025-06-03,105,3
GRN-2025-03487,1,PO-2025-01296,3,WAR,2025-06-03,71,1
GRN-2025-03488,1,PO-2025-01425,4,DAV,2025-06-03,4,0
GRN-2025-03489,1,PO-2025-01444,4,DAV,2025-06-03,5,0
GRN-2025-03490,1,PO-2025-01472,2,WAR,2025-06-03,55,0
GRN-2025-03491,1,PO-2025-01289,1,BRS,2025-06-04,84,0
GRN-2025-03492,1,PO-2025-01301,1,WAR,2025-06-04,71,1
GRN-2025-03493,1,PO-2025-01440,1,DAV,2025-06-04,14,0
GRN-2025-03494,1,PO-2025-01444,3,DAV,2025-06-04,43,0
GRN-2025-03495,1,PO-2025-01448,2,DAV,2025-06-04,82,0
GRN-2025-03496,1,PO-2025-01449,1,WAR,2025-06-04,260,0
GRN-2025-03497,1,PO-2025-01451,1,LIV,2025-06-04,264,2
GRN-2025-03498,1,PO-2025-01456,2,BRS,2025-06-04,10,0
GRN-2025-03499,1,PO-2025-01470,1,BRS,2025-06-04,71,1
GRN-2025-03500,1,PO-2025-01475,1,DAV,2025-06-04,4,0
GRN-2025-03501,1,PO-2025-01475,2,DAV,2025-06-04,144,1
GRN-2025-03502,1,PO-2025-01477,1,BRS,2025-06-04,768,0
GRN-2025-03503,1,PO-2025-01305,1,BRS,2025-06-05,1371,29
GRN-2025-03504,1,PO-2025-01305,2,BRS,2025-06-05,88,2
GRN-2025-03505,1,PO-2025-01452,1,WAR,2025-06-05,9,0
GRN-2025-03506,1,PO-2025-01466,1,DAV,2025-06-05,19,0
GRN-2025-03507,1,PO-2025-01478,1,BRS,2025-06-05,66,0
GRN-2025-03508,1,PO-2025-01480,1,BRS,2025-06-05,56,0
GRN-2025-03509,1,PO-2025-01480,2,BRS,2025-06-05,152,0
GRN-2025-03510,1,PO-2025-01482,1,DAV,2025-06-05,928,2
GRN-2025-03511,1,PO-2025-01482,4,DAV,2025-06-05,3,0
GRN-2025-03512,1,PO-2025-01399,2,WAR,2025-06-06,8,0
GRN-2025-03513,1,PO-2025-01413,1,DAV,2025-06-06,8,0
GRN-2025-03514,1,PO-2025-01450,1,BRS,2025-06-06,24,0
GRN-2025-03515,1,PO-2025-01456,1,BRS,2025-06-06,75,0
GRN-2025-03516,1,PO-2025-01482,2,DAV,2025-06-06,71,0
GRN-2025-03517,1,PO-2025-01482,3,DAV,2025-06-06,6,0
GRN-2025-03518,1,PO-2025-01313,1,BRS,2025-06-09,1829,47
GRN-2025-03519,1,PO-2025-01422,3,DAV,2025-06-09,11,0
GRN-2025-03520,1,PO-2025-01428,1,DAV,2025-06-09,3,0
GRN-2025-03521,1,PO-2025-01431,2,WAR,2025-06-09,41,0
GRN-2025-03522,1,PO-2025-01437,1,DAV,2025-06-09,24,0
GRN-2025-03523,1,PO-2025-01457,1,DAV,2025-06-09,11,0
GRN-2025-03524,1,PO-2025-01457,2,DAV,2025-06-09,36,0
GRN-2025-03525,1,PO-2025-01458,1,DAV,2025-06-09,150,0
GRN-2025-03526,1,PO-2025-01465,1,DAV,2025-06-09,111,1
GRN-2025-03527,1,PO-2025-01489,1,DAV,2025-06-09,24,0
GRN-2025-03528,1,PO-2025-01491,1,LIV,2025-06-09,26,0
GRN-2025-03529,1,PO-2025-01491,2,LIV,2025-06-09,52,0
GRN-2025-03530,1,PO-2025-01491,3,LIV,2025-06-09,280,0
GRN-2025-03531,1,PO-2025-01278,4,WAR,2025-06-10,2040,39
GRN-2025-03532,1,PO-2025-01444,2,DAV,2025-06-10,6,0
GRN-2025-03533,1,PO-2025-01448,2,DAV,2025-06-10,23,0
GRN-2025-03534,1,PO-2025-01474,1,DAV,2025-06-10,3,0
GRN-2025-03535,1,PO-2025-01492,1,DAV,2025-06-10,3,0
GRN-2025-03536,1,PO-2025-01493,1,WAR,2025-06-10,170,1
GRN-2025-03537,1,PO-2025-01293,4,DAV,2025-06-11,407,8
GRN-2025-03538,1,PO-2025-01403,1,DAV,2025-06-11,10,0
GRN-2025-03539,1,PO-2025-01494,2,DAV,2025-06-11,26,0
GRN-2025-03540,1,PO-2025-01317,1,WAR,2025-06-12,302,6
GRN-2025-03541,1,PO-2025-01460,4,BRS,2025-06-12,3,0
GRN-2025-03542,1,PO-2025-01501,1,BRS,2025-06-12,13,0
GRN-2025-03543,1,PO-2025-01325,2,DAV,2025-06-13,80,1
GRN-2025-03544,1,PO-2025-01447,1,LIV,2025-06-13,245,0
GRN-2025-03545,1,PO-2025-01473,1,LIV,2025-06-13,226,2
GRN-2025-03546,1,PO-2025-01473,2,LIV,2025-06-13,125,1
GRN-2025-03547,1,PO-2025-01499,1,DAV,2025-06-13,15,0
GRN-2025-03548,1,PO-2025-01499,2,DAV,2025-06-13,54,0
GRN-2025-03549,1,PO-2025-01499,3,DAV,2025-06-13,62,0
GRN-2025-03550,1,PO-2025-01500,1,DAV,2025-06-13,21,0
GRN-2025-03551,1,PO-2025-01500,2,DAV,2025-06-13,36,0
GRN-2025-03552,1,PO-2025-01500,3,DAV,2025-06-13,18,0
GRN-2025-03553,1,PO-2025-01501,2,BRS,2025-06-13,152,0
GRN-2025-03554,1,PO-2025-01501,3,BRS,2025-06-13,152,0
GRN-2025-03555,1,PO-2025-01502,1,BRS,2025-06-13,150,0
GRN-2025-03556,1,PO-2025-01199,1,LIV,2025-06-16,1324,26
GRN-2025-03557,1,PO-2025-01457,1,DAV,2025-06-16,4,0
GRN-2025-03558,1,PO-2025-01463,1,WAR,2025-06-16,38,0
GRN-2025-03559,1,PO-2025-01474,2,DAV,2025-06-16,6,0
GRN-2025-03560,1,PO-2025-01494,1,DAV,2025-06-16,18,0
GRN-2025-03561,1,PO-2025-01504,1,BRS,2025-06-16,66,0
GRN-2025-03562,1,PO-2025-01508,2,DAV,2025-06-16,54,0
GRN-2025-03563,1,PO-2025-01325,1,DAV,2025-06-17,303,5
GRN-2025-03564,1,PO-2025-01338,2,BRS,2025-06-17,2037,42
GRN-2025-03565,1,PO-2025-01479,1,BRS,2025-06-17,24,0
GRN-2025-03566,1,PO-2025-01492,1,DAV,2025-06-17,3,0
GRN-2025-03567,1,PO-2025-01505,1,WAR,2025-06-17,37,0
GRN-2025-03568,1,PO-2025-01505,2,WAR,2025-06-17,120,0
GRN-2025-03569,1,PO-2025-01506,1,BRS,2025-06-17,156,0
GRN-2025-03570,1,PO-2025-01508,1,DAV,2025-06-17,208,0
GRN-2025-03571,1,PO-2025-01243,2,BRS,2025-06-18,253,5
GRN-2025-03572,1,PO-2025-01285,1,LIV,2025-06-18,66,0
GRN-2025-03573,1,PO-2025-01413,4,DAV,2025-06-18,14,0
GRN-2025-03574,1,PO-2025-01472,1,WAR,2025-06-18,14,0
GRN-2025-03575,1,PO-2025-01485,1,WAR,2025-06-18,29,0
GRN-2025-03576,1,PO-2025-01500,3,DAV,2025-06-18,6,0
GRN-2025-03577,1,PO-2025-01508,3,DAV,2025-06-18,11,0
GRN-2025-03578,1,PO-2025-01516,2,DAV,2025-06-18,23,1
GRN-2025-03579,1,PO-2025-01517,1,DAV,2025-06-18,8,0
GRN-2025-03580,1,PO-2025-01338,1,BRS,2025-06-19,109,5
GRN-2025-03581,1,PO-2025-01464,1,DAV,2025-06-19,187,0
GRN-2025-03582,1,PO-2025-01482,4,DAV,2025-06-19,2,0
GRN-2025-03583,1,PO-2025-01488,1,DAV,2025-06-19,56,0
GRN-2025-03584,1,PO-2025-01488,2,DAV,2025-06-19,209,1
GRN-2025-03585,1,PO-2025-01488,3,DAV,2025-06-19,42,0
GRN-2025-03586,1,PO-2025-01490,1,DAV,2025-06-19,24,0
GRN-2025-03587,1,PO-2025-01510,1,DAV,2025-06-19,145,0
GRN-2025-03588,1,PO-2025-01510,2,DAV,2025-06-19,139,1
GRN-2025-03589,1,PO-2025-01510,3,DAV,2025-06-19,6,0
GRN-2025-03590,1,PO-2025-01510,4,DAV,2025-06-19,14,0
GRN-2025-03591,1,PO-2025-01513,1,WAR,2025-06-19,76,0
GRN-2025-03592,1,PO-2025-01515,1,BRS,2025-06-19,92,0
GRN-2025-03593,1,PO-2025-01444,4,DAV,2025-06-20,2,1
GRN-2025-03594,1,PO-2025-01518,1,WAR,2025-06-20,337,1
GRN-2025-03595,1,PO-2025-01518,2,WAR,2025-06-20,156,0
GRN-2025-03596,1,PO-2025-01519,1,WAR,2025-06-20,200,0
GRN-2025-03597,1,PO-2025-01521,1,BRS,2025-06-20,180,0
GRN-2025-03598,1,PO-2025-01289,2,BRS,2025-06-23,28,0
GRN-2025-03599,1,PO-2025-01351,1,DAV,2025-06-23,36,0
GRN-2025-03600,1,PO-2025-01351,2,DAV,2025-06-23,461,7
GRN-2025-03601,1,PO-2025-01353,1,LIV,2025-06-23,81,3
GRN-2025-03602,1,PO-2025-01353,2,LIV,2025-06-23,76,2
GRN-2025-03603,1,PO-2025-01456,1,BRS,2025-06-23,23,0
GRN-2025-03604,1,PO-2025-01461,1,DAV,2025-06-23,17,0
GRN-2025-03605,1,PO-2025-01490,2,DAV,2025-06-23,112,0
GRN-2025-03606,1,PO-2025-01523,1,DAV,2025-06-23,8,0
GRN-2025-03607,1,PO-2025-01523,2,DAV,2025-06-23,26,0
GRN-2025-03608,1,PO-2025-01524,1,DAV,2025-06-23,24,0
GRN-2025-03609,1,PO-2025-01524,2,DAV,2025-06-23,54,0
GRN-2025-03610,1,PO-2025-01525,1,WAR,2025-06-23,19,0
GRN-2025-03611,1,PO-2025-01526,1,WAR,2025-06-23,42,0
GRN-2025-03612,1,PO-2025-01526,2,WAR,2025-06-23,191,1
GRN-2025-03613,1,PO-2025-01527,1,BRS,2025-06-23,8,0
GRN-2025-03614,1,PO-2025-01527,2,BRS,2025-06-23,85,0
GRN-2025-03615,1,PO-2025-01527,3,BRS,2025-06-23,36,0
GRN-2025-03616,1,PO-2025-01529,1,DAV,2025-06-23,168,0
GRN-2025-03617,1,PO-2025-01301,1,WAR,2025-06-24,58,2
GRN-2025-03618,1,PO-2025-01507,1,LIV,2025-06-24,144,0
GRN-2025-03619,1,PO-2025-01511,3,WAR,2025-06-24,7,0
GRN-2025-03620,1,PO-2025-01530,1,LIV,2025-06-24,228,0
GRN-2025-03621,1,PO-2025-01483,1,DAV,2025-06-25,27,0
GRN-2025-03622,1,PO-2025-01525,2,WAR,2025-06-25,28,0
GRN-2025-03623,1,PO-2025-01359,1,WAR,2025-06-26,116,4
GRN-2025-03624,1,PO-2025-01359,2,WAR,2025-06-26,256,3
GRN-2025-03625,1,PO-2025-01359,3,WAR,2025-06-26,194,2
GRN-2025-03626,1,PO-2025-01359,4,WAR,2025-06-26,965,25
GRN-2025-03627,1,PO-2025-01483,3,DAV,2025-06-26,15,0
GRN-2025-03628,1,PO-2025-01483,4,DAV,2025-06-26,414,0
GRN-2025-03629,1,PO-2025-01533,1,WAR,2025-06-26,1661,3
GRN-2025-03630,1,PO-2025-01540,3,DAV,2025-06-26,36,0
GRN-2025-03631,1,PO-2025-01488,1,DAV,2025-06-27,29,0
GRN-2025-03632,1,PO-2025-01540,1,DAV,2025-06-27,6,0
GRN-2025-03633,1,PO-2025-01540,2,DAV,2025-06-27,8,0
GRN-2025-03634,1,PO-2025-01540,4,DAV,2025-06-27,9,0
GRN-2025-03635,1,PO-2025-01541,1,BRS,2025-06-27,60,0
GRN-2025-03636,1,PO-2025-01541,2,BRS,2025-06-27,36,0
GRN-2025-03637,1,PO-2025-01542,1,BRS,2025-06-27,24,0
GRN-2025-03638,1,PO-2025-01543,1,LIV,2025-06-27,204,0
GRN-2025-03639,1,PO-2025-01407,1,WAR,2025-06-30,193,5
GRN-2025-03640,1,PO-2025-01497,1,WAR,2025-06-30,11,0
GRN-2025-03641,1,PO-2025-01515,1,BRS,2025-06-30,58,0
GRN-2025-03642,1,PO-2025-01531,3,DAV,2025-06-30,111,1
GRN-2025-03643,1,PO-2025-01547,2,BRS,2025-06-30,48,0
GRN-2025-03644,1,PO-2025-01278,1,WAR,2025-07-01,2061,57
GRN-2025-03645,1,PO-2025-01365,1,BRS,2025-07-01,41,1
GRN-2025-03646,1,PO-2025-01365,2,BRS,2025-07-01,110,2
GRN-2025-03647,1,PO-2025-01372,1,LIV,2025-07-01,267,6
GRN-2025-03648,1,PO-2025-01390,1,DAV,2025-07-01,90,0
GRN-2025-03649,1,PO-2025-01497,2,WAR,2025-07-01,24,0
GRN-2025-03650,1,PO-2025-01511,1,WAR,2025-07-01,22,0
GRN-2025-03651,1,PO-2025-01511,2,WAR,2025-07-01,63,0
GRN-2025-03652,1,PO-2025-01512,1,WAR,2025-07-01,130,0
GRN-2025-03653,1,PO-2025-01512,2,WAR,2025-07-01,14,0
GRN-2025-03654,1,PO-2025-01544,1,WAR,2025-07-01,69,0
GRN-2025-03655,1,PO-2025-01545,1,BRS,2025-07-01,55,0
GRN-2025-03656,1,PO-2025-01547,1,BRS,2025-07-01,150,0
GRN-2025-03657,1,PO-2025-01550,1,WAR,2025-07-01,207,1
GRN-2025-03658,1,PO-2025-01325,2,DAV,2025-07-02,21,0
GRN-2025-03659,1,PO-2025-01390,4,DAV,2025-07-02,162,6
GRN-2025-03660,1,PO-2025-01483,2,DAV,2025-07-02,17,0
GRN-2025-03661,1,PO-2025-01498,1,BRS,2025-07-02,15,0
GRN-2025-03662,1,PO-2025-01516,1,DAV,2025-07-02,4,0
GRN-2025-03663,1,PO-2025-01520,1,BRS,2025-07-02,72,0
GRN-2025-03664,1,PO-2025-01548,1,DAV,2025-07-02,80,0
GRN-2025-03665,1,PO-2025-01548,2,DAV,2025-07-02,18,0
GRN-2025-03666,1,PO-2025-01548,3,DAV,2025-07-02,208,0
GRN-2025-03667,1,PO-2025-01548,4,DAV,2025-07-02,51,0
GRN-2025-03668,1,PO-2025-01549,1,WAR,2025-07-02,144,0
GRN-2025-03669,1,PO-2025-01550,2,WAR,2025-07-02,16,0
GRN-2025-03670,1,PO-2025-01551,1,BRS,2025-07-02,36,0
GRN-2025-03671,1,PO-2025-01365,3,BRS,2025-07-03,456,12
GRN-2025-03672,1,PO-2025-01374,2,DAV,2025-07-03,844,14
GRN-2025-03673,1,PO-2025-01484,1,WAR,2025-07-03,234,6
GRN-2025-03674,1,PO-2025-01527,2,BRS,2025-07-03,65,0
GRN-2025-03675,1,PO-2025-01553,1,BRS,2025-07-03,33,0
GRN-2025-03676,1,PO-2025-01358,1,WAR,2025-07-04,844,14
GRN-2025-03677,1,PO-2025-01494,2,DAV,2025-07-04,11,0
GRN-2025-03678,1,PO-2025-01535,1,BRS,2025-07-04,56,0
GRN-2025-03679,1,PO-2025-01554,1,DAV,2025-07-04,8,0
GRN-2025-03680,1,PO-2025-01554,2,DAV,2025-07-04,150,0
GRN-2025-03681,1,PO-2025-01554,3,DAV,2025-07-04,15,0
GRN-2025-03682,1,PO-2025-01555,1,WAR,2025-07-04,151,1
GRN-2025-03683,1,PO-2025-01555,2,WAR,2025-07-04,45,0
GRN-2025-03684,1,PO-2025-01290,2,LIV,2025-07-07,142,5
GRN-2025-03685,1,PO-2025-01374,1,DAV,2025-07-07,163,5
GRN-2025-03686,1,PO-2025-01390,2,DAV,2025-07-07,75,2
GRN-2025-03687,1,PO-2025-01390,3,DAV,2025-07-07,36,0
GRN-2025-03688,1,PO-2025-01516,4,DAV,2025-07-07,42,0
GRN-2025-03689,1,PO-2025-01531,1,DAV,2025-07-07,45,1
GRN-2025-03690,1,PO-2025-01531,2,DAV,2025-07-07,60,0
GRN-2025-03691,1,PO-2025-01531,4,DAV,2025-07-07,4,0
GRN-2025-03692,1,PO-2025-01483,2,DAV,2025-07-08,7,0
GRN-2025-03693,1,PO-2025-01534,1,BRS,2025-07-08,24,0
GRN-2025-03694,1,PO-2025-01537,1,DAV,2025-07-08,42,0
GRN-2025-03695,1,PO-2025-01558,1,DAV,2025-07-08,21,0
GRN-2025-03696,1,PO-2025-01558,2,DAV,2025-07-08,25,0
GRN-2025-03697,1,PO-2025-01558,3,DAV,2025-07-08,19,0
GRN-2025-03698,1,PO-2025-01558,4,DAV,2025-07-08,14,0
GRN-2025-03699,1,PO-2025-01560,1,WAR,2025-07-08,125,0
GRN-2025-03700,1,PO-2025-01561,1,LIV,2025-07-08,190,0
GRN-2025-03701,1,PO-2025-01511,2,WAR,2025-07-09,27,1
GRN-2025-03702,1,PO-2025-01516,3,DAV,2025-07-09,24,0
GRN-2025-03703,1,PO-2025-01536,1,DAV,2025-07-09,6,0
GRN-2025-03704,1,PO-2025-01536,2,DAV,2025-07-09,58,0
GRN-2025-03705,1,PO-2025-01536,3,DAV,2025-07-09,12,0
GRN-2025-03706,1,PO-2025-01538,1,DAV,2025-07-09,179,1
GRN-2025-03707,1,PO-2025-01539,1,DAV,2025-07-09,179,1
GRN-2025-03708,1,PO-2025-01562,1,DAV,2025-07-09,4,0
GRN-2025-03709,1,PO-2025-01562,2,DAV,2025-07-09,54,0
GRN-2025-03710,1,PO-2025-01562,3,DAV,2025-07-09,28,1
GRN-2025-03711,1,PO-2025-01522,1,BRS,2025-07-10,11,0
GRN-2025-03712,1,PO-2025-01565,1,DAV,2025-07-10,16,0
GRN-2025-03713,1,PO-2025-01565,2,DAV,2025-07-10,36,0
GRN-2025-03714,1,PO-2025-01565,3,DAV,2025-07-10,6,0
GRN-2025-03715,1,PO-2025-01565,4,DAV,2025-07-10,52,1
GRN-2025-03716,1,PO-2025-01566,1,BRS,2025-07-10,767,1
GRN-2025-03717,1,PO-2025-01567,1,BRS,2025-07-10,9,0
GRN-2025-03718,1,PO-2025-01567,2,BRS,2025-07-10,13,0
GRN-2025-03719,1,PO-2025-01567,3,BRS,2025-07-10,7,0
GRN-2025-03720,1,PO-2025-01510,4,DAV,2025-07-11,5,0
GRN-2025-03721,1,PO-2025-01538,2,DAV,2025-07-11,35,0
GRN-2025-03722,1,PO-2025-01538,3,DAV,2025-07-11,2,1
GRN-2025-03723,1,PO-2025-01546,1,BRS,2025-07-11,38,0
GRN-2025-03724,1,PO-2025-01546,2,BRS,2025-07-11,10,0
GRN-2025-03725,1,PO-2025-01571,1,WAR,2025-07-11,21,0
GRN-2025-03726,1,PO-2025-01571,2,WAR,2025-07-11,166,2
GRN-2025-03727,1,PO-2025-01571,3,WAR,2025-07-11,192,0
GRN-2025-03728,1,PO-2025-01573,1,DAV,2025-07-11,18,0
GRN-2025-03729,1,PO-2025-01573,2,DAV,2025-07-11,8,0
GRN-2025-03730,1,PO-2025-01390,1,DAV,2025-07-14,69,1
GRN-2025-03731,1,PO-2025-01528,1,DAV,2025-07-14,55,0
GRN-2025-03732,1,PO-2025-01528,2,DAV,2025-07-14,13,0
GRN-2025-03733,1,PO-2025-01528,3,DAV,2025-07-14,43,0
GRN-2025-03734,1,PO-2025-01528,4,DAV,2025-07-14,17,0
GRN-2025-03735,1,PO-2025-01536,2,DAV,2025-07-14,32,0
GRN-2025-03736,1,PO-2025-01573,3,DAV,2025-07-14,24,0
GRN-2025-03737,1,PO-2025-01575,1,DAV,2025-07-14,81,0
GRN-2025-03738,1,PO-2025-01575,2,DAV,2025-07-14,6,0
GRN-2025-03739,1,PO-2025-01575,3,DAV,2025-07-14,15,0
GRN-2025-03740,1,PO-2025-01419,3,DAV,2025-07-15,89,1
GRN-2025-03741,1,PO-2025-01497,1,WAR,2025-07-15,9,0
GRN-2025-03742,1,PO-2025-01552,1,DAV,2025-07-15,150,0
GRN-2025-03743,1,PO-2025-01552,2,DAV,2025-07-15,9,0
GRN-2025-03744,1,PO-2025-01579,1,WAR,2025-07-15,55,0
GRN-2025-03745,1,PO-2025-01579,2,WAR,2025-07-15,28,0
GRN-2025-03746,1,PO-2025-01583,2,WAR,2025-07-15,35,1
GRN-2025-03747,1,PO-2025-01420,2,LIV,2025-07-16,978,12
GRN-2025-03748,1,PO-2025-01539,2,DAV,2025-07-16,789,6
GRN-2025-03749,1,PO-2025-01550,2,WAR,2025-07-16,9,0
GRN-2025-03750,1,PO-2025-01583,1,WAR,2025-07-16,596,4
GRN-2025-03751,1,PO-2025-01584,1,BRS,2025-07-16,204,0
GRN-2025-03752,1,PO-2025-01584,2,BRS,2025-07-16,36,0
GRN-2025-03753,1,PO-2025-01584,3,BRS,2025-07-16,5,0
GRN-2025-03754,1,PO-2025-01522,1,BRS,2025-07-17,6,0
GRN-2025-03755,1,PO-2025-01579,3,WAR,2025-07-17,106,0
GRN-2025-03756,1,PO-2025-01585,1,DAV,2025-07-17,54,0
GRN-2025-03757,1,PO-2025-01586,1,WAR,2025-07-17,130,0
GRN-2025-03758,1,PO-2025-01419,2,DAV,2025-07-18,89,1
GRN-2025-03759,1,PO-2025-01559,1,DAV,2025-07-18,26,0
GRN-2025-03760,1,PO-2025-01559,2,DAV,2025-07-18,112,0
GRN-2025-03761,1,PO-2025-01563,2,DAV,2025-07-18,19,0
GRN-2025-03762,1,PO-2025-01572,1,BRS,2025-07-18,24,0
GRN-2025-03763,1,PO-2025-01589,1,LIV,2025-07-18,100,0
GRN-2025-03764,1,PO-2025-01591,1,DAV,2025-07-18,1979,5
GRN-2025-03765,1,PO-2025-01353,3,LIV,2025-07-21,141,3
GRN-2025-03766,1,PO-2025-01557,1,WAR,2025-07-21,38,0
GRN-2025-03767,1,PO-2025-01563,1,DAV,2025-07-21,15,0
GRN-2025-03768,1,PO-2025-01574,1,DAV,2025-07-21,26,0
GRN-2025-03769,1,PO-2025-01591,2,DAV,2025-07-21,64,0
GRN-2025-03770,1,PO-2025-01592,1,WAR,2025-07-21,117,0
GRN-2025-03771,1,PO-2025-01599,3,DAV,2025-07-21,9,0
GRN-2025-03772,1,PO-2025-01469,1,BRS,2025-07-22,47,1
GRN-2025-03773,1,PO-2025-01516,4,DAV,2025-07-22,12,0
GRN-2025-03774,1,PO-2025-01574,2,DAV,2025-07-22,23,1
GRN-2025-03775,1,PO-2025-01595,1,DAV,2025-07-22,21,0
GRN-2025-03776,1,PO-2025-01595,2,DAV,2025-07-22,24,0
GRN-2025-03777,1,PO-2025-01596,1,WAR,2025-07-22,21,0
GRN-2025-03778,1,PO-2025-01596,2,WAR,2025-07-22,168,0
GRN-2025-03779,1,PO-2025-01516,1,DAV,2025-07-23,2,0
GRN-2025-03780,1,PO-2025-01528,4,DAV,2025-07-23,10,0
GRN-2025-03781,1,PO-2025-01572,2,BRS,2025-07-23,24,0
GRN-2025-03782,1,PO-2025-01601,1,DAV,2025-07-23,21,0
GRN-2025-03783,1,PO-2025-01601,3,DAV,2025-07-23,7,0
GRN-2025-03784,1,PO-2025-01602,1,WAR,2025-07-23,208,0
GRN-2025-03785,1,PO-2025-01556,1,BRS,2025-07-24,10,1
GRN-2025-03786,1,PO-2025-01568,1,BRS,2025-07-24,5,0
GRN-2025-03787,1,PO-2025-01574,3,DAV,2025-07-24,670,2
GRN-2025-03788,1,PO-2025-01579,3,WAR,2025-07-24,44,0
GRN-2025-03789,1,PO-2025-01605,1,BRS,2025-07-24,156,0
GRN-2025-03790,1,PO-2025-01605,2,BRS,2025-07-24,36,0
GRN-2025-03791,1,PO-2025-01531,4,DAV,2025-07-25,2,0
GRN-2025-03792,1,PO-2025-01584,3,BRS,2025-07-25,3,0
GRN-2025-03793,1,PO-2025-01592,1,WAR,2025-07-25,65,0
GRN-2025-03794,1,PO-2025-01601,2,DAV,2025-07-25,4,0
GRN-2025-03795,1,PO-2025-01608,2,DAV,2025-07-25,12,0
GRN-2025-03796,1,PO-2025-01610,1,WAR,2025-07-25,336,2
GRN-2025-03797,1,PO-2025-01614,2,DAV,2025-07-25,507,3
GRN-2025-03798,1,PO-2025-01442,1,LIV,2025-07-28,1112,28
GRN-2025-03799,1,PO-2025-01442,2,LIV,2025-07-28,461,7
GRN-2025-03800,1,PO-2025-01462,1,WAR,2025-07-28,394,14
GRN-2025-03801,1,PO-2025-01565,1,DAV,2025-07-28,10,0
GRN-2025-03802,1,PO-2025-01582,1,LIV,2025-07-28,101,1
GRN-2025-03803,1,PO-2025-01611,1,DAV,2025-07-28,3,0
GRN-2025-03804,1,PO-2025-01611,2,DAV,2025-07-28,168,0
GRN-2025-03805,1,PO-2025-01612,1,DAV,2025-07-28,4,0
GRN-2025-03806,1,PO-2025-01612,2,DAV,2025-07-28,9,0
GRN-2025-03807,1,PO-2025-01614,1,DAV,2025-07-28,54,0
GRN-2025-03808,1,PO-2025-01614,3,DAV,2025-07-28,17,0
GRN-2025-03809,1,PO-2025-01614,4,DAV,2025-07-28,3,0
GRN-2025-03810,1,PO-2025-01616,1,WAR,2025-07-28,403,2
GRN-2025-03811,1,PO-2025-01618,2,BRS,2025-07-28,5,0
GRN-2025-03812,1,PO-2025-01419,1,DAV,2025-07-29,70,2
GRN-2025-03813,1,PO-2025-01528,2,DAV,2025-07-29,8,0
GRN-2025-03814,1,PO-2025-01546,1,BRS,2025-07-29,17,0
GRN-2025-03815,1,PO-2025-01596,1,WAR,2025-07-29,16,0
GRN-2025-03816,1,PO-2025-01622,1,BRS,2025-07-29,54,1
GRN-2025-03817,1,PO-2025-01622,2,BRS,2025-07-29,16,0
GRN-2025-03818,1,PO-2025-01623,1,BRS,2025-07-29,33,0
GRN-2025-03819,1,PO-2025-01624,2,LIV,2025-07-29,151,1
GRN-2025-03820,1,PO-2025-01484,2,WAR,2025-07-30,251,7
GRN-2025-03821,1,PO-2025-01569,1,BRS,2025-07-30,15,0
GRN-2025-03822,1,PO-2025-01576,1,WAR,2025-07-30,19,0
GRN-2025-03823,1,PO-2025-01588,1,DAV,2025-07-30,4,0
GRN-2025-03824,1,PO-2025-01588,2,DAV,2025-07-30,8,0
GRN-2025-03825,1,PO-2025-01604,2,WAR,2025-07-30,90,1
GRN-2025-03826,1,PO-2025-01609,2,DAV,2025-07-30,84,1
GRN-2025-03827,1,PO-2025-01609,4,DAV,2025-07-30,70,0
GRN-2025-03828,1,PO-2025-01618,1,BRS,2025-07-30,372,0
GRN-2025-03829,1,PO-2025-01627,1,WAR,2025-07-30,27,0
GRN-2025-03830,1,PO-2025-01627,2,WAR,2025-07-30,423,2
GRN-2025-03831,1,PO-2025-01628,1,WAR,2025-07-30,36,0
GRN-2025-03832,1,PO-2025-01453,1,WAR,2025-07-31,140,4
GRN-2025-03833,1,PO-2025-01453,2,WAR,2025-07-31,222,2
GRN-2025-03834,1,PO-2025-01453,3,WAR,2025-07-31,89,1
GRN-2025-03835,1,PO-2025-01592,2,WAR,2025-07-31,60,0
GRN-2025-03836,1,PO-2025-01592,3,WAR,2025-07-31,16,0
GRN-2025-03837,1,PO-2025-01631,1,WAR,2025-07-31,149,1
GRN-2025-03838,1,PO-2025-01631,2,WAR,2025-07-31,144,0
GRN-2025-03839,1,PO-2025-01576,2,WAR,2025-08-01,24,0
GRN-2025-03840,1,PO-2025-01576,3,WAR,2025-08-01,32,0
GRN-2025-03841,1,PO-2025-01576,4,WAR,2025-08-01,20,0
GRN-2025-03842,1,PO-2025-01597,1,BRS,2025-08-01,9,0
GRN-2025-03843,1,PO-2025-01622,2,BRS,2025-08-01,8,0
GRN-2025-03844,1,PO-2025-01632,1,BRS,2025-08-01,36,0
GRN-2025-03845,1,PO-2025-01632,2,BRS,2025-08-01,15,0
GRN-2025-03846,1,PO-2025-01420,1,LIV,2025-08-04,233,5
GRN-2025-03847,1,PO-2025-01420,3,LIV,2025-08-04,178,4
GRN-2025-03848,1,PO-2025-01579,2,WAR,2025-08-04,8,0
GRN-2025-03849,1,PO-2025-01599,1,DAV,2025-08-04,54,0
GRN-2025-03850,1,PO-2025-01599,2,DAV,2025-08-04,24,0
GRN-2025-03851,1,PO-2025-01600,1,DAV,2025-08-04,90,0
GRN-2025-03852,1,PO-2025-01608,3,DAV,2025-08-04,7,0
GRN-2025-03853,1,PO-2025-01624,1,LIV,2025-08-04,272,0
GRN-2025-03854,1,PO-2025-01634,2,BRS,2025-08-04,150,0
GRN-2025-03855,1,PO-2025-01462,2,WAR,2025-08-05,278,10
GRN-2025-03856,1,PO-2025-01604,1,WAR,2025-08-05,155,1
GRN-2025-03857,1,PO-2025-01619,2,BRS,2025-08-05,96,2
GRN-2025-03858,1,PO-2025-01627,1,WAR,2025-08-05,13,0
GRN-2025-03859,1,PO-2025-01634,1,BRS,2025-08-05,18,0
GRN-2025-03860,1,PO-2025-01601,2,DAV,2025-08-06,3,0
GRN-2025-03861,1,PO-2025-01608,1,DAV,2025-08-06,5,1
GRN-2025-03862,1,PO-2025-01608,4,DAV,2025-08-06,3,0
GRN-2025-03863,1,PO-2025-01609,1,DAV,2025-08-06,28,0
GRN-2025-03864,1,PO-2025-01609,3,DAV,2025-08-06,8,0
GRN-2025-03865,1,PO-2025-01495,4,DAV,2025-08-07,76,2
GRN-2025-03866,1,PO-2025-01606,1,LIV,2025-08-07,20,0
GRN-2025-03867,1,PO-2025-01613,1,DAV,2025-08-07,53,1
GRN-2025-03868,1,PO-2025-01613,2,DAV,2025-08-07,59,1
GRN-2025-03869,1,PO-2025-01615,1,DAV,2025-08-07,26,0
GRN-2025-03870,1,PO-2025-01615,2,DAV,2025-08-07,7,0
GRN-2025-03871,1,PO-2025-01617,1,WAR,2025-08-07,129,1
GRN-2025-03872,1,PO-2025-01619,1,BRS,2025-08-07,10,0
GRN-2025-03873,1,PO-2025-01636,1,DAV,2025-08-07,6,0
GRN-2025-03874,1,PO-2025-01644,1,DAV,2025-08-07,6,0
GRN-2025-03875,1,PO-2025-01455,1,LIV,2025-08-08,260,4
GRN-2025-03876,1,PO-2025-01621,1,WAR,2025-08-08,104,0
GRN-2025-03877,1,PO-2025-01639,1,LIV,2025-08-08,26,0
GRN-2025-03878,1,PO-2025-01640,3,BRS,2025-08-08,7,1
GRN-2025-03879,1,PO-2025-01476,1,DAV,2025-08-11,772,19
GRN-2025-03880,1,PO-2025-01476,2,DAV,2025-08-11,112,3
GRN-2025-03881,1,PO-2025-01598,2,BRS,2025-08-11,15,0
GRN-2025-03882,1,PO-2025-01603,2,DAV,2025-08-11,15,0
GRN-2025-03883,1,PO-2025-01626,1,DAV,2025-08-11,24,0
GRN-2025-03884,1,PO-2025-01639,2,LIV,2025-08-11,52,0
GRN-2025-03885,1,PO-2025-01640,1,BRS,2025-08-11,13,0
GRN-2025-03886,1,PO-2025-01640,2,BRS,2025-08-11,152,0
GRN-2025-03887,1,PO-2025-01641,3,DAV,2025-08-11,7,0
GRN-2025-03888,1,PO-2025-01486,2,BRS,2025-08-12,65,1
GRN-2025-03889,1,PO-2025-01556,1,BRS,2025-08-12,6,0
GRN-2025-03890,1,PO-2025-01582,1,LIV,2025-08-12,42,0
GRN-2025-03891,1,PO-2025-01630,2,DAV,2025-08-12,291,3
GRN-2025-03892,1,PO-2025-01641,1,DAV,2025-08-12,26,0
GRN-2025-03893,1,PO-2025-01641,2,DAV,2025-08-12,71,0
GRN-2025-03894,1,PO-2025-01641,4,DAV,2025-08-12,46,0
GRN-2025-03895,1,PO-2025-01481,2,DAV,2025-08-13,2071,47
GRN-2025-03896,1,PO-2025-01481,3,DAV,2025-08-13,84,0
GRN-2025-03897,1,PO-2025-01486,1,BRS,2025-08-13,29,1
GRN-2025-03898,1,PO-2025-01487,2,LIV,2025-08-13,131,1
GRN-2025-03899,1,PO-2025-01487,3,LIV,2025-08-13,356,8
GRN-2025-03900,1,PO-2025-01503,2,DAV,2025-08-13,658,8
GRN-2025-03901,1,PO-2025-01603,1,DAV,2025-08-13,12,0
GRN-2025-03902,1,PO-2025-01646,1,DAV,2025-08-13,362,2
GRN-2025-03903,1,PO-2025-01647,1,BRS,2025-08-13,180,0
GRN-2025-03904,1,PO-2025-01650,2,WAR,2025-08-13,59,0
GRN-2025-03905,1,PO-2025-01633,1,WAR,2025-08-14,6,0
GRN-2025-03906,1,PO-2025-01648,1,DAV,2025-08-14,8,0
GRN-2025-03907,1,PO-2025-01648,2,DAV,2025-08-14,248,0
GRN-2025-03908,1,PO-2025-01648,3,DAV,2025-08-14,6,0
GRN-2025-03909,1,PO-2025-01648,4,DAV,2025-08-14,6,0
GRN-2025-03910,1,PO-2025-01650,1,WAR,2025-08-14,25,0
GRN-2025-03911,1,PO-2025-01652,1,BRS,2025-08-14,766,2
GRN-2025-03912,1,PO-2025-01652,2,BRS,2025-08-14,60,0
GRN-2025-03913,1,PO-2025-01487,1,LIV,2025-08-15,2088,30
GRN-2025-03914,1,PO-2025-01626,2,DAV,2025-08-15,53,1
GRN-2025-03915,1,PO-2025-01656,1,DAV,2025-08-15,54,0
GRN-2025-03916,1,PO-2025-01656,2,DAV,2025-08-15,8,0
GRN-2025-03917,1,PO-2025-01657,1,DAV,2025-08-15,145,0
GRN-2025-03918,1,PO-2025-01657,2,DAV,2025-08-15,6,0
GRN-2025-03919,1,PO-2025-01657,4,DAV,2025-08-15,4,0
GRN-2025-03920,1,PO-2025-01658,1,DAV,2025-08-15,21,0
GRN-2025-03921,1,PO-2025-01658,2,DAV,2025-08-15,12,0
GRN-2025-03922,1,PO-2025-01658,3,DAV,2025-08-15,7,0
GRN-2025-03923,1,PO-2025-01495,1,DAV,2025-08-18,23,1
GRN-2025-03924,1,PO-2025-01495,2,DAV,2025-08-18,110,4
GRN-2025-03925,1,PO-2025-01495,3,DAV,2025-08-18,1373,27
GRN-2025-03926,1,PO-2025-01496,2,WAR,2025-08-18,132,6
GRN-2025-03927,1,PO-2025-01496,3,WAR,2025-08-18,144,3
GRN-2025-03928,1,PO-2025-01630,2,DAV,2025-08-18,112,0
GRN-2025-03929,1,PO-2025-01660,1,WAR,2025-08-18,125,0
GRN-2025-03930,1,PO-2025-01649,1,DAV,2025-08-19,208,2
GRN-2025-03931,1,PO-2025-01657,3,DAV,2025-08-19,140,0
GRN-2025-03932,1,PO-2025-01664,2,DAV,2025-08-19,5,0
GRN-2025-03933,1,PO-2025-01638,1,BRS,2025-08-20,44,0
GRN-2025-03934,1,PO-2025-01638,2,BRS,2025-08-20,10,0
GRN-2025-03935,1,PO-2025-01663,1,DAV,2025-08-20,463,2
GRN-2025-03936,1,PO-2025-01663,2,DAV,2025-08-20,9,1
GRN-2025-03937,1,PO-2025-01663,3,DAV,2025-08-20,6,0
GRN-2025-03938,1,PO-2025-01664,1,DAV,2025-08-20,198,0
GRN-2025-03939,1,PO-2025-01664,3,DAV,2025-08-20,36,0
GRN-2025-03940,1,PO-2025-01666,2,DAV,2025-08-20,8,0
GRN-2025-03941,1,PO-2025-01476,2,DAV,2025-08-21,32,0
GRN-2025-03942,1,PO-2025-01598,1,BRS,2025-08-21,14,1
GRN-2025-03943,1,PO-2025-01630,1,DAV,2025-08-21,24,0
GRN-2025-03944,1,PO-2025-01666,1,DAV,2025-08-21,4,0
GRN-2025-03945,1,PO-2025-01666,3,DAV,2025-08-21,9,0
GRN-2025-03946,1,PO-2025-01666,4,DAV,2025-08-21,6,0
GRN-2025-03947,1,PO-2025-01671,3,WAR,2025-08-21,37,0
GRN-2025-03948,1,PO-2025-01481,4,DAV,2025-08-22,311,4
GRN-2025-03949,1,PO-2025-01580,2,BRS,2025-08-22,286,2
GRN-2025-03950,1,PO-2025-01642,1,DAV,2025-08-22,25,1
GRN-2025-03951,1,PO-2025-01651,1,WAR,2025-08-22,75,0
GRN-2025-03952,1,PO-2025-01651,2,WAR,2025-08-22,22,0
GRN-2025-03953,1,PO-2025-01671,1,WAR,2025-08-22,21,0
GRN-2025-03954,1,PO-2025-01671,2,WAR,2025-08-22,50,0
GRN-2025-03955,1,PO-2025-01671,4,WAR,2025-08-22,17,1
GRN-2025-03956,1,PO-2025-01672,1,BRS,2025-08-22,3,0
GRN-2025-03957,1,PO-2025-01672,2,BRS,2025-08-22,22,0
GRN-2025-03958,1,PO-2025-01672,3,BRS,2025-08-22,9,0
GRN-2025-03959,1,PO-2025-01496,1,WAR,2025-08-26,476,11
GRN-2025-03960,1,PO-2025-01592,3,WAR,2025-08-26,6,0
GRN-2025-03961,1,PO-2025-01655,2,DAV,2025-08-26,149,1
GRN-2025-03962,1,PO-2025-01673,1,DAV,2025-08-26,19,0
GRN-2025-03963,1,PO-2025-01677,1,BRS,2025-08-26,60,0
GRN-2025-03964,1,PO-2025-01424,1,DAV,2025-08-27,287,1
GRN-2025-03965,1,PO-2025-01514,1,WAR,2025-08-27,151,4
GRN-2025-03966,1,PO-2025-01570,4,DAV,2025-08-27,24,0
GRN-2025-03967,1,PO-2025-01645,2,DAV,2025-08-27,15,1
GRN-2025-03968,1,PO-2025-01649,2,DAV,2025-08-27,24,0
GRN-2025-03969,1,PO-2025-01649,3,DAV,2025-08-27,110,2
GRN-2025-03970,1,PO-2025-01649,4,DAV,2025-08-27,70,0
GRN-2025-03971,1,PO-2025-01653,1,BRS,2025-08-27,56,0
GRN-2025-03972,1,PO-2025-01678,1,DAV,2025-08-27,11,0
GRN-2025-03973,1,PO-2025-01678,2,DAV,2025-08-27,8,0
GRN-2025-03974,1,PO-2025-01680,1,BRS,2025-08-27,204,0
GRN-2025-03975,1,PO-2025-01680,2,BRS,2025-08-27,8,0
GRN-2025-03976,1,PO-2025-01680,3,BRS,2025-08-27,7,0
GRN-2025-03977,1,PO-2025-01681,1,BRS,2025-08-27,152,0
GRN-2025-03978,1,PO-2025-01638,1,BRS,2025-08-28,12,0
GRN-2025-03979,1,PO-2025-01641,3,DAV,2025-08-28,4,0
GRN-2025-03980,1,PO-2025-01655,1,DAV,2025-08-28,9,0
GRN-2025-03981,1,PO-2025-01655,3,DAV,2025-08-28,10,0
GRN-2025-03982,1,PO-2025-01659,1,DAV,2025-08-28,45,1
GRN-2025-03983,1,PO-2025-01659,2,DAV,2025-08-28,67,1
GRN-2025-03984,1,PO-2025-01684,1,DAV,2025-08-28,6,0
GRN-2025-03985,1,PO-2025-01684,2,DAV,2025-08-28,4,0
GRN-2025-03986,1,PO-2025-01686,1,DAV,2025-08-28,1981,3
GRN-2025-03987,1,PO-2025-01690,1,WAR,2025-08-28,100,0
GRN-2025-03988,1,PO-2025-01469,2,BRS,2025-08-29,138,0
GRN-2025-03989,1,PO-2025-01496,1,WAR,2025-08-29,300,4
GRN-2025-03990,1,PO-2025-01661,1,LIV,2025-08-29,30,2
GRN-2025-03991,1,PO-2025-01668,1,LIV,2025-08-29,227,1
GRN-2025-03992,1,PO-2025-01669,1,DAV,2025-08-29,2,0
GRN-2025-03993,1,PO-2025-01672,1,BRS,2025-08-29,2,0
GRN-2025-03994,1,PO-2025-01685,1,DAV,2025-08-29,3,0
GRN-2025-03995,1,PO-2025-01685,2,DAV,2025-08-29,112,1
GRN-2025-03996,1,PO-2025-01685,3,DAV,2025-08-29,7,0
GRN-2025-03997,1,PO-2025-01685,4,DAV,2025-08-29,21,0
GRN-2025-03998,1,PO-2025-01688,1,DAV,2025-08-29,8,0
GRN-2025-03999,1,PO-2025-01688,2,DAV,2025-08-29,80,1
GRN-2025-04000,1,PO-2025-01692,1,WAR,2025-08-29,130,0
GRN-2025-04001,1,PO-2025-01692,2,WAR,2025-08-29,1661,3
GRN-2025-04002,1,PO-2025-01693,1,WAR,2025-08-29,207,1
GRN-2025-04003,1,PO-2025-01693,2,WAR,2025-08-29,42,0
GRN-2025-04004,1,PO-2025-01693,3,WAR,2025-08-29,120,0
GRN-2025-04005,1,PO-2025-01509,1,LIV,2025-09-01,368,10
GRN-2025-04006,1,PO-2025-01514,1,WAR,2025-09-01,115,3
GRN-2025-04007,1,PO-2025-01609,1,DAV,2025-09-01,13,1
GRN-2025-04008,1,PO-2025-01662,1,DAV,2025-09-01,5,1
GRN-2025-04009,1,PO-2025-01695,1,DAV,2025-09-01,672,0
GRN-2025-04010,1,PO-2025-01695,2,DAV,2025-09-01,21,0
GRN-2025-04011,1,PO-2025-01696,1,DAV,2025-09-01,4,0
GRN-2025-04012,1,PO-2025-01696,2,DAV,2025-09-01,44,0
GRN-2025-04013,1,PO-2025-01696,3,DAV,2025-09-01,208,0
GRN-2025-04014,1,PO-2025-01532,1,WAR,2025-09-02,64,2
GRN-2025-04015,1,PO-2025-01645,3,DAV,2025-09-02,24,0
GRN-2025-04016,1,PO-2025-01665,1,WAR,2025-09-02,14,0
GRN-2025-04017,1,PO-2025-01667,1,BRS,2025-09-02,98,0
GRN-2025-04018,1,PO-2025-01669,3,DAV,2025-09-02,54,0
GRN-2025-04019,1,PO-2025-01481,1,DAV,2025-09-03,4,1
GRN-2025-04020,1,PO-2025-01645,1,DAV,2025-09-03,55,0
GRN-2025-04021,1,PO-2025-01667,2,BRS,2025-09-03,55,0
GRN-2025-04022,1,PO-2025-01699,1,DAV,2025-09-03,20,1
GRN-2025-04023,1,PO-2025-01699,2,DAV,2025-09-03,3,0
GRN-2025-04024,1,PO-2025-01700,2,DAV,2025-09-03,4,0
GRN-2025-04025,1,PO-2025-01532,2,WAR,2025-09-04,150,4
GRN-2025-04026,1,PO-2025-01669,1,DAV,2025-09-04,2,0
GRN-2025-04027,1,PO-2025-01669,2,DAV,2025-09-04,297,3
GRN-2025-04028,1,PO-2025-01704,1,WAR,2025-09-04,16,0
GRN-2025-04029,1,PO-2025-01704,2,WAR,2025-09-04,150,0
GRN-2025-04030,1,PO-2025-01705,1,BRS,2025-09-04,8,0
GRN-2025-04031,1,PO-2025-01705,2,BRS,2025-09-04,36,0
GRN-2025-04032,1,PO-2025-01705,3,BRS,2025-09-04,32,0
GRN-2025-04033,1,PO-2025-01706,1,BRS,2025-09-04,38,0
GRN-2025-04034,1,PO-2025-01707,1,LIV,2025-09-04,189,1
GRN-2025-04035,1,PO-2025-01603,1,DAV,2025-09-05,10,0
GRN-2025-04036,1,PO-2025-01674,1,DAV,2025-09-05,26,0
GRN-2025-04037,1,PO-2025-01674,2,DAV,2025-09-05,5,0
GRN-2025-04038,1,PO-2025-01687,1,DAV,2025-09-05,134,1
GRN-2025-04039,1,PO-2025-01709,1,BRS,2025-09-05,13,0
GRN-2025-04040,1,PO-2025-01709,2,BRS,2025-09-05,36,0
GRN-2025-04041,1,PO-2025-01487,4,LIV,2025-09-08,340,8
GRN-2025-04042,1,PO-2025-01668,2,LIV,2025-09-08,126,0
GRN-2025-04043,1,PO-2025-01700,1,DAV,2025-09-08,6,0
GRN-2025-04044,1,PO-2025-01702,1,LIV,2025-09-08,175,0
GRN-2025-04045,1,PO-2025-01712,1,BRS,2025-09-08,66,0
GRN-2025-04046,1,PO-2025-01714,1,BRS,2025-09-08,152,0
GRN-2025-04047,1,PO-2025-01717,1,DAV,2025-09-08,36,0
GRN-2025-04048,1,PO-2025-01716,1,DAV,2025-09-09,112,0
GRN-2025-04049,1,PO-2025-01716,2,DAV,2025-09-09,180,0
GRN-2025-04050,1,PO-2025-01716,3,DAV,2025-09-09,53,1
GRN-2025-04051,1,PO-2025-01718,1,BRS,2025-09-09,150,0
GRN-2025-04052,1,PO-2025-01580,1,BRS,2025-09-10,847,11
GRN-2025-04053,1,PO-2025-01645,2,DAV,2025-09-10,8,0
GRN-2025-04054,1,PO-2025-01689,1,DAV,2025-09-10,8,0
GRN-2025-04055,1,PO-2025-01697,1,WAR,2025-09-10,180,2
GRN-2025-04056,1,PO-2025-01719,1,DAV,2025-09-10,248,0
GRN-2025-04057,1,PO-2025-01719,2,DAV,2025-09-10,18,0
GRN-2025-04058,1,PO-2025-01719,3,DAV,2025-09-10,53,0
GRN-2025-04059,1,PO-2025-01719,4,DAV,2025-09-10,197,1
GRN-2025-04060,1,PO-2025-01720,1,DAV,2025-09-10,167,1
GRN-2025-04061,1,PO-2025-01723,1,LIV,2025-09-10,272,0
GRN-2025-04062,1,PO-2025-01663,2,DAV,2025-09-11,5,0
GRN-2025-04063,1,PO-2025-01671,2,WAR,2025-09-11,16,0
GRN-2025-04064,1,PO-2025-01708,1,WAR,2025-09-11,104,0
GRN-2025-04065,1,PO-2025-01724,1,DAV,2025-09-11,232,0
GRN-2025-04066,1,PO-2025-01724,2,DAV,2025-09-11,171,0
GRN-2025-04067,1,PO-2025-01726,1,WAR,2025-09-11,69,0
GRN-2025-04068,1,PO-2025-01730,1,BRS,2025-09-11,156,0
GRN-2025-04069,1,PO-2025-01694,1,BRS,2025-09-12,24,0
GRN-2025-04070,1,PO-2025-01697,2,WAR,2025-09-12,36,0
GRN-2025-04071,1,PO-2025-01706,1,BRS,2025-09-12,22,0
GRN-2025-04072,1,PO-2025-01744,1,BRS,2025-09-12,72,0
GRN-2025-04073,1,PO-2025-01684,2,DAV,2025-09-15,2,0
GRN-2025-04074,1,PO-2025-01701,1,DAV,2025-09-15,35,0
GRN-2025-04075,1,PO-2025-01733,1,BRS,2025-09-15,59,1
GRN-2025-04076,1,PO-2025-01578,1,WAR,2025-09-16,47,1
GRN-2025-04077,1,PO-2025-01734,1,DAV,2025-09-16,8,0
GRN-2025-04078,1,PO-2025-01736,1,DAV,2025-09-16,62,0
GRN-2025-04079,1,PO-2025-01736,2,DAV,2025-09-16,36,0
GRN-2025-04080,1,PO-2025-01736,3,DAV,2025-09-16,8,0
GRN-2025-04081,1,PO-2025-01672,2,BRS,2025-09-17,14,0
GRN-2025-04082,1,PO-2025-01685,2,DAV,2025-09-17,42,0
GRN-2025-04083,1,PO-2025-01740,1,DAV,2025-09-17,21,0
GRN-2025-04084,1,PO-2025-01740,2,DAV,2025-09-17,8,0
GRN-2025-04085,1,PO-2025-01741,1,DAV,2025-09-17,6,0
GRN-2025-04086,1,PO-2025-01741,2,DAV,2025-09-17,30,0
GRN-2025-04087,1,PO-2025-01741,3,DAV,2025-09-17,5,0
GRN-2025-04088,1,PO-2025-01742,1,WAR,2025-09-17,200,0
GRN-2025-04089,1,PO-2025-01747,2,BRS,2025-09-17,5,0
GRN-2025-04090,1,PO-2025-01570,1,DAV,2025-09-18,357,7
GRN-2025-04091,1,PO-2025-01691,1,WAR,2025-09-18,25,0
GRN-2025-04092,1,PO-2025-01746,1,DAV,2025-09-18,44,0
GRN-2025-04093,1,PO-2025-01747,1,BRS,2025-09-18,9,0
GRN-2025-04094,1,PO-2025-01747,3,BRS,2025-09-18,7,0
GRN-2025-04095,1,PO-2025-01747,4,BRS,2025-09-18,371,1
GRN-2025-04096,1,PO-2025-01748,1,BRS,2025-09-18,32,1
GRN-2025-04097,1,PO-2025-01728,3,DAV,2025-09-19,24,0
GRN-2025-04098,1,PO-2025-01738,2,BRS,2025-09-19,55,1
GRN-2025-04099,1,PO-2025-01751,2,DAV,2025-09-19,8,0
GRN-2025-04100,1,PO-2025-01751,3,DAV,2025-09-19,6,0
GRN-2025-04101,1,PO-2025-01570,2,DAV,2025-09-22,150,4
GRN-2025-04102,1,PO-2025-01570,3,DAV,2025-09-22,71,1
GRN-2025-04103,1,PO-2025-01581,1,LIV,2025-09-22,66,0
GRN-2025-04104,1,PO-2025-01687,1,DAV,2025-09-22,45,0
GRN-2025-04105,1,PO-2025-01696,1,DAV,2025-09-22,2,0
GRN-2025-04106,1,PO-2025-01703,2,DAV,2025-09-22,37,0
GRN-2025-04107,1,PO-2025-01715,1,DAV,2025-09-22,26,0
GRN-2025-04108,1,PO-2025-01721,1,BRS,2025-09-22,54,0
GRN-2025-04109,1,PO-2025-01587,1,BRS,2025-09-23,367,5
GRN-2025-04110,1,PO-2025-01705,3,BRS,2025-09-23,21,2
GRN-2025-04111,1,PO-2025-01725,1,DAV,2025-09-23,149,1
GRN-2025-04112,1,PO-2025-01727,1,WAR,2025-09-23,74,1
GRN-2025-04113,1,PO-2025-01736,3,DAV,2025-09-23,7,0
GRN-2025-04114,1,PO-2025-01751,1,DAV,2025-09-23,54,0
GRN-2025-04115,1,PO-2025-01754,1,WAR,2025-09-23,23,0
GRN-2025-04116,1,PO-2025-01754,2,WAR,2025-09-23,403,2
GRN-2025-04117,1,PO-2025-01368,1,DAV,2025-09-24,361,11
GRN-2025-04118,1,PO-2025-01564,1,LIV,2025-09-24,110,2
GRN-2025-04119,1,PO-2025-01703,1,DAV,2025-09-24,10,0
GRN-2025-04120,1,PO-2025-01703,3,DAV,2025-09-24,21,0
GRN-2025-04121,1,PO-2025-01703,4,DAV,2025-09-24,54,1
GRN-2025-04122,1,PO-2025-01728,2,DAV,2025-09-24,6,0
GRN-2025-04123,1,PO-2025-01738,1,BRS,2025-09-24,10,0
GRN-2025-04124,1,PO-2025-01755,1,DAV,2025-09-24,247,1
GRN-2025-04125,1,PO-2025-01755,2,DAV,2025-09-24,509,1
GRN-2025-04126,1,PO-2025-01755,3,DAV,2025-09-24,54,0
GRN-2025-04127,1,PO-2025-01760,1,BRS,2025-09-24,204,0
GRN-2025-04128,1,PO-2025-01760,2,BRS,2025-09-24,36,0
GRN-2025-04129,1,PO-2025-01760,3,BRS,2025-09-24,18,0
GRN-2025-04130,1,PO-2025-01760,4,BRS,2025-09-24,150,0
GRN-2025-04131,1,PO-2025-01691,1,WAR,2025-09-25,13,0
GRN-2025-04132,1,PO-2025-01763,1,DAV,2025-09-25,7,0
GRN-2025-04133,1,PO-2025-01766,1,WAR,2025-09-25,151,1
GRN-2025-04134,1,PO-2025-01766,2,WAR,2025-09-25,260,0
GRN-2025-04135,1,PO-2025-01766,3,WAR,2025-09-25,25,0
GRN-2025-04136,1,PO-2025-01766,4,WAR,2025-09-25,16,0
GRN-2025-04137,1,PO-2025-01767,1,BRS,2025-09-25,5,0
GRN-2025-04138,1,PO-2025-01767,2,BRS,2025-09-25,13,0
GRN-2025-04139,1,PO-2025-01577,1,LIV,2025-09-26,1364,36
GRN-2025-04140,1,PO-2025-01590,1,DAV,2025-09-26,162,6
GRN-2025-04141,1,PO-2025-01593,1,WAR,2025-09-26,176,6
GRN-2025-04142,1,PO-2025-01594,1,BRS,2025-09-26,65,1
GRN-2025-04143,1,PO-2025-01682,1,BRS,2025-09-26,15,0
GRN-2025-04144,1,PO-2025-01711,1,DAV,2025-09-26,15,0
GRN-2025-04145,1,PO-2025-01728,1,DAV,2025-09-26,24,0
GRN-2025-04146,1,PO-2025-01737,1,WAR,2025-09-26,20,0
GRN-2025-04147,1,PO-2025-01738,3,BRS,2025-09-26,98,0
GRN-2025-04148,1,PO-2025-01738,4,BRS,2025-09-26,31,0
GRN-2025-04149,1,PO-2025-01768,1,DAV,2025-09-26,11,0
GRN-2025-04150,1,PO-2025-01769,1,WAR,2025-09-26,45,0
GRN-2025-04151,1,PO-2025-01769,2,WAR,2025-09-26,40,0
GRN-2025-04152,1,PO-2025-01743,1,BRS,2025-09-29,9,0
GRN-2025-04153,1,PO-2025-01771,1,DAV,2025-09-29,54,0
GRN-2025-04154,1,PO-2025-01771,2,DAV,2025-09-29,51,0
GRN-2025-04155,1,PO-2025-01774,1,WAR,2025-09-29,231,0
GRN-2025-04156,1,PO-2025-01774,2,WAR,2025-09-29,100,0
GRN-2025-04157,1,PO-2025-01774,3,WAR,2025-09-29,47,0
GRN-2025-04158,1,PO-2025-01593,2,WAR,2025-09-30,1636,30
GRN-2025-04159,1,PO-2025-01741,2,DAV,2025-09-30,24,0
GRN-2025-04160,1,PO-2025-01757,4,DAV,2025-09-30,5,0
GRN-2025-04161,1,PO-2025-01772,2,DAV,2025-09-30,12,0
GRN-2025-04162,1,PO-2025-01776,1,DAV,2025-09-30,6,0
GRN-2025-04163,1,PO-2025-01503,1,DAV,2025-10-01,195,3
GRN-2025-04164,1,PO-2025-01607,1,LIV,2025-10-01,135,3
GRN-2025-04165,1,PO-2025-01719,2,DAV,2025-10-01,8,0
GRN-2025-04166,1,PO-2025-01738,4,BRS,2025-10-01,9,0
GRN-2025-04167,1,PO-2025-01754,1,WAR,2025-10-01,13,0
GRN-2025-04168,1,PO-2025-01778,1,DAV,2025-10-01,232,0
GRN-2025-04169,1,PO-2025-01778,2,DAV,2025-10-01,29,0
GRN-2025-04170,1,PO-2025-01778,3,DAV,2025-10-01,4,0
GRN-2025-04171,1,PO-2025-01778,4,DAV,2025-10-01,8,0
GRN-2025-04172,1,PO-2025-01780,1,BRS,2025-10-01,5,0
GRN-2025-04173,1,PO-2025-01780,2,BRS,2025-10-01,33,0
GRN-2025-04174,1,PO-2025-01737,1,WAR,2025-10-02,9,0
GRN-2025-04175,1,PO-2025-01752,1,WAR,2025-10-02,22,0
GRN-2025-04176,1,PO-2025-01782,2,DAV,2025-10-02,8,0
GRN-2025-04177,1,PO-2025-01783,1,WAR,2025-10-02,424,1
GRN-2025-04178,1,PO-2025-01783,2,WAR,2025-10-02,53,1
GRN-2025-04179,1,PO-2025-01784,1,WAR,2025-10-02,156,0
GRN-2025-04180,1,PO-2025-01785,1,WAR,2025-10-02,150,0
GRN-2025-04181,1,PO-2025-01785,2,WAR,2025-10-02,597,3
GRN-2025-04182,1,PO-2025-01620,1,BRS,2025-10-03,146,1
GRN-2025-04183,1,PO-2025-01620,2,BRS,2025-10-03,772,19
GRN-2025-04184,1,PO-2025-01753,1,DAV,2025-10-03,7,1
GRN-2025-04185,1,PO-2025-01756,1,DAV,2025-10-03,179,1
GRN-2025-04186,1,PO-2025-01759,3,WAR,2025-10-03,25,1
GRN-2025-04187,1,PO-2025-01787,1,DAV,2025-10-03,120,0
GRN-2025-04188,1,PO-2025-01787,2,DAV,2025-10-03,363,1
GRN-2025-04189,1,PO-2025-01787,3,DAV,2025-10-03,54,0
GRN-2025-04190,1,PO-2025-01787,4,DAV,2025-10-03,112,0
GRN-2025-04191,1,PO-2025-01790,1,BRS,2025-10-03,9,0
GRN-2025-04192,1,PO-2025-01790,2,BRS,2025-10-03,151,1
GRN-2025-04193,1,PO-2025-01756,2,DAV,2025-10-06,24,0
GRN-2025-04194,1,PO-2025-01757,2,DAV,2025-10-06,26,0
GRN-2025-04195,1,PO-2025-01757,3,DAV,2025-10-06,42,0
GRN-2025-04196,1,PO-2025-01758,1,DAV,2025-10-06,46,0
GRN-2025-04197,1,PO-2025-01758,2,DAV,2025-10-06,111,1
GRN-2025-04198,1,PO-2025-01758,3,DAV,2025-10-06,9,0
GRN-2025-04199,1,PO-2025-01758,4,DAV,2025-10-06,46,0
GRN-2025-04200,1,PO-2025-01793,2,DAV,2025-10-06,36,0
GRN-2025-04201,1,PO-2025-01793,3,DAV,2025-10-06,14,0
GRN-2025-04202,1,PO-2025-01794,1,DAV,2025-10-06,170,1
GRN-2025-04203,1,PO-2025-01625,1,DAV,2025-10-07,161,7
GRN-2025-04204,1,PO-2025-01629,1,LIV,2025-10-07,399,9
GRN-2025-04205,1,PO-2025-01629,2,LIV,2025-10-07,614,15
GRN-2025-04206,1,PO-2025-01772,3,DAV,2025-10-07,35,0
GRN-2025-04207,1,PO-2025-01797,1,DAV,2025-10-07,1979,5
GRN-2025-04208,1,PO-2025-01797,2,DAV,2025-10-07,19,0
GRN-2025-04209,1,PO-2025-01797,3,DAV,2025-10-07,140,0
GRN-2025-04210,1,PO-2025-01797,4,DAV,2025-10-07,145,0
GRN-2025-04211,1,PO-2025-01801,1,BRS,2025-10-07,36,0
GRN-2025-04212,1,PO-2025-01607,2,LIV,2025-10-08,850,20
GRN-2025-04213,1,PO-2025-01756,3,DAV,2025-10-08,788,7
GRN-2025-04214,1,PO-2025-01793,1,DAV,2025-10-08,19,0
GRN-2025-04215,1,PO-2025-01802,1,WAR,2025-10-08,275,0
GRN-2025-04216,1,PO-2025-01802,2,WAR,2025-10-08,15,0
GRN-2025-04217,1,PO-2025-01803,1,WAR,2025-10-08,129,1
GRN-2025-04218,1,PO-2025-01803,2,WAR,2025-10-08,56,0
GRN-2025-04219,1,PO-2025-01804,1,WAR,2025-10-08,66,0
GRN-2025-04220,1,PO-2025-01804,2,WAR,2025-10-08,150,0
GRN-2025-04221,1,PO-2025-01804,3,WAR,2025-10-08,13,0
GRN-2025-04222,1,PO-2025-01805,1,BRS,2025-10-08,13,0
GRN-2025-04223,1,PO-2025-01809,3,DAV,2025-10-08,24,0
GRN-2025-04224,1,PO-2025-01750,1,DAV,2025-10-09,14,1
GRN-2025-04225,1,PO-2025-01772,1,DAV,2025-10-09,179,1
GRN-2025-04226,1,PO-2025-01772,4,DAV,2025-10-09,4,0
GRN-2025-04227,1,PO-2025-01796,2,DAV,2025-10-09,15,0
GRN-2025-04228,1,PO-2025-01799,2,WAR,2025-10-09,29,0
GRN-2025-04229,1,PO-2025-01807,1,DAV,2025-10-09,26,0
GRN-2025-04230,1,PO-2025-01807,2,DAV,2025-10-09,4,0
GRN-2025-04231,1,PO-2025-01807,3,DAV,2025-10-09,44,0
GRN-2025-04232,1,PO-2025-01807,4,DAV,2025-10-09,6,0
GRN-2025-04233,1,PO-2025-01810,1,DAV,2025-10-09,18,0
GRN-2025-04234,1,PO-2025-01703,1,DAV,2025-10-10,5,0
GRN-2025-04235,1,PO-2025-01757,1,DAV,2025-10-10,210,0
GRN-2025-04236,1,PO-2025-01777,1,BRS,2025-10-10,55,1
GRN-2025-04237,1,PO-2025-01777,2,BRS,2025-10-10,24,0
GRN-2025-04238,1,PO-2025-01791,1,BRS,2025-10-10,72,0
GRN-2025-04239,1,PO-2025-01809,1,DAV,2025-10-10,21,0
GRN-2025-04240,1,PO-2025-01809,2,DAV,2025-10-10,3,0
GRN-2025-04241,1,PO-2025-01810,2,DAV,2025-10-10,37,0
GRN-2025-04242,1,PO-2025-01810,3,DAV,2025-10-10,24,0
GRN-2025-04243,1,PO-2025-01813,1,BRS,2025-10-10,152,0
GRN-2025-04244,1,PO-2025-01813,2,BRS,2025-10-10,36,0
GRN-2025-04245,1,PO-2025-01813,3,BRS,2025-10-10,5,0
GRN-2025-04246,1,PO-2025-01815,3,DAV,2025-10-10,104,0
GRN-2025-04247,1,PO-2025-01761,1,BRS,2025-10-13,17,0
GRN-2025-04248,1,PO-2025-01774,1,WAR,2025-10-13,106,1
GRN-2025-04249,1,PO-2025-01780,2,BRS,2025-10-13,22,0
GRN-2025-04250,1,PO-2025-01781,1,LIV,2025-10-13,265,1
GRN-2025-04251,1,PO-2025-01788,1,DAV,2025-10-13,24,0
GRN-2025-04252,1,PO-2025-01814,1,LIV,2025-10-13,100,0
GRN-2025-04253,1,PO-2025-01815,2,DAV,2025-10-13,80,0
GRN-2025-04254,1,PO-2025-01821,2,WAR,2025-10-13,109,1
GRN-2025-04255,1,PO-2025-01635,1,WAR,2025-10-14,42,0
GRN-2025-04256,1,PO-2025-01670,1,DAV,2025-10-14,12,0
GRN-2025-04257,1,PO-2025-01758,4,DAV,2025-10-14,22,0
GRN-2025-04258,1,PO-2025-01759,1,WAR,2025-10-14,14,0
GRN-2025-04259,1,PO-2025-01775,1,LIV,2025-10-14,42,0
GRN-2025-04260,1,PO-2025-01782,1,DAV,2025-10-14,24,0
GRN-2025-04261,1,PO-2025-01782,3,DAV,2025-10-14,404,2
GRN-2025-04262,1,PO-2025-01782,4,DAV,2025-10-14,663,9
GRN-2025-04263,1,PO-2025-01796,1,DAV,2025-10-14,5,0
GRN-2025-04264,1,PO-2025-01799,1,WAR,2025-10-14,155,1
GRN-2025-04265,1,PO-2025-01820,1,BRS,2025-10-14,24,0
GRN-2025-04266,1,PO-2025-01578,2,WAR,2025-10-15,141,3
GRN-2025-04267,1,PO-2025-01715,1,DAV,2025-10-15,16,0
GRN-2025-04268,1,PO-2025-01759,3,WAR,2025-10-15,11,0
GRN-2025-04269,1,PO-2025-01764,2,DAV,2025-10-15,14,1
GRN-2025-04270,1,PO-2025-01765,1,WAR,2025-10-15,20,0
GRN-2025-04271,1,PO-2025-01786,1,DAV,2025-10-15,4,0
GRN-2025-04272,1,PO-2025-01786,2,DAV,2025-10-15,5,0
GRN-2025-04273,1,PO-2025-01787,1,DAV,2025-10-15,60,0
GRN-2025-04274,1,PO-2025-01788,2,DAV,2025-10-15,24,0
GRN-2025-04275,1,PO-2025-01788,3,DAV,2025-10-15,54,0
GRN-2025-04276,1,PO-2025-01789,1,WAR,2025-10-15,119,2
GRN-2025-04277,1,PO-2025-01815,1,DAV,2025-10-15,21,0
GRN-2025-04278,1,PO-2025-01821,1,WAR,2025-10-15,18,0
GRN-2025-04279,1,PO-2025-01823,1,BRS,2025-10-15,28,0
GRN-2025-04280,1,PO-2025-01823,2,BRS,2025-10-15,204,0
GRN-2025-04281,1,PO-2025-01823,3,BRS,2025-10-15,36,0
GRN-2025-04282,1,PO-2025-01830,2,WAR,2025-10-15,143,1
GRN-2025-04283,1,PO-2025-01587,2,BRS,2025-10-16,259,6
GRN-2025-04284,1,PO-2025-01829,1,DAV,2025-10-16,71,0
GRN-2025-04285,1,PO-2025-01829,3,DAV,2025-10-16,53,0
GRN-2025-04286,1,PO-2025-01830,1,WAR,2025-10-16,18,0
GRN-2025-04287,1,PO-2025-01831,1,BRS,2025-10-16,150,0
GRN-2025-04288,1,PO-2025-01832,1,LIV,2025-10-16,227,1
GRN-2025-04289,1,PO-2025-01759,1,WAR,2025-10-17,5,0
GRN-2025-04290,1,PO-2025-01764,1,DAV,2025-10-17,15,0
GRN-2025-04291,1,PO-2025-01836,1,DAV,2025-10-17,231,1
GRN-2025-04292,1,PO-2025-01836,2,DAV,2025-10-17,20,0
GRN-2025-04293,1,PO-2025-01836,3,DAV,2025-10-17,36,0
GRN-2025-04294,1,PO-2025-01637,3,WAR,2025-10-20,83,1
GRN-2025-04295,1,PO-2025-01643,1,BRS,2025-10-20,210,4
GRN-2025-04296,1,PO-2025-01752,2,WAR,2025-10-20,4,0
GRN-2025-04297,1,PO-2025-01829,2,DAV,2025-10-20,13,0
GRN-2025-04298,1,PO-2025-01839,1,WAR,2025-10-20,120,0
GRN-2025-04299,1,PO-2025-01839,2,WAR,2025-10-20,208,0
GRN-2025-04300,1,PO-2025-01841,1,DAV,2025-10-21,10,0
GRN-2025-04301,1,PO-2025-01858,2,BRS,2025-10-21,13,0
GRN-2025-04302,1,PO-2025-01837,2,DAV,2025-10-22,204,1
GRN-2025-04303,1,PO-2025-01844,1,DAV,2025-10-22,81,0
GRN-2025-04304,1,PO-2025-01844,2,DAV,2025-10-22,3,0
GRN-2025-04305,1,PO-2025-01845,1,BRS,2025-10-22,32,1
GRN-2025-04306,1,PO-2025-01846,1,BRS,2025-10-22,36,0
GRN-2025-04307,1,PO-2025-01654,1,DAV,2025-10-23,7,0
GRN-2025-04308,1,PO-2025-01654,2,DAV,2025-10-23,7,0
GRN-2025-04309,1,PO-2025-01654,3,DAV,2025-10-23,155,3
GRN-2025-04310,1,PO-2025-01676,1,BRS,2025-10-23,258,6
GRN-2025-04311,1,PO-2025-01786,1,DAV,2025-10-23,2,0
GRN-2025-04312,1,PO-2025-01792,1,BRS,2025-10-23,9,0
GRN-2025-04313,1,PO-2025-01792,2,BRS,2025-10-23,15,0
GRN-2025-04314,1,PO-2025-01821,2,WAR,2025-10-23,82,0
GRN-2025-04315,1,PO-2025-01828,1,DAV,2025-10-23,104,0
GRN-2025-04316,1,PO-2025-01834,3,DAV,2025-10-23,53,1
GRN-2025-04317,1,PO-2025-01849,1,DAV,2025-10-23,8,0
GRN-2025-04318,1,PO-2025-01849,3,DAV,2025-10-23,6,0
GRN-2025-04319,1,PO-2025-01850,1,DAV,2025-10-23,15,0
GRN-2025-04320,1,PO-2025-01850,2,DAV,2025-10-23,54,0
GRN-2025-04321,1,PO-2025-01850,4,DAV,2025-10-23,62,0
GRN-2025-04322,1,PO-2025-01853,1,WAR,2025-10-23,45,0
GRN-2025-04323,1,PO-2025-01853,2,WAR,2025-10-23,804,2
GRN-2025-04324,1,PO-2025-01854,1,WAR,2025-10-23,149,1
GRN-2025-04325,1,PO-2025-01855,1,WAR,2025-10-23,150,0
GRN-2025-04326,1,PO-2025-01858,3,BRS,2025-10-23,36,0
GRN-2025-04327,1,PO-2025-01858,4,BRS,2025-10-23,5,0
GRN-2025-04328,1,PO-2025-01759,2,WAR,2025-10-24,24,0
GRN-2025-04329,1,PO-2025-01815,3,DAV,2025-10-24,48,0
GRN-2025-04330,1,PO-2025-01819,1,DAV,2025-10-24,84,1
GRN-2025-04331,1,PO-2025-01819,2,DAV,2025-10-24,111,1
GRN-2025-04332,1,PO-2025-01819,3,DAV,2025-10-24,18,0
GRN-2025-04333,1,PO-2025-01819,4,DAV,2025-10-24,17,0
GRN-2025-04334,1,PO-2025-01827,1,DAV,2025-10-24,43,0
GRN-2025-04335,1,PO-2025-01833,1,DAV,2025-10-24,8,0
GRN-2025-04336,1,PO-2025-01837,3,DAV,2025-10-24,8,0
GRN-2025-04337,1,PO-2025-01856,1,WAR,2025-10-24,155,0
GRN-2025-04338,1,PO-2025-01857,1,BRS,2025-10-24,60,0
GRN-2025-04339,1,PO-2025-01858,1,BRS,2025-10-24,5,0
GRN-2025-04340,1,PO-2025-01859,3,WAR,2025-10-24,685,4
GRN-2025-04341,1,PO-2025-01643,1,BRS,2025-10-27,145,5
GRN-2025-04342,1,PO-2025-01798,1,DAV,2025-10-27,23,0
GRN-2025-04343,1,PO-2025-01825,1,BRS,2025-10-27,5,0
GRN-2025-04344,1,PO-2025-01849,2,DAV,2025-10-27,25,0
GRN-2025-04345,1,PO-2025-01850,3,DAV,2025-10-27,8,0
GRN-2025-04346,1,PO-2025-01861,1,BRS,2025-10-27,66,0
GRN-2025-04347,1,PO-2025-01862,1,BRS,2025-10-27,15,0
GRN-2025-04348,1,PO-2025-01865,2,BRS,2025-10-27,150,0
GRN-2025-04349,1,PO-2025-01637,2,WAR,2025-10-28,1367,33
GRN-2025-04350,1,PO-2025-01772,4,DAV,2025-10-28,3,0
GRN-2025-04351,1,PO-2025-01804,3,WAR,2025-10-28,8,0
GRN-2025-04352,1,PO-2025-01836,2,DAV,2025-10-28,16,0
GRN-2025-04353,1,PO-2025-01864,1,DAV,2025-10-28,12,0
GRN-2025-04354,1,PO-2025-01864,2,DAV,2025-10-28,15,0
GRN-2025-04355,1,PO-2025-01864,3,DAV,2025-10-28,7,0
GRN-2025-04356,1,PO-2025-01864,4,DAV,2025-10-28,12,0
GRN-2025-04357,1,PO-2025-01865,1,BRS,2025-10-28,36,0
GRN-2025-04358,1,PO-2025-01865,3,BRS,2025-10-28,204,0
GRN-2025-04359,1,PO-2025-01865,4,BRS,2025-10-28,36,0
GRN-2025-04360,1,PO-2025-01870,1,WAR,2025-10-28,15,0
GRN-2025-04361,1,PO-2025-01822,1,WAR,2025-10-29,75,0
GRN-2025-04362,1,PO-2025-01827,2,DAV,2025-10-29,15,0
GRN-2025-04363,1,PO-2025-01833,2,DAV,2025-10-29,7,0
GRN-2025-04364,1,PO-2025-01833,3,DAV,2025-10-29,70,0
GRN-2025-04365,1,PO-2025-01834,1,DAV,2025-10-29,6,0
GRN-2025-04366,1,PO-2025-01834,2,DAV,2025-10-29,46,0
GRN-2025-04367,1,PO-2025-01837,1,DAV,2025-10-29,6,0
GRN-2025-04368,1,PO-2025-01844,2,DAV,2025-10-29,2,0
GRN-2025-04369,1,PO-2025-01856,1,WAR,2025-10-29,45,0
GRN-2025-04370,1,PO-2025-01867,1,DAV,2025-10-29,198,0
GRN-2025-04371,1,PO-2025-01867,2,DAV,2025-10-29,6,0
GRN-2025-04372,1,PO-2025-01867,3,DAV,2025-10-29,54,0
GRN-2025-04373,1,PO-2025-01868,1,DAV,2025-10-29,112,0
GRN-2025-04374,1,PO-2025-01868,2,DAV,2025-10-29,54,0
GRN-2025-04375,1,PO-2025-01868,3,DAV,2025-10-29,8,0
GRN-2025-04376,1,PO-2025-01871,1,BRS,2025-10-29,18,0
GRN-2025-04377,1,PO-2025-01873,1,DAV,2025-10-29,21,0
GRN-2025-04378,1,PO-2025-01629,2,LIV,2025-10-30,225,4
GRN-2025-04379,1,PO-2025-01802,1,WAR,2025-10-30,130,0
GRN-2025-04380,1,PO-2025-01807,2,DAV,2025-10-30,4,0
GRN-2025-04381,1,PO-2025-01808,1,DAV,2025-10-30,14,1
GRN-2025-04382,1,PO-2025-01811,1,WAR,2025-10-30,26,0
GRN-2025-04383,1,PO-2025-01840,1,BRS,2025-10-30,10,0
GRN-2025-04384,1,PO-2025-01859,1,WAR,2025-10-30,156,0
GRN-2025-04385,1,PO-2025-01873,2,DAV,2025-10-30,24,0
GRN-2025-04386,1,PO-2025-01873,3,DAV,2025-10-30,7,0
GRN-2025-04387,1,PO-2025-01873,4,DAV,2025-10-30,672,0
GRN-2025-04388,1,PO-2025-01878,1,BRS,2025-10-30,180,0
GRN-2025-04389,1,PO-2025-01882,2,DAV,2025-10-30,3,0
GRN-2025-04390,1,PO-2025-01792,1,BRS,2025-10-31,6,0
GRN-2025-04391,1,PO-2025-01841,2,DAV,2025-10-31,5,0
GRN-2025-04392,1,PO-2025-01841,3,DAV,2025-10-31,92,0
GRN-2025-04393,1,PO-2025-01881,1,DAV,2025-10-31,44,0
GRN-2025-04394,1,PO-2025-01881,2,DAV,2025-10-31,509,1
GRN-2025-04395,1,PO-2025-01881,3,DAV,2025-10-31,5,0
GRN-2025-04396,1,PO-2025-01881,4,DAV,2025-10-31,3,0
GRN-2025-04397,1,PO-2025-01654,2,DAV,2025-11-03,3,1
GRN-2025-04398,1,PO-2025-01679,1,DAV,2025-11-03,101,1
GRN-2025-04399,1,PO-2025-01679,2,DAV,2025-11-03,305,3
GRN-2025-04400,1,PO-2025-01775,1,LIV,2025-11-03,13,0
GRN-2025-04401,1,PO-2025-01884,1,WAR,2025-11-03,40,0
GRN-2025-04402,1,PO-2025-01884,2,WAR,2025-11-03,41,1
GRN-2025-04403,1,PO-2025-01884,3,WAR,2025-11-03,60,0
GRN-2025-04404,1,PO-2025-01884,4,WAR,2025-11-03,37,0
GRN-2025-04405,1,PO-2025-01885,1,LIV,2025-11-03,569,1
GRN-2025-04406,1,PO-2025-01886,1,LIV,2025-11-03,204,0
GRN-2025-04407,1,PO-2025-01675,1,WAR,2025-11-04,620,10
GRN-2025-04408,1,PO-2025-01683,1,DAV,2025-11-04,843,15
GRN-2025-04409,1,PO-2025-01752,2,WAR,2025-11-04,3,0
GRN-2025-04410,1,PO-2025-01842,1,DAV,2025-11-04,9,0
GRN-2025-04411,1,PO-2025-01851,1,WAR,2025-11-04,22,0
GRN-2025-04412,1,PO-2025-01864,4,DAV,2025-11-04,9,0
GRN-2025-04413,1,PO-2025-01869,1,WAR,2025-11-04,129,1
GRN-2025-04414,1,PO-2025-01882,2,DAV,2025-11-04,4,0
GRN-2025-04415,1,PO-2025-01887,1,DAV,2025-11-04,4,0
GRN-2025-04416,1,PO-2025-01887,2,DAV,2025-11-04,171,0
GRN-2025-04417,1,PO-2025-01888,1,DAV,2025-11-04,180,0
GRN-2025-04418,1,PO-2025-01888,2,DAV,2025-11-04,363,1
GRN-2025-04419,1,PO-2025-01889,1,BRS,2025-11-04,8,0
GRN-2025-04420,1,PO-2025-01890,1,BRS,2025-11-04,36,0
GRN-2025-04421,1,PO-2025-01891,2,DAV,2025-11-04,289,1
GRN-2025-04422,1,PO-2025-01891,3,DAV,2025-11-04,80,0
GRN-2025-04423,1,PO-2025-01679,3,DAV,2025-11-05,234,6
GRN-2025-04424,1,PO-2025-01811,1,WAR,2025-11-05,12,0
GRN-2025-04425,1,PO-2025-01815,1,DAV,2025-11-05,8,0
GRN-2025-04426,1,PO-2025-01823,1,BRS,2025-11-05,8,0
GRN-2025-04427,1,PO-2025-01827,3,DAV,2025-11-05,15,0
GRN-2025-04428,1,PO-2025-01838,2,WAR,2025-11-05,24,0
GRN-2025-04429,1,PO-2025-01891,1,DAV,2025-11-05,17,0
GRN-2025-04430,1,PO-2025-01891,4,DAV,2025-11-05,11,0
GRN-2025-04431,1,PO-2025-01893,1,DAV,2025-11-05,21,0
GRN-2025-04432,1,PO-2025-01894,1,BRS,2025-11-05,9,0
GRN-2025-04433,1,PO-2025-01829,2,DAV,2025-11-06,8,0
GRN-2025-04434,1,PO-2025-01838,1,WAR,2025-11-06,20,0
GRN-2025-04435,1,PO-2025-01859,2,WAR,2025-11-06,63,0
GRN-2025-04436,1,PO-2025-01889,2,BRS,2025-11-06,15,0
GRN-2025-04437,1,PO-2025-01895,1,DAV,2025-11-06,15,0
GRN-2025-04438,1,PO-2025-01895,2,DAV,2025-11-06,313,1
GRN-2025-04439,1,PO-2025-01897,1,WAR,2025-11-06,104,0
GRN-2025-04440,1,PO-2025-01698,1,LIV,2025-11-07,143,1
GRN-2025-04441,1,PO-2025-01764,2,DAV,2025-11-07,4,0
GRN-2025-04442,1,PO-2025-01789,1,WAR,2025-11-07,61,0
GRN-2025-04443,1,PO-2025-01874,2,DAV,2025-11-07,24,0
GRN-2025-04444,1,PO-2025-01893,2,DAV,2025-11-07,3,0
GRN-2025-04445,1,PO-2025-01900,1,WAR,2025-11-07,143,1
GRN-2025-04446,1,PO-2025-01901,1,WAR,2025-11-07,5,0
GRN-2025-04447,1,PO-2025-01587,2,BRS,2025-11-10,113,0
GRN-2025-04448,1,PO-2025-01654,3,DAV,2025-11-10,79,1
GRN-2025-04449,1,PO-2025-01863,2,BRS,2025-11-10,10,0
GRN-2025-04450,1,PO-2025-01866,1,DAV,2025-11-10,8,0
GRN-2025-04451,1,PO-2025-01869,2,WAR,2025-11-10,14,0
GRN-2025-04452,1,PO-2025-01872,1,BRS,2025-11-10,56,0
GRN-2025-04453,1,PO-2025-01876,1,WAR,2025-11-10,38,0
GRN-2025-04454,1,PO-2025-01879,1,DAV,2025-11-10,3,0
GRN-2025-04455,1,PO-2025-01882,1,DAV,2025-11-10,5,0
GRN-2025-04456,1,PO-2025-01902,1,DAV,2025-11-10,5,0
GRN-2025-04457,1,PO-2025-01902,2,DAV,2025-11-10,53,0
GRN-2025-04458,1,PO-2025-01902,3,DAV,2025-11-10,36,0
GRN-2025-04459,1,PO-2025-01902,4,DAV,2025-11-10,145,0
GRN-2025-04460,1,PO-2025-01906,2,WAR,2025-11-10,10,0
GRN-2025-04461,1,PO-2025-01907,1,WAR,2025-11-10,149,1
GRN-2025-04462,1,PO-2025-01843,1,DAV,2025-11-11,24,0
GRN-2025-04463,1,PO-2025-01874,1,DAV,2025-11-11,53,1
GRN-2025-04464,1,PO-2025-01876,2,WAR,2025-11-11,103,1
GRN-2025-04465,1,PO-2025-01877,1,WAR,2025-11-11,36,0
GRN-2025-04466,1,PO-2025-01877,2,WAR,2025-11-11,180,2
GRN-2025-04467,1,PO-2025-01879,2,DAV,2025-11-11,20,2
GRN-2025-04468,1,PO-2025-01908,1,WAR,2025-11-11,100,0
GRN-2025-04469,1,PO-2025-01908,2,WAR,2025-11-11,155,1
GRN-2025-04470,1,PO-2025-01909,1,WAR,2025-11-11,182,0
GRN-2025-04471,1,PO-2025-01909,2,WAR,2025-11-11,40,0
GRN-2025-04472,1,PO-2025-01710,2,BRS,2025-11-12,234,6
GRN-2025-04473,1,PO-2025-01852,1,WAR,2025-11-12,15,0
GRN-2025-04474,1,PO-2025-01879,3,DAV,2025-11-12,178,2
GRN-2025-04475,1,PO-2025-01900,2,WAR,2025-11-12,18,0
GRN-2025-04476,1,PO-2025-01913,1,WAR,2025-11-12,1663,1
GRN-2025-04477,1,PO-2025-01914,1,BRS,2025-11-12,55,0
GRN-2025-04478,1,PO-2025-01914,2,BRS,2025-11-12,151,1
GRN-2025-04479,1,PO-2025-01914,3,BRS,2025-11-12,5,0
GRN-2025-04480,1,PO-2025-01713,2,BRS,2025-11-13,89,1
GRN-2025-04481,1,PO-2025-01732,3,WAR,2025-11-13,77,1
GRN-2025-04482,1,PO-2025-01819,3,DAV,2025-11-13,6,0
GRN-2025-04483,1,PO-2025-01828,1,DAV,2025-11-13,76,0
GRN-2025-04484,1,PO-2025-01858,3,BRS,2025-11-13,18,0
GRN-2025-04485,1,PO-2025-01873,1,DAV,2025-11-13,12,0
GRN-2025-04486,1,PO-2025-01874,3,DAV,2025-11-13,788,7
GRN-2025-04487,1,PO-2025-01882,3,DAV,2025-11-13,5,0
GRN-2025-04488,1,PO-2025-01883,1,DAV,2025-11-13,23,1
GRN-2025-04489,1,PO-2025-01883,2,DAV,2025-11-13,15,0
GRN-2025-04490,1,PO-2025-01903,1,DAV,2025-11-13,210,0
GRN-2025-04491,1,PO-2025-01906,1,WAR,2025-11-13,168,0
GRN-2025-04492,1,PO-2025-01916,1,DAV,2025-11-13,5,0
GRN-2025-04493,1,PO-2025-01916,2,DAV,2025-11-13,700,2
GRN-2025-04494,1,PO-2025-01916,3,DAV,2025-11-13,152,0
GRN-2025-04495,1,PO-2025-01916,4,DAV,2025-11-13,5,0
GRN-2025-04496,1,PO-2025-01919,1,DAV,2025-11-13,230,2
GRN-2025-04497,1,PO-2025-01922,1,BRS,2025-11-13,66,0
GRN-2025-04498,1,PO-2025-01710,3,BRS,2025-11-14,98,4
GRN-2025-04499,1,PO-2025-01722,2,LIV,2025-11-14,2039,40
GRN-2025-04500,1,PO-2025-01827,2,DAV,2025-11-14,7,0
GRN-2025-04501,1,PO-2025-01837,2,DAV,2025-11-14,95,0
GRN-2025-04502,1,PO-2025-01909,1,WAR,2025-11-14,78,0
GRN-2025-04503,1,PO-2025-01924,1,DAV,2025-11-14,3,0
GRN-2025-04504,1,PO-2025-01924,2,DAV,2025-11-14,5,0
GRN-2025-04505,1,PO-2025-01924,3,DAV,2025-11-14,42,0
GRN-2025-04506,1,PO-2025-01924,4,DAV,2025-11-14,25,0
GRN-2025-04507,1,PO-2025-01925,1,BRS,2025-11-14,33,0
GRN-2025-04508,1,PO-2025-01926,1,BRS,2025-11-14,36,0
GRN-2025-04509,1,PO-2025-01926,2,BRS,2025-11-14,36,0
GRN-2025-04510,1,PO-2025-01722,1,LIV,2025-11-17,36,0
GRN-2025-04511,1,PO-2025-01847,1,LIV,2025-11-17,109,0
GRN-2025-04512,1,PO-2025-01880,1,DAV,2025-11-17,42,0
GRN-2025-04513,1,PO-2025-01892,1,DAV,2025-11-17,12,0
GRN-2025-04514,1,PO-2025-01892,2,DAV,2025-11-17,6,0
GRN-2025-04515,1,PO-2025-01912,2,DAV,2025-11-17,405,1
GRN-2025-04516,1,PO-2025-01929,1,DAV,2025-11-17,36,0
GRN-2025-04517,1,PO-2025-01929,2,DAV,2025-11-17,15,0
GRN-2025-04518,1,PO-2025-01930,1,BRS,2025-11-17,13,0
GRN-2025-04519,1,PO-2025-01819,4,DAV,2025-11-18,9,0
GRN-2025-04520,1,PO-2025-01896,1,DAV,2025-11-18,46,0
GRN-2025-04521,1,PO-2025-01896,2,DAV,2025-11-18,112,0
GRN-2025-04522,1,PO-2025-01932,1,DAV,2025-11-18,1983,1
GRN-2025-04523,1,PO-2025-01932,2,DAV,2025-11-18,4,0
GRN-2025-04524,1,PO-2025-01722,3,LIV,2025-11-19,1629,37
GRN-2025-04525,1,PO-2025-01729,3,WAR,2025-11-19,250,8
GRN-2025-04526,1,PO-2025-01731,2,BRS,2025-11-19,117,3
GRN-2025-04527,1,PO-2025-01842,1,DAV,2025-11-19,6,0
GRN-2025-04528,1,PO-2025-01859,2,WAR,2025-11-19,27,1
GRN-2025-04529,1,PO-2025-01895,2,DAV,2025-11-19,151,0
GRN-2025-04530,1,PO-2025-01898,1,DAV,2025-11-19,3,0
GRN-2025-04531,1,PO-2025-01935,1,DAV,2025-11-19,6,0
GRN-2025-04532,1,PO-2025-01935,2,DAV,2025-11-19,26,0
GRN-2025-04533,1,PO-2025-01654,4,DAV,2025-11-20,49,0
GRN-2025-04534,1,PO-2025-01732,2,WAR,2025-11-20,595,15
GRN-2025-04535,1,PO-2025-01904,1,WAR,2025-11-20,4,0
GRN-2025-04536,1,PO-2025-01905,1,WAR,2025-11-20,29,0
GRN-2025-04537,1,PO-2025-01937,1,DAV,2025-11-20,81,0
GRN-2025-04538,1,PO-2025-01938,1,DAV,2025-11-20,24,0
GRN-2025-04539,1,PO-2025-01939,1,DAV,2025-11-20,29,0
GRN-2025-04540,1,PO-2025-01945,4,DAV,2025-11-20,5,0
GRN-2025-04541,1,PO-2025-01698,2,LIV,2025-11-21,38,0
GRN-2025-04542,1,PO-2025-01735,1,DAV,2025-11-21,65,1
GRN-2025-04543,1,PO-2025-01735,2,DAV,2025-11-21,10,0
GRN-2025-04544,1,PO-2025-01893,2,DAV,2025-11-21,3,0
GRN-2025-04545,1,PO-2025-01910,1,BRS,2025-11-21,54,2
GRN-2025-04546,1,PO-2025-01910,2,BRS,2025-11-21,5,0
GRN-2025-04547,1,PO-2025-01916,2,DAV,2025-11-21,228,0
GRN-2025-04548,1,PO-2025-01943,1,DAV,2025-11-21,10,0
GRN-2025-04549,1,PO-2025-01945,1,DAV,2025-11-21,45,0
GRN-2025-04550,1,PO-2025-01945,2,DAV,2025-11-21,36,0
GRN-2025-04551,1,PO-2025-01945,3,DAV,2025-11-21,25,0
GRN-2025-04552,1,PO-2025-01948,4,DAV,2025-11-21,6,0
GRN-2025-04553,1,PO-2025-01951,1,WAR,2025-11-21,69,0
GRN-2025-04554,1,PO-2025-01957,4,BRS,2025-11-21,90,0
GRN-2025-04555,1,PO-2025-01731,1,BRS,2025-11-24,336,6
GRN-2025-04556,1,PO-2025-01739,1,DAV,2025-11-24,22,0
GRN-2025-04557,1,PO-2025-01901,1,WAR,2025-11-24,3,0
GRN-2025-04558,1,PO-2025-01903,2,DAV,2025-11-24,85,0
GRN-2025-04559,1,PO-2025-01912,3,DAV,2025-11-24,666,6
GRN-2025-04560,1,PO-2025-01948,1,DAV,2025-11-24,46,0
GRN-2025-04561,1,PO-2025-01948,2,DAV,2025-11-24,3,0
GRN-2025-04562,1,PO-2025-01948,3,DAV,2025-11-24,24,0
GRN-2025-04563,1,PO-2025-01949,1,WAR,2025-11-24,425,0
GRN-2025-04564,1,PO-2025-01949,2,WAR,2025-11-24,16,0
GRN-2025-04565,1,PO-2025-01949,3,WAR,2025-11-24,54,0
GRN-2025-04566,1,PO-2025-01949,4,WAR,2025-11-24,168,0
GRN-2025-04567,1,PO-2025-01950,1,WAR,2025-11-24,599,1
GRN-2025-04568,1,PO-2025-01957,3,BRS,2025-11-24,149,1
GRN-2025-04569,1,PO-2025-01841,3,DAV,2025-11-25,58,0
GRN-2025-04570,1,PO-2025-01863,1,BRS,2025-11-25,55,1
GRN-2025-04571,1,PO-2025-01915,1,DAV,2025-11-25,7,0
GRN-2025-04572,1,PO-2025-01915,2,DAV,2025-11-25,152,0
GRN-2025-04573,1,PO-2025-01915,3,DAV,2025-11-25,24,0
GRN-2025-04574,1,PO-2025-01917,1,DAV,2025-11-25,9,0
GRN-2025-04575,1,PO-2025-01917,2,DAV,2025-11-25,68,0
GRN-2025-04576,1,PO-2025-01918,2,DAV,2025-11-25,104,1
GRN-2025-04577,1,PO-2025-01954,1,DAV,2025-11-25,11,0
GRN-2025-04578,1,PO-2025-01957,1,BRS,2025-11-25,5,0
GRN-2025-04579,1,PO-2025-01957,2,BRS,2025-11-25,36,0
GRN-2025-04580,1,PO-2025-01958,1,DAV,2025-11-25,3,0
GRN-2025-04581,1,PO-2025-01732,1,WAR,2025-11-26,360,4
GRN-2025-04582,1,PO-2025-01739,4,DAV,2025-11-26,139,4
GRN-2025-04583,1,PO-2025-01891,1,DAV,2025-11-26,9,0
GRN-2025-04584,1,PO-2025-01912,1,DAV,2025-11-26,24,0
GRN-2025-04585,1,PO-2025-01928,2,DAV,2025-11-26,15,0
GRN-2025-04586,1,PO-2025-01933,2,WAR,2025-11-26,20,2
GRN-2025-04587,1,PO-2025-01940,1,DAV,2025-11-26,21,0
GRN-2025-04588,1,PO-2025-01941,1,BRS,2025-11-26,24,0
GRN-2025-04589,1,PO-2025-01960,1,DAV,2025-11-26,6,0
GRN-2025-04590,1,PO-2025-01960,2,DAV,2025-11-26,18,0
GRN-2025-04591,1,PO-2025-01964,1,BRS,2025-11-26,18,0
GRN-2025-04592,1,PO-2025-01637,1,WAR,2025-11-27,77,0
GRN-2025-04593,1,PO-2025-01713,1,BRS,2025-11-27,24,0
GRN-2025-04594,1,PO-2025-01749,2,BRS,2025-11-27,977,13
GRN-2025-04595,1,PO-2025-01918,1,DAV,2025-11-27,3,0
GRN-2025-04596,1,PO-2025-01928,1,DAV,2025-11-27,7,0
GRN-2025-04597,1,PO-2025-01949,2,WAR,2025-11-27,9,0
GRN-2025-04598,1,PO-2025-01954,2,DAV,2025-11-27,247,1
GRN-2025-04599,1,PO-2025-01965,1,DAV,2025-11-27,7,0
GRN-2025-04600,1,PO-2025-01965,2,DAV,2025-11-27,12,0
GRN-2025-04601,1,PO-2025-01795,1,BRS,2025-11-28,140,4
GRN-2025-04602,1,PO-2025-01827,3,DAV,2025-11-28,6,0
GRN-2025-04603,1,PO-2025-01904,1,WAR,2025-11-28,2,0
GRN-2025-04604,1,PO-2025-01933,1,WAR,2025-11-28,75,0
GRN-2025-04605,1,PO-2025-01967,1,WAR,2025-11-28,129,1
GRN-2025-04606,1,PO-2025-01968,1,BRS,2025-11-28,13,0
GRN-2025-04607,1,PO-2025-01968,2,BRS,2025-11-28,203,1
GRN-2025-04608,1,PO-2025-01969,1,BRS,2025-11-28,24,0
GRN-2025-04609,1,PO-2025-01970,1,LIV,2025-11-28,190,0
GRN-2025-04610,1,PO-2025-01971,2,LIV,2025-11-28,84,0
GRN-2025-04611,1,PO-2025-01879,2,DAV,2025-12-01,13,0
GRN-2025-04612,1,PO-2025-01920,1,DAV,2025-12-01,17,0
GRN-2025-04613,1,PO-2025-01934,1,DAV,2025-12-01,6,0
GRN-2025-04614,1,PO-2025-01943,1,DAV,2025-12-01,5,0
GRN-2025-04615,1,PO-2025-01948,3,DAV,2025-12-01,8,0
GRN-2025-04616,1,PO-2025-01971,1,LIV,2025-12-01,270,2
GRN-2025-04617,1,PO-2025-01972,1,WAR,2025-12-01,125,0
GRN-2025-04618,1,PO-2025-01974,1,WAR,2025-12-01,150,0
GRN-2025-04619,1,PO-2025-01976,2,DAV,2025-12-01,37,0
GRN-2025-04620,1,PO-2025-01983,1,LIV,2025-12-01,174,1
GRN-2025-04621,1,PO-2025-01992,2,BRS,2025-12-01,60,0
GRN-2025-04622,1,PO-2025-01911,1,DAV,2025-12-02,19,0
GRN-2025-04623,1,PO-2025-01911,2,DAV,2025-12-02,9,0
GRN-2025-04624,1,PO-2025-01924,3,DAV,2025-12-02,29,0
GRN-2025-04625,1,PO-2025-01940,2,DAV,2025-12-02,3,0
GRN-2025-04626,1,PO-2025-01944,1,DAV,2025-12-02,54,0
GRN-2025-04627,1,PO-2025-01976,1,DAV,2025-12-02,36,0
GRN-2025-04628,1,PO-2025-01762,1,BRS,2025-12-03,88,2
GRN-2025-04629,1,PO-2025-01762,2,BRS,2025-12-03,225,13
GRN-2025-04630,1,PO-2025-01910,1,BRS,2025-12-03,42,0
GRN-2025-04631,1,PO-2025-01923,1,BRS,2025-12-03,15,0
GRN-2025-04632,1,PO-2025-01934,2,DAV,2025-12-03,8,0
GRN-2025-04633,1,PO-2025-01979,1,DAV,2025-12-03,145,0
GRN-2025-04634,1,PO-2025-01979,2,DAV,2025-12-03,19,0
GRN-2025-04635,1,PO-2025-01980,1,WAR,2025-12-03,403,2
GRN-2025-04636,1,PO-2025-01980,2,WAR,2025-12-03,35,1
GRN-2025-04637,1,PO-2025-01981,1,WAR,2025-12-03,36,0
GRN-2025-04638,1,PO-2025-01982,1,BRS,2025-12-03,106,0
GRN-2025-04639,1,PO-2025-01983,4,LIV,2025-12-03,26,0
GRN-2025-04640,1,PO-2025-01985,4,DAV,2025-12-03,11,0
GRN-2025-04641,1,PO-2025-01989,4,WAR,2025-12-03,42,0
GRN-2025-04642,1,PO-2025-01992,1,BRS,2025-12-03,60,0
GRN-2025-04643,1,PO-2025-01773,1,DAV,2025-12-04,138,5
GRN-2025-04644,1,PO-2025-01852,1,WAR,2025-12-04,5,0
GRN-2025-04645,1,PO-2025-01952,1,WAR,2025-12-04,38,0
GRN-2025-04646,1,PO-2025-01953,1,BRS,2025-12-04,41,0
GRN-2025-04647,1,PO-2025-01976,2,DAV,2025-12-04,25,0
GRN-2025-04648,1,PO-2025-01985,1,DAV,2025-12-04,5,0
GRN-2025-04649,1,PO-2025-01985,2,DAV,2025-12-04,3,0
GRN-2025-04650,1,PO-2025-01985,3,DAV,2025-12-04,76,0
GRN-2025-04651,1,PO-2025-01987,1,DAV,2025-12-04,9,0
GRN-2025-04652,1,PO-2025-01989,1,WAR,2025-12-04,192,0
GRN-2025-04653,1,PO-2025-01989,2,WAR,2025-12-04,36,0
GRN-2025-04654,1,PO-2025-01989,3,WAR,2025-12-04,13,0
GRN-2025-04655,1,PO-2025-01990,1,WAR,2025-12-04,156,0
GRN-2025-04656,1,PO-2025-01991,1,BRS,2025-12-04,9,0
GRN-2025-04657,1,PO-2025-01995,1,DAV,2025-12-04,5,0
GRN-2025-04658,1,PO-2025-01770,1,LIV,2025-12-05,41,1
GRN-2025-04659,1,PO-2025-01931,1,BRS,2025-12-05,17,0
GRN-2025-04660,1,PO-2025-01955,1,BRS,2025-12-05,72,0
GRN-2025-04661,1,PO-2025-01956,1,BRS,2025-12-05,56,0
GRN-2025-04662,1,PO-2025-01966,2,DAV,2025-12-05,31,0
GRN-2025-04663,1,PO-2025-01994,1,DAV,2025-12-05,8,0
GRN-2025-04664,1,PO-2025-01994,2,DAV,2025-12-05,179,1
GRN-2025-04665,1,PO-2025-01994,3,DAV,2025-12-05,24,0
GRN-2025-04666,1,PO-2025-01995,2,DAV,2025-12-05,3,0
GRN-2025-04667,1,PO-2025-01995,3,DAV,2025-12-05,3,0
GRN-2025-04668,1,PO-2025-01995,4,DAV,2025-12-05,6,0
GRN-2025-04669,1,PO-2025-01998,1,WAR,2025-12-05,120,0
GRN-2025-04670,1,PO-2025-01998,2,WAR,2025-12-05,66,0
GRN-2025-04671,1,PO-2025-01998,3,WAR,2025-12-05,150,0
GRN-2025-04672,1,PO-2025-01998,4,WAR,2025-12-05,37,0
GRN-2025-04673,1,PO-2025-01999,1,BRS,2025-12-05,66,0
GRN-2025-04674,1,PO-2025-02001,2,DAV,2025-12-05,33,0
GRN-2025-04675,1,PO-2025-01729,1,WAR,2025-12-08,171,1
GRN-2025-04676,1,PO-2025-01739,3,DAV,2025-12-08,76,1
GRN-2025-04677,1,PO-2025-01739,4,DAV,2025-12-08,80,1
GRN-2025-04678,1,PO-2025-01779,1,BRS,2025-12-08,4962,99
GRN-2025-04679,1,PO-2025-01915,4,DAV,2025-12-08,24,0
GRN-2025-04680,1,PO-2025-01920,1,DAV,2025-12-08,10,0
GRN-2025-04681,1,PO-2025-01961,2,DAV,2025-12-08,112,0
GRN-2025-04682,1,PO-2025-01961,3,DAV,2025-12-08,5,0
GRN-2025-04683,1,PO-2025-01982,1,BRS,2025-12-08,44,0
GRN-2025-04684,1,PO-2025-01983,2,LIV,2025-12-08,62,0
GRN-2025-04685,1,PO-2025-01983,3,LIV,2025-12-08,32,0
GRN-2025-04686,1,PO-2025-01988,2,WAR,2025-12-08,375,2
GRN-2025-04687,1,PO-2025-02001,1,DAV,2025-12-08,45,0
GRN-2025-04688,1,PO-2025-02002,1,WAR,2025-12-08,11,0
GRN-2025-04689,1,PO-2025-01637,4,WAR,2025-12-09,89,1
GRN-2025-04690,1,PO-2025-01729,2,WAR,2025-12-09,102,0
GRN-2025-04691,1,PO-2025-01957,4,BRS,2025-12-09,60,0
GRN-2025-04692,1,PO-2025-02007,1,WAR,2025-12-09,200,0
GRN-2025-04693,1,PO-2025-01698,2,LIV,2025-12-10,10,0
GRN-2025-04694,1,PO-2025-01847,1,LIV,2025-12-10,35,0
GRN-2025-04695,1,PO-2025-01928,1,DAV,2025-12-10,3,0
GRN-2025-04696,1,PO-2025-01940,1,DAV,2025-12-10,14,0
GRN-2025-04697,1,PO-2025-01961,1,DAV,2025-12-10,42,0
GRN-2025-04698,1,PO-2025-01966,1,DAV,2025-12-10,53,1
GRN-2025-04699,1,PO-2025-01966,3,DAV,2025-12-10,9,0
GRN-2025-04700,1,PO-2025-01978,1,DAV,2025-12-10,112,0
GRN-2025-04701,1,PO-2025-01986,2,DAV,2025-12-10,15,0
GRN-2025-04702,1,PO-2025-01989,3,WAR,2025-12-10,5,0
GRN-2025-04703,1,PO-2025-02014,1,DAV,2025-12-10,36,0
GRN-2025-04704,1,PO-2025-02016,1,BRS,2025-12-10,155,1
GRN-2025-04705,1,PO-2025-01911,2,DAV,2025-12-11,6,0
GRN-2025-04706,1,PO-2025-02018,1,DAV,2025-12-11,168,0
GRN-2025-04707,1,PO-2025-02022,1,LIV,2025-12-11,228,0
GRN-2025-04708,1,PO-2025-02022,2,LIV,2025-12-11,148,0
GRN-2025-04709,1,PO-2025-02022,3,LIV,2025-12-11,64,0
GRN-2025-04710,1,PO-2025-01732,2,WAR,2025-12-12,375,5
GRN-2025-04711,1,PO-2025-01735,2,DAV,2025-12-12,4,0
GRN-2025-04712,1,PO-2025-01800,1,WAR,2025-12-12,840,18
GRN-2025-04713,1,PO-2025-01947,1,DAV,2025-12-12,23,0
GRN-2025-04714,1,PO-2025-01997,2,DAV,2025-12-12,8,0
GRN-2025-04715,1,PO-2025-02004,2,DAV,2025-12-12,3,0
GRN-2025-04716,1,PO-2025-02013,1,DAV,2025-12-12,17,1
GRN-2025-04717,1,PO-2025-02023,1,DAV,2025-12-12,3,0
GRN-2025-04718,1,PO-2025-02023,3,DAV,2025-12-12,929,1
GRN-2025-04719,1,PO-2025-02023,4,DAV,2025-12-12,51,0
GRN-2025-04720,1,PO-2025-02024,1,WAR,2025-12-12,150,0
GRN-2025-04721,1,PO-2025-02047,1,DAV,2025-12-12,7,0
GRN-2025-04722,1,PO-2025-01818,1,LIV,2025-12-15,160,6
GRN-2025-04723,1,PO-2025-01953,1,BRS,2025-12-15,14,0
GRN-2025-04724,1,PO-2025-02028,1,WAR,2025-12-15,77,0
GRN-2025-04725,1,PO-2025-02029,1,WAR,2025-12-15,259,1
GRN-2025-04726,1,PO-2025-02029,2,WAR,2025-12-15,46,0
GRN-2025-04727,1,PO-2025-02029,3,WAR,2025-12-15,47,0
GRN-2025-04728,1,PO-2025-02029,4,WAR,2025-12-15,16,0
GRN-2025-04729,1,PO-2025-01962,1,WAR,2025-12-16,20,0
GRN-2025-04730,1,PO-2025-01962,2,WAR,2025-12-16,48,0
GRN-2025-04731,1,PO-2025-01962,3,WAR,2025-12-16,37,0
GRN-2025-04732,1,PO-2025-01962,4,WAR,2025-12-16,19,0
GRN-2025-04733,1,PO-2025-01986,1,DAV,2025-12-16,9,0
GRN-2025-04734,1,PO-2025-01988,1,WAR,2025-12-16,6,0
GRN-2025-04735,1,PO-2025-02008,2,WAR,2025-12-16,116,0
GRN-2025-04736,1,PO-2025-02019,1,DAV,2025-12-16,209,1
GRN-2025-04737,1,PO-2025-02031,1,DAV,2025-12-16,17,0
GRN-2025-04738,1,PO-2025-02031,2,DAV,2025-12-16,8,0
GRN-2025-04739,1,PO-2025-02031,3,DAV,2025-12-16,6,0
GRN-2025-04740,1,PO-2025-02031,4,DAV,2025-12-16,6,0
GRN-2025-04741,1,PO-2025-02035,1,DAV,2025-12-16,54,0
GRN-2025-04742,1,PO-2025-02036,1,WAR,2025-12-16,15,0
GRN-2025-04743,1,PO-2025-02037,1,BRS,2025-12-16,13,0
GRN-2025-04744,1,PO-2025-02037,2,BRS,2025-12-16,5,0
GRN-2025-04745,1,PO-2025-02037,3,BRS,2025-12-16,152,0
GRN-2025-04746,1,PO-2025-02039,1,WAR,2025-12-16,59,0
GRN-2025-04747,1,PO-2025-01739,1,DAV,2025-12-17,13,1
GRN-2025-04748,1,PO-2025-01806,1,BRS,2025-12-17,460,8
GRN-2025-04749,1,PO-2025-01812,1,WAR,2025-12-17,459,9
GRN-2025-04750,1,PO-2025-01966,2,DAV,2025-12-17,15,0
GRN-2025-04751,1,PO-2025-01993,1,DAV,2025-12-17,5,0
GRN-2025-04752,1,PO-2025-01997,1,DAV,2025-12-17,24,0
GRN-2025-04753,1,PO-2025-01997,3,DAV,2025-12-17,14,1
GRN-2025-04754,1,PO-2025-01997,4,DAV,2025-12-17,83,0
GRN-2025-04755,1,PO-2025-02004,1,DAV,2025-12-17,7,0
GRN-2025-04756,1,PO-2025-02012,3,DAV,2025-12-17,6,0
GRN-2025-04757,1,PO-2025-02023,2,DAV,2025-12-17,54,0
GRN-2025-04758,1,PO-2025-02038,1,DAV,2025-12-17,21,0
GRN-2025-04759,1,PO-2025-02038,2,DAV,2025-12-17,15,0
GRN-2025-04760,1,PO-2025-02038,3,DAV,2025-12-17,207,1
GRN-2025-04761,1,PO-2025-02038,4,DAV,2025-12-17,6,0
GRN-2025-04762,1,PO-2025-02042,1,BRS,2025-12-17,36,0
GRN-2025-04763,1,PO-2025-01816,4,DAV,2025-12-18,334,8
GRN-2025-04764,1,PO-2025-01817,1,WAR,2025-12-18,58,1
GRN-2025-04765,1,PO-2025-01817,2,WAR,2025-12-18,135,2
GRN-2025-04766,1,PO-2025-01817,3,WAR,2025-12-18,61,1
GRN-2025-04767,1,PO-2025-01817,4,WAR,2025-12-18,51,0
GRN-2025-04768,1,PO-2025-02029,3,WAR,2025-12-18,13,0
GRN-2025-04769,1,PO-2025-02043,1,LIV,2025-12-18,20,0
GRN-2025-04770,1,PO-2025-02048,1,DAV,2025-12-18,16,0
GRN-2025-04771,1,PO-2025-02048,2,DAV,2025-12-18,7,0
GRN-2025-04772,1,PO-2025-02058,1,LIV,2025-12-18,61,0
GRN-2025-04773,1,PO-2025-02058,3,LIV,2025-12-18,52,0
GRN-2025-04774,1,PO-2025-01818,1,LIV,2025-12-19,91,1
GRN-2025-04775,1,PO-2025-01921,1,DAV,2025-12-19,354,10
GRN-2025-04776,1,PO-2025-01971,2,LIV,2025-12-19,68,0
GRN-2025-04777,1,PO-2025-01973,1,WAR,2025-12-19,20,0
GRN-2025-04778,1,PO-2025-02008,1,WAR,2025-12-19,29,0
GRN-2025-04779,1,PO-2025-02009,1,BRS,2025-12-19,41,1
GRN-2025-04780,1,PO-2025-02021,1,WAR,2025-12-19,5,0
GRN-2025-04781,1,PO-2025-02051,1,DAV,2025-12-19,3,0
GRN-2025-04782,1,PO-2025-02051,2,DAV,2025-12-19,46,0
GRN-2025-04783,1,PO-2025-02052,1,DAV,2025-12-19,228,0
GRN-2025-04784,1,PO-2025-02053,1,WAR,2025-12-19,144,0
GRN-2025-04785,1,PO-2025-02053,2,WAR,2025-12-19,18,0
GRN-2025-04786,1,PO-2025-02056,1,BRS,2025-12-19,60,0
GRN-2025-04787,1,PO-2025-02057,1,BRS,2025-12-19,149,1
GRN-2025-04788,1,PO-2025-02063,1,BRS,2025-12-19,60,0
GRN-2025-04789,1,PO-2025-01818,2,LIV,2025-12-22,236,4
GRN-2025-04790,1,PO-2025-01824,2,BRS,2025-12-22,2029,50
GRN-2025-04791,1,PO-2025-01826,2,LIV,2025-12-22,64,2
GRN-2025-04792,1,PO-2025-02003,1,BRS,2025-12-22,15,0
GRN-2025-04793,1,PO-2025-02010,1,DAV,2025-12-22,5,0
GRN-2025-04794,1,PO-2025-02010,2,DAV,2025-12-22,9,0
GRN-2025-04795,1,PO-2025-02011,1,DAV,2025-12-22,8,0
GRN-2025-04796,1,PO-2025-02011,3,DAV,2025-12-22,3,0
GRN-2025-04797,1,PO-2025-02011,4,DAV,2025-12-22,4,0
GRN-2025-04798,1,PO-2025-02012,1,DAV,2025-12-22,12,0
GRN-2025-04799,1,PO-2025-02012,2,DAV,2025-12-22,5,0
GRN-2025-04800,1,PO-2025-02019,4,DAV,2025-12-22,24,0
GRN-2025-04801,1,PO-2025-02058,2,LIV,2025-12-22,15,0
GRN-2025-04802,1,PO-2025-02060,1,DAV,2025-12-22,10,0
GRN-2025-04803,1,PO-2025-02064,1,DAV,2025-12-22,19,0
GRN-2025-04804,1,PO-2025-01816,2,DAV,2025-12-23,865,14
GRN-2025-04805,1,PO-2025-02017,1,DAV,2025-12-23,177,3
GRN-2025-04806,1,PO-2025-02017,2,DAV,2025-12-23,105,0
GRN-2025-04807,1,PO-2025-02019,2,DAV,2025-12-23,8,0
GRN-2025-04808,1,PO-2025-02019,3,DAV,2025-12-23,69,1
GRN-2025-04809,1,PO-2025-02021,2,WAR,2025-12-23,14,0
GRN-2025-04810,1,PO-2025-02049,1,WAR,2025-12-23,156,0
GRN-2025-04811,1,PO-2025-02051,3,DAV,2025-12-23,5,0
GRN-2025-04812,1,PO-2025-02062,1,DAV,2025-12-23,6,0
GRN-2025-04813,1,PO-2025-01729,1,WAR,2025-12-24,132,4
GRN-2025-04814,1,PO-2025-01745,1,DAV,2025-12-24,194,4
GRN-2025-04815,1,PO-2025-01835,1,DAV,2025-12-24,355,9
GRN-2025-04816,1,PO-2025-01835,2,DAV,2025-12-24,110,2
GRN-2025-04817,1,PO-2025-01835,3,DAV,2025-12-24,36,0
GRN-2025-04818,1,PO-2025-02025,1,LIV,2025-12-24,180,1
GRN-2025-04819,1,PO-2025-02064,2,DAV,2025-12-24,4,0
GRN-2025-04820,1,PO-2025-02065,1,DAV,2025-12-24,6,0
GRN-2025-04821,1,PO-2025-02066,1,WAR,2025-12-24,207,1
GRN-2025-04822,1,PO-2025-02066,2,WAR,2025-12-24,45,0
GRN-2025-04823,1,PO-2025-02067,1,BRS,2025-12-24,36,0
GRN-2025-04824,1,PO-2025-02068,1,LIV,2025-12-24,98,2
GRN-2025-04825,1,PO-2025-01710,1,BRS,2025-12-29,253,5
GRN-2025-04826,1,PO-2025-01816,1,DAV,2025-12-29,26,0
GRN-2025-04827,1,PO-2025-01997,4,DAV,2025-12-29,29,0
GRN-2025-04828,1,PO-2025-02030,1,BRS,2025-12-29,5,0
GRN-2025-04829,1,PO-2025-02069,1,DAV,2025-12-29,232,0
GRN-2025-04830,1,PO-2025-02069,2,DAV,2025-12-29,8,0
GRN-2025-04831,1,PO-2025-02069,3,DAV,2025-12-29,6,0
GRN-2025-04832,1,PO-2025-02070,1,DAV,2025-12-29,36,0
GRN-2025-04833,1,PO-2025-02070,2,DAV,2025-12-29,1980,4
GRN-2025-04834,1,PO-2025-01773,1,DAV,2025-12-30,113,2
GRN-2025-04835,1,PO-2025-01817,3,WAR,2025-12-30,27,1
GRN-2025-04836,1,PO-2025-01947,1,DAV,2025-12-30,14,0
GRN-2025-04837,1,PO-2025-02000,1,DAV,2025-12-30,17,0
GRN-2025-04838,1,PO-2025-02000,2,DAV,2025-12-30,12,0
GRN-2025-04839,1,PO-2025-02000,3,DAV,2025-12-30,24,0
GRN-2025-04840,1,PO-2025-02003,2,BRS,2025-12-30,15,0
GRN-2025-04841,1,PO-2025-02032,1,DAV,2025-12-30,7,0
GRN-2025-04842,1,PO-2025-02032,2,DAV,2025-12-30,26,0
GRN-2025-04843,1,PO-2025-02034,1,DAV,2025-12-30,27,0
GRN-2025-04844,1,PO-2025-02072,1,BRS,2025-12-30,9,0
GRN-2025-04845,1,PO-2025-02072,2,BRS,2025-12-30,150,0
GRN-2025-04846,1,PO-2025-02072,3,BRS,2025-12-30,35,1
GRN-2025-04847,1,PO-2025-02073,1,LIV,2025-12-30,127,1
GRN-2025-04848,1,PO-2025-01817,1,WAR,2025-12-31,24,1
GRN-2025-04849,1,PO-2025-01835,4,DAV,2025-12-31,13,0
GRN-2025-04850,1,PO-2025-02030,2,BRS,2025-12-31,5,0
GRN-2025-04851,1,PO-2025-02040,1,BRS,2025-12-31,97,1
GRN-2025-04852,1,PO-2025-02040,2,BRS,2025-12-31,10,0
GRN-2025-04853,1,PO-2025-02041,1,BRS,2025-12-31,71,1
