purchase_order_number,supplier_code,warehouse_code,order_date,promised_delivery_date,buyer_name,order_status
PO-2024-00001,IRWEL,DAV,2024-01-02,2024-01-22,R. Deakin,Complete
PO-2024-00002,ARDEN,DAV,2024-01-02,2024-01-11,R. Deakin,Complete
PO-2024-00003,RAVNS,DAV,2024-01-02,2024-01-22,M. Castleford,Complete
PO-2024-00004,PENRT,DAV,2024-01-02,2024-01-22,T. Harrowby,Part received
PO-2024-00005,EASTN,DAV,2024-01-02,2024-01-11,T. Harrowby,Part received
PO-2024-00006,KENTM,DAV,2024-01-02,2024-01-22,M. Castleford,Complete
PO-2024-00007,KELSO,DAV,2024-01-02,2024-01-31,S. Nkemelu,Complete
PO-2024-00008,MERID,DAV,2024-01-02,2024-03-19,S. Nkemelu,Part received
PO-2024-00009,BRAMW,DAV,2024-01-02,,S. Nkemelu,Complete
PO-2024-00010,CHARN,DAV,2024-01-02,2024-01-11,A. Whitcombe,Complete
PO-2024-00011,HALDN,DAV,2024-01-02,2024-01-11,R. Deakin,Complete
PO-2024-00012,GRANH,DAV,2024-01-02,2024-01-11,R. Deakin,Complete
PO-2024-00013,ORMSK,DAV,2024-01-02,2024-01-22,M. Castleford,Part received
PO-2024-00014,MERID,WAR,2024-01-02,2024-03-19,R. Deakin,Part received
PO-2024-00015,ARDEN,WAR,2024-01-02,2024-01-11,T. Harrowby,Complete
PO-2024-00016,KENTM,WAR,2024-01-02,2024-01-22,R. Deakin,Complete
PO-2024-00017,IRWEL,LIV,2024-01-02,2024-01-22,T. Harrowby,Complete
PO-2024-00018,MERID,LIV,2024-01-02,2024-03-19,S. Nkemelu,Part received
PO-2024-00019,ARDEN,LIV,2024-01-02,2024-01-11,R. Deakin,Part received
PO-2024-00020,MARSD,DAV,2024-01-03,2024-01-23,A. Whitcombe,Part received
PO-2024-00021,NEWLY,DAV,2024-01-03,2024-01-23,S. Nkemelu,Complete
PO-2024-00022,ARDEN,DAV,2024-01-03,2024-01-12,R. Deakin,Part received
PO-2024-00023,IRWEL,WAR,2024-01-03,2024-01-23,T. Harrowby,Complete
PO-2024-00024,ARDEN,DAV,2024-01-04,2024-01-15,S. Nkemelu,Part received
PO-2024-00025,DUNKD,DAV,2024-01-04,2024-02-02,A. Whitcombe,Complete
PO-2024-00026,BEWLY,DAV,2024-01-04,2024-02-02,T. Harrowby,Part received
PO-2024-00027,KELSO,DAV,2024-01-04,2024-02-02,A. Whitcombe,Complete
PO-2024-00028,HALDN,WAR,2024-01-04,2024-01-15,S. Nkemelu,Complete
PO-2024-00029,UPTON,LIV,2024-01-04,2024-03-21,R. Deakin,Part received
PO-2024-00030,KENTM,DAV,2024-01-05,2024-01-25,R. Deakin,Complete
PO-2024-00031,ARDEN,DAV,2024-01-05,2024-01-16,S. Nkemelu,Part received
PO-2024-00032,NEWLY,DAV,2024-01-05,2024-01-25,S. Nkemelu,Part received
PO-2024-00033,MERID,WAR,2024-01-05,2024-03-22,S. Nkemelu,Part received
PO-2024-00034,ARDEN,WAR,2024-01-05,2024-01-16,S. Nkemelu,Part received
PO-2024-00035,WROXH,LIV,2024-01-05,2024-03-22,S. Nkemelu,Part received
PO-2024-00036,BRAMW,LIV,2024-01-05,2024-01-16,S. Nkemelu,Complete
PO-2024-00037,EASTN,DAV,2024-01-08,2024-01-17,R. Deakin,Part received
PO-2024-00038,ARDEN,DAV,2024-01-08,2024-01-17,T. Harrowby,Part received
PO-2024-00039,LANGD,DAV,2024-01-08,2024-01-26,A. Whitcombe,Complete
PO-2024-00040,WROXH,WAR,2024-01-08,2024-03-25,S. Nkemelu,Part received
PO-2024-00041,EASTN,WAR,2024-01-08,2024-01-17,S. Nkemelu,Part received
PO-2024-00042,ARDEN,WAR,2024-01-08,2024-01-17,T. Harrowby,Complete
PO-2024-00043,MERID,LIV,2024-01-08,2024-03-25,T. Harrowby,Part received
PO-2024-00044,DERWT,DAV,2024-01-09,2024-01-18,R. Deakin,Complete
PO-2024-00045,ARDEN,DAV,2024-01-09,2024-01-18,R. Deakin,Part received
PO-2024-00046,BRAMW,DAV,2024-01-09,2024-01-18,S. Nkemelu,Complete
PO-2024-00047,MERID,DAV,2024-01-09,2024-03-26,R. Deakin,Part received
PO-2024-00048,FOXLY,DAV,2024-01-09,2024-01-18,R. Deakin,Part received
PO-2024-00049,DERWT,WAR,2024-01-09,2024-01-18,S. Nkemelu,Complete
PO-2024-00050,GRANH,DAV,2024-01-10,2024-01-19,M. Castleford,Complete
PO-2024-00051,SELBY,DAV,2024-01-11,2024-03-28,S. Nkemelu,Part received
PO-2024-00052,IRWEL,WAR,2024-01-11,2024-01-31,M. Castleford,Complete
PO-2024-00053,MARSD,DAV,2024-01-12,2024-02-01,M. Castleford,Complete
PO-2024-00054,MERID,DAV,2024-01-12,2024-04-02,R. Deakin,Part received
PO-2024-00055,PENRT,WAR,2024-01-12,2024-02-01,T. Harrowby,Part received
PO-2024-00056,FOXLY,WAR,2024-01-12,2024-01-23,M. Castleford,Part received
PO-2024-00057,MARSD,WAR,2024-01-12,2024-02-01,T. Harrowby,Part received
PO-2024-00058,EASTN,DAV,2024-01-15,2024-01-24,M. Castleford,Complete
PO-2024-00059,MERID,DAV,2024-01-15,2024-04-03,T. Harrowby,Part received
PO-2024-00060,BRAMW,DAV,2024-01-15,2024-01-24,M. Castleford,Part received
PO-2024-00061,CHARN,WAR,2024-01-15,2024-01-24,M. Castleford,Complete
PO-2024-00062,QUEND,DAV,2024-01-16,2024-02-05,T. Harrowby,Part received
PO-2024-00063,JARVS,DAV,2024-01-16,2024-02-05,M. Castleford,Part received
PO-2024-00064,EASTN,WAR,2024-01-16,2024-01-25,M. Castleford,Part received
PO-2024-00065,ARDEN,DAV,2024-01-17,2024-01-26,M. Castleford,Complete
PO-2024-00066,SELBY,DAV,2024-01-17,2024-04-05,M. Castleford,Part received
PO-2024-00067,NEWLY,WAR,2024-01-17,2024-02-06,A. Whitcombe,Complete
PO-2024-00068,HALDN,DAV,2024-01-18,2024-01-29,A. Whitcombe,Part received
PO-2024-00069,BEWLY,DAV,2024-01-18,2024-02-16,R. Deakin,Complete
PO-2024-00070,WROXH,DAV,2024-01-18,2024-04-08,R. Deakin,Part received
PO-2024-00071,BRAMW,WAR,2024-01-18,2024-01-29,T. Harrowby,Part received
PO-2024-00072,VERND,WAR,2024-01-18,2024-04-08,T. Harrowby,Complete
PO-2024-00073,ORMSK,LIV,2024-01-18,2024-02-07,A. Whitcombe,Part received
PO-2024-00074,NEWLY,LIV,2024-01-18,2024-02-07,T. Harrowby,Part received
PO-2024-00075,ARDEN,DAV,2024-01-19,2024-01-30,S. Nkemelu,Complete
PO-2024-00076,UPTON,DAV,2024-01-19,2024-04-09,A. Whitcombe,Part received
PO-2024-00077,PENRT,DAV,2024-01-19,2024-02-08,R. Deakin,Part received
PO-2024-00078,EASTN,DAV,2024-01-19,2024-01-30,S. Nkemelu,Complete
PO-2024-00079,BEWLY,WAR,2024-01-19,2024-02-19,A. Whitcombe,Part received
PO-2024-00080,BRAMW,DAV,2024-01-22,2024-01-31,R. Deakin,Complete
PO-2024-00081,ARDEN,DAV,2024-01-22,2024-01-31,T. Harrowby,Part received
PO-2024-00082,GRANH,DAV,2024-01-22,2024-01-31,R. Deakin,Complete
PO-2024-00083,EASTN,DAV,2024-01-22,2024-01-31,S. Nkemelu,Complete
PO-2024-00084,PENRT,DAV,2024-01-22,2024-02-09,M. Castleford,Part received
PO-2024-00085,CHARN,DAV,2024-01-22,2024-01-31,T. Harrowby,Part received
PO-2024-00086,UPTON,WAR,2024-01-22,2024-04-10,S. Nkemelu,Part received
PO-2024-00087,ARDEN,WAR,2024-01-22,2024-01-31,S. Nkemelu,Complete
PO-2024-00088,FOXLY,DAV,2024-01-23,2024-02-01,S. Nkemelu,Part received
PO-2024-00089,ARDEN,DAV,2024-01-23,2024-02-01,T. Harrowby,Part received
PO-2024-00090,YARLT,WAR,2024-01-23,2024-04-11,T. Harrowby,Part received
PO-2024-00091,MARSD,DAV,2024-01-24,2024-02-13,S. Nkemelu,Complete
PO-2024-00092,IRWEL,DAV,2024-01-24,2024-02-13,S. Nkemelu,Part received
PO-2024-00093,CROMR,DAV,2024-01-24,2024-02-22,R. Deakin,Complete
PO-2024-00094,KENTM,DAV,2024-01-24,2024-02-13,S. Nkemelu,Complete
PO-2024-00095,ARDEN,DAV,2024-01-24,2024-02-02,A. Whitcombe,Complete
PO-2024-00096,HALDN,WAR,2024-01-24,2024-02-02,S. Nkemelu,Part received
PO-2024-00097,NEWLY,WAR,2024-01-24,2024-02-13,S. Nkemelu,Complete
PO-2024-00098,FOXLY,WAR,2024-01-24,2024-02-02,R. Deakin,Complete
PO-2024-00099,HALDN,DAV,2024-01-25,2024-02-05,S. Nkemelu,Complete
PO-2024-00100,NEWLY,DAV,2024-01-25,2024-02-14,A. Whitcombe,Part received
PO-2024-00101,ARDEN,WAR,2024-01-25,2024-02-05,S. Nkemelu,Complete
PO-2024-00102,GRANH,WAR,2024-01-25,2024-02-05,T. Harrowby,Complete
PO-2024-00103,SELBY,LIV,2024-01-25,2024-04-15,S. Nkemelu,Part received
PO-2024-00104,ARDEN,DAV,2024-01-26,2024-02-06,T. Harrowby,Complete
PO-2024-00105,CHARN,WAR,2024-01-26,2024-02-06,A. Whitcombe,Part received
PO-2024-00106,MERID,LIV,2024-01-26,2024-04-16,M. Castleford,Part received
PO-2024-00107,GRANH,DAV,2024-01-29,2024-02-07,R. Deakin,Complete
PO-2024-00108,ARDEN,DAV,2024-01-29,2024-02-07,T. Harrowby,Complete
PO-2024-00109,QUEND,DAV,2024-01-29,2024-02-16,A. Whitcombe,Complete
PO-2024-00110,GRANH,LIV,2024-01-29,2024-02-07,T. Harrowby,Part received
PO-2024-00111,YARLT,LIV,2024-01-29,2024-04-17,R. Deakin,Part received
PO-2024-00112,BRAMW,DAV,2024-01-30,2024-02-08,S. Nkemelu,Complete
PO-2024-00113,KELSO,DAV,2024-01-30,2024-02-28,M. Castleford,Part received
PO-2024-00114,ORMSK,WAR,2024-01-30,2024-02-19,M. Castleford,Part received
PO-2024-00115,IRWEL,WAR,2024-01-30,2024-02-19,T. Harrowby,Part received
PO-2024-00116,EASTN,WAR,2024-01-30,2024-02-08,R. Deakin,Complete
PO-2024-00117,DERWT,DAV,2024-01-31,2024-02-09,M. Castleford,Complete
PO-2024-00118,WROXH,WAR,2024-01-31,2024-04-19,R. Deakin,Part received
PO-2024-00119,BRAMW,WAR,2024-01-31,2024-02-09,A. Whitcombe,Complete
PO-2024-00120,CROMR,WAR,2024-01-31,2024-02-29,A. Whitcombe,Complete
PO-2024-00121,CHARN,WAR,2024-01-31,2024-02-09,R. Deakin,Complete
PO-2024-00122,MERID,DAV,2024-02-01,2024-04-22,A. Whitcombe,Part received
PO-2024-00123,ARDEN,WAR,2024-02-01,2024-02-12,R. Deakin,Part received
PO-2024-00124,NEWLY,DAV,2024-02-02,2024-02-22,A. Whitcombe,Complete
PO-2024-00125,KELSO,WAR,2024-02-02,2024-03-04,T. Harrowby,Part received
PO-2024-00126,UPTON,LIV,2024-02-02,2024-04-23,S. Nkemelu,Part received
PO-2024-00127,BEWLY,LIV,2024-02-02,2024-03-04,R. Deakin,Part received
PO-2024-00128,ORMSK,LIV,2024-02-02,2024-02-22,A. Whitcombe,Part received
PO-2024-00129,TANFD,LIV,2024-02-02,2024-04-23,M. Castleford,Part received
PO-2024-00130,EASTN,DAV,2024-02-05,2024-02-14,A. Whitcombe,Complete
PO-2024-00131,KELSO,DAV,2024-02-05,2024-03-05,S. Nkemelu,Complete
PO-2024-00132,EASTN,WAR,2024-02-05,2024-02-14,A. Whitcombe,Complete
PO-2024-00133,PENRT,WAR,2024-02-05,2024-02-23,S. Nkemelu,Complete
PO-2024-00134,ARDEN,WAR,2024-02-05,2024-02-14,A. Whitcombe,Part received
PO-2024-00135,EASTN,DAV,2024-02-06,2024-02-15,R. Deakin,Part received
PO-2024-00136,SELBY,WAR,2024-02-06,2024-04-25,M. Castleford,Part received
PO-2024-00137,CHARN,WAR,2024-02-06,2024-02-15,S. Nkemelu,Complete
PO-2024-00138,RAVNS,DAV,2024-02-07,2024-02-27,T. Harrowby,Complete
PO-2024-00139,LANGD,DAV,2024-02-07,2024-02-27,A. Whitcombe,Complete
PO-2024-00140,HALDN,DAV,2024-02-07,2024-02-16,R. Deakin,Complete
PO-2024-00141,KENTM,WAR,2024-02-07,2024-02-27,T. Harrowby,Complete
PO-2024-00142,GRANH,WAR,2024-02-07,2024-02-16,T. Harrowby,Complete
PO-2024-00143,BRAMW,DAV,2024-02-08,2024-02-19,R. Deakin,Complete
PO-2024-00144,CHARN,DAV,2024-02-08,2024-02-19,M. Castleford,Complete
PO-2024-00145,FOXLY,DAV,2024-02-08,2024-02-19,R. Deakin,Part received
PO-2024-00146,BRAMW,WAR,2024-02-08,2024-02-19,R. Deakin,Complete
PO-2024-00147,GRANH,WAR,2024-02-08,2024-02-19,R. Deakin,Part received
PO-2024-00148,ARDEN,DAV,2024-02-09,2024-02-20,R. Deakin,Part received
PO-2024-00149,EASTN,DAV,2024-02-09,2024-02-20,R. Deakin,Complete
PO-2024-00150,VERND,LIV,2024-02-09,2024-04-30,S. Nkemelu,Part received
PO-2024-00151,JARVS,DAV,2024-02-12,2024-03-01,S. Nkemelu,Complete
PO-2024-00152,QUEND,DAV,2024-02-12,2024-03-01,R. Deakin,Complete
PO-2024-00153,ARDEN,DAV,2024-02-12,2024-02-21,A. Whitcombe,Complete
PO-2024-00154,MERID,WAR,2024-02-12,2024-05-01,S. Nkemelu,Part received
PO-2024-00155,ARDEN,LIV,2024-02-12,2024-02-21,R. Deakin,Complete
PO-2024-00156,ARDEN,DAV,2024-02-13,2024-02-22,S. Nkemelu,Complete
PO-2024-00157,MARSD,DAV,2024-02-13,2024-03-04,A. Whitcombe,Complete
PO-2024-00158,FOXLY,DAV,2024-02-13,2024-02-22,M. Castleford,Complete
PO-2024-00159,NEWLY,WAR,2024-02-13,2024-03-04,R. Deakin,Complete
PO-2024-00160,BRAMW,WAR,2024-02-13,2024-02-22,A. Whitcombe,Complete
PO-2024-00161,KENTM,DAV,2024-02-14,2024-03-05,R. Deakin,Complete
PO-2024-00162,EASTN,DAV,2024-02-14,2024-02-23,S. Nkemelu,Part received
PO-2024-00163,MERID,WAR,2024-02-15,2024-05-07,A. Whitcombe,Part received
PO-2024-00164,ARDEN,DAV,2024-02-16,2024-02-27,A. Whitcombe,Complete
PO-2024-00165,DERWT,DAV,2024-02-16,2024-02-27,M. Castleford,Complete
PO-2024-00166,ARDEN,WAR,2024-02-16,2024-02-27,M. Castleford,Complete
PO-2024-00167,CHARN,LIV,2024-02-16,2024-02-27,A. Whitcombe,Part received
PO-2024-00168,IRWEL,DAV,2024-02-19,2024-03-08,A. Whitcombe,Complete
PO-2024-00169,HALDN,DAV,2024-02-19,2024-02-28,M. Castleford,Complete
PO-2024-00170,VERND,DAV,2024-02-19,2024-05-09,S. Nkemelu,Part received
PO-2024-00171,ORMSK,DAV,2024-02-19,2024-03-08,R. Deakin,Part received
PO-2024-00172,BRAMW,DAV,2024-02-19,2024-02-28,A. Whitcombe,Complete
PO-2024-00173,BEWLY,WAR,2024-02-19,2024-03-19,M. Castleford,Complete
PO-2024-00174,PENRT,LIV,2024-02-19,2024-03-08,T. Harrowby,Part received
PO-2024-00175,EASTN,WAR,2024-02-20,2024-02-29,T. Harrowby,Complete
PO-2024-00176,HALDN,WAR,2024-02-20,2024-02-29,T. Harrowby,Part received
PO-2024-00177,GRANH,WAR,2024-02-20,2024-02-29,S. Nkemelu,Complete
PO-2024-00178,JARVS,WAR,2024-02-20,2024-03-11,M. Castleford,Complete
PO-2024-00179,ARDEN,DAV,2024-02-21,2024-03-01,M. Castleford,Complete
PO-2024-00180,NEWLY,DAV,2024-02-21,2024-03-12,R. Deakin,Part received
PO-2024-00181,YARLT,DAV,2024-02-21,2024-05-13,M. Castleford,Part received
PO-2024-00182,BRAMW,DAV,2024-02-21,2024-03-01,S. Nkemelu,Complete
PO-2024-00183,MERID,DAV,2024-02-22,2024-05-14,R. Deakin,Part received
PO-2024-00184,BEWLY,DAV,2024-02-22,2024-03-22,M. Castleford,Complete
PO-2024-00185,CHARN,DAV,2024-02-22,2024-03-04,T. Harrowby,Complete
PO-2024-00186,ARDEN,DAV,2024-02-22,2024-03-04,S. Nkemelu,Complete
PO-2024-00187,FOXLY,WAR,2024-02-22,2024-03-04,A. Whitcombe,Part received
PO-2024-00188,ARDEN,DAV,2024-02-23,2024-03-05,M. Castleford,Complete
PO-2024-00189,ARDEN,WAR,2024-02-23,2024-03-05,S. Nkemelu,Complete
PO-2024-00190,MERID,WAR,2024-02-23,2024-05-15,T. Harrowby,Part received
PO-2024-00191,VERND,WAR,2024-02-23,2024-05-15,R. Deakin,Part received
PO-2024-00192,BRAMW,DAV,2024-02-26,2024-03-06,T. Harrowby,Complete
PO-2024-00193,EASTN,DAV,2024-02-26,2024-03-06,S. Nkemelu,Complete
PO-2024-00194,BRAMW,WAR,2024-02-26,2024-03-06,R. Deakin,Complete
PO-2024-00195,PENRT,WAR,2024-02-26,2024-03-15,S. Nkemelu,Complete
PO-2024-00196,EASTN,WAR,2024-02-26,2024-03-06,A. Whitcombe,Complete
PO-2024-00197,MARSD,WAR,2024-02-26,2024-03-15,A. Whitcombe,Part received
PO-2024-00198,GRANH,WAR,2024-02-26,2024-03-06,A. Whitcombe,Complete
PO-2024-00199,GRANH,DAV,2024-02-27,2024-03-07,A. Whitcombe,Complete
PO-2024-00200,ARDEN,DAV,2024-02-27,2024-03-07,T. Harrowby,Complete
PO-2024-00201,IRWEL,WAR,2024-02-27,2024-03-18,T. Harrowby,Complete
PO-2024-00202,EASTN,WAR,2024-02-27,2024-03-07,M. Castleford,Complete
PO-2024-00203,KENTM,DAV,2024-02-28,2024-03-19,T. Harrowby,Part received
PO-2024-00204,EASTN,WAR,2024-02-28,2024-03-08,M. Castleford,Complete
PO-2024-00205,ARDEN,WAR,2024-02-28,2024-03-08,R. Deakin,Complete
PO-2024-00206,KELSO,DAV,2024-02-29,2024-04-02,M. Castleford,Part received
PO-2024-00207,PENRT,DAV,2024-02-29,2024-03-20,S. Nkemelu,Part received
PO-2024-00208,ARDEN,DAV,2024-02-29,2024-03-11,A. Whitcombe,Complete
PO-2024-00209,BRAMW,DAV,2024-02-29,2024-03-11,T. Harrowby,Complete
PO-2024-00210,ARDEN,WAR,2024-02-29,2024-03-11,T. Harrowby,Part received
PO-2024-00211,ARDEN,LIV,2024-02-29,2024-03-11,R. Deakin,Complete
PO-2024-00212,JARVS,DAV,2024-03-01,2024-03-21,T. Harrowby,Complete
PO-2024-00213,RAVNS,DAV,2024-03-01,2024-03-21,A. Whitcombe,Complete
PO-2024-00214,HALDN,DAV,2024-03-01,2024-03-12,T. Harrowby,Complete
PO-2024-00215,LANGD,DAV,2024-03-01,2024-03-21,S. Nkemelu,Part received
PO-2024-00216,NEWLY,WAR,2024-03-01,2024-03-21,R. Deakin,Complete
PO-2024-00217,MARSD,DAV,2024-03-04,2024-03-22,R. Deakin,Complete
PO-2024-00218,DERWT,WAR,2024-03-04,2024-03-13,R. Deakin,Complete
PO-2024-00219,BRAMW,WAR,2024-03-04,2024-03-13,T. Harrowby,Part received
PO-2024-00220,ARDEN,DAV,2024-03-05,2024-03-14,M. Castleford,Complete
PO-2024-00221,CROMR,DAV,2024-03-05,2024-04-05,T. Harrowby,Complete
PO-2024-00222,TANFD,DAV,2024-03-05,2024-05-24,S. Nkemelu,Part received
PO-2024-00223,FOXLY,DAV,2024-03-05,2024-03-14,M. Castleford,Complete
PO-2024-00224,EASTN,DAV,2024-03-06,2024-03-15,A. Whitcombe,Complete
PO-2024-00225,PENRT,DAV,2024-03-06,2024-03-26,S. Nkemelu,Complete
PO-2024-00226,DUNKD,DAV,2024-03-07,2024-04-09,A. Whitcombe,Complete
PO-2024-00227,QUEND,DAV,2024-03-08,2024-03-28,T. Harrowby,Part received
PO-2024-00228,WROXH,DAV,2024-03-08,2024-05-30,A. Whitcombe,Part received
PO-2024-00229,CHARN,DAV,2024-03-08,2024-03-19,S. Nkemelu,Part received
PO-2024-00230,PENRT,WAR,2024-03-08,2024-03-28,A. Whitcombe,Part received
PO-2024-00231,EASTN,WAR,2024-03-08,2024-03-19,M. Castleford,Complete
PO-2024-00232,CHARN,WAR,2024-03-08,2024-03-19,R. Deakin,Complete
PO-2024-00233,SELBY,LIV,2024-03-08,2024-05-30,A. Whitcombe,Part received
PO-2024-00234,FOXLY,LIV,2024-03-08,2024-03-19,T. Harrowby,Part received
PO-2024-00235,CROMR,WAR,2024-03-11,2024-04-11,R. Deakin,Complete
PO-2024-00236,VERND,WAR,2024-03-11,2024-05-31,A. Whitcombe,Part received
PO-2024-00237,BRAMW,LIV,2024-03-11,2024-03-20,R. Deakin,Part received
PO-2024-00238,ARDEN,DAV,2024-03-12,2024-03-21,R. Deakin,Part received
PO-2024-00239,NEWLY,DAV,2024-03-12,2024-04-03,S. Nkemelu,Complete
PO-2024-00240,KENTM,DAV,2024-03-13,2024-04-04,S. Nkemelu,Complete
PO-2024-00241,ARDEN,DAV,2024-03-13,2024-03-22,R. Deakin,Complete
PO-2024-00242,ARDEN,WAR,2024-03-13,2024-03-22,A. Whitcombe,Complete
PO-2024-00243,EASTN,DAV,2024-03-14,2024-03-25,M. Castleford,Complete
PO-2024-00244,GRANH,DAV,2024-03-14,2024-03-25,T. Harrowby,Complete
PO-2024-00245,MERID,DAV,2024-03-14,2024-06-05,T. Harrowby,Part received
PO-2024-00246,JARVS,DAV,2024-03-14,2024-04-05,M. Castleford,Complete
PO-2024-00247,ARDEN,DAV,2024-03-14,2024-03-25,R. Deakin,Complete
PO-2024-00248,MERID,LIV,2024-03-14,2024-06-05,M. Castleford,Part received
PO-2024-00249,IRWEL,DAV,2024-03-15,2024-04-08,S. Nkemelu,Part received
PO-2024-00250,HALDN,DAV,2024-03-15,2024-03-26,T. Harrowby,Part received
PO-2024-00251,JARVS,DAV,2024-03-15,2024-04-08,S. Nkemelu,Complete
PO-2024-00252,EASTN,WAR,2024-03-15,2024-03-26,R. Deakin,Part received
PO-2024-00253,NEWLY,WAR,2024-03-15,2024-04-08,R. Deakin,Complete
PO-2024-00254,JARVS,WAR,2024-03-15,2024-04-08,T. Harrowby,Part received
PO-2024-00255,ARDEN,WAR,2024-03-15,2024-03-26,A. Whitcombe,Complete
PO-2024-00256,RAVNS,DAV,2024-03-18,2024-04-09,S. Nkemelu,Complete
PO-2024-00257,UPTON,DAV,2024-03-18,2024-06-07,T. Harrowby,Part received
PO-2024-00258,FOXLY,DAV,2024-03-18,2024-03-27,T. Harrowby,Complete
PO-2024-00259,YARLT,WAR,2024-03-18,2024-06-07,R. Deakin,Part received
PO-2024-00260,EASTN,DAV,2024-03-19,2024-03-28,M. Castleford,Complete
PO-2024-00261,ARDEN,DAV,2024-03-19,2024-03-28,R. Deakin,Part received
PO-2024-00262,ORMSK,WAR,2024-03-19,2024-04-10,A. Whitcombe,Part received
PO-2024-00263,CHARN,WAR,2024-03-19,2024-03-28,T. Harrowby,Complete
PO-2024-00264,ARDEN,WAR,2024-03-19,2024-03-28,T. Harrowby,Complete
PO-2024-00265,BRAMW,DAV,2024-03-20,2024-04-02,T. Harrowby,Part received
PO-2024-00266,ARDEN,DAV,2024-03-21,2024-04-03,T. Harrowby,Part received
PO-2024-00267,SELBY,WAR,2024-03-21,2024-06-12,T. Harrowby,Part received
PO-2024-00268,MERID,WAR,2024-03-21,2024-06-12,R. Deakin,Part received
PO-2024-00269,MARSD,WAR,2024-03-21,2024-04-12,T. Harrowby,Complete
PO-2024-00270,ARDEN,DAV,2024-03-22,2024-04-04,S. Nkemelu,Complete
PO-2024-00271,PENRT,DAV,2024-03-22,2024-03-15,R. Deakin,Part received
PO-2024-00272,IRWEL,WAR,2024-03-22,2024-04-15,R. Deakin,Complete
PO-2024-00273,FOXLY,WAR,2024-03-22,2024-04-04,S. Nkemelu,Complete
PO-2024-00274,ARDEN,LIV,2024-03-22,,T. Harrowby,Complete
PO-2024-00275,MARSD,DAV,2024-03-25,2024-04-16,T. Harrowby,Complete
PO-2024-00276,EASTN,DAV,2024-03-25,2024-04-05,M. Castleford,Complete
PO-2024-00277,ARDEN,DAV,2024-03-25,2024-04-05,A. Whitcombe,Complete
PO-2024-00278,HALDN,WAR,2024-03-25,2024-04-05,S. Nkemelu,Part received
PO-2024-00279,GRANH,WAR,2024-03-25,2024-04-05,A. Whitcombe,Complete
PO-2024-00280,ARDEN,DAV,2024-03-26,2024-04-08,A. Whitcombe,Complete
PO-2024-00281,JARVS,DAV,2024-03-26,2024-04-17,A. Whitcombe,Part received
PO-2024-00282,BEWLY,DAV,2024-03-26,2024-04-26,T. Harrowby,Complete
PO-2024-00283,DERWT,DAV,2024-03-27,,M. Castleford,Complete
PO-2024-00284,MERID,WAR,2024-03-28,2024-06-19,S. Nkemelu,Part received
PO-2024-00285,GRANH,DAV,2024-04-02,2024-04-11,S. Nkemelu,Complete
PO-2024-00286,CROMR,DAV,2024-04-02,2024-05-01,M. Castleford,Complete
PO-2024-00287,NEWLY,DAV,2024-04-02,2024-04-22,T. Harrowby,Complete
PO-2024-00288,TANFD,WAR,2024-04-02,2024-06-20,A. Whitcombe,Part received
PO-2024-00289,KELSO,WAR,2024-04-02,2024-05-01,S. Nkemelu,Complete
PO-2024-00290,ARDEN,WAR,2024-04-02,2024-04-11,R. Deakin,Part received
PO-2024-00291,FOXLY,DAV,2024-04-03,2024-04-12,R. Deakin,Part received
PO-2024-00292,ARDEN,WAR,2024-04-03,2024-04-12,T. Harrowby,Complete
PO-2024-00293,ARDEN,DAV,2024-04-04,2024-04-15,S. Nkemelu,Complete
PO-2024-00294,QUEND,DAV,2024-04-04,2024-04-24,T. Harrowby,Complete
PO-2024-00295,HALDN,WAR,2024-04-04,2024-04-15,A. Whitcombe,Complete
PO-2024-00296,ARDEN,WAR,2024-04-04,2024-04-15,T. Harrowby,Part received
PO-2024-00297,MERID,DAV,2024-04-05,2024-06-25,A. Whitcombe,Part received
PO-2024-00298,CHARN,DAV,2024-04-05,2024-04-16,S. Nkemelu,Complete
PO-2024-00299,QUEND,DAV,2024-04-05,2024-04-25,R. Deakin,Complete
PO-2024-00300,PENRT,DAV,2024-04-05,2024-04-25,S. Nkemelu,Complete
PO-2024-00301,IRWEL,WAR,2024-04-05,2024-04-25,A. Whitcombe,Complete
PO-2024-00302,FOXLY,DAV,2024-04-08,2024-04-17,T. Harrowby,Complete
PO-2024-00303,IRWEL,LIV,2024-04-08,2024-04-26,S. Nkemelu,Part received
PO-2024-00304,ARDEN,DAV,2024-04-09,2024-04-18,A. Whitcombe,Complete
PO-2024-00305,GRANH,DAV,2024-04-09,2024-04-18,M. Castleford,Complete
PO-2024-00306,BRAMW,DAV,2024-04-09,2024-04-18,M. Castleford,Complete
PO-2024-00307,ARDEN,WAR,2024-04-09,2024-04-18,R. Deakin,Part received
PO-2024-00308,BEWLY,WAR,2024-04-09,2024-05-09,R. Deakin,Part received
PO-2024-00309,PENRT,WAR,2024-04-09,2024-04-29,A. Whitcombe,Part received
PO-2024-00310,WROXH,LIV,2024-04-09,2024-06-27,A. Whitcombe,Part received
PO-2024-00311,VERND,DAV,2024-04-10,2024-06-28,R. Deakin,Part received
PO-2024-00312,KELSO,DAV,2024-04-10,2024-03-30,M. Castleford,Part received
PO-2024-00313,IRWEL,DAV,2024-04-10,2024-04-30,A. Whitcombe,Complete
PO-2024-00314,JARVS,DAV,2024-04-10,2024-04-30,A. Whitcombe,Complete
PO-2024-00315,MERID,LIV,2024-04-10,2024-06-28,S. Nkemelu,Part received
PO-2024-00316,KENTM,DAV,2024-04-11,2024-05-01,A. Whitcombe,Complete
PO-2024-00317,FOXLY,DAV,2024-04-11,2024-04-22,A. Whitcombe,Complete
PO-2024-00318,EASTN,WAR,2024-04-11,2024-04-22,S. Nkemelu,Complete
PO-2024-00319,FOXLY,WAR,2024-04-11,2024-04-22,T. Harrowby,Complete
PO-2024-00320,NEWLY,LIV,2024-04-11,2024-05-01,T. Harrowby,Part received
PO-2024-00321,ARDEN,DAV,2024-04-12,2024-04-23,S. Nkemelu,Complete
PO-2024-00322,YARLT,DAV,2024-04-12,2024-07-02,A. Whitcombe,Part received
PO-2024-00323,NEWLY,WAR,2024-04-12,2024-05-02,S. Nkemelu,Part received
PO-2024-00324,TANFD,LIV,2024-04-12,2024-07-02,R. Deakin,Part received
PO-2024-00325,ARDEN,DAV,2024-04-15,2024-04-24,T. Harrowby,Part received
PO-2024-00326,HALDN,DAV,2024-04-15,2024-04-24,A. Whitcombe,Complete
PO-2024-00327,EASTN,DAV,2024-04-15,2024-04-24,M. Castleford,Part received
PO-2024-00328,ARDEN,WAR,2024-04-15,2024-04-24,T. Harrowby,Complete
PO-2024-00329,KENTM,WAR,2024-04-15,2024-05-03,S. Nkemelu,Complete
PO-2024-00330,GRANH,WAR,2024-04-15,2024-04-24,T. Harrowby,Part received
PO-2024-00331,ARDEN,DAV,2024-04-16,2024-04-25,T. Harrowby,Complete
PO-2024-00332,BRAMW,DAV,2024-04-17,2024-04-26,R. Deakin,Complete
PO-2024-00333,PENRT,LIV,2024-04-17,2024-05-08,S. Nkemelu,Complete
PO-2024-00334,GRANH,DAV,2024-04-18,2024-04-29,R. Deakin,Part received
PO-2024-00335,TANFD,WAR,2024-04-18,2024-07-08,R. Deakin,Part received
PO-2024-00336,DERWT,LIV,2024-04-18,2024-04-29,S. Nkemelu,Complete
PO-2024-00337,ARDEN,DAV,2024-04-19,2024-04-30,T. Harrowby,Complete
PO-2024-00338,ARDEN,WAR,2024-04-19,2024-04-30,M. Castleford,Part received
PO-2024-00339,ORMSK,WAR,2024-04-19,2024-05-10,M. Castleford,Complete
PO-2024-00340,WROXH,DAV,2024-04-22,2024-07-10,M. Castleford,Part received
PO-2024-00341,FOXLY,DAV,2024-04-22,2024-05-01,A. Whitcombe,Complete
PO-2024-00342,ORMSK,DAV,2024-04-23,2024-05-14,M. Castleford,Part received
PO-2024-00343,PENRT,WAR,2024-04-23,2024-05-14,T. Harrowby,Complete
PO-2024-00344,CHARN,WAR,2024-04-23,2024-05-02,R. Deakin,Part received
PO-2024-00345,ORMSK,LIV,2024-04-23,2024-05-14,S. Nkemelu,Part received
PO-2024-00346,JARVS,DAV,2024-04-24,2024-05-15,R. Deakin,Complete
PO-2024-00347,ARDEN,DAV,2024-04-24,2024-05-03,M. Castleford,Part received
PO-2024-00348,NEWLY,DAV,2024-04-24,2024-05-15,A. Whitcombe,Part received
PO-2024-00349,LANGD,DAV,2024-04-24,2024-05-15,S. Nkemelu,Complete
PO-2024-00350,HALDN,LIV,2024-04-24,2024-05-03,R. Deakin,Complete
PO-2024-00351,MERID,DAV,2024-04-25,2024-07-15,R. Deakin,Part received
PO-2024-00352,HALDN,DAV,2024-04-25,2024-05-07,T. Harrowby,Part received
PO-2024-00353,MARSD,DAV,2024-04-25,2024-05-16,M. Castleford,Complete
PO-2024-00354,ARDEN,DAV,2024-04-25,2024-05-07,S. Nkemelu,Complete
PO-2024-00355,DERWT,DAV,2024-04-25,2024-05-07,T. Harrowby,Complete
PO-2024-00356,EASTN,WAR,2024-04-25,2024-05-07,M. Castleford,Part received
PO-2024-00357,NEWLY,WAR,2024-04-25,2024-05-16,T. Harrowby,Part received
PO-2024-00358,ARDEN,WAR,2024-04-25,2024-05-07,A. Whitcombe,Complete
PO-2024-00359,EASTN,DAV,2024-04-26,2024-05-08,A. Whitcombe,Part received
PO-2024-00360,KELSO,DAV,2024-04-26,2024-05-29,T. Harrowby,Complete
PO-2024-00361,RAVNS,DAV,2024-04-26,2024-05-17,T. Harrowby,Part received
PO-2024-00362,KELSO,WAR,2024-04-26,2024-05-29,R. Deakin,Complete
PO-2024-00363,KENTM,DAV,2024-04-29,2024-05-20,A. Whitcombe,Complete
PO-2024-00364,ARDEN,WAR,2024-04-29,2024-05-09,M. Castleford,Complete
PO-2024-00365,BEWLY,LIV,2024-04-29,2024-05-30,R. Deakin,Part received
PO-2024-00366,ARDEN,WAR,2024-05-01,2024-05-13,T. Harrowby,Complete
PO-2024-00367,ARDEN,DAV,2024-05-02,2024-05-14,T. Harrowby,Part received
PO-2024-00368,FOXLY,DAV,2024-05-02,2024-05-14,M. Castleford,Complete
PO-2024-00369,DERWT,WAR,2024-05-02,2024-05-14,S. Nkemelu,Complete
PO-2024-00370,ARDEN,WAR,2024-05-02,2024-05-14,M. Castleford,Complete
PO-2024-00371,HALDN,DAV,2024-05-03,2024-05-15,S. Nkemelu,Part received
PO-2024-00372,ARDEN,DAV,2024-05-03,2024-05-15,S. Nkemelu,Complete
PO-2024-00373,CROMR,WAR,2024-05-03,2024-06-05,R. Deakin,Complete
PO-2024-00374,YARLT,WAR,2024-05-07,2024-07-24,S. Nkemelu,Part received
PO-2024-00375,ARDEN,WAR,2024-05-07,2024-05-16,T. Harrowby,Complete
PO-2024-00376,GRANH,LIV,2024-05-07,2024-05-16,R. Deakin,Complete
PO-2024-00377,KENTM,DAV,2024-05-08,2024-05-29,M. Castleford,Part received
PO-2024-00378,ARDEN,DAV,2024-05-08,2024-05-17,A. Whitcombe,Complete
PO-2024-00379,PENRT,DAV,2024-05-08,2024-05-29,A. Whitcombe,Part received
PO-2024-00380,UPTON,LIV,2024-05-09,2024-07-26,R. Deakin,Part received
PO-2024-00381,EASTN,DAV,2024-05-10,2024-05-21,S. Nkemelu,Complete
PO-2024-00382,SELBY,LIV,2024-05-10,2024-07-29,A. Whitcombe,Part received
PO-2024-00383,EASTN,DAV,2024-05-13,2024-05-22,T. Harrowby,Complete
PO-2024-00384,EASTN,WAR,2024-05-13,2024-05-22,S. Nkemelu,Complete
PO-2024-00385,FOXLY,WAR,2024-05-13,2024-05-22,M. Castleford,Part received
PO-2024-00386,CHARN,DAV,2024-05-14,2024-05-23,T. Harrowby,Complete
PO-2024-00387,ARDEN,WAR,2024-05-14,2024-05-23,R. Deakin,Part received
PO-2024-00388,BRAMW,WAR,2024-05-14,2024-05-23,S. Nkemelu,Complete
PO-2024-00389,MERID,WAR,2024-05-14,2024-07-31,M. Castleford,Part received
PO-2024-00390,ARDEN,DAV,2024-05-15,2024-05-24,M. Castleford,Complete
PO-2024-00391,LANGD,DAV,2024-05-15,2024-06-05,R. Deakin,Complete
PO-2024-00392,BEWLY,WAR,2024-05-15,2024-06-14,T. Harrowby,Part received
PO-2024-00393,NEWLY,DAV,2024-05-16,2024-06-06,A. Whitcombe,Part received
PO-2024-00394,IRWEL,WAR,2024-05-16,2024-06-06,T. Harrowby,Complete
PO-2024-00395,NEWLY,WAR,2024-05-16,2024-06-06,A. Whitcombe,Part received
PO-2024-00396,PENRT,WAR,2024-05-16,2024-06-06,A. Whitcombe,Part received
PO-2024-00397,TANFD,LIV,2024-05-16,2024-08-02,R. Deakin,Part received
PO-2024-00398,IRWEL,DAV,2024-05-17,2024-06-07,R. Deakin,Complete
PO-2024-00399,ARDEN,DAV,2024-05-17,2024-05-29,R. Deakin,Part received
PO-2024-00400,ARDEN,LIV,2024-05-17,2024-05-29,A. Whitcombe,Complete
PO-2024-00401,QUEND,DAV,2024-05-20,2024-06-10,M. Castleford,Complete
PO-2024-00402,CHARN,DAV,2024-05-20,2024-05-30,R. Deakin,Complete
PO-2024-00403,ARDEN,DAV,2024-05-20,2024-05-30,M. Castleford,Complete
PO-2024-00404,MERID,DAV,2024-05-20,2024-08-06,S. Nkemelu,Part received
PO-2024-00405,ORMSK,WAR,2024-05-20,2024-06-10,A. Whitcombe,Part received
PO-2024-00406,EASTN,DAV,2024-05-21,2024-05-31,A. Whitcombe,Complete
PO-2024-00407,ARDEN,DAV,2024-05-21,2024-05-31,R. Deakin,Part received
PO-2024-00408,KELSO,DAV,2024-05-21,2024-06-20,R. Deakin,Part received
PO-2024-00409,LANGD,DAV,2024-05-21,2024-06-11,T. Harrowby,Complete
PO-2024-00410,BRAMW,DAV,2024-05-21,2024-05-31,A. Whitcombe,Complete
PO-2024-00411,WROXH,DAV,2024-05-22,2024-08-08,M. Castleford,Part received
PO-2024-00412,HALDN,WAR,2024-05-22,2024-06-03,S. Nkemelu,Part received
PO-2024-00413,HALDN,DAV,2024-05-23,2024-06-04,R. Deakin,Complete
PO-2024-00414,CHARN,DAV,2024-05-23,2024-06-04,T. Harrowby,Complete
PO-2024-00415,TANFD,DAV,2024-05-23,2024-08-09,A. Whitcombe,Part received
PO-2024-00416,JARVS,DAV,2024-05-23,2024-06-13,T. Harrowby,Complete
PO-2024-00417,ARDEN,DAV,2024-05-23,2024-06-04,S. Nkemelu,Complete
PO-2024-00418,DERWT,DAV,2024-05-23,2024-06-04,A. Whitcombe,Part received
PO-2024-00419,BEWLY,DAV,2024-05-24,2024-06-25,S. Nkemelu,Complete
PO-2024-00420,ARDEN,DAV,2024-05-24,2024-06-05,M. Castleford,Complete
PO-2024-00421,GRANH,WAR,2024-05-24,2024-06-05,A. Whitcombe,Complete
PO-2024-00422,WROXH,DAV,2024-05-28,2024-08-13,A. Whitcombe,Part received
PO-2024-00423,ARDEN,DAV,2024-05-28,2024-06-06,A. Whitcombe,Complete
PO-2024-00424,PENRT,WAR,2024-05-28,2024-06-17,S. Nkemelu,Complete
PO-2024-00425,SELBY,WAR,2024-05-28,2024-08-13,M. Castleford,Part received
PO-2024-00426,FOXLY,DAV,2024-05-29,2024-06-07,M. Castleford,Complete
PO-2024-00427,ARDEN,DAV,2024-05-29,2024-06-07,S. Nkemelu,Complete
PO-2024-00428,MERID,DAV,2024-05-30,2024-08-15,S. Nkemelu,Part received
PO-2024-00429,NEWLY,DAV,2024-05-30,2024-06-19,R. Deakin,Part received
PO-2024-00430,QUEND,DAV,2024-05-30,2024-06-19,M. Castleford,Complete
PO-2024-00431,ARDEN,WAR,2024-05-30,2024-06-10,R. Deakin,Complete
PO-2024-00432,FOXLY,WAR,2024-05-30,2024-06-10,S. Nkemelu,Complete
PO-2024-00433,UPTON,DAV,2024-05-31,2024-08-16,S. Nkemelu,Part received
PO-2024-00434,EASTN,DAV,2024-05-31,2024-06-11,R. Deakin,Complete
PO-2024-00435,ARDEN,DAV,2024-05-31,2024-06-11,T. Harrowby,Complete
PO-2024-00436,MERID,DAV,2024-05-31,2024-08-16,M. Castleford,Part received
PO-2024-00437,CHARN,WAR,2024-05-31,2024-06-11,A. Whitcombe,Part received
PO-2024-00438,WROXH,WAR,2024-05-31,2024-08-16,S. Nkemelu,Part received
PO-2024-00439,ARDEN,WAR,2024-05-31,2024-06-11,T. Harrowby,Part received
PO-2024-00440,BRAMW,DAV,2024-06-03,2024-06-12,T. Harrowby,Complete
PO-2024-00441,MARSD,WAR,2024-06-03,2024-06-21,S. Nkemelu,Part received
PO-2024-00442,ARDEN,WAR,2024-06-03,2024-06-12,T. Harrowby,Complete
PO-2024-00443,JARVS,WAR,2024-06-03,2024-06-21,R. Deakin,Part received
PO-2024-00444,ARDEN,DAV,2024-06-04,2024-06-13,A. Whitcombe,Part received
PO-2024-00445,PENRT,DAV,2024-06-04,2024-06-24,A. Whitcombe,Complete
PO-2024-00446,KENTM,DAV,2024-06-04,2024-06-24,A. Whitcombe,Complete
PO-2024-00447,TANFD,DAV,2024-06-04,2024-08-20,A. Whitcombe,Complete
PO-2024-00448,ARDEN,WAR,2024-06-04,2024-06-13,M. Castleford,Complete
PO-2024-00449,MARSD,DAV,2024-06-05,2024-06-25,A. Whitcombe,Part received
PO-2024-00450,ARDEN,DAV,2024-06-05,2024-06-14,S. Nkemelu,Complete
PO-2024-00451,RAVNS,DAV,2024-06-06,2024-06-26,A. Whitcombe,Part received
PO-2024-00452,MERID,WAR,2024-06-06,2024-08-22,M. Castleford,Part received
PO-2024-00453,CROMR,WAR,2024-06-06,2024-07-05,T. Harrowby,Part received
PO-2024-00454,ARDEN,WAR,2024-06-06,2024-06-17,A. Whitcombe,Complete
PO-2024-00455,DERWT,DAV,2024-06-07,2024-06-18,M. Castleford,Part received
PO-2024-00456,HALDN,DAV,2024-06-07,2024-06-18,S. Nkemelu,Part received
PO-2024-00457,ARDEN,LIV,2024-06-07,2024-06-18,A. Whitcombe,Complete
PO-2024-00458,EASTN,DAV,2024-06-10,2024-06-19,R. Deakin,Part received
PO-2024-00459,DERWT,DAV,2024-06-10,2024-06-19,T. Harrowby,Complete
PO-2024-00460,FOXLY,DAV,2024-06-10,2024-06-19,A. Whitcombe,Part received
PO-2024-00461,ARDEN,DAV,2024-06-10,2024-06-19,M. Castleford,Complete
PO-2024-00462,ARDEN,WAR,2024-06-11,2024-06-20,S. Nkemelu,Complete
PO-2024-00463,PENRT,WAR,2024-06-11,2024-07-01,T. Harrowby,Part received
PO-2024-00464,DERWT,WAR,2024-06-12,2024-06-21,R. Deakin,Complete
PO-2024-00465,KENTM,WAR,2024-06-12,2024-07-02,S. Nkemelu,Part received
PO-2024-00466,EASTN,WAR,2024-06-12,2024-06-21,T. Harrowby,Complete
PO-2024-00467,CHARN,LIV,2024-06-12,2024-06-21,A. Whitcombe,Part received
PO-2024-00468,EASTN,DAV,2024-06-13,2024-06-24,M. Castleford,Complete
PO-2024-00469,ARDEN,WAR,2024-06-13,2024-06-24,R. Deakin,Part received
PO-2024-00470,WROXH,WAR,2024-06-13,2024-08-30,S. Nkemelu,Part received
PO-2024-00471,MERID,LIV,2024-06-13,2024-08-30,T. Harrowby,Part received
PO-2024-00472,GRANH,DAV,2024-06-14,2024-06-25,S. Nkemelu,Complete
PO-2024-00473,CROMR,DAV,2024-06-14,2024-07-15,S. Nkemelu,Complete
PO-2024-00474,ORMSK,DAV,2024-06-14,2024-07-04,S. Nkemelu,Complete
PO-2024-00475,ARDEN,DAV,2024-06-17,2024-06-26,A. Whitcombe,Complete
PO-2024-00476,EASTN,WAR,2024-06-17,2024-06-26,S. Nkemelu,Part received
PO-2024-00477,UPTON,WAR,2024-06-17,2024-09-03,M. Castleford,Part received
PO-2024-00478,HALDN,DAV,2024-06-18,2024-06-27,M. Castleford,Part received
PO-2024-00479,KELSO,DAV,2024-06-18,2024-07-17,R. Deakin,Complete
PO-2024-00480,MERID,DAV,2024-06-18,2024-09-04,S. Nkemelu,Part received
PO-2024-00481,BRAMW,WAR,2024-06-18,2024-06-27,M. Castleford,Complete
PO-2024-00482,JARVS,DAV,2024-06-19,,A. Whitcombe,Complete
PO-2024-00483,ARDEN,WAR,2024-06-19,2024-06-28,S. Nkemelu,Complete
PO-2024-00484,TANFD,DAV,2024-06-20,2024-09-06,M. Castleford,Part received
PO-2024-00485,BRAMW,DAV,2024-06-20,2024-07-01,R. Deakin,Part received
PO-2024-00486,PENRT,DAV,2024-06-20,2024-07-10,R. Deakin,Complete
PO-2024-00487,ARDEN,DAV,2024-06-20,2024-07-01,A. Whitcombe,Complete
PO-2024-00488,KENTM,DAV,2024-06-21,2024-07-11,R. Deakin,Part received
PO-2024-00489,GRANH,WAR,2024-06-21,2024-07-02,A. Whitcombe,Complete
PO-2024-00490,MARSD,WAR,2024-06-21,2024-07-11,S. Nkemelu,Complete
PO-2024-00491,TANFD,WAR,2024-06-21,2024-09-09,A. Whitcombe,Part received
PO-2024-00492,QUEND,DAV,2024-06-24,2024-07-12,T. Harrowby,Complete
PO-2024-00493,ARDEN,WAR,2024-06-24,2024-07-03,S. Nkemelu,Complete
PO-2024-00494,KELSO,WAR,2024-06-24,2024-07-23,M. Castleford,Complete
PO-2024-00495,PENRT,LIV,2024-06-24,2024-07-12,T. Harrowby,Complete
PO-2024-00496,TANFD,LIV,2024-06-24,2024-09-10,T. Harrowby,Part received
PO-2024-00497,VERND,LIV,2024-06-24,2024-09-10,T. Harrowby,Part received
PO-2024-00498,BRAMW,DAV,2024-06-25,2024-07-04,T. Harrowby,Complete
PO-2024-00499,UPTON,DAV,2024-06-25,2024-09-11,S. Nkemelu,Part received
PO-2024-00500,ORMSK,DAV,2024-06-25,2024-07-15,A. Whitcombe,Part received
PO-2024-00501,NEWLY,WAR,2024-06-25,2024-07-15,R. Deakin,Complete
PO-2024-00502,BRAMW,LIV,2024-06-25,2024-07-04,T. Harrowby,Part received
PO-2024-00503,FOXLY,DAV,2024-06-26,2024-07-05,A. Whitcombe,Complete
PO-2024-00504,HALDN,WAR,2024-06-26,2024-07-05,R. Deakin,Part received
PO-2024-00505,NEWLY,DAV,2024-06-27,2024-07-17,S. Nkemelu,Complete
PO-2024-00506,ARDEN,DAV,2024-06-27,2024-07-08,M. Castleford,Part received
PO-2024-00507,ARDEN,WAR,2024-06-27,2024-07-08,T. Harrowby,Complete
PO-2024-00508,FOXLY,WAR,2024-06-27,2024-07-08,A. Whitcombe,Complete
PO-2024-00509,MERID,LIV,2024-06-27,2024-09-13,M. Castleford,Part received
PO-2024-00510,DUNKD,DAV,2024-06-28,2024-07-29,S. Nkemelu,Complete
PO-2024-00511,DERWT,DAV,2024-06-28,2024-07-09,S. Nkemelu,Complete
PO-2024-00512,PENRT,WAR,2024-06-28,2024-07-18,A. Whitcombe,Complete
PO-2024-00513,CHARN,WAR,2024-06-28,2024-07-09,A. Whitcombe,Part received
PO-2024-00514,KENTM,WAR,2024-06-28,2024-07-18,T. Harrowby,Part received
PO-2024-00515,ARDEN,DAV,2024-07-01,,T. Harrowby,Complete
PO-2024-00516,PENRT,DAV,2024-07-01,2024-07-19,M. Castleford,Part received
PO-2024-00517,LANGD,DAV,2024-07-01,2024-07-19,R. Deakin,Complete
PO-2024-00518,FOXLY,WAR,2024-07-01,2024-07-10,S. Nkemelu,Part received
PO-2024-00519,ARDEN,WAR,2024-07-01,2024-07-10,T. Harrowby,Complete
PO-2024-00520,EASTN,BRS,2024-07-01,2024-07-10,M. Castleford,Part received
PO-2024-00521,NEWLY,LIV,2024-07-01,2024-07-19,T. Harrowby,Complete
PO-2024-00522,EASTN,DAV,2024-07-02,2024-07-11,R. Deakin,Part received
PO-2024-00523,YARLT,DAV,2024-07-02,2024-09-18,A. Whitcombe,Part received
PO-2024-00524,ARDEN,DAV,2024-07-02,2024-07-11,S. Nkemelu,Part received
PO-2024-00525,FOXLY,WAR,2024-07-02,2024-07-11,R. Deakin,Complete
PO-2024-00526,ORMSK,WAR,2024-07-02,2024-07-22,A. Whitcombe,Part received
PO-2024-00527,ARDEN,BRS,2024-07-02,2024-07-11,T. Harrowby,Part received
PO-2024-00528,CHARN,DAV,2024-07-03,2024-07-12,T. Harrowby,Complete
PO-2024-00529,ARDEN,DAV,2024-07-03,2024-07-12,A. Whitcombe,Complete
PO-2024-00530,PENRT,DAV,2024-07-03,2024-07-23,R. Deakin,Complete
PO-2024-00531,ARDEN,BRS,2024-07-03,2024-07-12,M. Castleford,Complete
PO-2024-00532,BRAMW,BRS,2024-07-03,2024-07-12,A. Whitcombe,Part received
PO-2024-00533,FOXLY,BRS,2024-07-03,2024-07-12,A. Whitcombe,Complete
PO-2024-00534,HALDN,DAV,2024-07-04,2024-07-15,R. Deakin,Complete
PO-2024-00535,BRAMW,DAV,2024-07-04,2024-07-15,M. Castleford,Complete
PO-2024-00536,CHARN,DAV,2024-07-05,2024-07-16,A. Whitcombe,Complete
PO-2024-00537,MARSD,BRS,2024-07-05,2024-07-25,R. Deakin,Part received
PO-2024-00538,ARDEN,BRS,2024-07-05,2024-07-16,T. Harrowby,Complete
PO-2024-00539,KELSO,BRS,2024-07-05,2024-08-05,M. Castleford,Part received
PO-2024-00540,IRWEL,BRS,2024-07-05,2024-06-16,S. Nkemelu,Complete
PO-2024-00541,SELBY,BRS,2024-07-05,2024-09-23,S. Nkemelu,Part received
PO-2024-00542,RAVNS,DAV,2024-07-08,2024-07-26,R. Deakin,Complete
PO-2024-00543,MARSD,DAV,2024-07-08,2024-07-26,S. Nkemelu,Part received
PO-2024-00544,GRANH,WAR,2024-07-08,2024-07-17,T. Harrowby,Part received
PO-2024-00545,PENRT,BRS,2024-07-08,2024-07-26,A. Whitcombe,Complete
PO-2024-00546,ORMSK,BRS,2024-07-08,2024-07-26,A. Whitcombe,Part received
PO-2024-00547,ARDEN,DAV,2024-07-09,2024-07-18,S. Nkemelu,Part received
PO-2024-00548,LANGD,DAV,2024-07-09,2024-07-29,S. Nkemelu,Complete
PO-2024-00549,EASTN,BRS,2024-07-09,2024-07-18,T. Harrowby,Complete
PO-2024-00550,FOXLY,LIV,2024-07-09,2024-07-18,S. Nkemelu,Complete
PO-2024-00551,ARDEN,DAV,2024-07-10,2024-07-19,M. Castleford,Complete
PO-2024-00552,ARDEN,WAR,2024-07-10,2024-07-19,A. Whitcombe,Part received
PO-2024-00553,MERID,BRS,2024-07-10,2024-09-26,S. Nkemelu,Part received
PO-2024-00554,WROXH,LIV,2024-07-10,2024-09-26,A. Whitcombe,Part received
PO-2024-00555,ARDEN,DAV,2024-07-11,2024-07-22,A. Whitcombe,Part received
PO-2024-00556,DERWT,DAV,2024-07-11,2024-07-22,M. Castleford,Complete
PO-2024-00557,MARSD,WAR,2024-07-11,2024-07-31,A. Whitcombe,Part received
PO-2024-00558,ARDEN,BRS,2024-07-11,2024-07-22,M. Castleford,Complete
PO-2024-00559,CHARN,BRS,2024-07-11,2024-07-22,T. Harrowby,Part received
PO-2024-00560,GRANH,BRS,2024-07-11,2024-07-22,M. Castleford,Complete
PO-2024-00561,SELBY,DAV,2024-07-15,2024-10-01,R. Deakin,Part received
PO-2024-00562,KELSO,WAR,2024-07-15,2024-08-13,T. Harrowby,Complete
PO-2024-00563,EASTN,WAR,2024-07-15,2024-07-24,S. Nkemelu,Complete
PO-2024-00564,TANFD,BRS,2024-07-15,2024-10-01,R. Deakin,Part received
PO-2024-00565,BEWLY,BRS,2024-07-15,2024-08-13,R. Deakin,Part received
PO-2024-00566,BEWLY,LIV,2024-07-15,2024-08-13,S. Nkemelu,Complete
PO-2024-00567,BRAMW,DAV,2024-07-16,2024-07-25,T. Harrowby,Complete
PO-2024-00568,EASTN,DAV,2024-07-16,2024-07-25,S. Nkemelu,Complete
PO-2024-00569,YARLT,DAV,2024-07-16,2024-10-02,A. Whitcombe,Part received
PO-2024-00570,KENTM,DAV,2024-07-16,2024-08-05,M. Castleford,Complete
PO-2024-00571,UPTON,BRS,2024-07-16,2024-10-02,S. Nkemelu,Part received
PO-2024-00572,IRWEL,BRS,2024-07-17,2024-08-06,A. Whitcombe,Complete
PO-2024-00573,JARVS,DAV,2024-07-18,2024-08-07,R. Deakin,Complete
PO-2024-00574,ARDEN,LIV,2024-07-18,2024-07-29,S. Nkemelu,Complete
PO-2024-00575,NEWLY,DAV,2024-07-19,2024-08-08,M. Castleford,Part received
PO-2024-00576,MERID,DAV,2024-07-19,2024-10-07,M. Castleford,Part received
PO-2024-00577,ARDEN,WAR,2024-07-19,2024-07-30,S. Nkemelu,Part received
PO-2024-00578,WROXH,BRS,2024-07-19,2024-10-07,A. Whitcombe,Part received
PO-2024-00579,ARDEN,BRS,2024-07-19,2024-07-30,A. Whitcombe,Part received
PO-2024-00580,ARDEN,DAV,2024-07-22,2024-07-31,A. Whitcombe,Part received
PO-2024-00581,MERID,DAV,2024-07-22,2024-10-08,T. Harrowby,Part received
PO-2024-00582,BRAMW,DAV,2024-07-22,2024-07-31,M. Castleford,Complete
PO-2024-00583,BEWLY,WAR,2024-07-22,2024-08-20,S. Nkemelu,Complete
PO-2024-00584,HALDN,WAR,2024-07-22,2024-07-31,T. Harrowby,Complete
PO-2024-00585,SELBY,BRS,2024-07-22,2024-10-08,S. Nkemelu,Part received
PO-2024-00586,VERND,BRS,2024-07-22,2024-10-08,T. Harrowby,Part received
PO-2024-00587,ARDEN,LIV,2024-07-22,2024-07-31,R. Deakin,Complete
PO-2024-00588,DERWT,LIV,2024-07-22,2024-07-31,A. Whitcombe,Complete
PO-2024-00589,ARDEN,DAV,2024-07-23,2024-08-01,T. Harrowby,Complete
PO-2024-00590,HALDN,DAV,2024-07-23,2024-08-01,A. Whitcombe,Part received
PO-2024-00591,KENTM,DAV,2024-07-23,2024-08-12,R. Deakin,Part received
PO-2024-00592,BRAMW,WAR,2024-07-23,2024-08-01,M. Castleford,Complete
PO-2024-00593,HALDN,BRS,2024-07-23,2024-08-01,S. Nkemelu,Complete
PO-2024-00594,UPTON,LIV,2024-07-23,2024-10-09,A. Whitcombe,Part received
PO-2024-00595,DERWT,DAV,2024-07-24,2024-08-02,S. Nkemelu,Complete
PO-2024-00596,CHARN,DAV,2024-07-24,2024-08-02,S. Nkemelu,Part received
PO-2024-00597,WROXH,LIV,2024-07-24,2024-10-10,R. Deakin,Part received
PO-2024-00598,EASTN,DAV,2024-07-25,2024-08-05,R. Deakin,Part received
PO-2024-00599,ARDEN,DAV,2024-07-25,2024-08-05,T. Harrowby,Part received
PO-2024-00600,ARDEN,WAR,2024-07-25,2024-08-05,A. Whitcombe,Complete
PO-2024-00601,PENRT,WAR,2024-07-25,2024-08-14,T. Harrowby,Part received
PO-2024-00602,DERWT,BRS,2024-07-25,2024-08-05,S. Nkemelu,Complete
PO-2024-00603,EASTN,BRS,2024-07-25,2024-08-05,S. Nkemelu,Part received
PO-2024-00604,MERID,BRS,2024-07-25,2024-10-11,M. Castleford,Part received
PO-2024-00605,HALDN,DAV,2024-07-26,2024-08-06,T. Harrowby,Complete
PO-2024-00606,EASTN,WAR,2024-07-26,2024-08-06,M. Castleford,Complete
PO-2024-00607,ARDEN,BRS,2024-07-26,2024-08-06,R. Deakin,Complete
PO-2024-00608,IRWEL,LIV,2024-07-26,2024-08-15,T. Harrowby,Complete
PO-2024-00609,EASTN,DAV,2024-07-29,2024-08-07,S. Nkemelu,Complete
PO-2024-00610,MARSD,DAV,2024-07-29,2024-08-16,A. Whitcombe,Complete
PO-2024-00611,MARSD,BRS,2024-07-29,2024-08-16,S. Nkemelu,Complete
PO-2024-00612,IRWEL,DAV,2024-07-30,2024-08-19,T. Harrowby,Complete
PO-2024-00613,BRAMW,DAV,2024-07-30,2024-08-08,M. Castleford,Complete
PO-2024-00614,DERWT,DAV,2024-07-30,2024-08-08,S. Nkemelu,Complete
PO-2024-00615,NEWLY,DAV,2024-07-30,2024-08-19,A. Whitcombe,Part received
PO-2024-00616,FOXLY,WAR,2024-07-30,2024-07-17,A. Whitcombe,Part received
PO-2024-00617,UPTON,WAR,2024-07-30,2024-10-16,T. Harrowby,Part received
PO-2024-00618,PENRT,BRS,2024-07-30,2024-08-19,S. Nkemelu,Complete
PO-2024-00619,ARDEN,BRS,2024-07-30,2024-08-08,M. Castleford,Complete
PO-2024-00620,QUEND,DAV,2024-07-31,2024-08-20,A. Whitcombe,Complete
PO-2024-00621,DERWT,DAV,2024-08-01,2024-08-12,A. Whitcombe,Complete
PO-2024-00622,NEWLY,BRS,2024-08-01,2024-08-21,M. Castleford,Part received
PO-2024-00623,VERND,DAV,2024-08-02,2024-10-21,M. Castleford,Part received
PO-2024-00624,KELSO,DAV,2024-08-02,2024-09-03,M. Castleford,Part received
PO-2024-00625,PENRT,DAV,2024-08-02,2024-08-22,T. Harrowby,Part received
PO-2024-00626,EASTN,DAV,2024-08-02,2024-08-13,S. Nkemelu,Complete
PO-2024-00627,ORMSK,DAV,2024-08-02,,S. Nkemelu,Complete
PO-2024-00628,MARSD,WAR,2024-08-02,2024-08-22,A. Whitcombe,Part received
PO-2024-00629,RAVNS,BRS,2024-08-02,2024-08-22,R. Deakin,Complete
PO-2024-00630,PENRT,WAR,2024-08-05,2024-08-23,R. Deakin,Complete
PO-2024-00631,CHARN,WAR,2024-08-05,2024-08-14,R. Deakin,Complete
PO-2024-00632,EASTN,BRS,2024-08-06,2024-08-15,M. Castleford,Complete
PO-2024-00633,ORMSK,BRS,2024-08-06,2024-08-27,T. Harrowby,Complete
PO-2024-00634,ARDEN,BRS,2024-08-06,2024-08-15,M. Castleford,Complete
PO-2024-00635,PENRT,LIV,2024-08-06,2024-08-27,T. Harrowby,Complete
PO-2024-00636,MERID,LIV,2024-08-06,2024-10-23,R. Deakin,Part received
PO-2024-00637,ORMSK,LIV,2024-08-06,2024-08-27,M. Castleford,Part received
PO-2024-00638,ARDEN,DAV,2024-08-07,2024-08-16,T. Harrowby,Complete
PO-2024-00639,RAVNS,DAV,2024-08-07,2024-08-28,S. Nkemelu,Part received
PO-2024-00640,EASTN,DAV,2024-08-07,2024-08-16,R. Deakin,Part received
PO-2024-00641,VERND,BRS,2024-08-07,2024-10-24,M. Castleford,Part received
PO-2024-00642,HALDN,BRS,2024-08-07,2024-08-16,R. Deakin,Part received
PO-2024-00643,RAVNS,DAV,2024-08-08,2024-08-29,A. Whitcombe,Complete
PO-2024-00644,FOXLY,DAV,2024-08-08,2024-08-19,T. Harrowby,Complete
PO-2024-00645,ARDEN,DAV,2024-08-09,2024-08-20,A. Whitcombe,Part received
PO-2024-00646,HALDN,WAR,2024-08-09,2024-08-20,R. Deakin,Part received
PO-2024-00647,YARLT,BRS,2024-08-09,2024-10-28,M. Castleford,Part received
PO-2024-00648,VERND,LIV,2024-08-09,2024-10-28,M. Castleford,Part received
PO-2024-00649,BRAMW,DAV,2024-08-12,2024-08-21,R. Deakin,Complete
PO-2024-00650,GRANH,DAV,2024-08-12,2024-08-21,S. Nkemelu,Complete
PO-2024-00651,EASTN,WAR,2024-08-12,2024-08-21,M. Castleford,Complete
PO-2024-00652,MERID,BRS,2024-08-12,2024-10-29,M. Castleford,Part received
PO-2024-00653,NEWLY,BRS,2024-08-12,2024-09-02,M. Castleford,Complete
PO-2024-00654,UPTON,DAV,2024-08-13,2024-10-30,M. Castleford,Part received
PO-2024-00655,EASTN,DAV,2024-08-13,2024-08-22,S. Nkemelu,Part received
PO-2024-00656,VERND,DAV,2024-08-13,2024-10-30,T. Harrowby,Part received
PO-2024-00657,HALDN,DAV,2024-08-13,2024-08-22,R. Deakin,Complete
PO-2024-00658,ARDEN,DAV,2024-08-14,2024-08-23,R. Deakin,Complete
PO-2024-00659,PENRT,DAV,2024-08-14,2024-09-04,M. Castleford,Complete
PO-2024-00660,DERWT,BRS,2024-08-14,2024-08-23,S. Nkemelu,Complete
PO-2024-00661,CROMR,BRS,2024-08-14,2024-09-13,S. Nkemelu,Complete
PO-2024-00662,ARDEN,DAV,2024-08-15,2024-08-27,M. Castleford,Part received
PO-2024-00663,ARDEN,WAR,2024-08-15,2024-08-27,S. Nkemelu,Complete
PO-2024-00664,ARDEN,DAV,2024-08-16,,T. Harrowby,Complete
PO-2024-00665,WROXH,WAR,2024-08-16,2024-11-04,A. Whitcombe,Part received
PO-2024-00666,ARDEN,WAR,2024-08-16,2024-08-28,T. Harrowby,Complete
PO-2024-00667,KENTM,DAV,2024-08-19,2024-09-09,T. Harrowby,Complete
PO-2024-00668,ARDEN,DAV,2024-08-19,2024-08-11,S. Nkemelu,Complete
PO-2024-00669,QUEND,DAV,2024-08-19,2024-09-09,T. Harrowby,Part received
PO-2024-00670,CHARN,WAR,2024-08-19,2024-08-29,A. Whitcombe,Complete
PO-2024-00671,CHARN,BRS,2024-08-19,2024-08-29,R. Deakin,Complete
PO-2024-00672,ARDEN,BRS,2024-08-19,2024-08-29,A. Whitcombe,Part received
PO-2024-00673,BEWLY,DAV,2024-08-20,2024-09-19,A. Whitcombe,Complete
PO-2024-00674,ARDEN,DAV,2024-08-20,2024-08-30,R. Deakin,Complete
PO-2024-00675,ORMSK,WAR,2024-08-20,2024-09-10,R. Deakin,Complete
PO-2024-00676,YARLT,WAR,2024-08-20,2024-11-06,A. Whitcombe,Part received
PO-2024-00677,NEWLY,WAR,2024-08-20,2024-09-10,T. Harrowby,Complete
PO-2024-00678,NEWLY,DAV,2024-08-21,2024-09-11,R. Deakin,Complete
PO-2024-00679,LANGD,DAV,2024-08-21,2024-09-11,R. Deakin,Complete
PO-2024-00680,HALDN,WAR,2024-08-21,2024-09-02,T. Harrowby,Complete
PO-2024-00681,KELSO,WAR,2024-08-21,2024-09-20,A. Whitcombe,Part received
PO-2024-00682,BRAMW,BRS,2024-08-21,2024-09-02,R. Deakin,Complete
PO-2024-00683,ARDEN,DAV,2024-08-22,2024-09-03,R. Deakin,Complete
PO-2024-00684,EASTN,WAR,2024-08-22,2024-09-03,R. Deakin,Part received
PO-2024-00685,BRAMW,WAR,2024-08-22,2024-09-03,M. Castleford,Complete
PO-2024-00686,NEWLY,DAV,2024-08-23,2024-09-13,M. Castleford,Complete
PO-2024-00687,FOXLY,BRS,2024-08-23,2024-09-04,S. Nkemelu,Complete
PO-2024-00688,HALDN,LIV,2024-08-23,2024-09-04,T. Harrowby,Part received
PO-2024-00689,CHARN,DAV,2024-08-27,2024-09-05,A. Whitcombe,Complete
PO-2024-00690,GRANH,DAV,2024-08-27,2024-09-05,R. Deakin,Complete
PO-2024-00691,ARDEN,DAV,2024-08-27,2024-09-05,R. Deakin,Complete
PO-2024-00692,MERID,WAR,2024-08-28,2024-11-13,S. Nkemelu,Part received
PO-2024-00693,ARDEN,WAR,2024-08-28,,S. Nkemelu,Complete
PO-2024-00694,EASTN,BRS,2024-08-28,2024-09-06,A. Whitcombe,Part received
PO-2024-00695,ORMSK,BRS,2024-08-28,2024-09-17,M. Castleford,Complete
PO-2024-00696,BRAMW,DAV,2024-08-29,2024-09-09,S. Nkemelu,Complete
PO-2024-00697,DERWT,DAV,2024-08-29,2024-09-09,T. Harrowby,Complete
PO-2024-00698,ARDEN,WAR,2024-08-29,2024-09-09,R. Deakin,Complete
PO-2024-00699,ARDEN,BRS,2024-08-29,2024-09-09,R. Deakin,Part received
PO-2024-00700,YARLT,BRS,2024-08-29,2024-11-14,T. Harrowby,Part received
PO-2024-00701,DERWT,LIV,2024-08-29,2024-09-09,A. Whitcombe,Complete
PO-2024-00702,TANFD,DAV,2024-08-30,2024-11-15,S. Nkemelu,Part received
PO-2024-00703,RAVNS,BRS,2024-08-30,2024-09-19,S. Nkemelu,Part received
PO-2024-00704,JARVS,DAV,2024-09-02,2024-09-20,T. Harrowby,Complete
PO-2024-00705,PENRT,BRS,2024-09-02,2024-09-20,T. Harrowby,Part received
PO-2024-00706,ARDEN,LIV,2024-09-03,2024-09-12,T. Harrowby,Complete
PO-2024-00707,FOXLY,DAV,2024-09-04,2024-09-13,A. Whitcombe,Complete
PO-2024-00708,EASTN,DAV,2024-09-04,2024-09-13,R. Deakin,Part received
PO-2024-00709,BRAMW,BRS,2024-09-04,2024-09-13,T. Harrowby,Complete
PO-2024-00710,ARDEN,DAV,2024-09-05,2024-09-16,S. Nkemelu,Part received
PO-2024-00711,KELSO,DAV,2024-09-05,2024-10-04,M. Castleford,Complete
PO-2024-00712,CHARN,WAR,2024-09-05,2024-09-16,R. Deakin,Complete
PO-2024-00713,ARDEN,BRS,2024-09-05,2024-09-16,T. Harrowby,Complete
PO-2024-00714,EASTN,DAV,2024-09-06,2024-09-17,S. Nkemelu,Complete
PO-2024-00715,HALDN,DAV,2024-09-06,2024-09-17,T. Harrowby,Complete
PO-2024-00716,KENTM,DAV,2024-09-06,2024-09-26,R. Deakin,Complete
PO-2024-00717,BRAMW,DAV,2024-09-06,2024-09-17,T. Harrowby,Complete
PO-2024-00718,KELSO,WAR,2024-09-06,2024-10-07,A. Whitcombe,Complete
PO-2024-00719,MERID,WAR,2024-09-06,2024-11-22,M. Castleford,Part received
PO-2024-00720,ARDEN,WAR,2024-09-06,2024-09-17,T. Harrowby,Part received
PO-2024-00721,CROMR,WAR,2024-09-09,2024-10-08,M. Castleford,Part received
PO-2024-00722,PENRT,LIV,2024-09-09,2024-09-27,A. Whitcombe,Part received
PO-2024-00723,BEWLY,BRS,2024-09-10,2024-10-09,T. Harrowby,Complete
PO-2024-00724,BRAMW,LIV,2024-09-10,2024-09-19,M. Castleford,Part received
PO-2024-00725,ARDEN,LIV,2024-09-10,2024-09-19,A. Whitcombe,Part received
PO-2024-00726,PENRT,DAV,2024-09-11,2024-10-01,S. Nkemelu,Part received
PO-2024-00727,JARVS,DAV,2024-09-11,2024-10-01,S. Nkemelu,Complete
PO-2024-00728,KENTM,WAR,2024-09-11,2024-10-01,S. Nkemelu,Complete
PO-2024-00729,ARDEN,WAR,2024-09-11,2024-09-20,T. Harrowby,Complete
PO-2024-00730,ARDEN,BRS,2024-09-11,2024-09-20,S. Nkemelu,Complete
PO-2024-00731,HALDN,BRS,2024-09-11,2024-09-20,A. Whitcombe,Complete
PO-2024-00732,ARDEN,DAV,2024-09-12,2024-09-23,S. Nkemelu,Complete
PO-2024-00733,PENRT,WAR,2024-09-12,2024-10-02,M. Castleford,Complete
PO-2024-00734,KELSO,BRS,2024-09-12,2024-10-11,S. Nkemelu,Part received
PO-2024-00735,ARDEN,DAV,2024-09-13,2024-09-24,R. Deakin,Part received
PO-2024-00736,CHARN,WAR,2024-09-13,2024-09-24,T. Harrowby,Complete
PO-2024-00737,FOXLY,WAR,2024-09-13,2024-09-24,T. Harrowby,Complete
PO-2024-00738,ARDEN,DAV,2024-09-16,2024-09-25,S. Nkemelu,Complete
PO-2024-00739,DERWT,DAV,2024-09-16,2024-09-25,S. Nkemelu,Complete
PO-2024-00740,HALDN,DAV,2024-09-16,2024-09-25,A. Whitcombe,Part received
PO-2024-00741,SELBY,WAR,2024-09-16,2024-12-02,T. Harrowby,Part received
PO-2024-00742,BRAMW,BRS,2024-09-16,2024-09-25,T. Harrowby,Part received
PO-2024-00743,GRANH,BRS,2024-09-16,2024-09-25,T. Harrowby,Complete
PO-2024-00744,CROMR,BRS,2024-09-16,2024-10-15,S. Nkemelu,Complete
PO-2024-00745,SELBY,LIV,2024-09-16,2024-12-02,T. Harrowby,Complete
PO-2024-00746,MARSD,DAV,2024-09-17,2024-10-07,M. Castleford,Complete
PO-2024-00747,GRANH,DAV,2024-09-17,2024-09-26,M. Castleford,Complete
PO-2024-00748,ARDEN,BRS,2024-09-17,2024-09-26,M. Castleford,Complete
PO-2024-00749,EASTN,BRS,2024-09-17,2024-09-26,T. Harrowby,Part received
PO-2024-00750,ARDEN,DAV,2024-09-18,2024-09-27,T. Harrowby,Complete
PO-2024-00751,QUEND,DAV,2024-09-18,2024-10-08,A. Whitcombe,Complete
PO-2024-00752,TANFD,DAV,2024-09-19,2024-12-05,A. Whitcombe,Complete
PO-2024-00753,BRAMW,DAV,2024-09-19,2024-09-30,A. Whitcombe,Complete
PO-2024-00754,MERID,DAV,2024-09-19,2024-12-05,R. Deakin,Part received
PO-2024-00755,HALDN,WAR,2024-09-19,2024-09-30,A. Whitcombe,Complete
PO-2024-00756,ARDEN,WAR,2024-09-19,2024-09-30,R. Deakin,Complete
PO-2024-00757,PENRT,WAR,2024-09-19,2024-10-09,M. Castleford,Part received
PO-2024-00758,MERID,LIV,2024-09-19,2024-12-05,S. Nkemelu,Part received
PO-2024-00759,GRANH,LIV,2024-09-19,2024-09-30,R. Deakin,Part received
PO-2024-00760,EASTN,DAV,2024-09-20,2024-10-01,T. Harrowby,Part received
PO-2024-00761,ARDEN,DAV,2024-09-20,2024-10-01,M. Castleford,Complete
PO-2024-00762,MERID,DAV,2024-09-20,2024-12-06,R. Deakin,Part received
PO-2024-00763,CHARN,WAR,2024-09-20,2024-10-01,A. Whitcombe,Complete
PO-2024-00764,EASTN,BRS,2024-09-20,2024-10-01,R. Deakin,Complete
PO-2024-00765,NEWLY,BRS,2024-09-20,2024-10-10,M. Castleford,Complete
PO-2024-00766,ARDEN,BRS,2024-09-20,2024-10-01,S. Nkemelu,Complete
PO-2024-00767,IRWEL,DAV,2024-09-23,2024-10-11,R. Deakin,Complete
PO-2024-00768,NEWLY,DAV,2024-09-23,2024-10-11,S. Nkemelu,Complete
PO-2024-00769,GRANH,WAR,2024-09-23,2024-10-02,T. Harrowby,Complete
PO-2024-00770,NEWLY,WAR,2024-09-23,2024-10-11,S. Nkemelu,Complete
PO-2024-00771,PENRT,BRS,2024-09-23,2024-10-11,S. Nkemelu,Complete
PO-2024-00772,ARDEN,DAV,2024-09-24,2024-10-03,R. Deakin,Complete
PO-2024-00773,CHARN,BRS,2024-09-24,2024-09-16,A. Whitcombe,Complete
PO-2024-00774,MERID,BRS,2024-09-24,2024-12-10,A. Whitcombe,Part received
PO-2024-00775,NEWLY,DAV,2024-09-25,2024-10-15,T. Harrowby,Complete
PO-2024-00776,MARSD,BRS,2024-09-25,2024-10-15,T. Harrowby,Complete
PO-2024-00777,CHARN,DAV,2024-09-26,2024-10-07,R. Deakin,Part received
PO-2024-00778,IRWEL,DAV,2024-09-26,2024-10-16,R. Deakin,Part received
PO-2024-00779,LANGD,DAV,2024-09-26,2024-10-16,R. Deakin,Complete
PO-2024-00780,FOXLY,WAR,2024-09-26,2024-10-07,S. Nkemelu,Complete
PO-2024-00781,VERND,WAR,2024-09-26,2024-12-12,M. Castleford,Part received
PO-2024-00782,EASTN,WAR,2024-09-26,2024-10-07,S. Nkemelu,Part received
PO-2024-00783,KELSO,DAV,2024-09-27,2024-10-28,A. Whitcombe,Part received
PO-2024-00784,WROXH,DAV,2024-09-30,2024-12-16,R. Deakin,Complete
PO-2024-00785,QUEND,DAV,2024-09-30,2024-10-18,M. Castleford,Complete
PO-2024-00786,FOXLY,DAV,2024-10-01,2024-10-10,A. Whitcombe,Complete
PO-2024-00787,ARDEN,DAV,2024-10-01,2024-10-10,M. Castleford,Complete
PO-2024-00788,NEWLY,DAV,2024-10-01,2024-10-21,S. Nkemelu,Part received
PO-2024-00789,ARDEN,WAR,2024-10-01,2024-10-10,S. Nkemelu,Complete
PO-2024-00790,ORMSK,BRS,2024-10-01,2024-10-21,S. Nkemelu,Complete
PO-2024-00791,TANFD,BRS,2024-10-01,2024-12-17,M. Castleford,Part received
PO-2024-00792,ARDEN,BRS,2024-10-01,2024-10-10,S. Nkemelu,Complete
PO-2024-00793,ARDEN,DAV,2024-10-02,2024-10-11,R. Deakin,Complete
PO-2024-00794,DERWT,BRS,2024-10-02,2024-10-11,A. Whitcombe,Complete
PO-2024-00795,VERND,BRS,2024-10-02,2024-12-18,A. Whitcombe,Part received
PO-2024-00796,MARSD,LIV,2024-10-02,2024-10-22,R. Deakin,Part received
PO-2024-00797,BRAMW,DAV,2024-10-03,2024-10-14,S. Nkemelu,Part received
PO-2024-00798,GRANH,DAV,2024-10-03,2024-10-14,S. Nkemelu,Part received
PO-2024-00799,JARVS,DAV,2024-10-03,2024-10-23,R. Deakin,Complete
PO-2024-00800,EASTN,DAV,2024-10-03,,A. Whitcombe,Part received
PO-2024-00801,MERID,DAV,2024-10-03,2024-12-19,R. Deakin,Part received
PO-2024-00802,WROXH,BRS,2024-10-03,2024-12-19,M. Castleford,Part received
PO-2024-00803,IRWEL,BRS,2024-10-03,2024-10-23,S. Nkemelu,Complete
PO-2024-00804,HALDN,BRS,2024-10-03,2024-10-14,S. Nkemelu,Part received
PO-2024-00805,ARDEN,BRS,2024-10-03,2024-10-14,A. Whitcombe,Part received
PO-2024-00806,ARDEN,DAV,2024-10-04,2024-10-15,M. Castleford,Complete
PO-2024-00807,VERND,WAR,2024-10-04,2024-12-20,S. Nkemelu,Part received
PO-2024-00808,ARDEN,WAR,2024-10-04,2024-10-15,A. Whitcombe,Complete
PO-2024-00809,MERID,BRS,2024-10-04,2024-12-20,S. Nkemelu,Part received
PO-2024-00810,IRWEL,WAR,2024-10-07,2024-10-25,R. Deakin,Complete
PO-2024-00811,PENRT,WAR,2024-10-07,2024-10-25,A. Whitcombe,Part received
PO-2024-00812,EASTN,WAR,2024-10-07,2024-10-16,A. Whitcombe,Complete
PO-2024-00813,EASTN,BRS,2024-10-07,2024-10-16,S. Nkemelu,Complete
PO-2024-00814,WROXH,BRS,2024-10-07,2024-12-23,S. Nkemelu,Part received
PO-2024-00815,LANGD,DAV,2024-10-08,2024-10-28,A. Whitcombe,Part received
PO-2024-00816,CHARN,WAR,2024-10-08,2024-10-17,A. Whitcombe,Complete
PO-2024-00817,ARDEN,DAV,2024-10-09,2024-10-18,S. Nkemelu,Part received
PO-2024-00818,ARDEN,LIV,2024-10-09,2024-10-18,S. Nkemelu,Complete
PO-2024-00819,EASTN,DAV,2024-10-10,2024-10-21,T. Harrowby,Complete
PO-2024-00820,TANFD,DAV,2024-10-10,2024-12-30,A. Whitcombe,Part received
PO-2024-00821,HALDN,DAV,2024-10-11,2024-10-22,A. Whitcombe,Complete
PO-2024-00822,PENRT,DAV,2024-10-11,2024-10-31,R. Deakin,Complete
PO-2024-00823,ARDEN,BRS,2024-10-11,2024-10-22,S. Nkemelu,Part received
PO-2024-00824,ARDEN,DAV,2024-10-14,2024-10-23,T. Harrowby,Complete
PO-2024-00825,BEWLY,WAR,2024-10-14,2024-11-12,A. Whitcombe,Complete
PO-2024-00826,ARDEN,WAR,2024-10-14,2024-10-23,R. Deakin,Complete
PO-2024-00827,MARSD,WAR,2024-10-14,2024-11-01,M. Castleford,Part received
PO-2024-00828,PENRT,WAR,2024-10-14,2024-11-01,M. Castleford,Complete
PO-2024-00829,FOXLY,BRS,2024-10-14,2024-10-23,S. Nkemelu,Complete
PO-2024-00830,JARVS,DAV,2024-10-15,2024-11-04,R. Deakin,Complete
PO-2024-00831,KELSO,DAV,2024-10-15,2024-11-13,S. Nkemelu,Part received
PO-2024-00832,NEWLY,DAV,2024-10-15,2024-11-04,T. Harrowby,Complete
PO-2024-00833,ORMSK,DAV,2024-10-15,2024-11-04,M. Castleford,Part received
PO-2024-00834,DERWT,WAR,2024-10-15,2024-10-24,T. Harrowby,Complete
PO-2024-00835,EASTN,WAR,2024-10-15,2024-10-24,R. Deakin,Complete
PO-2024-00836,KELSO,BRS,2024-10-15,2024-11-13,M. Castleford,Complete
PO-2024-00837,ARDEN,DAV,2024-10-16,2024-10-25,S. Nkemelu,Complete
PO-2024-00838,BRAMW,DAV,2024-10-16,2024-10-25,M. Castleford,Complete
PO-2024-00839,FOXLY,WAR,2024-10-16,2024-10-25,M. Castleford,Complete
PO-2024-00840,CROMR,BRS,2024-10-16,2024-11-14,A. Whitcombe,Complete
PO-2024-00841,ARDEN,LIV,2024-10-16,2024-10-25,S. Nkemelu,Complete
PO-2024-00842,CHARN,LIV,2024-10-16,2024-10-25,T. Harrowby,Part received
PO-2024-00843,ARDEN,DAV,2024-10-17,2024-10-28,T. Harrowby,Complete
PO-2024-00844,HALDN,WAR,2024-10-17,2024-10-28,R. Deakin,Part received
PO-2024-00845,CROMR,WAR,2024-10-17,2024-11-15,S. Nkemelu,Complete
PO-2024-00846,ARDEN,WAR,2024-10-17,2024-10-28,S. Nkemelu,Part received
PO-2024-00847,NEWLY,BRS,2024-10-18,2024-11-07,T. Harrowby,Complete
PO-2024-00848,UPTON,DAV,2024-10-21,2025-01-09,A. Whitcombe,Part received
PO-2024-00849,FOXLY,DAV,2024-10-21,2024-10-30,A. Whitcombe,Complete
PO-2024-00850,EASTN,WAR,2024-10-21,2024-10-30,T. Harrowby,Complete
PO-2024-00851,BRAMW,WAR,2024-10-21,,M. Castleford,Part received
PO-2024-00852,PENRT,WAR,2024-10-21,2024-11-08,M. Castleford,Complete
PO-2024-00853,YARLT,WAR,2024-10-21,2025-01-09,A. Whitcombe,Part received
PO-2024-00854,EASTN,BRS,2024-10-21,2024-10-30,R. Deakin,Part received
PO-2024-00855,MERID,BRS,2024-10-21,2025-01-09,A. Whitcombe,Part received
PO-2024-00856,RAVNS,BRS,2024-10-21,2024-11-08,M. Castleford,Part received
PO-2024-00857,RAVNS,DAV,2024-10-22,2024-11-11,A. Whitcombe,Part received
PO-2024-00858,NEWLY,WAR,2024-10-22,2024-11-11,M. Castleford,Part received
PO-2024-00859,ARDEN,BRS,2024-10-22,2024-10-31,A. Whitcombe,Complete
PO-2024-00860,EASTN,DAV,2024-10-23,2024-11-01,R. Deakin,Part received
PO-2024-00861,ARDEN,DAV,2024-10-23,2024-11-01,R. Deakin,Part received
PO-2024-00862,ORMSK,WAR,2024-10-23,2024-11-12,A. Whitcombe,Complete
PO-2024-00863,DERWT,BRS,2024-10-23,2024-11-01,S. Nkemelu,Complete
PO-2024-00864,PENRT,LIV,2024-10-23,2024-11-12,R. Deakin,Complete
PO-2024-00865,BEWLY,LIV,2024-10-23,2024-11-21,S. Nkemelu,Complete
PO-2024-00866,MARSD,DAV,2024-10-24,2024-11-13,M. Castleford,Complete
PO-2024-00867,KENTM,WAR,2024-10-24,2024-11-13,S. Nkemelu,Complete
PO-2024-00868,ARDEN,WAR,2024-10-24,2024-11-04,T. Harrowby,Complete
PO-2024-00869,NEWLY,DAV,2024-10-25,2024-11-14,S. Nkemelu,Complete
PO-2024-00870,KELSO,DAV,2024-10-25,2024-11-25,S. Nkemelu,Part received
PO-2024-00871,KENTM,DAV,2024-10-25,2024-11-14,S. Nkemelu,Part received
PO-2024-00872,DERWT,DAV,2024-10-25,2024-11-05,T. Harrowby,Complete
PO-2024-00873,PENRT,DAV,2024-10-25,2024-11-14,A. Whitcombe,Complete
PO-2024-00874,CHARN,DAV,2024-10-25,2024-11-05,M. Castleford,Part received
PO-2024-00875,EASTN,WAR,2024-10-25,2024-11-05,M. Castleford,Part received
PO-2024-00876,FOXLY,WAR,2024-10-25,2024-11-05,S. Nkemelu,Complete
PO-2024-00877,ORMSK,BRS,2024-10-25,2024-11-14,A. Whitcombe,Part received
PO-2024-00878,KELSO,BRS,2024-10-25,2024-11-25,M. Castleford,Complete
PO-2024-00879,HALDN,BRS,2024-10-25,2024-11-05,M. Castleford,Complete
PO-2024-00880,MERID,BRS,2024-10-25,2025-01-15,T. Harrowby,Part received
PO-2024-00881,ORMSK,LIV,2024-10-25,2024-11-14,R. Deakin,Part received
PO-2024-00882,IRWEL,DAV,2024-10-28,2024-11-15,M. Castleford,Part received
PO-2024-00883,HALDN,DAV,2024-10-28,2024-11-06,T. Harrowby,Complete
PO-2024-00884,ARDEN,DAV,2024-10-28,2024-11-06,T. Harrowby,Complete
PO-2024-00885,ARDEN,WAR,2024-10-28,2024-11-06,A. Whitcombe,Complete
PO-2024-00886,BRAMW,BRS,2024-10-28,2024-11-06,S. Nkemelu,Part received
PO-2024-00887,ARDEN,BRS,2024-10-28,2024-11-06,T. Harrowby,Complete
PO-2024-00888,FOXLY,DAV,2024-10-29,2024-11-07,T. Harrowby,Complete
PO-2024-00889,TANFD,WAR,2024-10-29,2025-01-17,M. Castleford,Part received
PO-2024-00890,ARDEN,WAR,2024-10-29,2024-11-07,S. Nkemelu,Complete
PO-2024-00891,SELBY,DAV,2024-10-30,2025-01-20,R. Deakin,Part received
PO-2024-00892,YARLT,DAV,2024-10-30,2025-01-20,S. Nkemelu,Part received
PO-2024-00893,MERID,DAV,2024-10-30,2025-01-20,S. Nkemelu,Part received
PO-2024-00894,MERID,WAR,2024-10-30,2025-01-20,T. Harrowby,Part received
PO-2024-00895,TANFD,BRS,2024-10-30,2025-01-20,A. Whitcombe,Part received
PO-2024-00896,ARDEN,DAV,2024-10-31,2024-11-11,M. Castleford,Part received
PO-2024-00897,EASTN,DAV,2024-10-31,2024-11-11,R. Deakin,Complete
PO-2024-00898,NEWLY,LIV,2024-10-31,2024-11-20,R. Deakin,Complete
PO-2024-00899,ARDEN,WAR,2024-11-01,2024-11-12,A. Whitcombe,Complete
PO-2024-00900,BEWLY,BRS,2024-11-01,2024-12-02,S. Nkemelu,Complete
PO-2024-00901,CHARN,DAV,2024-11-04,2024-11-13,R. Deakin,Complete
PO-2024-00902,ORMSK,DAV,2024-11-04,2024-11-22,R. Deakin,Complete
PO-2024-00903,BRAMW,WAR,2024-11-04,2024-11-13,T. Harrowby,Complete
PO-2024-00904,PENRT,BRS,2024-11-04,2024-11-22,T. Harrowby,Complete
PO-2024-00905,UPTON,LIV,2024-11-04,2025-01-23,S. Nkemelu,Part received
PO-2024-00906,MARSD,DAV,2024-11-05,2024-11-25,M. Castleford,Complete
PO-2024-00907,JARVS,DAV,2024-11-05,2024-11-25,R. Deakin,Complete
PO-2024-00908,EASTN,DAV,2024-11-05,2024-11-14,A. Whitcombe,Complete
PO-2024-00909,FOXLY,DAV,2024-11-05,2024-11-14,R. Deakin,Part received
PO-2024-00910,HALDN,DAV,2024-11-05,2024-11-14,S. Nkemelu,Complete
PO-2024-00911,BRAMW,DAV,2024-11-05,2024-11-14,T. Harrowby,Complete
PO-2024-00912,ARDEN,DAV,2024-11-05,2024-11-14,A. Whitcombe,Complete
PO-2024-00913,KELSO,WAR,2024-11-05,2024-12-04,M. Castleford,Part received
PO-2024-00914,EASTN,LIV,2024-11-05,2024-11-14,S. Nkemelu,Complete
PO-2024-00915,ARDEN,DAV,2024-11-06,2024-11-15,R. Deakin,Complete
PO-2024-00916,QUEND,DAV,2024-11-06,2024-11-26,S. Nkemelu,Part received
PO-2024-00917,ARDEN,BRS,2024-11-06,2024-11-15,S. Nkemelu,Complete
PO-2024-00918,EASTN,BRS,2024-11-06,2024-11-15,S. Nkemelu,Complete
PO-2024-00919,CHARN,BRS,2024-11-06,2024-10-24,T. Harrowby,Complete
PO-2024-00920,CROMR,DAV,2024-11-08,2024-12-09,M. Castleford,Complete
PO-2024-00921,ARDEN,DAV,2024-11-08,2024-11-19,A. Whitcombe,Complete
PO-2024-00922,GRANH,WAR,2024-11-08,2024-11-19,S. Nkemelu,Complete
PO-2024-00923,VERND,LIV,2024-11-08,2025-01-29,S. Nkemelu,Part received
PO-2024-00924,YARLT,LIV,2024-11-08,2025-01-29,R. Deakin,Part received
PO-2024-00925,ARDEN,WAR,2024-11-11,2024-11-20,S. Nkemelu,Complete
PO-2024-00926,PENRT,BRS,2024-11-11,2024-11-29,A. Whitcombe,Complete
PO-2024-00927,MERID,LIV,2024-11-11,2025-01-30,M. Castleford,Part received
PO-2024-00928,ARDEN,DAV,2024-11-12,2024-11-21,R. Deakin,Complete
PO-2024-00929,BRAMW,DAV,2024-11-12,2024-11-21,R. Deakin,Part received
PO-2024-00930,GRANH,DAV,2024-11-12,2024-11-21,M. Castleford,Part received
PO-2024-00931,CHARN,DAV,2024-11-12,2024-11-21,T. Harrowby,Complete
PO-2024-00932,KENTM,DAV,2024-11-12,,R. Deakin,Complete
PO-2024-00933,IRWEL,WAR,2024-11-12,2024-12-02,T. Harrowby,Complete
PO-2024-00934,ARDEN,WAR,2024-11-12,2024-11-21,S. Nkemelu,Complete
PO-2024-00935,DERWT,BRS,2024-11-12,2024-11-21,R. Deakin,Complete
PO-2024-00936,KELSO,BRS,2024-11-12,2024-12-11,S. Nkemelu,Complete
PO-2024-00937,FOXLY,BRS,2024-11-12,2024-11-21,S. Nkemelu,Complete
PO-2024-00938,WROXH,LIV,2024-11-12,2025-01-31,A. Whitcombe,Part received
PO-2024-00939,HALDN,DAV,2024-11-13,2024-11-22,M. Castleford,Part received
PO-2024-00940,PENRT,DAV,2024-11-13,2024-12-03,M. Castleford,Part received
PO-2024-00941,EASTN,DAV,2024-11-13,2024-11-22,M. Castleford,Part received
PO-2024-00942,CHARN,WAR,2024-11-13,2024-11-22,M. Castleford,Part received
PO-2024-00943,DERWT,WAR,2024-11-13,2024-11-22,S. Nkemelu,Complete
PO-2024-00944,IRWEL,LIV,2024-11-13,2024-12-03,M. Castleford,Complete
PO-2024-00945,BEWLY,DAV,2024-11-14,2024-12-13,T. Harrowby,Complete
PO-2024-00946,EASTN,BRS,2024-11-14,2024-11-25,T. Harrowby,Complete
PO-2024-00947,ARDEN,BRS,2024-11-14,2024-11-25,M. Castleford,Part received
PO-2024-00948,BRAMW,BRS,2024-11-14,2024-11-25,M. Castleford,Complete
PO-2024-00949,FOXLY,WAR,2024-11-15,2024-11-26,M. Castleford,Part received
PO-2024-00950,EASTN,DAV,2024-11-18,2024-11-27,A. Whitcombe,Complete
PO-2024-00951,FOXLY,DAV,2024-11-18,2024-11-27,S. Nkemelu,Part received
PO-2024-00952,ARDEN,WAR,2024-11-18,2024-11-27,R. Deakin,Part received
PO-2024-00953,TANFD,WAR,2024-11-18,2025-02-06,R. Deakin,Part received
PO-2024-00954,ARDEN,LIV,2024-11-18,2024-11-27,A. Whitcombe,Part received
PO-2024-00955,NEWLY,DAV,2024-11-19,2024-12-09,T. Harrowby,Complete
PO-2024-00956,LANGD,DAV,2024-11-19,2024-12-09,R. Deakin,Complete
PO-2024-00957,CHARN,DAV,2024-11-19,2024-11-28,A. Whitcombe,Part received
PO-2024-00958,ARDEN,DAV,2024-11-19,2024-11-28,T. Harrowby,Part received
PO-2024-00959,ORMSK,DAV,2024-11-19,2024-12-09,A. Whitcombe,Part received
PO-2024-00960,NEWLY,BRS,2024-11-19,2024-12-09,A. Whitcombe,Complete
PO-2024-00961,RAVNS,DAV,2024-11-20,2024-12-10,M. Castleford,Complete
PO-2024-00962,PENRT,WAR,2024-11-20,2024-12-10,T. Harrowby,Complete
PO-2024-00963,ARDEN,WAR,2024-11-20,2024-11-29,S. Nkemelu,Part received
PO-2024-00964,IRWEL,BRS,2024-11-20,2024-12-10,M. Castleford,Complete
PO-2024-00965,GRANH,BRS,2024-11-20,2024-11-29,S. Nkemelu,Complete
PO-2024-00966,JARVS,DAV,2024-11-21,2024-12-11,R. Deakin,Complete
PO-2024-00967,FOXLY,LIV,2024-11-21,2024-12-02,M. Castleford,Complete
PO-2024-00968,UPTON,DAV,2024-11-22,2025-02-12,A. Whitcombe,Part received
PO-2024-00969,VERND,DAV,2024-11-22,2025-02-12,A. Whitcombe,Part received
PO-2024-00970,WROXH,WAR,2024-11-22,2025-02-12,T. Harrowby,Part received
PO-2024-00971,KELSO,WAR,2024-11-22,2024-12-23,M. Castleford,Part received
PO-2024-00972,KELSO,BRS,2024-11-22,2024-12-23,A. Whitcombe,Complete
PO-2024-00973,UPTON,WAR,2024-11-25,2025-02-13,T. Harrowby,Part received
PO-2024-00974,BEWLY,WAR,2024-11-25,2024-12-24,R. Deakin,Part received
PO-2024-00975,FOXLY,WAR,2024-11-25,2024-12-04,R. Deakin,Complete
PO-2024-00976,ARDEN,DAV,2024-11-26,2024-12-05,R. Deakin,Complete
PO-2024-00977,DERWT,DAV,2024-11-26,2024-12-05,T. Harrowby,Complete
PO-2024-00978,PENRT,DAV,2024-11-27,2024-12-17,R. Deakin,Part received
PO-2024-00979,HALDN,WAR,2024-11-27,2024-12-06,M. Castleford,Complete
PO-2024-00980,NEWLY,WAR,2024-11-27,2024-12-17,S. Nkemelu,Complete
PO-2024-00981,VERND,BRS,2024-11-27,2025-02-17,S. Nkemelu,Part received
PO-2024-00982,CHARN,BRS,2024-11-27,2024-12-06,A. Whitcombe,Complete
PO-2024-00983,FOXLY,WAR,2024-11-28,2024-12-09,A. Whitcombe,Part received
PO-2024-00984,FOXLY,BRS,2024-11-28,2024-12-09,T. Harrowby,Complete
PO-2024-00985,HALDN,LIV,2024-11-28,2024-12-09,R. Deakin,Complete
PO-2024-00986,IRWEL,DAV,2024-11-29,2024-12-19,S. Nkemelu,Complete
PO-2024-00987,JARVS,DAV,2024-11-29,2024-12-19,M. Castleford,Complete
PO-2024-00988,ARDEN,DAV,2024-11-29,2024-12-10,R. Deakin,Part received
PO-2024-00989,ARDEN,BRS,2024-11-29,2024-12-10,A. Whitcombe,Part received
PO-2024-00990,BEWLY,LIV,2024-11-29,2025-01-02,R. Deakin,Part received
PO-2024-00991,MARSD,DAV,2024-12-02,2024-12-20,A. Whitcombe,Part received
PO-2024-00992,KELSO,DAV,2024-12-02,2025-01-03,A. Whitcombe,Part received
PO-2024-00993,KENTM,DAV,2024-12-02,2024-12-20,T. Harrowby,Complete
PO-2024-00994,FOXLY,DAV,2024-12-02,2024-12-11,R. Deakin,Complete
PO-2024-00995,EASTN,BRS,2024-12-02,2024-12-11,A. Whitcombe,Complete
PO-2024-00996,BEWLY,BRS,2024-12-02,2025-01-03,R. Deakin,Complete
PO-2024-00997,PENRT,BRS,2024-12-02,2024-12-20,T. Harrowby,Part received
PO-2024-00998,ARDEN,DAV,2024-12-03,2024-12-12,S. Nkemelu,Complete
PO-2024-00999,EASTN,DAV,2024-12-03,2024-12-12,M. Castleford,Complete
PO-2024-01000,WROXH,DAV,2024-12-03,2025-02-21,T. Harrowby,Part received
PO-2024-01001,EASTN,WAR,2024-12-03,2024-12-12,R. Deakin,Complete
PO-2024-01002,BRAMW,BRS,2024-12-03,2024-12-12,A. Whitcombe,Complete
PO-2024-01003,NEWLY,DAV,2024-12-04,2024-12-24,A. Whitcombe,Part received
PO-2024-01004,HALDN,DAV,2024-12-04,2024-12-13,M. Castleford,Complete
PO-2024-01005,KELSO,DAV,2024-12-04,2025-01-07,A. Whitcombe,Part received
PO-2024-01006,FOXLY,DAV,2024-12-04,2024-12-13,M. Castleford,Complete
PO-2024-01007,ARDEN,WAR,2024-12-04,2024-12-13,R. Deakin,Complete
PO-2024-01008,ARDEN,DAV,2024-12-05,2024-12-16,R. Deakin,Complete
PO-2024-01009,CHARN,DAV,2024-12-05,2024-12-16,R. Deakin,Complete
PO-2024-01010,EASTN,DAV,2024-12-05,2024-12-16,A. Whitcombe,Complete
PO-2024-01011,BRAMW,DAV,2024-12-06,2024-12-17,A. Whitcombe,Part received
PO-2024-01012,ORMSK,WAR,2024-12-06,2024-12-30,R. Deakin,Part received
PO-2024-01013,KENTM,DAV,2024-12-09,2024-12-31,A. Whitcombe,Complete
PO-2024-01014,CHARN,DAV,2024-12-09,2024-12-18,S. Nkemelu,Complete
PO-2024-01015,ARDEN,BRS,2024-12-09,2024-12-18,R. Deakin,Complete
PO-2024-01016,PENRT,WAR,2024-12-10,2025-01-02,M. Castleford,Complete
PO-2024-01017,ARDEN,DAV,2024-12-11,2024-12-20,M. Castleford,Complete
PO-2024-01018,IRWEL,BRS,2024-12-11,2025-01-03,S. Nkemelu,Complete
PO-2024-01019,MERID,LIV,2024-12-11,2025-03-03,T. Harrowby,Part received
PO-2024-01020,BRAMW,DAV,2024-12-12,2024-12-23,R. Deakin,Complete
PO-2024-01021,KELSO,WAR,2024-12-12,2025-01-15,S. Nkemelu,Part received
PO-2024-01022,DERWT,BRS,2024-12-12,2024-12-23,R. Deakin,Complete
PO-2024-01023,ORMSK,BRS,2024-12-12,2025-01-06,A. Whitcombe,Part received
PO-2024-01024,JARVS,DAV,2024-12-13,2025-01-07,T. Harrowby,Complete
PO-2024-01025,TANFD,LIV,2024-12-13,2025-03-05,R. Deakin,Part received
PO-2024-01026,ARDEN,DAV,2024-12-16,2024-12-27,S. Nkemelu,Complete
PO-2024-01027,NEWLY,DAV,2024-12-16,2025-01-08,R. Deakin,Complete
PO-2024-01028,SELBY,WAR,2024-12-16,2025-03-06,T. Harrowby,Part received
PO-2024-01029,QUEND,DAV,2024-12-17,2025-01-09,M. Castleford,Complete
PO-2024-01030,CROMR,DAV,2024-12-17,2025-01-20,M. Castleford,Complete
PO-2024-01031,ARDEN,DAV,2024-12-17,2024-12-30,A. Whitcombe,Complete
PO-2024-01032,SELBY,WAR,2024-12-17,2025-03-07,M. Castleford,Part received
PO-2024-01033,BRAMW,WAR,2024-12-17,2024-12-30,R. Deakin,Complete
PO-2024-01034,NEWLY,WAR,2024-12-17,2025-01-09,A. Whitcombe,Part received
PO-2024-01035,ARDEN,WAR,2024-12-17,2024-12-30,S. Nkemelu,Part received
PO-2024-01036,EASTN,BRS,2024-12-17,2024-12-30,M. Castleford,Complete
PO-2024-01037,CHARN,BRS,2024-12-17,,R. Deakin,Complete
PO-2024-01038,ARDEN,BRS,2024-12-17,2024-12-30,R. Deakin,Complete
PO-2024-01039,MERID,WAR,2024-12-18,2025-03-10,M. Castleford,Part received
PO-2024-01040,MARSD,WAR,2024-12-18,2025-01-10,T. Harrowby,Part received
PO-2024-01041,KENTM,WAR,2024-12-18,2025-01-10,M. Castleford,Complete
PO-2024-01042,IRWEL,DAV,2024-12-20,2025-01-14,T. Harrowby,Complete
PO-2024-01043,ARDEN,DAV,2024-12-20,2025-01-03,R. Deakin,Part received
PO-2024-01044,RAVNS,DAV,2024-12-20,2025-01-14,T. Harrowby,Part received
PO-2024-01045,BRAMW,WAR,2024-12-20,2025-01-03,R. Deakin,Complete
PO-2024-01046,HALDN,WAR,2024-12-20,2025-01-03,A. Whitcombe,Complete
PO-2024-01047,ARDEN,BRS,2024-12-20,2025-01-03,T. Harrowby,Complete
PO-2024-01048,IRWEL,LIV,2024-12-20,2025-01-14,T. Harrowby,Complete
PO-2024-01049,PENRT,LIV,2024-12-20,,R. Deakin,Complete
PO-2024-01050,SELBY,LIV,2024-12-20,2025-03-12,M. Castleford,Part received
PO-2024-01051,MARSD,DAV,2024-12-23,2024-12-12,M. Castleford,Complete
PO-2024-01052,UPTON,DAV,2024-12-23,2025-03-13,T. Harrowby,Part received
PO-2024-01053,MERID,DAV,2024-12-23,2025-03-13,R. Deakin,Part received
PO-2024-01054,ARDEN,WAR,2024-12-23,2025-01-06,M. Castleford,Complete
PO-2024-01055,DERWT,BRS,2024-12-23,2025-01-06,R. Deakin,Complete
PO-2024-01056,ARDEN,BRS,2024-12-23,2025-01-06,T. Harrowby,Complete
PO-2024-01057,BEWLY,BRS,2024-12-23,2025-01-24,S. Nkemelu,Complete
PO-2024-01058,ARDEN,DAV,2024-12-24,2025-01-07,S. Nkemelu,Part received
PO-2024-01059,MERID,DAV,2024-12-24,2025-03-14,T. Harrowby,Part received
PO-2024-01060,KELSO,DAV,2024-12-24,2025-01-27,R. Deakin,Complete
PO-2024-01061,PENRT,WAR,2024-12-24,2025-01-16,M. Castleford,Part received
PO-2024-01062,LANGD,DAV,2024-12-27,2025-01-17,M. Castleford,Complete
PO-2024-01063,TANFD,WAR,2024-12-27,2025-03-17,R. Deakin,Complete
PO-2024-01064,EASTN,WAR,2024-12-27,2024-12-13,R. Deakin,Complete
PO-2024-01065,KENTM,DAV,2024-12-30,2025-01-20,R. Deakin,Complete
PO-2024-01066,ARDEN,DAV,2024-12-30,2025-01-09,R. Deakin,Complete
PO-2024-01067,GRANH,DAV,2024-12-30,2025-01-09,A. Whitcombe,Complete
PO-2024-01068,CHARN,DAV,2024-12-31,2025-01-10,T. Harrowby,Complete
PO-2024-01069,KELSO,BRS,2024-12-31,2025-01-30,A. Whitcombe,Part received
PO-2024-01070,FOXLY,LIV,2024-12-31,2025-01-10,T. Harrowby,Complete
PO-2025-01071,EASTN,DAV,2025-01-02,2025-01-13,S. Nkemelu,Complete
PO-2025-01072,ORMSK,DAV,2025-01-02,2025-01-22,S. Nkemelu,Part received
PO-2025-01073,IRWEL,WAR,2025-01-02,2025-01-22,S. Nkemelu,Part received
PO-2025-01074,JARVS,DAV,2025-01-03,2025-01-23,A. Whitcombe,Complete
PO-2025-01075,ARDEN,DAV,2025-01-03,2025-01-14,T. Harrowby,Part received
PO-2025-01076,MARSD,DAV,2025-01-03,2025-01-23,A. Whitcombe,Complete
PO-2025-01077,CROMR,WAR,2025-01-03,2025-02-03,R. Deakin,Complete
PO-2025-01078,ARDEN,WAR,2025-01-03,2025-01-14,A. Whitcombe,Part received
PO-2025-01079,VERND,LIV,2025-01-03,2025-03-21,S. Nkemelu,Part received
PO-2025-01080,ARDEN,DAV,2025-01-06,2025-01-15,M. Castleford,Complete
PO-2025-01081,CHARN,WAR,2025-01-06,2025-01-15,T. Harrowby,Part received
PO-2025-01082,ARDEN,BRS,2025-01-06,2025-01-15,A. Whitcombe,Part received
PO-2025-01083,KELSO,BRS,2025-01-06,2025-02-04,A. Whitcombe,Complete
PO-2025-01084,MERID,BRS,2025-01-06,2025-03-24,T. Harrowby,Part received
PO-2025-01085,EASTN,BRS,2025-01-06,2025-01-15,R. Deakin,Complete
PO-2025-01086,HALDN,DAV,2025-01-07,2025-01-16,A. Whitcombe,Part received
PO-2025-01087,VERND,WAR,2025-01-07,2025-03-25,A. Whitcombe,Part received
PO-2025-01088,YARLT,WAR,2025-01-07,2025-03-25,S. Nkemelu,Part received
PO-2025-01089,EASTN,DAV,2025-01-08,2025-01-17,R. Deakin,Part received
PO-2025-01090,ARDEN,DAV,2025-01-08,2025-01-17,A. Whitcombe,Part received
PO-2025-01091,PENRT,DAV,2025-01-08,2025-01-28,A. Whitcombe,Part received
PO-2025-01092,EASTN,BRS,2025-01-08,2025-01-17,T. Harrowby,Complete
PO-2025-01093,IRWEL,BRS,2025-01-09,2025-01-29,M. Castleford,Complete
PO-2025-01094,ARDEN,LIV,2025-01-09,2025-01-20,R. Deakin,Part received
PO-2025-01095,IRWEL,DAV,2025-01-10,2025-01-30,T. Harrowby,Complete
PO-2025-01096,FOXLY,WAR,2025-01-10,2025-01-21,M. Castleford,Part received
PO-2025-01097,ARDEN,WAR,2025-01-10,2025-01-21,R. Deakin,Part received
PO-2025-01098,FOXLY,DAV,2025-01-13,2025-01-22,R. Deakin,Part received
PO-2025-01099,CHARN,DAV,2025-01-13,2025-01-22,T. Harrowby,Complete
PO-2025-01100,KELSO,DAV,2025-01-13,2025-02-11,A. Whitcombe,Part received
PO-2025-01101,DERWT,DAV,2025-01-13,2025-01-22,S. Nkemelu,Complete
PO-2025-01102,PENRT,WAR,2025-01-13,2025-01-31,S. Nkemelu,Part received
PO-2025-01103,PENRT,BRS,2025-01-13,2025-01-31,R. Deakin,Complete
PO-2025-01104,TANFD,DAV,2025-01-14,2025-04-01,R. Deakin,Part received
PO-2025-01105,CROMR,DAV,2025-01-14,2025-02-12,S. Nkemelu,Complete
PO-2025-01106,ARDEN,DAV,2025-01-14,2025-01-23,T. Harrowby,Part received
PO-2025-01107,KELSO,WAR,2025-01-14,2025-02-12,T. Harrowby,Complete
PO-2025-01108,ARDEN,BRS,2025-01-14,2025-01-23,A. Whitcombe,Complete
PO-2025-01109,MERID,BRS,2025-01-14,2025-04-01,S. Nkemelu,Part received
PO-2025-01110,CROMR,BRS,2025-01-14,2025-02-12,T. Harrowby,Complete
PO-2025-01111,VERND,DAV,2025-01-15,2025-04-02,M. Castleford,Part received
PO-2025-01112,KENTM,DAV,2025-01-15,2025-02-04,M. Castleford,Complete
PO-2025-01113,FOXLY,BRS,2025-01-15,2025-01-24,R. Deakin,Complete
PO-2025-01114,MARSD,DAV,2025-01-16,2025-02-05,T. Harrowby,Part received
PO-2025-01115,GRANH,DAV,2025-01-16,2025-01-12,S. Nkemelu,Complete
PO-2025-01116,ORMSK,WAR,2025-01-17,2025-02-06,T. Harrowby,Part received
PO-2025-01117,TANFD,BRS,2025-01-17,2025-04-04,A. Whitcombe,Part received
PO-2025-01118,KENTM,DAV,2025-01-20,2025-02-07,A. Whitcombe,Complete
PO-2025-01119,BRAMW,DAV,2025-01-20,2025-01-29,R. Deakin,Complete
PO-2025-01120,BEWLY,WAR,2025-01-20,2025-02-18,S. Nkemelu,Part received
PO-2025-01121,CHARN,WAR,2025-01-20,2025-01-29,M. Castleford,Complete
PO-2025-01122,UPTON,BRS,2025-01-20,2025-04-07,S. Nkemelu,Part received
PO-2025-01123,GRANH,LIV,2025-01-20,2025-01-29,A. Whitcombe,Part received
PO-2025-01124,IRWEL,DAV,2025-01-21,2025-02-10,T. Harrowby,Part received
PO-2025-01125,ARDEN,DAV,2025-01-21,2025-01-30,A. Whitcombe,Complete
PO-2025-01126,YARLT,DAV,2025-01-21,2025-04-08,M. Castleford,Part received
PO-2025-01127,QUEND,DAV,2025-01-21,2025-02-10,R. Deakin,Complete
PO-2025-01128,CHARN,DAV,2025-01-21,2025-01-30,R. Deakin,Part received
PO-2025-01129,MERID,DAV,2025-01-21,2025-04-08,A. Whitcombe,Part received
PO-2025-01130,ARDEN,WAR,2025-01-21,2025-01-30,T. Harrowby,Part received
PO-2025-01131,ARDEN,BRS,2025-01-21,2025-01-30,M. Castleford,Complete
PO-2025-01132,NEWLY,BRS,2025-01-21,2025-02-10,R. Deakin,Complete
PO-2025-01133,MERID,DAV,2025-01-22,2025-04-09,M. Castleford,Part received
PO-2025-01134,PENRT,DAV,2025-01-22,2025-02-11,M. Castleford,Complete
PO-2025-01135,ARDEN,BRS,2025-01-22,2025-01-31,T. Harrowby,Complete
PO-2025-01136,ARDEN,LIV,2025-01-22,2025-01-31,S. Nkemelu,Part received
PO-2025-01137,KENTM,DAV,2025-01-23,2025-02-12,A. Whitcombe,Complete
PO-2025-01138,BEWLY,DAV,2025-01-23,2025-02-21,S. Nkemelu,Complete
PO-2025-01139,ARDEN,WAR,2025-01-23,2025-02-03,T. Harrowby,Complete
PO-2025-01140,EASTN,WAR,2025-01-23,2025-02-03,M. Castleford,Part received
PO-2025-01141,BEWLY,LIV,2025-01-23,2025-02-21,R. Deakin,Part received
PO-2025-01142,ARDEN,DAV,2025-01-24,2025-02-04,T. Harrowby,Part received
PO-2025-01143,FOXLY,WAR,2025-01-24,2025-02-04,M. Castleford,Complete
PO-2025-01144,ARDEN,WAR,2025-01-24,2025-02-04,M. Castleford,Part received
PO-2025-01145,ARDEN,DAV,2025-01-27,2025-02-05,S. Nkemelu,Complete
PO-2025-01146,GRANH,DAV,2025-01-27,2025-02-05,T. Harrowby,Complete
PO-2025-01147,HALDN,DAV,2025-01-27,2025-02-05,S. Nkemelu,Complete
PO-2025-01148,HALDN,WAR,2025-01-27,2025-02-05,M. Castleford,Complete
PO-2025-01149,ARDEN,WAR,2025-01-27,2025-02-05,M. Castleford,Complete
PO-2025-01150,DERWT,BRS,2025-01-27,2025-02-05,A. Whitcombe,Complete
PO-2025-01151,PENRT,LIV,2025-01-27,2025-02-14,S. Nkemelu,Part received
PO-2025-01152,KELSO,DAV,2025-01-28,2025-02-26,S. Nkemelu,Complete
PO-2025-01153,GRANH,DAV,2025-01-28,2025-02-06,T. Harrowby,Complete
PO-2025-01154,GRANH,WAR,2025-01-28,2025-02-06,T. Harrowby,Part received
PO-2025-01155,ORMSK,BRS,2025-01-28,2025-02-17,T. Harrowby,Part received
PO-2025-01156,BRAMW,BRS,2025-01-28,2025-02-06,A. Whitcombe,Complete
PO-2025-01157,JARVS,DAV,2025-01-29,2025-02-18,A. Whitcombe,Complete
PO-2025-01158,IRWEL,WAR,2025-01-29,2025-02-18,S. Nkemelu,Complete
PO-2025-01159,NEWLY,WAR,2025-01-29,2025-02-18,T. Harrowby,Part received
PO-2025-01160,MERID,WAR,2025-01-29,2025-04-16,R. Deakin,Part received
PO-2025-01161,CHARN,BRS,2025-01-29,2025-02-07,T. Harrowby,Complete
PO-2025-01162,ARDEN,BRS,2025-01-29,2025-02-07,R. Deakin,Complete
PO-2025-01163,UPTON,DAV,2025-01-30,2025-04-17,A. Whitcombe,Part received
PO-2025-01164,ARDEN,DAV,2025-01-30,2025-01-13,R. Deakin,Part received
PO-2025-01165,EASTN,BRS,2025-01-30,2025-02-10,M. Castleford,Complete
PO-2025-01166,VERND,LIV,2025-01-30,2025-04-17,S. Nkemelu,Part received
PO-2025-01167,DERWT,LIV,2025-01-30,2025-02-10,A. Whitcombe,Complete
PO-2025-01168,NEWLY,DAV,2025-01-31,2025-02-20,T. Harrowby,Complete
PO-2025-01169,VERND,DAV,2025-01-31,2025-04-22,S. Nkemelu,Part received
PO-2025-01170,ARDEN,DAV,2025-02-03,2025-02-12,M. Castleford,Part received
PO-2025-01171,EASTN,DAV,2025-02-03,2025-02-12,M. Castleford,Complete
PO-2025-01172,ARDEN,WAR,2025-02-03,2025-02-12,A. Whitcombe,Part received
PO-2025-01173,PENRT,WAR,2025-02-03,2025-02-21,T. Harrowby,Complete
PO-2025-01174,ARDEN,BRS,2025-02-03,2025-02-12,R. Deakin,Part received
PO-2025-01175,HALDN,BRS,2025-02-03,2025-02-12,M. Castleford,Part received
PO-2025-01176,ARDEN,LIV,2025-02-03,2025-02-12,M. Castleford,Part received
PO-2025-01177,ORMSK,LIV,2025-02-03,2025-02-21,T. Harrowby,Part received
PO-2025-01178,RAVNS,DAV,2025-02-04,2025-02-24,S. Nkemelu,Complete
PO-2025-01179,ARDEN,WAR,2025-02-04,2025-02-13,M. Castleford,Complete
PO-2025-01180,ARDEN,BRS,2025-02-04,2025-02-13,S. Nkemelu,Complete
PO-2025-01181,KELSO,BRS,2025-02-04,2025-03-05,S. Nkemelu,Part received
PO-2025-01182,PENRT,BRS,2025-02-04,2025-02-24,M. Castleford,Complete
PO-2025-01183,ARDEN,LIV,2025-02-04,2025-02-13,M. Castleford,Complete
PO-2025-01184,ARDEN,DAV,2025-02-05,2025-02-14,T. Harrowby,Complete
PO-2025-01185,GRANH,DAV,2025-02-05,2025-02-14,R. Deakin,Part received
PO-2025-01186,ARDEN,BRS,2025-02-05,2025-02-14,T. Harrowby,Complete
PO-2025-01187,ARDEN,DAV,2025-02-06,2025-02-17,R. Deakin,Part received
PO-2025-01188,BRAMW,DAV,2025-02-06,2025-02-17,A. Whitcombe,Part received
PO-2025-01189,ARDEN,BRS,2025-02-06,2025-02-17,R. Deakin,Complete
PO-2025-01190,EASTN,DAV,2025-02-07,2025-02-18,S. Nkemelu,Part received
PO-2025-01191,ARDEN,DAV,2025-02-07,2025-02-18,S. Nkemelu,Part received
PO-2025-01192,ARDEN,BRS,2025-02-07,2025-02-18,A. Whitcombe,Complete
PO-2025-01193,ARDEN,LIV,2025-02-07,2025-02-18,S. Nkemelu,Complete
PO-2025-01194,ARDEN,DAV,2025-02-10,2025-02-19,S. Nkemelu,Complete
PO-2025-01195,ARDEN,WAR,2025-02-10,2025-02-19,A. Whitcombe,Complete
PO-2025-01196,IRWEL,BRS,2025-02-10,2025-02-28,T. Harrowby,Complete
PO-2025-01197,ARDEN,BRS,2025-02-10,2025-02-19,T. Harrowby,Complete
PO-2025-01198,PENRT,BRS,2025-02-10,2025-02-28,T. Harrowby,Complete
PO-2025-01199,TANFD,LIV,2025-02-10,2025-04-30,A. Whitcombe,Part received
PO-2025-01200,DERWT,WAR,2025-02-11,2025-02-20,T. Harrowby,Complete
PO-2025-01201,DERWT,BRS,2025-02-11,2025-02-20,M. Castleford,Complete
PO-2025-01202,ARDEN,DAV,2025-02-12,2025-02-21,R. Deakin,Part received
PO-2025-01203,PENRT,DAV,2025-02-12,2025-03-04,S. Nkemelu,Part received
PO-2025-01204,FOXLY,DAV,2025-02-12,2025-02-21,M. Castleford,Part received
PO-2025-01205,MERID,DAV,2025-02-12,2025-05-02,S. Nkemelu,Complete
PO-2025-01206,KENTM,DAV,2025-02-12,2025-03-04,S. Nkemelu,Part received
PO-2025-01207,HALDN,WAR,2025-02-12,2025-02-21,T. Harrowby,Complete
PO-2025-01208,EASTN,BRS,2025-02-12,2025-02-21,S. Nkemelu,Part received
PO-2025-01209,BEWLY,BRS,2025-02-12,2025-03-13,T. Harrowby,Complete
PO-2025-01210,ARDEN,LIV,2025-02-12,2025-02-21,R. Deakin,Complete
PO-2025-01211,LANGD,DAV,2025-02-13,2025-03-05,T. Harrowby,Complete
PO-2025-01212,ORMSK,DAV,2025-02-13,2025-03-05,S. Nkemelu,Complete
PO-2025-01213,JARVS,DAV,2025-02-13,2025-03-05,T. Harrowby,Part received
PO-2025-01214,ARDEN,DAV,2025-02-13,2025-02-24,T. Harrowby,Complete
PO-2025-01215,BRAMW,WAR,2025-02-14,2025-02-25,S. Nkemelu,Part received
PO-2025-01216,PENRT,WAR,2025-02-14,2025-03-06,M. Castleford,Complete
PO-2025-01217,KELSO,WAR,2025-02-14,2025-03-17,T. Harrowby,Part received
PO-2025-01218,ARDEN,BRS,2025-02-14,2025-02-25,S. Nkemelu,Complete
PO-2025-01219,HALDN,LIV,2025-02-14,2025-02-25,S. Nkemelu,Part received
PO-2025-01220,VERND,LIV,2025-02-14,2025-05-07,M. Castleford,Part received
PO-2025-01221,NEWLY,LIV,2025-02-14,2025-03-06,T. Harrowby,Part received
PO-2025-01222,MERID,LIV,2025-02-14,2025-05-07,T. Harrowby,Part received
PO-2025-01223,IRWEL,DAV,2025-02-17,2025-03-07,A. Whitcombe,Complete
PO-2025-01224,ARDEN,DAV,2025-02-17,2025-02-26,A. Whitcombe,Complete
PO-2025-01225,KENTM,WAR,2025-02-17,2025-03-07,S. Nkemelu,Part received
PO-2025-01226,ARDEN,WAR,2025-02-17,2025-02-26,M. Castleford,Complete
PO-2025-01227,ARDEN,LIV,2025-02-17,2025-02-26,M. Castleford,Complete
PO-2025-01228,CHARN,LIV,2025-02-17,2025-02-26,T. Harrowby,Part received
PO-2025-01229,UPTON,DAV,2025-02-18,2025-05-09,S. Nkemelu,Part received
PO-2025-01230,PENRT,DAV,2025-02-18,2025-03-10,M. Castleford,Part received
PO-2025-01231,JARVS,DAV,2025-02-18,2025-02-03,A. Whitcombe,Complete
PO-2025-01232,ARDEN,DAV,2025-02-18,2025-02-27,R. Deakin,Complete
PO-2025-01233,MARSD,DAV,2025-02-18,2025-03-10,S. Nkemelu,Part received
PO-2025-01234,ARDEN,BRS,2025-02-18,2025-02-27,S. Nkemelu,Part received
PO-2025-01235,ARDEN,LIV,2025-02-18,2025-02-27,S. Nkemelu,Part received
PO-2025-01236,MARSD,DAV,2025-02-19,2025-03-11,M. Castleford,Part received
PO-2025-01237,ARDEN,WAR,2025-02-19,2025-02-28,A. Whitcombe,Complete
PO-2025-01238,CHARN,BRS,2025-02-19,2025-02-28,S. Nkemelu,Complete
PO-2025-01239,ARDEN,DAV,2025-02-20,2025-03-03,T. Harrowby,Complete
PO-2025-01240,ARDEN,WAR,2025-02-20,2025-03-03,R. Deakin,Complete
PO-2025-01241,NEWLY,BRS,2025-02-20,2025-03-12,S. Nkemelu,Complete
PO-2025-01242,KELSO,DAV,2025-02-21,2025-03-24,R. Deakin,Part received
PO-2025-01243,YARLT,BRS,2025-02-21,2025-05-14,R. Deakin,Part received
PO-2025-01244,IRWEL,LIV,2025-02-21,2025-03-13,A. Whitcombe,Complete
PO-2025-01245,CHARN,DAV,2025-02-24,2025-03-05,R. Deakin,Complete
PO-2025-01246,ARDEN,WAR,2025-02-24,2025-03-05,A. Whitcombe,Part received
PO-2025-01247,KENTM,WAR,2025-02-24,2025-03-14,S. Nkemelu,Complete
PO-2025-01248,RAVNS,DAV,2025-02-25,2025-03-17,M. Castleford,Complete
PO-2025-01249,ARDEN,DAV,2025-02-25,2025-03-06,R. Deakin,Part received
PO-2025-01250,CHARN,DAV,2025-02-25,2025-03-06,S. Nkemelu,Part received
PO-2025-01251,NEWLY,DAV,2025-02-25,2025-03-17,R. Deakin,Part received
PO-2025-01252,QUEND,DAV,2025-02-25,2025-03-17,T. Harrowby,Part received
PO-2025-01253,ARDEN,BRS,2025-02-25,2025-03-06,A. Whitcombe,Complete
PO-2025-01254,EASTN,DAV,2025-02-26,2025-03-07,M. Castleford,Complete
PO-2025-01255,ARDEN,WAR,2025-02-26,2025-03-07,M. Castleford,Complete
PO-2025-01256,ARDEN,BRS,2025-02-27,2025-03-10,R. Deakin,Complete
PO-2025-01257,BRAMW,BRS,2025-02-27,2025-03-10,A. Whitcombe,Part received
PO-2025-01258,CROMR,BRS,2025-02-27,2025-03-28,M. Castleford,Complete
PO-2025-01259,PENRT,DAV,2025-02-28,2025-03-20,R. Deakin,Part received
PO-2025-01260,EASTN,WAR,2025-02-28,2025-03-11,R. Deakin,Part received
PO-2025-01261,ARDEN,WAR,2025-02-28,2025-03-11,S. Nkemelu,Complete
PO-2025-01262,EASTN,BRS,2025-02-28,2025-03-11,A. Whitcombe,Complete
PO-2025-01263,ARDEN,LIV,2025-02-28,2025-03-11,T. Harrowby,Part received
PO-2025-01264,HALDN,WAR,2025-03-03,2025-03-12,R. Deakin,Complete
PO-2025-01265,FOXLY,DAV,2025-03-04,2025-03-13,T. Harrowby,Part received
PO-2025-01266,EASTN,DAV,2025-03-04,2025-03-13,A. Whitcombe,Complete
PO-2025-01267,RAVNS,WAR,2025-03-04,2025-03-24,R. Deakin,Part received
PO-2025-01268,KELSO,BRS,2025-03-04,2025-04-02,T. Harrowby,Part received
PO-2025-01269,QUEND,DAV,2025-03-05,2025-03-25,S. Nkemelu,Part received
PO-2025-01270,DERWT,WAR,2025-03-05,2025-03-14,T. Harrowby,Complete
PO-2025-01271,MARSD,DAV,2025-03-06,2025-02-22,S. Nkemelu,Part received
PO-2025-01272,CHARN,WAR,2025-03-06,2025-03-17,R. Deakin,Part received
PO-2025-01273,ORMSK,BRS,2025-03-06,2025-03-26,M. Castleford,Complete
PO-2025-01274,BRAMW,WAR,2025-03-07,2025-03-18,S. Nkemelu,Complete
PO-2025-01275,PENRT,LIV,2025-03-07,2025-03-27,R. Deakin,Part received
PO-2025-01276,GRANH,DAV,2025-03-10,2025-03-19,T. Harrowby,Complete
PO-2025-01277,PENRT,DAV,2025-03-10,2025-03-28,T. Harrowby,Complete
PO-2025-01278,MERID,WAR,2025-03-10,2025-05-30,A. Whitcombe,Part received
PO-2025-01279,IRWEL,WAR,2025-03-10,2025-03-28,R. Deakin,Complete
PO-2025-01280,SELBY,WAR,2025-03-10,2025-05-30,A. Whitcombe,Part received
PO-2025-01281,NEWLY,BRS,2025-03-10,2025-03-28,M. Castleford,Complete
PO-2025-01282,PENRT,BRS,2025-03-11,2025-03-31,R. Deakin,Part received
PO-2025-01283,GRANH,BRS,2025-03-11,2025-03-20,S. Nkemelu,Complete
PO-2025-01284,SELBY,LIV,2025-03-11,2025-06-02,T. Harrowby,Part received
PO-2025-01285,VERND,LIV,2025-03-11,2025-03-04,R. Deakin,Complete
PO-2025-01286,IRWEL,DAV,2025-03-12,2025-04-01,A. Whitcombe,Complete
PO-2025-01287,HALDN,DAV,2025-03-12,2025-03-21,T. Harrowby,Part received
PO-2025-01288,ARDEN,BRS,2025-03-12,2025-03-21,T. Harrowby,Part received
PO-2025-01289,MERID,BRS,2025-03-12,,M. Castleford,Part received
PO-2025-01290,WROXH,LIV,2025-03-12,2025-06-03,R. Deakin,Part received
PO-2025-01291,EASTN,DAV,2025-03-13,2025-03-24,A. Whitcombe,Complete
PO-2025-01292,LANGD,DAV,2025-03-13,2025-04-02,S. Nkemelu,Complete
PO-2025-01293,MERID,DAV,2025-03-13,2025-06-04,M. Castleford,Part received
PO-2025-01294,EASTN,WAR,2025-03-13,2025-03-24,M. Castleford,Complete
PO-2025-01295,NEWLY,WAR,2025-03-13,2025-04-02,S. Nkemelu,Part received
PO-2025-01296,MERID,WAR,2025-03-13,2025-06-04,M. Castleford,Part received
PO-2025-01297,HALDN,BRS,2025-03-13,2025-03-24,S. Nkemelu,Part received
PO-2025-01298,IRWEL,BRS,2025-03-13,2025-04-02,T. Harrowby,Complete
PO-2025-01299,BRAMW,DAV,2025-03-14,2025-03-25,A. Whitcombe,Complete
PO-2025-01300,NEWLY,DAV,2025-03-14,2025-04-03,S. Nkemelu,Part received
PO-2025-01301,MERID,WAR,2025-03-14,2025-06-05,M. Castleford,Part received
PO-2025-01302,KELSO,DAV,2025-03-17,2025-04-15,S. Nkemelu,Part received
PO-2025-01303,DERWT,DAV,2025-03-17,2025-03-26,S. Nkemelu,Complete
PO-2025-01304,DERWT,BRS,2025-03-17,2025-03-26,T. Harrowby,Complete
PO-2025-01305,MERID,BRS,2025-03-17,2025-06-06,S. Nkemelu,Part received
PO-2025-01306,FOXLY,WAR,2025-03-18,2025-03-27,S. Nkemelu,Complete
PO-2025-01307,PENRT,WAR,2025-03-18,2025-04-07,S. Nkemelu,Part received
PO-2025-01308,CROMR,WAR,2025-03-18,2025-04-16,S. Nkemelu,Complete
PO-2025-01309,BRAMW,DAV,2025-03-19,2025-03-28,S. Nkemelu,Complete
PO-2025-01310,BRAMW,WAR,2025-03-19,2025-03-28,S. Nkemelu,Part received
PO-2025-01311,GRANH,WAR,2025-03-19,2025-03-28,M. Castleford,Complete
PO-2025-01312,FOXLY,BRS,2025-03-19,2025-03-28,A. Whitcombe,Complete
PO-2025-01313,MERID,BRS,2025-03-19,2025-06-10,M. Castleford,Part received
PO-2025-01314,BEWLY,BRS,2025-03-19,2025-04-17,M. Castleford,Complete
PO-2025-01315,PENRT,BRS,2025-03-19,2025-04-08,A. Whitcombe,Part received
PO-2025-01316,EASTN,WAR,2025-03-20,2025-03-31,T. Harrowby,Complete
PO-2025-01317,YARLT,WAR,2025-03-20,2025-06-11,R. Deakin,Part received
PO-2025-01318,CHARN,DAV,2025-03-21,2025-04-01,R. Deakin,Part received
PO-2025-01319,PENRT,DAV,2025-03-21,2025-04-10,R. Deakin,Complete
PO-2025-01320,KELSO,WAR,2025-03-21,2025-04-23,A. Whitcombe,Complete
PO-2025-01321,MARSD,DAV,2025-03-24,2025-04-11,S. Nkemelu,Complete
PO-2025-01322,ORMSK,DAV,2025-03-24,2025-04-11,R. Deakin,Complete
PO-2025-01323,RAVNS,DAV,2025-03-25,2025-04-14,S. Nkemelu,Complete
PO-2025-01324,BRAMW,DAV,2025-03-25,2025-04-03,M. Castleford,Part received
PO-2025-01325,YARLT,DAV,2025-03-25,2025-06-16,T. Harrowby,Part received
PO-2025-01326,KELSO,DAV,2025-03-25,2025-04-25,M. Castleford,Part received
PO-2025-01327,EASTN,DAV,2025-03-25,2025-04-03,R. Deakin,Complete
PO-2025-01328,BRAMW,WAR,2025-03-25,2025-04-03,S. Nkemelu,Part received
PO-2025-01329,BRAMW,LIV,2025-03-25,2025-04-03,S. Nkemelu,Part received
PO-2025-01330,DERWT,WAR,2025-03-26,2025-04-04,S. Nkemelu,Part received
PO-2025-01331,NEWLY,WAR,2025-03-26,2025-04-15,A. Whitcombe,Complete
PO-2025-01332,MARSD,WAR,2025-03-26,2025-04-15,S. Nkemelu,Part received
PO-2025-01333,ARDEN,WAR,2025-03-26,2025-04-04,R. Deakin,Part received
PO-2025-01334,NEWLY,BRS,2025-03-26,2025-04-15,R. Deakin,Complete
PO-2025-01335,KENTM,DAV,2025-03-27,2025-04-16,S. Nkemelu,Part received
PO-2025-01336,FOXLY,BRS,2025-03-27,2025-04-07,S. Nkemelu,Part received
PO-2025-01337,HALDN,BRS,2025-03-27,2025-04-07,M. Castleford,Complete
PO-2025-01338,MERID,BRS,2025-03-27,2025-06-18,A. Whitcombe,Part received
PO-2025-01339,ARDEN,DAV,2025-03-31,2025-04-09,T. Harrowby,Part received
PO-2025-01340,NEWLY,DAV,2025-03-31,2025-04-22,A. Whitcombe,Complete
PO-2025-01341,FOXLY,DAV,2025-03-31,2025-04-09,R. Deakin,Part received
PO-2025-01342,ARDEN,BRS,2025-03-31,2025-04-09,R. Deakin,Complete
PO-2025-01343,EASTN,BRS,2025-03-31,2025-04-09,M. Castleford,Complete
PO-2025-01344,CHARN,BRS,2025-03-31,2025-04-09,R. Deakin,Complete
PO-2025-01345,DUNKD,DAV,2025-04-01,2025-05-02,A. Whitcombe,Complete
PO-2025-01346,DERWT,DAV,2025-04-01,2025-04-10,M. Castleford,Complete
PO-2025-01347,EASTN,WAR,2025-04-01,2025-04-10,R. Deakin,Complete
PO-2025-01348,ORMSK,WAR,2025-04-01,2025-03-30,R. Deakin,Part received
PO-2025-01349,ARDEN,BRS,2025-04-01,2025-04-10,S. Nkemelu,Complete
PO-2025-01350,MARSD,DAV,2025-04-02,2025-04-24,T. Harrowby,Complete
PO-2025-01351,SELBY,DAV,2025-04-02,2025-06-24,S. Nkemelu,Part received
PO-2025-01352,CHARN,BRS,2025-04-02,2025-04-11,T. Harrowby,Complete
PO-2025-01353,MERID,LIV,2025-04-02,2025-06-24,A. Whitcombe,Part received
PO-2025-01354,FOXLY,WAR,2025-04-03,2025-04-14,A. Whitcombe,Part received
PO-2025-01355,DERWT,BRS,2025-04-03,2025-04-14,A. Whitcombe,Complete
PO-2025-01356,CROMR,DAV,2025-04-04,2025-05-08,M. Castleford,Complete
PO-2025-01357,PENRT,BRS,2025-04-04,2025-04-28,R. Deakin,Part received
PO-2025-01358,UPTON,WAR,2025-04-07,2025-06-27,R. Deakin,Part received
PO-2025-01359,MERID,WAR,2025-04-07,2025-06-27,T. Harrowby,Part received
PO-2025-01360,KENTM,WAR,2025-04-07,2025-04-29,S. Nkemelu,Complete
PO-2025-01361,CHARN,DAV,2025-04-08,2025-04-17,A. Whitcombe,Complete
PO-2025-01362,HALDN,WAR,2025-04-09,2025-04-22,A. Whitcombe,Complete
PO-2025-01363,ARDEN,DAV,2025-04-10,2025-04-23,T. Harrowby,Complete
PO-2025-01364,LANGD,DAV,2025-04-10,2025-05-02,A. Whitcombe,Complete
PO-2025-01365,SELBY,BRS,2025-04-10,,A. Whitcombe,Part received
PO-2025-01366,KELSO,BRS,2025-04-10,2025-05-14,S. Nkemelu,Part received
PO-2025-01367,ARDEN,BRS,2025-04-10,2025-04-23,S. Nkemelu,Complete
PO-2025-01368,VERND,DAV,2025-04-11,2025-07-03,T. Harrowby,Part received
PO-2025-01369,PENRT,DAV,2025-04-11,2025-05-06,T. Harrowby,Part received
PO-2025-01370,DERWT,WAR,2025-04-11,2025-04-24,M. Castleford,Complete
PO-2025-01371,PENRT,BRS,2025-04-11,2025-05-06,T. Harrowby,Complete
PO-2025-01372,TANFD,LIV,2025-04-11,2025-07-03,A. Whitcombe,Part received
PO-2025-01373,NEWLY,DAV,2025-04-14,2025-05-07,T. Harrowby,Complete
PO-2025-01374,UPTON,DAV,2025-04-14,2025-07-04,A. Whitcombe,Part received
PO-2025-01375,EASTN,DAV,2025-04-14,2025-04-25,A. Whitcombe,Part received
PO-2025-01376,FOXLY,DAV,2025-04-14,2025-04-25,A. Whitcombe,Complete
PO-2025-01377,KENTM,WAR,2025-04-14,2025-05-07,T. Harrowby,Part received
PO-2025-01378,ARDEN,WAR,2025-04-14,,M. Castleford,Complete
PO-2025-01379,GRANH,DAV,2025-04-15,2025-04-28,S. Nkemelu,Part received
PO-2025-01380,PENRT,WAR,2025-04-15,,M. Castleford,Part received
PO-2025-01381,CROMR,WAR,2025-04-15,2025-05-19,S. Nkemelu,Part received
PO-2025-01382,HALDN,BRS,2025-04-15,2025-04-28,M. Castleford,Part received
PO-2025-01383,ORMSK,BRS,2025-04-15,2025-05-08,T. Harrowby,Part received
PO-2025-01384,BEWLY,BRS,2025-04-15,2025-05-19,S. Nkemelu,Complete
PO-2025-01385,RAVNS,BRS,2025-04-15,2025-05-08,T. Harrowby,Part received
PO-2025-01386,CROMR,BRS,2025-04-15,2025-05-19,M. Castleford,Complete
PO-2025-01387,MARSD,LIV,2025-04-15,2025-05-08,R. Deakin,Part received
PO-2025-01388,HALDN,LIV,2025-04-15,2025-04-28,R. Deakin,Complete
PO-2025-01389,IRWEL,DAV,2025-04-16,2025-05-09,A. Whitcombe,Complete
PO-2025-01390,MERID,DAV,2025-04-16,2025-07-08,T. Harrowby,Part received
PO-2025-01391,ARDEN,DAV,2025-04-16,2025-04-29,R. Deakin,Complete
PO-2025-01392,CHARN,DAV,2025-04-16,2025-04-29,T. Harrowby,Complete
PO-2025-01393,ARDEN,WAR,2025-04-16,2025-04-29,A. Whitcombe,Complete
PO-2025-01394,FOXLY,WAR,2025-04-16,2025-04-29,S. Nkemelu,Complete
PO-2025-01395,IRWEL,BRS,2025-04-16,2025-05-09,T. Harrowby,Complete
PO-2025-01396,RAVNS,DAV,2025-04-17,2025-05-12,T. Harrowby,Complete
PO-2025-01397,HALDN,DAV,2025-04-17,2025-04-30,S. Nkemelu,Part received
PO-2025-01398,NEWLY,WAR,2025-04-17,2025-05-12,M. Castleford,Part received
PO-2025-01399,KELSO,WAR,2025-04-17,2025-05-21,M. Castleford,Part received
PO-2025-01400,FOXLY,BRS,2025-04-17,2025-04-30,S. Nkemelu,Part received
PO-2025-01401,FOXLY,LIV,2025-04-17,2025-04-30,M. Castleford,Complete
PO-2025-01402,ARDEN,DAV,2025-04-22,2025-05-01,R. Deakin,Complete
PO-2025-01403,BEWLY,DAV,2025-04-22,,M. Castleford,Complete
PO-2025-01404,DERWT,WAR,2025-04-22,2025-05-01,A. Whitcombe,Part received
PO-2025-01405,CHARN,BRS,2025-04-22,2025-05-01,S. Nkemelu,Complete
PO-2025-01406,ARDEN,WAR,2025-04-23,2025-05-02,M. Castleford,Part received
PO-2025-01407,TANFD,WAR,2025-04-23,2025-07-11,S. Nkemelu,Part received
PO-2025-01408,DERWT,BRS,2025-04-23,2025-05-02,M. Castleford,Complete
PO-2025-01409,ORMSK,DAV,2025-04-24,2025-05-15,R. Deakin,Part received
PO-2025-01410,FOXLY,WAR,2025-04-24,2025-05-06,R. Deakin,Part received
PO-2025-01411,NEWLY,BRS,2025-04-24,2025-05-15,M. Castleford,Complete
PO-2025-01412,BEWLY,LIV,2025-04-24,2025-05-27,M. Castleford,Part received
PO-2025-01413,KELSO,DAV,2025-04-25,2025-05-28,S. Nkemelu,Part received
PO-2025-01414,EASTN,WAR,2025-04-25,2025-05-07,R. Deakin,Complete
PO-2025-01415,PENRT,WAR,2025-04-25,2025-04-18,M. Castleford,Complete
PO-2025-01416,ARDEN,BRS,2025-04-25,2025-05-07,A. Whitcombe,Complete
PO-2025-01417,BRAMW,BRS,2025-04-25,2025-05-07,R. Deakin,Complete
PO-2025-01418,JARVS,DAV,2025-04-28,2025-05-19,M. Castleford,Complete
PO-2025-01419,MERID,DAV,2025-04-28,2025-07-16,R. Deakin,Part received
PO-2025-01420,MERID,LIV,2025-04-29,2025-07-17,S. Nkemelu,Part received
PO-2025-01421,ARDEN,DAV,2025-04-30,2025-05-12,R. Deakin,Complete
PO-2025-01422,KELSO,DAV,2025-04-30,2025-06-02,A. Whitcombe,Part received
PO-2025-01423,GRANH,DAV,2025-04-30,2025-05-12,A. Whitcombe,Complete
PO-2025-01424,UPTON,DAV,2025-05-01,2025-07-21,R. Deakin,Part received
PO-2025-01425,MARSD,DAV,2025-05-01,2025-05-22,T. Harrowby,Part received
PO-2025-01426,CHARN,WAR,2025-05-01,2025-05-13,R. Deakin,Part received
PO-2025-01427,HALDN,BRS,2025-05-02,2025-05-14,R. Deakin,Complete
PO-2025-01428,ARDEN,DAV,2025-05-06,2025-05-15,R. Deakin,Complete
PO-2025-01429,RAVNS,DAV,2025-05-07,2025-05-28,R. Deakin,Complete
PO-2025-01430,BRAMW,DAV,2025-05-07,2025-05-16,M. Castleford,Complete
PO-2025-01431,HALDN,WAR,2025-05-07,2025-05-16,T. Harrowby,Complete
PO-2025-01432,CHARN,WAR,2025-05-07,2025-05-16,S. Nkemelu,Complete
PO-2025-01433,EASTN,BRS,2025-05-07,2025-05-16,T. Harrowby,Complete
PO-2025-01434,IRWEL,BRS,2025-05-07,2025-04-30,M. Castleford,Part received
PO-2025-01435,ARDEN,BRS,2025-05-07,2025-05-16,R. Deakin,Complete
PO-2025-01436,CHARN,DAV,2025-05-08,2025-05-19,M. Castleford,Complete
PO-2025-01437,RAVNS,DAV,2025-05-08,2025-05-29,R. Deakin,Complete
PO-2025-01438,GRANH,WAR,2025-05-08,2025-05-19,T. Harrowby,Complete
PO-2025-01439,HALDN,DAV,2025-05-09,2025-05-20,T. Harrowby,Part received
PO-2025-01440,KENTM,DAV,2025-05-09,2025-05-30,M. Castleford,Part received
PO-2025-01441,EASTN,BRS,2025-05-12,2025-05-21,R. Deakin,Part received
PO-2025-01442,SELBY,LIV,2025-05-12,2025-07-29,T. Harrowby,Part received
PO-2025-01443,ARDEN,DAV,2025-05-13,2025-05-22,T. Harrowby,Complete
PO-2025-01444,PENRT,DAV,2025-05-13,2025-06-03,R. Deakin,Part received
PO-2025-01445,FOXLY,WAR,2025-05-13,2025-05-22,M. Castleford,Complete
PO-2025-01446,GRANH,WAR,2025-05-13,2025-05-22,S. Nkemelu,Complete
PO-2025-01447,CHARN,LIV,2025-05-13,2025-05-22,M. Castleford,Part received
PO-2025-01448,ORMSK,DAV,2025-05-14,2025-06-04,S. Nkemelu,Complete
PO-2025-01449,QUEND,WAR,2025-05-14,2025-06-04,A. Whitcombe,Complete
PO-2025-01450,NEWLY,BRS,2025-05-14,2025-06-04,M. Castleford,Complete
PO-2025-01451,PENRT,LIV,2025-05-14,2025-06-04,S. Nkemelu,Part received
PO-2025-01452,ARDEN,WAR,2025-05-15,2025-05-27,T. Harrowby,Complete
PO-2025-01453,MERID,WAR,2025-05-15,2025-08-01,M. Castleford,Part received
PO-2025-01454,CHARN,BRS,2025-05-15,2025-05-27,R. Deakin,Complete
PO-2025-01455,WROXH,LIV,2025-05-15,2025-08-01,M. Castleford,Part received
PO-2025-01456,PENRT,BRS,2025-05-16,2025-06-06,S. Nkemelu,Complete
PO-2025-01457,MARSD,DAV,2025-05-19,2025-06-09,A. Whitcombe,Complete
PO-2025-01458,IRWEL,DAV,2025-05-19,2025-06-09,M. Castleford,Complete
PO-2025-01459,FOXLY,BRS,2025-05-19,2025-05-29,S. Nkemelu,Part received
PO-2025-01460,ARDEN,BRS,2025-05-19,2025-05-29,A. Whitcombe,Part received
PO-2025-01461,FOXLY,DAV,2025-05-20,2025-05-30,M. Castleford,Part received
PO-2025-01462,UPTON,WAR,2025-05-20,2025-08-06,S. Nkemelu,Part received
PO-2025-01463,BEWLY,WAR,2025-05-20,2025-06-19,R. Deakin,Complete
PO-2025-01464,EASTN,DAV,2025-05-21,2025-06-02,A. Whitcombe,Complete
PO-2025-01465,NEWLY,DAV,2025-05-21,2025-06-11,T. Harrowby,Part received
PO-2025-01466,DERWT,DAV,2025-05-21,2025-06-02,A. Whitcombe,Complete
PO-2025-01467,DERWT,BRS,2025-05-21,2025-06-02,R. Deakin,Complete
PO-2025-01468,GRANH,DAV,2025-05-22,2025-06-03,S. Nkemelu,Complete
PO-2025-01469,WROXH,BRS,2025-05-22,2025-08-08,T. Harrowby,Part received
PO-2025-01470,ORMSK,BRS,2025-05-22,2025-06-12,R. Deakin,Part received
PO-2025-01471,ARDEN,BRS,2025-05-22,2025-06-03,S. Nkemelu,Complete
PO-2025-01472,CHARN,WAR,2025-05-23,2025-06-04,S. Nkemelu,Complete
PO-2025-01473,ORMSK,LIV,2025-05-23,2025-06-13,M. Castleford,Part received
PO-2025-01474,KENTM,DAV,2025-05-27,2025-06-16,S. Nkemelu,Complete
PO-2025-01475,HALDN,DAV,2025-05-27,2025-06-05,M. Castleford,Part received
PO-2025-01476,WROXH,DAV,2025-05-27,2025-08-12,S. Nkemelu,Part received
PO-2025-01477,HALDN,BRS,2025-05-27,2025-06-05,T. Harrowby,Complete
PO-2025-01478,GRANH,BRS,2025-05-28,2025-06-06,A. Whitcombe,Complete
PO-2025-01479,NEWLY,BRS,2025-05-28,2025-06-17,A. Whitcombe,Complete
PO-2025-01480,BRAMW,BRS,2025-05-28,2025-06-06,M. Castleford,Complete
PO-2025-01481,MERID,DAV,2025-05-29,2025-08-14,R. Deakin,Part received
PO-2025-01482,ARDEN,DAV,2025-05-29,2025-06-09,T. Harrowby,Part received
PO-2025-01483,KELSO,DAV,2025-05-29,2025-06-27,T. Harrowby,Complete
PO-2025-01484,YARLT,WAR,2025-05-29,2025-08-14,T. Harrowby,Part received
PO-2025-01485,KENTM,WAR,2025-05-29,2025-06-18,M. Castleford,Complete
PO-2025-01486,VERND,BRS,2025-05-29,2025-08-14,M. Castleford,Part received
PO-2025-01487,MERID,LIV,2025-05-29,2025-08-14,R. Deakin,Part received
PO-2025-01488,PENRT,DAV,2025-05-30,2025-06-19,M. Castleford,Part received
PO-2025-01489,ARDEN,DAV,2025-05-30,2025-06-10,T. Harrowby,Complete
PO-2025-01490,MARSD,DAV,2025-05-30,2025-06-19,R. Deakin,Complete
PO-2025-01491,ARDEN,LIV,2025-05-30,2025-06-10,M. Castleford,Complete
PO-2025-01492,GRANH,DAV,2025-06-02,2025-06-11,M. Castleford,Complete
PO-2025-01493,BRAMW,WAR,2025-06-02,2025-06-11,R. Deakin,Part received
PO-2025-01494,FOXLY,DAV,2025-06-03,2025-06-12,T. Harrowby,Complete
PO-2025-01495,MERID,DAV,2025-06-03,2025-08-19,T. Harrowby,Part received
PO-2025-01496,WROXH,WAR,2025-06-03,2025-08-19,T. Harrowby,Part received
PO-2025-01497,CROMR,WAR,2025-06-03,2025-07-02,T. Harrowby,Complete
PO-2025-01498,KELSO,BRS,2025-06-04,2025-07-03,M. Castleford,Complete
PO-2025-01499,CHARN,DAV,2025-06-05,2025-06-16,M. Castleford,Complete
PO-2025-01500,EASTN,DAV,2025-06-05,2025-06-16,A. Whitcombe,Complete
PO-2025-01501,ARDEN,BRS,2025-06-05,2025-06-16,S. Nkemelu,Complete
PO-2025-01502,GRANH,BRS,2025-06-05,2025-06-16,R. Deakin,Complete
PO-2025-01503,TANFD,DAV,2025-06-06,2025-08-22,M. Castleford,Part received
PO-2025-01504,GRANH,BRS,2025-06-06,2025-06-17,M. Castleford,Complete
PO-2025-01505,ARDEN,WAR,2025-06-09,2025-06-18,A. Whitcombe,Complete
PO-2025-01506,FOXLY,BRS,2025-06-09,2025-06-18,S. Nkemelu,Complete
PO-2025-01507,MARSD,LIV,2025-06-09,2025-06-02,T. Harrowby,Complete
PO-2025-01508,ARDEN,DAV,2025-06-10,2025-06-19,T. Harrowby,Complete
PO-2025-01509,VERND,LIV,2025-06-10,2025-08-27,T. Harrowby,Part received
PO-2025-01510,HALDN,DAV,2025-06-11,2025-06-20,M. Castleford,Part received
PO-2025-01511,PENRT,WAR,2025-06-11,2025-07-01,M. Castleford,Part received
PO-2025-01512,IRWEL,WAR,2025-06-11,2025-07-01,R. Deakin,Complete
PO-2025-01513,DERWT,WAR,2025-06-11,2025-06-20,R. Deakin,Complete
PO-2025-01514,TANFD,WAR,2025-06-11,2025-08-28,T. Harrowby,Part received
PO-2025-01515,EASTN,BRS,2025-06-11,2025-06-20,T. Harrowby,Complete
PO-2025-01516,LANGD,DAV,2025-06-12,2025-07-02,S. Nkemelu,Part received
PO-2025-01517,DERWT,DAV,2025-06-12,2025-06-23,R. Deakin,Complete
PO-2025-01518,FOXLY,WAR,2025-06-12,2025-06-23,S. Nkemelu,Part received
PO-2025-01519,BRAMW,WAR,2025-06-12,2025-06-23,R. Deakin,Complete
PO-2025-01520,ORMSK,BRS,2025-06-12,2025-07-02,T. Harrowby,Complete
PO-2025-01521,CHARN,BRS,2025-06-12,2025-06-23,S. Nkemelu,Complete
PO-2025-01522,BEWLY,BRS,2025-06-12,2025-07-11,A. Whitcombe,Complete
PO-2025-01523,ARDEN,DAV,2025-06-13,2025-06-24,M. Castleford,Complete
PO-2025-01524,FOXLY,DAV,2025-06-13,2025-06-24,R. Deakin,Complete
PO-2025-01525,EASTN,WAR,2025-06-13,2025-06-24,T. Harrowby,Complete
PO-2025-01526,ARDEN,WAR,2025-06-13,2025-06-24,M. Castleford,Part received
PO-2025-01527,ARDEN,BRS,2025-06-13,2025-06-24,R. Deakin,Complete
PO-2025-01528,KELSO,DAV,2025-06-16,2025-07-15,M. Castleford,Complete
PO-2025-01529,GRANH,DAV,2025-06-16,2025-06-25,T. Harrowby,Complete
PO-2025-01530,FOXLY,LIV,2025-06-16,,M. Castleford,Complete
PO-2025-01531,NEWLY,DAV,2025-06-17,2025-07-07,M. Castleford,Part received
PO-2025-01532,VERND,WAR,2025-06-17,2025-09-03,T. Harrowby,Part received
PO-2025-01533,HALDN,WAR,2025-06-18,2025-06-27,S. Nkemelu,Part received
PO-2025-01534,NEWLY,BRS,2025-06-18,2025-07-08,M. Castleford,Complete
PO-2025-01535,PENRT,BRS,2025-06-18,2025-07-08,T. Harrowby,Complete
PO-2025-01536,RAVNS,DAV,2025-06-19,2025-07-09,T. Harrowby,Complete
PO-2025-01537,BEWLY,DAV,2025-06-19,2025-07-18,M. Castleford,Complete
PO-2025-01538,KENTM,DAV,2025-06-19,2025-07-09,R. Deakin,Part received
PO-2025-01539,ORMSK,DAV,2025-06-19,2025-07-09,T. Harrowby,Part received
PO-2025-01540,BRAMW,DAV,2025-06-19,2025-06-30,S. Nkemelu,Complete
PO-2025-01541,HALDN,BRS,2025-06-19,2025-06-30,T. Harrowby,Complete
PO-2025-01542,ARDEN,BRS,2025-06-19,2025-06-30,R. Deakin,Complete
PO-2025-01543,GRANH,LIV,2025-06-19,2025-06-30,R. Deakin,Complete
PO-2025-01544,DERWT,WAR,2025-06-23,2025-07-02,R. Deakin,Complete
PO-2025-01545,ARDEN,BRS,2025-06-23,2025-07-02,S. Nkemelu,Complete
PO-2025-01546,PENRT,BRS,2025-06-23,2025-07-11,A. Whitcombe,Complete
PO-2025-01547,FOXLY,BRS,2025-06-23,2025-07-02,A. Whitcombe,Complete
PO-2025-01548,ARDEN,DAV,2025-06-24,2025-07-03,S. Nkemelu,Complete
PO-2025-01549,GRANH,WAR,2025-06-24,2025-07-03,A. Whitcombe,Complete
PO-2025-01550,ARDEN,WAR,2025-06-24,2025-07-03,A. Whitcombe,Part received
PO-2025-01551,DERWT,BRS,2025-06-24,2025-07-03,A. Whitcombe,Complete
PO-2025-01552,IRWEL,DAV,2025-06-25,2025-07-15,M. Castleford,Complete
PO-2025-01553,DERWT,BRS,2025-06-25,2025-07-04,R. Deakin,Complete
PO-2025-01554,CHARN,DAV,2025-06-26,2025-07-07,A. Whitcombe,Complete
PO-2025-01555,ARDEN,WAR,2025-06-26,2025-07-07,S. Nkemelu,Part received
PO-2025-01556,BEWLY,BRS,2025-06-26,2025-07-25,A. Whitcombe,Part received
PO-2025-01557,NEWLY,WAR,2025-06-27,2025-07-17,S. Nkemelu,Complete
PO-2025-01558,EASTN,DAV,2025-06-30,2025-07-09,M. Castleford,Complete
PO-2025-01559,PENRT,DAV,2025-06-30,2025-07-18,S. Nkemelu,Complete
PO-2025-01560,HALDN,WAR,2025-06-30,2025-07-09,R. Deakin,Complete
PO-2025-01561,HALDN,LIV,2025-06-30,2025-07-09,S. Nkemelu,Complete
PO-2025-01562,BRAMW,DAV,2025-07-01,2025-07-10,S. Nkemelu,Part received
PO-2025-01563,DUNKD,DAV,2025-07-01,2025-07-30,S. Nkemelu,Complete
PO-2025-01564,SELBY,LIV,2025-07-01,2025-09-17,A. Whitcombe,Part received
PO-2025-01565,ARDEN,DAV,2025-07-02,2025-07-11,A. Whitcombe,Part received
PO-2025-01566,HALDN,BRS,2025-07-02,2025-07-11,S. Nkemelu,Part received
PO-2025-01567,ARDEN,BRS,2025-07-02,2025-07-11,S. Nkemelu,Complete
PO-2025-01568,PENRT,BRS,2025-07-02,2025-07-22,S. Nkemelu,Complete
PO-2025-01569,CROMR,BRS,2025-07-02,2025-07-31,T. Harrowby,Complete
PO-2025-01570,MERID,DAV,2025-07-03,2025-09-19,T. Harrowby,Part received
PO-2025-01571,ARDEN,WAR,2025-07-03,2025-07-14,T. Harrowby,Part received
PO-2025-01572,NEWLY,BRS,2025-07-03,2025-07-23,A. Whitcombe,Complete
PO-2025-01573,FOXLY,DAV,2025-07-04,2025-07-15,M. Castleford,Complete
PO-2025-01574,MARSD,DAV,2025-07-04,2025-07-24,M. Castleford,Part received
PO-2025-01575,DERWT,DAV,2025-07-04,2025-07-15,M. Castleford,Complete
PO-2025-01576,KELSO,WAR,2025-07-04,2025-08-04,R. Deakin,Complete
PO-2025-01577,MERID,LIV,2025-07-04,2025-09-22,R. Deakin,Part received
PO-2025-01578,WROXH,WAR,2025-07-07,2025-09-23,M. Castleford,Part received
PO-2025-01579,CHARN,WAR,2025-07-07,2025-07-16,S. Nkemelu,Complete
PO-2025-01580,UPTON,BRS,2025-07-07,2025-09-23,A. Whitcombe,Part received
PO-2025-01581,VERND,LIV,2025-07-07,2025-09-23,T. Harrowby,Complete
PO-2025-01582,NEWLY,LIV,2025-07-07,2025-07-25,T. Harrowby,Part received
PO-2025-01583,EASTN,WAR,2025-07-08,2025-07-17,R. Deakin,Part received
PO-2025-01584,ARDEN,BRS,2025-07-08,2025-07-17,T. Harrowby,Complete
PO-2025-01585,BRAMW,DAV,2025-07-09,2025-07-18,R. Deakin,Complete
PO-2025-01586,HALDN,WAR,2025-07-09,2025-07-18,T. Harrowby,Complete
PO-2025-01587,VERND,BRS,2025-07-09,2025-09-25,S. Nkemelu,Part received
PO-2025-01588,QUEND,DAV,2025-07-10,2025-07-30,R. Deakin,Complete
PO-2025-01589,DERWT,LIV,2025-07-10,2025-07-21,T. Harrowby,Complete
PO-2025-01590,UPTON,DAV,2025-07-11,2025-09-29,A. Whitcombe,Part received
PO-2025-01591,HALDN,DAV,2025-07-11,2025-07-22,S. Nkemelu,Part received
PO-2025-01592,PENRT,WAR,2025-07-11,2025-07-31,T. Harrowby,Complete
PO-2025-01593,MERID,WAR,2025-07-11,2025-09-29,T. Harrowby,Part received
PO-2025-01594,VERND,BRS,2025-07-11,2025-09-29,S. Nkemelu,Part received
PO-2025-01595,ARDEN,DAV,2025-07-14,2025-07-23,R. Deakin,Complete
PO-2025-01596,ARDEN,WAR,2025-07-14,2025-07-23,M. Castleford,Complete
PO-2025-01597,IRWEL,BRS,2025-07-14,2025-08-01,M. Castleford,Complete
PO-2025-01598,KELSO,BRS,2025-07-14,2025-08-12,S. Nkemelu,Part received
PO-2025-01599,JARVS,DAV,2025-07-15,2025-08-04,A. Whitcombe,Complete
PO-2025-01600,RAVNS,DAV,2025-07-15,2025-08-04,R. Deakin,Complete
PO-2025-01601,EASTN,DAV,2025-07-15,2025-07-24,M. Castleford,Complete
PO-2025-01602,ARDEN,WAR,2025-07-15,2025-07-24,M. Castleford,Complete
PO-2025-01603,KELSO,DAV,2025-07-16,2025-08-14,M. Castleford,Complete
PO-2025-01604,ORMSK,WAR,2025-07-16,2025-08-05,S. Nkemelu,Part received
PO-2025-01605,FOXLY,BRS,2025-07-16,2025-07-25,A. Whitcombe,Complete
PO-2025-01606,IRWEL,LIV,2025-07-16,2025-08-05,T. Harrowby,Complete
PO-2025-01607,WROXH,LIV,2025-07-16,2025-10-02,T. Harrowby,Part received
PO-2025-01608,KENTM,DAV,2025-07-17,2025-08-06,R. Deakin,Part received
PO-2025-01609,PENRT,DAV,2025-07-17,2025-08-06,M. Castleford,Part received
PO-2025-01610,FOXLY,WAR,2025-07-17,2025-07-28,M. Castleford,Part received
PO-2025-01611,GRANH,DAV,2025-07-18,2025-07-29,S. Nkemelu,Complete
PO-2025-01612,BRAMW,DAV,2025-07-18,2025-07-29,R. Deakin,Complete
PO-2025-01613,NEWLY,DAV,2025-07-18,2025-08-07,S. Nkemelu,Part received
PO-2025-01614,ARDEN,DAV,2025-07-18,2025-07-29,S. Nkemelu,Part received
PO-2025-01615,PENRT,DAV,2025-07-18,2025-08-07,R. Deakin,Complete
PO-2025-01616,CHARN,WAR,2025-07-18,2025-07-29,T. Harrowby,Part received
PO-2025-01617,IRWEL,WAR,2025-07-18,2025-08-07,T. Harrowby,Part received
PO-2025-01618,ARDEN,BRS,2025-07-18,2025-07-29,A. Whitcombe,Complete
PO-2025-01619,PENRT,BRS,2025-07-18,2025-08-07,S. Nkemelu,Part received
PO-2025-01620,WROXH,BRS,2025-07-18,2025-10-06,R. Deakin,Part received
PO-2025-01621,NEWLY,WAR,2025-07-21,2025-08-08,M. Castleford,Complete
PO-2025-01622,ARDEN,BRS,2025-07-21,2025-07-30,S. Nkemelu,Part received
PO-2025-01623,DERWT,BRS,2025-07-21,2025-07-30,R. Deakin,Complete
PO-2025-01624,BRAMW,LIV,2025-07-21,2025-07-30,A. Whitcombe,Part received
PO-2025-01625,MERID,DAV,2025-07-22,2025-10-08,M. Castleford,Part received
PO-2025-01626,LANGD,DAV,2025-07-22,2025-08-11,S. Nkemelu,Part received
PO-2025-01627,ARDEN,WAR,2025-07-22,2025-07-31,S. Nkemelu,Part received
PO-2025-01628,CHARN,WAR,2025-07-22,2025-07-31,T. Harrowby,Complete
PO-2025-01629,UPTON,LIV,2025-07-22,2025-10-08,T. Harrowby,Part received
PO-2025-01630,MARSD,DAV,2025-07-23,2025-08-12,M. Castleford,Part received
PO-2025-01631,GRANH,WAR,2025-07-23,2025-08-01,R. Deakin,Part received
PO-2025-01632,EASTN,BRS,2025-07-24,2025-08-04,M. Castleford,Complete
PO-2025-01633,MARSD,WAR,2025-07-25,2025-08-14,R. Deakin,Complete
PO-2025-01634,ARDEN,BRS,2025-07-28,2025-08-06,A. Whitcombe,Complete
PO-2025-01635,SELBY,WAR,2025-07-29,2025-10-15,R. Deakin,Complete
PO-2025-01636,CHARN,DAV,2025-07-30,2025-08-08,T. Harrowby,Complete
PO-2025-01637,MERID,WAR,2025-07-31,2025-10-17,T. Harrowby,Part received
PO-2025-01638,PENRT,BRS,2025-07-31,2025-08-20,R. Deakin,Complete
PO-2025-01639,ARDEN,LIV,2025-07-31,2025-08-11,R. Deakin,Complete
PO-2025-01640,ARDEN,BRS,2025-08-01,2025-08-12,R. Deakin,Part received
PO-2025-01641,ARDEN,DAV,2025-08-04,2025-08-13,M. Castleford,Complete
PO-2025-01642,MARSD,DAV,2025-08-04,2025-08-22,S. Nkemelu,Part received
PO-2025-01643,MERID,BRS,2025-08-04,2025-10-21,M. Castleford,Part received
PO-2025-01644,LANGD,DAV,2025-08-05,2025-08-26,R. Deakin,Complete
PO-2025-01645,KELSO,DAV,2025-08-05,2025-09-04,M. Castleford,Part received
PO-2025-01646,FOXLY,DAV,2025-08-05,2025-08-14,R. Deakin,Part received
PO-2025-01647,CHARN,BRS,2025-08-05,2025-08-14,T. Harrowby,Complete
PO-2025-01648,ARDEN,DAV,2025-08-06,2025-08-15,T. Harrowby,Complete
PO-2025-01649,PENRT,DAV,2025-08-06,2025-08-27,S. Nkemelu,Part received
PO-2025-01650,ARDEN,WAR,2025-08-06,2025-08-15,R. Deakin,Complete
PO-2025-01651,PENRT,WAR,2025-08-06,2025-08-27,M. Castleford,Complete
PO-2025-01652,HALDN,BRS,2025-08-06,2025-08-15,T. Harrowby,Part received
PO-2025-01653,NEWLY,BRS,2025-08-06,2025-08-27,M. Castleford,Complete
PO-2025-01654,MERID,DAV,2025-08-07,2025-10-24,T. Harrowby,Part received
PO-2025-01655,IRWEL,DAV,2025-08-07,2025-08-28,S. Nkemelu,Part received
PO-2025-01656,DERWT,DAV,2025-08-07,,S. Nkemelu,Complete
PO-2025-01657,HALDN,DAV,2025-08-07,2025-08-18,R. Deakin,Complete
PO-2025-01658,EASTN,DAV,2025-08-07,2025-08-18,R. Deakin,Complete
PO-2025-01659,NEWLY,DAV,2025-08-07,2025-08-28,M. Castleford,Part received
PO-2025-01660,HALDN,WAR,2025-08-08,2025-08-19,T. Harrowby,Complete
PO-2025-01661,PENRT,LIV,2025-08-08,2025-08-29,S. Nkemelu,Part received
PO-2025-01662,KENTM,DAV,2025-08-11,2025-09-01,A. Whitcombe,Part received
PO-2025-01663,CHARN,DAV,2025-08-12,2025-08-21,A. Whitcombe,Part received
PO-2025-01664,ARDEN,DAV,2025-08-12,2025-08-21,A. Whitcombe,Complete
PO-2025-01665,IRWEL,WAR,2025-08-12,2025-09-02,T. Harrowby,Complete
PO-2025-01666,BRAMW,DAV,2025-08-13,2025-08-22,A. Whitcombe,Complete
PO-2025-01667,PENRT,BRS,2025-08-13,2025-09-03,A. Whitcombe,Complete
PO-2025-01668,ORMSK,LIV,2025-08-13,2025-09-03,R. Deakin,Part received
PO-2025-01669,QUEND,DAV,2025-08-14,2025-09-04,T. Harrowby,Part received
PO-2025-01670,TANFD,DAV,2025-08-14,2025-10-31,T. Harrowby,Complete
PO-2025-01671,ARDEN,WAR,2025-08-14,2025-08-26,M. Castleford,Part received
PO-2025-01672,ARDEN,BRS,2025-08-14,2025-08-26,T. Harrowby,Complete
PO-2025-01673,EASTN,DAV,2025-08-15,2025-08-27,A. Whitcombe,Complete
PO-2025-01674,PENRT,DAV,2025-08-15,2025-09-05,A. Whitcombe,Complete
PO-2025-01675,TANFD,WAR,2025-08-15,2025-11-03,M. Castleford,Part received
PO-2025-01676,WROXH,BRS,2025-08-15,2025-11-03,S. Nkemelu,Part received
PO-2025-01677,HALDN,BRS,2025-08-15,2025-08-27,T. Harrowby,Complete
PO-2025-01678,ARDEN,DAV,2025-08-18,2025-08-28,M. Castleford,Complete
PO-2025-01679,YARLT,DAV,2025-08-18,2025-11-04,M. Castleford,Part received
PO-2025-01680,ARDEN,BRS,2025-08-18,2025-08-28,R. Deakin,Complete
PO-2025-01681,BRAMW,BRS,2025-08-18,2025-08-28,T. Harrowby,Complete
PO-2025-01682,CROMR,BRS,2025-08-18,2025-09-17,M. Castleford,Complete
PO-2025-01683,UPTON,DAV,2025-08-19,2025-11-05,S. Nkemelu,Part received
PO-2025-01684,ARDEN,DAV,2025-08-19,2025-08-29,R. Deakin,Complete
PO-2025-01685,GRANH,DAV,2025-08-20,2025-09-01,A. Whitcombe,Part received
PO-2025-01686,HALDN,DAV,2025-08-20,2025-09-01,R. Deakin,Part received
PO-2025-01687,ORMSK,DAV,2025-08-20,2025-09-10,A. Whitcombe,Part received
PO-2025-01688,DERWT,DAV,2025-08-20,2025-09-01,R. Deakin,Part received
PO-2025-01689,LANGD,DAV,2025-08-20,2025-09-10,R. Deakin,Complete
PO-2025-01690,FOXLY,WAR,2025-08-20,2025-09-01,R. Deakin,Complete
PO-2025-01691,BEWLY,WAR,2025-08-20,2025-09-19,A. Whitcombe,Complete
PO-2025-01692,HALDN,WAR,2025-08-20,2025-09-01,A. Whitcombe,Part received
PO-2025-01693,ARDEN,WAR,2025-08-20,2025-09-01,R. Deakin,Part received
PO-2025-01694,NEWLY,BRS,2025-08-20,2025-09-10,S. Nkemelu,Complete
PO-2025-01695,EASTN,DAV,2025-08-21,2025-09-02,S. Nkemelu,Complete
PO-2025-01696,ARDEN,DAV,2025-08-21,2025-09-02,S. Nkemelu,Complete
PO-2025-01697,PENRT,WAR,2025-08-22,,M. Castleford,Part received
PO-2025-01698,WROXH,LIV,2025-08-22,2025-11-10,S. Nkemelu,Part received
PO-2025-01699,ARDEN,DAV,2025-08-26,2025-09-04,R. Deakin,Part received
PO-2025-01700,QUEND,DAV,2025-08-26,,M. Castleford,Complete
PO-2025-01701,KENTM,DAV,2025-08-26,2025-09-15,A. Whitcombe,Complete
PO-2025-01702,ARDEN,LIV,2025-08-26,2025-09-04,T. Harrowby,Complete
PO-2025-01703,KELSO,DAV,2025-08-27,2025-09-25,S. Nkemelu,Part received
PO-2025-01704,ARDEN,WAR,2025-08-27,2025-09-05,S. Nkemelu,Complete
PO-2025-01705,ARDEN,BRS,2025-08-27,2025-09-05,R. Deakin,Part received
PO-2025-01706,HALDN,BRS,2025-08-27,2025-09-05,T. Harrowby,Complete
PO-2025-01707,HALDN,LIV,2025-08-27,2025-09-05,R. Deakin,Part received
PO-2025-01708,NEWLY,WAR,2025-08-28,2025-09-17,A. Whitcombe,Complete
PO-2025-01709,ARDEN,BRS,2025-08-28,2025-09-08,T. Harrowby,Complete
PO-2025-01710,YARLT,BRS,2025-08-28,2025-11-13,A. Whitcombe,Part received
PO-2025-01711,KELSO,DAV,2025-08-29,2025-09-29,R. Deakin,Complete
PO-2025-01712,GRANH,BRS,2025-08-29,2025-09-09,A. Whitcombe,Complete
PO-2025-01713,MERID,BRS,2025-08-29,2025-11-14,T. Harrowby,Part received
PO-2025-01714,BRAMW,BRS,2025-08-29,2025-09-09,R. Deakin,Complete
PO-2025-01715,BEWLY,DAV,2025-09-01,2025-09-30,T. Harrowby,Complete
PO-2025-01716,FOXLY,DAV,2025-09-01,2025-09-10,T. Harrowby,Part received
PO-2025-01717,EASTN,DAV,2025-09-01,2025-09-10,A. Whitcombe,Complete
PO-2025-01718,ARDEN,BRS,2025-09-01,2025-09-10,R. Deakin,Complete
PO-2025-01719,ARDEN,DAV,2025-09-02,2025-09-11,R. Deakin,Part received
PO-2025-01720,GRANH,DAV,2025-09-02,2025-09-11,S. Nkemelu,Part received
PO-2025-01721,RAVNS,BRS,2025-09-02,2025-09-22,R. Deakin,Complete
PO-2025-01722,MERID,LIV,2025-09-02,2025-11-18,T. Harrowby,Part received
PO-2025-01723,BRAMW,LIV,2025-09-02,2025-09-11,A. Whitcombe,Complete
PO-2025-01724,BRAMW,DAV,2025-09-03,2025-09-12,A. Whitcombe,Complete
PO-2025-01725,IRWEL,DAV,2025-09-03,2025-09-23,T. Harrowby,Part received
PO-2025-01726,DERWT,WAR,2025-09-03,2025-09-12,A. Whitcombe,Complete
PO-2025-01727,PENRT,WAR,2025-09-03,2025-09-23,M. Castleford,Part received
PO-2025-01728,LANGD,DAV,2025-09-04,2025-09-24,T. Harrowby,Complete
PO-2025-01729,YARLT,WAR,2025-09-04,2025-11-20,M. Castleford,Part received
PO-2025-01730,FOXLY,BRS,2025-09-04,2025-09-15,M. Castleford,Complete
PO-2025-01731,MERID,BRS,2025-09-04,2025-11-20,A. Whitcombe,Part received
PO-2025-01732,MERID,WAR,2025-09-05,2025-11-21,S. Nkemelu,Part received
PO-2025-01733,HALDN,BRS,2025-09-05,2025-09-16,A. Whitcombe,Part received
PO-2025-01734,FOXLY,DAV,2025-09-08,2025-09-17,M. Castleford,Complete
PO-2025-01735,VERND,DAV,2025-09-08,2025-11-24,M. Castleford,Part received
PO-2025-01736,CHARN,DAV,2025-09-08,2025-09-17,S. Nkemelu,Complete
PO-2025-01737,KENTM,WAR,2025-09-08,2025-09-26,T. Harrowby,Complete
PO-2025-01738,PENRT,BRS,2025-09-08,2025-09-26,S. Nkemelu,Part received
PO-2025-01739,MERID,DAV,2025-09-09,2025-11-25,R. Deakin,Part received
PO-2025-01740,EASTN,DAV,2025-09-09,2025-09-18,R. Deakin,Complete
PO-2025-01741,ARDEN,DAV,2025-09-09,2025-09-18,A. Whitcombe,Complete
PO-2025-01742,BRAMW,WAR,2025-09-09,2025-09-18,R. Deakin,Complete
PO-2025-01743,IRWEL,BRS,2025-09-09,2025-09-29,S. Nkemelu,Complete
PO-2025-01744,ORMSK,BRS,2025-09-09,2025-09-29,S. Nkemelu,Complete
PO-2025-01745,TANFD,DAV,2025-09-10,2025-11-26,A. Whitcombe,Part received
PO-2025-01746,ARDEN,DAV,2025-09-10,2025-09-19,M. Castleford,Complete
PO-2025-01747,ARDEN,BRS,2025-09-10,2025-09-19,T. Harrowby,Part received
PO-2025-01748,DERWT,BRS,2025-09-10,2025-09-19,T. Harrowby,Part received
PO-2025-01749,MERID,BRS,2025-09-10,2025-11-26,R. Deakin,Part received
PO-2025-01750,CROMR,DAV,2025-09-11,2025-08-30,R. Deakin,Part received
PO-2025-01751,DERWT,DAV,2025-09-11,2025-09-22,A. Whitcombe,Complete
PO-2025-01752,PENRT,WAR,2025-09-12,2025-10-02,M. Castleford,Complete
PO-2025-01753,LANGD,DAV,2025-09-15,2025-10-03,S. Nkemelu,Part received
PO-2025-01754,CHARN,WAR,2025-09-15,2025-09-24,R. Deakin,Part received
PO-2025-01755,ARDEN,DAV,2025-09-16,2025-09-25,S. Nkemelu,Part received
PO-2025-01756,ORMSK,DAV,2025-09-16,2025-10-06,M. Castleford,Part received
PO-2025-01757,PENRT,DAV,2025-09-16,2025-10-06,A. Whitcombe,Complete
PO-2025-01758,NEWLY,DAV,2025-09-16,2025-10-06,M. Castleford,Part received
PO-2025-01759,KELSO,WAR,2025-09-16,2025-10-15,T. Harrowby,Part received
PO-2025-01760,ARDEN,BRS,2025-09-16,2025-09-25,T. Harrowby,Complete
PO-2025-01761,BEWLY,BRS,2025-09-16,2025-10-15,A. Whitcombe,Complete
PO-2025-01762,MERID,BRS,2025-09-16,2025-12-02,R. Deakin,Part received
PO-2025-01763,EASTN,DAV,2025-09-17,2025-09-26,R. Deakin,Complete
PO-2025-01764,DUNKD,DAV,2025-09-17,2025-10-16,T. Harrowby,Part received
PO-2025-01765,CROMR,WAR,2025-09-17,2025-10-16,S. Nkemelu,Complete
PO-2025-01766,ARDEN,WAR,2025-09-17,2025-09-26,A. Whitcombe,Part received
PO-2025-01767,ARDEN,BRS,2025-09-17,2025-09-26,A. Whitcombe,Complete
PO-2025-01768,ARDEN,DAV,2025-09-18,2025-09-29,S. Nkemelu,Complete
PO-2025-01769,ARDEN,WAR,2025-09-18,2025-09-29,M. Castleford,Complete
PO-2025-01770,SELBY,LIV,2025-09-18,2025-12-04,M. Castleford,Part received
PO-2025-01771,ARDEN,DAV,2025-09-19,2025-09-30,M. Castleford,Complete
PO-2025-01772,KENTM,DAV,2025-09-19,2025-10-09,M. Castleford,Part received
PO-2025-01773,YARLT,DAV,2025-09-19,2025-12-05,T. Harrowby,Part received
PO-2025-01774,FOXLY,WAR,2025-09-19,2025-09-30,M. Castleford,Part received
PO-2025-01775,BEWLY,LIV,2025-09-19,2025-10-20,R. Deakin,Complete
PO-2025-01776,ARDEN,DAV,2025-09-22,2025-10-01,S. Nkemelu,Complete
PO-2025-01777,NEWLY,BRS,2025-09-22,2025-10-10,R. Deakin,Part received
PO-2025-01778,BRAMW,DAV,2025-09-23,2025-10-02,S. Nkemelu,Complete
PO-2025-01779,TANFD,BRS,2025-09-23,2025-12-09,M. Castleford,Part received
PO-2025-01780,ARDEN,BRS,2025-09-23,2025-10-02,T. Harrowby,Complete
PO-2025-01781,PENRT,LIV,2025-09-23,2025-10-13,R. Deakin,Part received
PO-2025-01782,MARSD,DAV,2025-09-24,2025-10-14,A. Whitcombe,Part received
PO-2025-01783,ARDEN,WAR,2025-09-24,2025-10-03,T. Harrowby,Part received
PO-2025-01784,FOXLY,WAR,2025-09-24,2025-10-03,A. Whitcombe,Complete
PO-2025-01785,EASTN,WAR,2025-09-24,2025-10-03,S. Nkemelu,Part received
PO-2025-01786,RAVNS,DAV,2025-09-25,2025-10-15,R. Deakin,Complete
PO-2025-01787,FOXLY,DAV,2025-09-25,2025-10-06,R. Deakin,Part received
PO-2025-01788,JARVS,DAV,2025-09-25,2025-10-15,M. Castleford,Complete
PO-2025-01789,PENRT,WAR,2025-09-25,2025-10-15,R. Deakin,Part received
PO-2025-01790,ARDEN,BRS,2025-09-25,2025-10-06,M. Castleford,Part received
PO-2025-01791,ORMSK,BRS,2025-09-25,2025-10-15,S. Nkemelu,Complete
PO-2025-01792,KELSO,BRS,2025-09-25,2025-10-24,T. Harrowby,Complete
PO-2025-01793,EASTN,DAV,2025-09-26,2025-10-07,A. Whitcombe,Complete
PO-2025-01794,BRAMW,DAV,2025-09-26,2025-10-07,A. Whitcombe,Part received
PO-2025-01795,WROXH,BRS,2025-09-26,2025-12-12,S. Nkemelu,Part received
PO-2025-01796,MARSD,DAV,2025-09-29,2025-10-17,A. Whitcombe,Complete
PO-2025-01797,HALDN,DAV,2025-09-29,2025-10-08,R. Deakin,Part received
PO-2025-01798,CROMR,DAV,2025-09-29,2025-10-28,T. Harrowby,Complete
PO-2025-01799,KENTM,WAR,2025-09-29,2025-10-17,S. Nkemelu,Part received
PO-2025-01800,UPTON,WAR,2025-09-29,2025-12-15,R. Deakin,Part received
PO-2025-01801,HALDN,BRS,2025-09-29,2025-10-08,T. Harrowby,Complete
PO-2025-01802,CHARN,WAR,2025-09-30,2025-10-09,S. Nkemelu,Complete
PO-2025-01803,HALDN,WAR,2025-09-30,2025-10-09,A. Whitcombe,Part received
PO-2025-01804,ARDEN,WAR,2025-09-30,2025-10-09,S. Nkemelu,Complete
PO-2025-01805,ARDEN,BRS,2025-09-30,2025-10-09,S. Nkemelu,Complete
PO-2025-01806,SELBY,BRS,2025-09-30,2025-12-16,R. Deakin,Part received
PO-2025-01807,ARDEN,DAV,2025-10-01,2025-10-10,T. Harrowby,Complete
PO-2025-01808,DUNKD,DAV,2025-10-02,2025-10-31,R. Deakin,Part received
PO-2025-01809,GRANH,DAV,2025-10-02,2025-10-13,M. Castleford,Complete
PO-2025-01810,FOXLY,DAV,2025-10-02,2025-10-13,A. Whitcombe,Complete
PO-2025-01811,BEWLY,WAR,2025-10-02,2025-10-31,R. Deakin,Complete
PO-2025-01812,SELBY,WAR,2025-10-02,2025-12-18,S. Nkemelu,Part received
PO-2025-01813,ARDEN,BRS,2025-10-02,2025-10-13,A. Whitcombe,Complete
PO-2025-01814,DERWT,LIV,2025-10-02,2025-10-13,M. Castleford,Complete
PO-2025-01815,ARDEN,DAV,2025-10-03,2025-10-14,S. Nkemelu,Complete
PO-2025-01816,MERID,DAV,2025-10-03,2025-09-23,T. Harrowby,Part received
PO-2025-01817,MERID,WAR,2025-10-03,2025-12-19,T. Harrowby,Part received
PO-2025-01818,YARLT,LIV,2025-10-03,2025-12-19,T. Harrowby,Part received
PO-2025-01819,PENRT,DAV,2025-10-06,2025-10-24,A. Whitcombe,Part received
PO-2025-01820,BRAMW,BRS,2025-10-06,2025-10-15,A. Whitcombe,Complete
PO-2025-01821,ARDEN,WAR,2025-10-07,2025-10-16,M. Castleford,Part received
PO-2025-01822,PENRT,WAR,2025-10-07,2025-10-27,A. Whitcombe,Complete
PO-2025-01823,ARDEN,BRS,2025-10-07,2025-10-16,A. Whitcombe,Complete
PO-2025-01824,MERID,BRS,2025-10-07,2025-12-23,M. Castleford,Part received
PO-2025-01825,PENRT,BRS,2025-10-07,2025-10-27,S. Nkemelu,Complete
PO-2025-01826,VERND,LIV,2025-10-07,2025-12-23,T. Harrowby,Part received
PO-2025-01827,KELSO,DAV,2025-10-08,2025-11-06,M. Castleford,Complete
PO-2025-01828,ORMSK,DAV,2025-10-08,2025-10-28,A. Whitcombe,Complete
PO-2025-01829,ARDEN,DAV,2025-10-08,2025-10-17,M. Castleford,Complete
PO-2025-01830,GRANH,WAR,2025-10-08,2025-10-17,R. Deakin,Part received
PO-2025-01831,FOXLY,BRS,2025-10-08,2025-10-17,A. Whitcombe,Complete
PO-2025-01832,FOXLY,LIV,2025-10-08,2025-10-17,R. Deakin,Part received
PO-2025-01833,PENRT,DAV,2025-10-09,2025-10-29,M. Castleford,Complete
PO-2025-01834,NEWLY,DAV,2025-10-09,2025-10-29,T. Harrowby,Part received
PO-2025-01835,SELBY,DAV,2025-10-09,2025-12-29,T. Harrowby,Part received
PO-2025-01836,BRAMW,DAV,2025-10-09,2025-10-20,R. Deakin,Part received
PO-2025-01837,QUEND,DAV,2025-10-09,2025-10-29,A. Whitcombe,Part received
PO-2025-01838,KELSO,WAR,2025-10-09,2025-11-07,S. Nkemelu,Complete
PO-2025-01839,ARDEN,WAR,2025-10-10,2025-10-21,M. Castleford,Complete
PO-2025-01840,PENRT,BRS,2025-10-10,2025-10-30,S. Nkemelu,Complete
PO-2025-01841,IRWEL,DAV,2025-10-13,2025-10-31,T. Harrowby,Complete
PO-2025-01842,KELSO,DAV,2025-10-13,2025-10-08,T. Harrowby,Complete
PO-2025-01843,KELSO,DAV,2025-10-14,2025-11-12,A. Whitcombe,Complete
PO-2025-01844,DERWT,DAV,2025-10-14,2025-10-23,T. Harrowby,Complete
PO-2025-01845,DERWT,BRS,2025-10-14,2025-10-23,A. Whitcombe,Part received
PO-2025-01846,CHARN,BRS,2025-10-14,2025-10-23,S. Nkemelu,Complete
PO-2025-01847,NEWLY,LIV,2025-10-14,2025-11-03,S. Nkemelu,Complete
PO-2025-01848,TANFD,LIV,2025-10-14,2026-01-01,A. Whitcombe,Outstanding
PO-2025-01849,ARDEN,DAV,2025-10-15,2025-10-24,T. Harrowby,Complete
PO-2025-01850,CHARN,DAV,2025-10-15,2025-10-24,R. Deakin,Complete
PO-2025-01851,PENRT,WAR,2025-10-15,2025-11-04,S. Nkemelu,Complete
PO-2025-01852,CROMR,WAR,2025-10-15,2025-11-13,R. Deakin,Complete
PO-2025-01853,ARDEN,WAR,2025-10-15,2025-10-24,R. Deakin,Part received
PO-2025-01854,EASTN,WAR,2025-10-15,2025-10-24,S. Nkemelu,Part received
PO-2025-01855,GRANH,WAR,2025-10-15,2025-10-24,R. Deakin,Complete
PO-2025-01856,BRAMW,WAR,2025-10-16,2025-10-27,T. Harrowby,Complete
PO-2025-01857,HALDN,BRS,2025-10-16,2025-10-27,M. Castleford,Complete
PO-2025-01858,ARDEN,BRS,2025-10-16,2025-10-27,R. Deakin,Complete
PO-2025-01859,ORMSK,WAR,2025-10-17,2025-11-06,T. Harrowby,Part received
PO-2025-01860,MERID,BRS,2025-10-17,2026-01-06,A. Whitcombe,Outstanding
PO-2025-01861,GRANH,BRS,2025-10-17,2025-10-28,A. Whitcombe,Complete
PO-2025-01862,EASTN,BRS,2025-10-17,2025-10-28,T. Harrowby,Complete
PO-2025-01863,PENRT,BRS,2025-10-17,2025-11-06,T. Harrowby,Part received
PO-2025-01864,EASTN,DAV,2025-10-20,2025-10-29,M. Castleford,Complete
PO-2025-01865,ARDEN,BRS,2025-10-20,2025-10-29,R. Deakin,Complete
PO-2025-01866,MARSD,DAV,2025-10-21,2025-11-10,A. Whitcombe,Complete
PO-2025-01867,ARDEN,DAV,2025-10-21,2025-10-30,R. Deakin,Complete
PO-2025-01868,FOXLY,DAV,2025-10-21,2025-10-30,M. Castleford,Complete
PO-2025-01869,IRWEL,WAR,2025-10-21,2025-11-10,R. Deakin,Part received
PO-2025-01870,CHARN,WAR,2025-10-21,2025-10-30,R. Deakin,Complete
PO-2025-01871,ARDEN,BRS,2025-10-21,2025-10-30,T. Harrowby,Complete
PO-2025-01872,NEWLY,BRS,2025-10-21,2025-11-10,A. Whitcombe,Complete
PO-2025-01873,EASTN,DAV,2025-10-22,2025-10-16,S. Nkemelu,Complete
PO-2025-01874,ORMSK,DAV,2025-10-22,2025-11-11,S. Nkemelu,Part received
PO-2025-01875,VERND,DAV,2025-10-22,2026-01-09,T. Harrowby,Outstanding
PO-2025-01876,NEWLY,WAR,2025-10-22,2025-11-11,R. Deakin,Part received
PO-2025-01877,PENRT,WAR,2025-10-22,2025-11-11,M. Castleford,Part received
PO-2025-01878,CHARN,BRS,2025-10-22,2025-10-31,R. Deakin,Complete
PO-2025-01879,KENTM,DAV,2025-10-23,2025-11-12,M. Castleford,Part received
PO-2025-01880,BEWLY,DAV,2025-10-23,2025-11-21,A. Whitcombe,Complete
PO-2025-01881,ARDEN,DAV,2025-10-23,2025-11-03,R. Deakin,Part received
PO-2025-01882,PENRT,DAV,2025-10-24,2025-11-13,A. Whitcombe,Complete
PO-2025-01883,MARSD,DAV,2025-10-24,2025-11-13,A. Whitcombe,Part received
PO-2025-01884,ARDEN,WAR,2025-10-24,2025-11-04,R. Deakin,Part received
PO-2025-01885,CHARN,LIV,2025-10-24,2025-11-04,R. Deakin,Part received
PO-2025-01886,GRANH,LIV,2025-10-24,2025-11-04,A. Whitcombe,Complete
PO-2025-01887,BRAMW,DAV,2025-10-27,2025-11-05,R. Deakin,Complete
PO-2025-01888,FOXLY,DAV,2025-10-27,2025-11-05,R. Deakin,Part received
PO-2025-01889,ARDEN,BRS,2025-10-27,2025-11-05,S. Nkemelu,Complete
PO-2025-01890,HALDN,BRS,2025-10-27,2025-11-05,M. Castleford,Complete
PO-2025-01891,ARDEN,DAV,2025-10-28,2025-11-06,S. Nkemelu,Part received
PO-2025-01892,RAVNS,DAV,2025-10-28,2025-11-17,R. Deakin,Complete
PO-2025-01893,GRANH,DAV,2025-10-28,2025-11-06,M. Castleford,Complete
PO-2025-01894,ARDEN,BRS,2025-10-28,2025-11-06,S. Nkemelu,Complete
PO-2025-01895,CHARN,DAV,2025-10-29,2025-11-07,S. Nkemelu,Part received
PO-2025-01896,NEWLY,DAV,2025-10-29,2025-11-18,S. Nkemelu,Complete
PO-2025-01897,BRAMW,WAR,2025-10-29,2025-11-07,A. Whitcombe,Complete
PO-2025-01898,KENTM,DAV,2025-10-30,2025-11-19,R. Deakin,Complete
PO-2025-01899,MERID,WAR,2025-10-30,2026-01-19,A. Whitcombe,Outstanding
PO-2025-01900,GRANH,WAR,2025-10-30,2025-11-10,R. Deakin,Part received
PO-2025-01901,ARDEN,WAR,2025-10-30,2025-11-10,T. Harrowby,Complete
PO-2025-01902,ARDEN,DAV,2025-10-31,2025-11-11,S. Nkemelu,Complete
PO-2025-01903,PENRT,DAV,2025-10-31,2025-11-20,A. Whitcombe,Complete
PO-2025-01904,MARSD,WAR,2025-10-31,2025-11-20,A. Whitcombe,Complete
PO-2025-01905,KENTM,WAR,2025-10-31,2025-11-20,R. Deakin,Complete
PO-2025-01906,ARDEN,WAR,2025-10-31,2025-11-11,R. Deakin,Complete
PO-2025-01907,EASTN,WAR,2025-10-31,2025-11-11,R. Deakin,Part received
PO-2025-01908,FOXLY,WAR,2025-11-03,2025-11-12,S. Nkemelu,Part received
PO-2025-01909,ARDEN,WAR,2025-11-03,2025-10-19,T. Harrowby,Complete
PO-2025-01910,PENRT,BRS,2025-11-03,2025-11-21,T. Harrowby,Part received
PO-2025-01911,DUNKD,DAV,2025-11-04,2025-12-03,A. Whitcombe,Complete
PO-2025-01912,MARSD,DAV,2025-11-04,2025-11-24,M. Castleford,Part received
PO-2025-01913,HALDN,WAR,2025-11-04,2025-11-13,S. Nkemelu,Part received
PO-2025-01914,ARDEN,BRS,2025-11-04,2025-11-13,A. Whitcombe,Part received
PO-2025-01915,JARVS,DAV,2025-11-05,2025-11-25,A. Whitcombe,Complete
PO-2025-01916,ARDEN,DAV,2025-11-05,2025-11-14,T. Harrowby,Part received
PO-2025-01917,NEWLY,DAV,2025-11-05,2025-11-25,S. Nkemelu,Complete
PO-2025-01918,ORMSK,DAV,2025-11-05,2025-11-25,S. Nkemelu,Part received
PO-2025-01919,BRAMW,DAV,2025-11-05,2025-11-14,S. Nkemelu,Part received
PO-2025-01920,KELSO,DAV,2025-11-05,2025-12-04,A. Whitcombe,Complete
PO-2025-01921,MERID,DAV,2025-11-05,2026-01-23,A. Whitcombe,Part received
PO-2025-01922,GRANH,BRS,2025-11-05,2025-11-14,R. Deakin,Complete
PO-2025-01923,CROMR,BRS,2025-11-05,2025-12-04,T. Harrowby,Complete
PO-2025-01924,ARDEN,DAV,2025-11-06,2025-11-17,R. Deakin,Complete
PO-2025-01925,DERWT,BRS,2025-11-06,2025-11-17,T. Harrowby,Complete
PO-2025-01926,ARDEN,BRS,2025-11-06,2025-11-17,R. Deakin,Complete
PO-2025-01927,TANFD,LIV,2025-11-06,2026-01-26,M. Castleford,Outstanding
PO-2025-01928,IRWEL,DAV,2025-11-07,2025-11-27,M. Castleford,Complete
PO-2025-01929,CHARN,DAV,2025-11-07,2025-11-18,T. Harrowby,Complete
PO-2025-01930,ARDEN,BRS,2025-11-07,2025-11-18,S. Nkemelu,Complete
PO-2025-01931,BEWLY,BRS,2025-11-07,2025-12-08,S. Nkemelu,Complete
PO-2025-01932,HALDN,DAV,2025-11-10,2025-11-19,A. Whitcombe,Part received
PO-2025-01933,PENRT,WAR,2025-11-10,2025-11-28,T. Harrowby,Part received
PO-2025-01934,LANGD,DAV,2025-11-11,2025-12-01,R. Deakin,Complete
PO-2025-01935,ARDEN,DAV,2025-11-11,2025-11-20,S. Nkemelu,Complete
PO-2025-01936,WROXH,WAR,2025-11-11,2026-01-29,T. Harrowby,Outstanding
PO-2025-01937,DERWT,DAV,2025-11-12,2025-11-21,R. Deakin,Complete
PO-2025-01938,ARDEN,DAV,2025-11-12,2025-11-21,M. Castleford,Complete
PO-2025-01939,BRAMW,DAV,2025-11-12,2025-11-21,S. Nkemelu,Complete
PO-2025-01940,KENTM,DAV,2025-11-12,2025-12-02,S. Nkemelu,Complete
PO-2025-01941,NEWLY,BRS,2025-11-12,2025-12-02,S. Nkemelu,Complete
PO-2025-01942,MERID,BRS,2025-11-12,2026-01-30,R. Deakin,Outstanding
PO-2025-01943,CHARN,DAV,2025-11-13,2025-11-24,S. Nkemelu,Complete
PO-2025-01944,LANGD,DAV,2025-11-13,2025-12-03,T. Harrowby,Complete
PO-2025-01945,EASTN,DAV,2025-11-13,2025-11-24,T. Harrowby,Complete
PO-2025-01946,SELBY,DAV,2025-11-14,2026-02-03,T. Harrowby,Outstanding
PO-2025-01947,KELSO,DAV,2025-11-14,2025-12-15,M. Castleford,Complete
PO-2025-01948,ARDEN,DAV,2025-11-14,2025-11-25,A. Whitcombe,Complete
PO-2025-01949,ARDEN,WAR,2025-11-14,2025-11-25,T. Harrowby,Complete
PO-2025-01950,EASTN,WAR,2025-11-14,2025-11-25,M. Castleford,Part received
PO-2025-01951,DERWT,WAR,2025-11-14,2025-11-25,T. Harrowby,Complete
PO-2025-01952,NEWLY,WAR,2025-11-14,2025-12-04,T. Harrowby,Complete
PO-2025-01953,PENRT,BRS,2025-11-14,2025-12-04,R. Deakin,Complete
PO-2025-01954,ARDEN,DAV,2025-11-17,2025-11-26,T. Harrowby,Part received
PO-2025-01955,KENTM,BRS,2025-11-17,2025-12-05,A. Whitcombe,Complete
PO-2025-01956,NEWLY,BRS,2025-11-17,2025-12-05,M. Castleford,Complete
PO-2025-01957,ARDEN,BRS,2025-11-17,2025-11-26,R. Deakin,Part received
PO-2025-01958,GRANH,DAV,2025-11-18,2025-11-27,A. Whitcombe,Complete
PO-2025-01959,YARLT,DAV,2025-11-18,2026-02-05,T. Harrowby,Outstanding
PO-2025-01960,ARDEN,DAV,2025-11-18,2025-11-27,R. Deakin,Complete
PO-2025-01961,PENRT,DAV,2025-11-18,2025-12-08,R. Deakin,Complete
PO-2025-01962,KELSO,WAR,2025-11-18,2025-12-17,T. Harrowby,Complete
PO-2025-01963,TANFD,BRS,2025-11-18,2026-02-05,M. Castleford,Outstanding
PO-2025-01964,ARDEN,BRS,2025-11-18,2025-11-27,M. Castleford,Complete
PO-2025-01965,EASTN,DAV,2025-11-19,2025-11-28,S. Nkemelu,Complete
PO-2025-01966,NEWLY,DAV,2025-11-20,2025-12-10,A. Whitcombe,Part received
PO-2025-01967,HALDN,WAR,2025-11-20,2025-12-01,T. Harrowby,Part received
PO-2025-01968,ARDEN,BRS,2025-11-20,2025-12-01,T. Harrowby,Part received
PO-2025-01969,BRAMW,BRS,2025-11-20,2025-12-01,M. Castleford,Complete
PO-2025-01970,HALDN,LIV,2025-11-20,2025-12-01,A. Whitcombe,Complete
PO-2025-01971,BRAMW,LIV,2025-11-20,2025-12-01,R. Deakin,Part received
PO-2025-01972,HALDN,WAR,2025-11-21,2025-12-02,R. Deakin,Complete
PO-2025-01973,CROMR,WAR,2025-11-21,2025-12-22,M. Castleford,Complete
PO-2025-01974,EASTN,WAR,2025-11-21,2025-12-02,S. Nkemelu,Complete
PO-2025-01975,MERID,LIV,2025-11-21,2026-02-10,S. Nkemelu,Outstanding
PO-2025-01976,CHARN,DAV,2025-11-24,2025-12-03,R. Deakin,Complete
PO-2025-01977,SELBY,BRS,2025-11-24,2026-02-11,R. Deakin,Outstanding
PO-2025-01978,NEWLY,DAV,2025-11-25,2025-12-15,A. Whitcombe,Complete
PO-2025-01979,HALDN,DAV,2025-11-25,2025-12-04,M. Castleford,Complete
PO-2025-01980,CHARN,WAR,2025-11-25,2025-12-04,R. Deakin,Part received
PO-2025-01981,PENRT,WAR,2025-11-25,2025-12-15,S. Nkemelu,Complete
PO-2025-01982,FOXLY,BRS,2025-11-25,2025-12-04,T. Harrowby,Complete
PO-2025-01983,ARDEN,LIV,2025-11-25,2025-12-04,R. Deakin,Part received
PO-2025-01984,UPTON,DAV,2025-11-26,2026-02-13,A. Whitcombe,Outstanding
PO-2025-01985,ARDEN,DAV,2025-11-26,2025-12-05,R. Deakin,Complete
PO-2025-01986,IRWEL,DAV,2025-11-26,2025-12-16,S. Nkemelu,Complete
PO-2025-01987,BRAMW,DAV,2025-11-26,2025-12-05,T. Harrowby,Complete
PO-2025-01988,MARSD,WAR,2025-11-26,2025-12-16,S. Nkemelu,Part received
PO-2025-01989,ARDEN,WAR,2025-11-26,2025-12-05,S. Nkemelu,Complete
PO-2025-01990,FOXLY,WAR,2025-11-26,2025-12-05,M. Castleford,Complete
PO-2025-01991,ARDEN,BRS,2025-11-26,2025-12-05,A. Whitcombe,Complete
PO-2025-01992,HALDN,BRS,2025-11-26,2025-12-05,M. Castleford,Complete
PO-2025-01993,IRWEL,DAV,2025-11-27,2025-12-17,M. Castleford,Complete
PO-2025-01994,FOXLY,DAV,2025-11-27,2025-12-08,A. Whitcombe,Part received
PO-2025-01995,ARDEN,DAV,2025-11-27,2025-12-08,S. Nkemelu,Complete
PO-2025-01996,MERID,DAV,2025-11-27,2026-02-16,S. Nkemelu,Outstanding
PO-2025-01997,MARSD,DAV,2025-11-27,2025-12-17,M. Castleford,Part received
PO-2025-01998,ARDEN,WAR,2025-11-27,2025-12-08,A. Whitcombe,Complete
PO-2025-01999,GRANH,BRS,2025-11-27,2025-12-08,A. Whitcombe,Complete
PO-2025-02000,KELSO,DAV,2025-11-28,2025-12-31,T. Harrowby,Part received
PO-2025-02001,EASTN,DAV,2025-11-28,2025-12-09,A. Whitcombe,Complete
PO-2025-02002,EASTN,WAR,2025-11-28,2025-12-09,T. Harrowby,Complete
PO-2025-02003,CROMR,BRS,2025-11-28,2025-12-31,T. Harrowby,Complete
PO-2025-02004,KENTM,DAV,2025-12-01,2025-12-19,A. Whitcombe,Complete
PO-2025-02005,MERID,WAR,2025-12-01,2026-02-18,S. Nkemelu,Outstanding
PO-2025-02006,YARLT,WAR,2025-12-01,2026-02-18,T. Harrowby,Outstanding
PO-2025-02007,BRAMW,WAR,2025-12-01,2025-12-10,T. Harrowby,Complete
PO-2025-02008,KENTM,WAR,2025-12-01,2025-12-19,T. Harrowby,Part received
PO-2025-02009,ORMSK,BRS,2025-12-01,2025-12-19,M. Castleford,Part received
PO-2025-02010,JARVS,DAV,2025-12-02,2025-12-22,M. Castleford,Part received
PO-2025-02011,QUEND,DAV,2025-12-02,2025-12-22,M. Castleford,Part received
PO-2025-02012,RAVNS,DAV,2025-12-02,2025-12-22,T. Harrowby,Complete
PO-2025-02013,CROMR,DAV,2025-12-02,2026-01-02,A. Whitcombe,Part received
PO-2025-02014,HALDN,DAV,2025-12-02,2025-12-11,S. Nkemelu,Complete
PO-2025-02015,BEWLY,WAR,2025-12-02,2026-01-02,M. Castleford,Outstanding
PO-2025-02016,FOXLY,BRS,2025-12-02,2025-12-11,T. Harrowby,Part received
PO-2025-02017,ORMSK,DAV,2025-12-03,2025-12-23,S. Nkemelu,Part received
PO-2025-02018,GRANH,DAV,2025-12-03,2025-12-12,A. Whitcombe,Complete
PO-2025-02019,PENRT,DAV,2025-12-03,2025-12-23,S. Nkemelu,Part received
PO-2025-02020,SELBY,DAV,2025-12-03,2026-02-20,A. Whitcombe,Outstanding
PO-2025-02021,IRWEL,WAR,2025-12-03,2025-12-23,M. Castleford,Part received
PO-2025-02022,FOXLY,LIV,2025-12-03,2025-12-12,A. Whitcombe,Complete
PO-2025-02023,ARDEN,DAV,2025-12-04,2025-12-15,T. Harrowby,Part received
PO-2025-02024,EASTN,WAR,2025-12-04,2025-12-15,M. Castleford,Complete
PO-2025-02025,ORMSK,LIV,2025-12-04,2025-12-24,A. Whitcombe,Part received
PO-2025-02026,MERID,LIV,2025-12-04,2026-02-23,T. Harrowby,Outstanding
PO-2025-02027,BEWLY,DAV,2025-12-05,2026-01-07,R. Deakin,Outstanding
PO-2025-02028,BRAMW,WAR,2025-12-05,2025-12-16,S. Nkemelu,Part received
PO-2025-02029,ARDEN,WAR,2025-12-05,2025-12-16,S. Nkemelu,Part received
PO-2025-02030,IRWEL,BRS,2025-12-05,2025-12-29,R. Deakin,Part received
PO-2025-02031,ARDEN,DAV,2025-12-08,2025-12-17,R. Deakin,Part received
PO-2025-02032,PENRT,DAV,2025-12-08,2025-12-30,M. Castleford,Complete
PO-2025-02033,MERID,DAV,2025-12-08,2026-02-25,A. Whitcombe,Outstanding
PO-2025-02034,CROMR,DAV,2025-12-08,2026-01-08,R. Deakin,Part received
PO-2025-02035,CHARN,DAV,2025-12-08,2025-12-17,A. Whitcombe,Complete
PO-2025-02036,CHARN,WAR,2025-12-08,2025-12-17,A. Whitcombe,Complete
PO-2025-02037,ARDEN,BRS,2025-12-08,2025-12-17,T. Harrowby,Complete
PO-2025-02038,ARDEN,DAV,2025-12-09,2025-12-04,A. Whitcombe,Part received
PO-2025-02039,ARDEN,WAR,2025-12-09,2025-12-18,M. Castleford,Complete
PO-2025-02040,PENRT,BRS,2025-12-09,2025-12-31,T. Harrowby,Part received
PO-2025-02041,KENTM,BRS,2025-12-09,2025-12-31,R. Deakin,Part received
PO-2025-02042,FOXLY,BRS,2025-12-09,2025-12-18,T. Harrowby,Complete
PO-2025-02043,IRWEL,LIV,2025-12-09,2025-12-31,S. Nkemelu,Complete
PO-2025-02044,SELBY,LIV,2025-12-09,2026-02-26,A. Whitcombe,Outstanding
PO-2025-02045,WROXH,LIV,2025-12-09,2026-02-26,S. Nkemelu,Outstanding
PO-2025-02046,VERND,LIV,2025-12-09,2026-02-26,M. Castleford,Outstanding
PO-2025-02047,GRANH,DAV,2025-12-10,2025-12-19,R. Deakin,Complete
PO-2025-02048,EASTN,DAV,2025-12-10,2025-12-19,S. Nkemelu,Part received
PO-2025-02049,FOXLY,WAR,2025-12-10,2025-12-19,A. Whitcombe,Complete
PO-2025-02050,KELSO,BRS,2025-12-10,2026-01-12,S. Nkemelu,Outstanding
PO-2025-02051,ARDEN,DAV,2025-12-11,2025-12-22,S. Nkemelu,Complete
PO-2025-02052,FOXLY,DAV,2025-12-11,2025-12-22,T. Harrowby,Part received
PO-2025-02053,GRANH,WAR,2025-12-11,2025-12-22,A. Whitcombe,Complete
PO-2025-02054,PENRT,WAR,2025-12-11,2026-01-02,S. Nkemelu,Outstanding
PO-2025-02055,BEWLY,BRS,2025-12-11,2026-01-13,A. Whitcombe,Outstanding
PO-2025-02056,HALDN,BRS,2025-12-11,2025-12-22,A. Whitcombe,Complete
PO-2025-02057,EASTN,BRS,2025-12-11,2025-12-22,M. Castleford,Part received
PO-2025-02058,ARDEN,LIV,2025-12-11,2025-12-22,T. Harrowby,Complete
PO-2025-02059,BEWLY,LIV,2025-12-11,2026-01-13,T. Harrowby,Outstanding
PO-2025-02060,ARDEN,DAV,2025-12-12,2025-12-23,T. Harrowby,Complete
PO-2025-02061,KELSO,DAV,2025-12-15,2026-01-15,M. Castleford,Outstanding
PO-2025-02062,DERWT,DAV,2025-12-15,2025-12-04,M. Castleford,Complete
PO-2025-02063,HALDN,BRS,2025-12-15,2025-12-24,A. Whitcombe,Complete
PO-2025-02064,HALDN,DAV,2025-12-16,2025-12-29,R. Deakin,Complete
PO-2025-02065,DERWT,DAV,2025-12-16,2025-12-29,T. Harrowby,Complete
PO-2025-02066,ARDEN,WAR,2025-12-16,2025-12-29,R. Deakin,Part received
PO-2025-02067,HALDN,BRS,2025-12-16,2025-12-29,R. Deakin,Complete
PO-2025-02068,DERWT,LIV,2025-12-16,2025-12-29,T. Harrowby,Part received
PO-2025-02069,BRAMW,DAV,2025-12-17,2025-12-30,A. Whitcombe,Part received
PO-2025-02070,HALDN,DAV,2025-12-17,2025-12-30,R. Deakin,Part received
PO-2025-02071,DUNKD,DAV,2025-12-18,2026-01-20,T. Harrowby,Outstanding
PO-2025-02072,ARDEN,BRS,2025-12-18,2025-12-31,R. Deakin,Part received
PO-2025-02073,ARDEN,LIV,2025-12-18,2025-12-31,S. Nkemelu,Part received
PO-2025-02074,TANFD,DAV,2025-12-19,2026-03-10,M. Castleford,Outstanding
PO-2025-02075,NEWLY,DAV,2025-12-19,2026-01-12,R. Deakin,Outstanding
PO-2025-02076,PENRT,DAV,2025-12-19,2026-01-12,M. Castleford,Outstanding
PO-2025-02077,MERID,DAV,2025-12-19,2026-03-10,T. Harrowby,Outstanding
PO-2025-02078,KELSO,WAR,2025-12-19,2026-01-21,A. Whitcombe,Outstanding
PO-2025-02079,ARDEN,DAV,2025-12-22,2026-01-02,S. Nkemelu,Outstanding
PO-2025-02080,FOXLY,DAV,2025-12-22,2026-01-02,S. Nkemelu,Outstanding
PO-2025-02081,CROMR,WAR,2025-12-22,2026-01-22,T. Harrowby,Outstanding
PO-2025-02082,ORMSK,DAV,2025-12-23,2026-01-14,S. Nkemelu,Outstanding
PO-2025-02083,IRWEL,DAV,2025-12-23,2026-01-14,S. Nkemelu,Outstanding
PO-2025-02084,VERND,WAR,2025-12-23,2026-03-12,S. Nkemelu,Outstanding
PO-2025-02085,HALDN,WAR,2025-12-23,2026-01-05,A. Whitcombe,Outstanding
PO-2025-02086,PENRT,LIV,2025-12-23,2026-01-14,M. Castleford,Outstanding
PO-2025-02087,EASTN,DAV,2025-12-24,2026-01-06,A. Whitcombe,Outstanding
PO-2025-02088,LANGD,DAV,2025-12-24,2026-01-15,T. Harrowby,Outstanding
PO-2025-02089,VERND,WAR,2025-12-24,2026-03-13,R. Deakin,Outstanding
PO-2025-02090,ARDEN,BRS,2025-12-24,2026-01-06,S. Nkemelu,Outstanding
PO-2025-02091,FOXLY,BRS,2025-12-24,2026-01-06,S. Nkemelu,Outstanding
PO-2025-02092,ARDEN,LIV,2025-12-24,2026-01-06,T. Harrowby,Outstanding
PO-2025-02093,ARDEN,DAV,2025-12-29,2026-01-07,M. Castleford,Outstanding
PO-2025-02094,DERWT,DAV,2025-12-29,2026-01-07,A. Whitcombe,Outstanding
PO-2025-02095,CHARN,DAV,2025-12-29,2026-01-07,T. Harrowby,Outstanding
PO-2025-02096,NEWLY,BRS,2025-12-29,2026-01-16,M. Castleford,Outstanding
PO-2025-02097,JARVS,DAV,2025-12-30,2026-01-19,R. Deakin,Outstanding
PO-2025-02098,ARDEN,BRS,2025-12-30,2026-01-08,A. Whitcombe,Outstanding
PO-2025-02099,PENRT,BRS,2025-12-30,2026-01-19,T. Harrowby,Outstanding
PO-2025-02100,ARDEN,DAV,2025-12-31,2026-01-09,R. Deakin,Outstanding
PO-2025-02101,ARDEN,WAR,2025-12-31,2026-01-09,R. Deakin,Outstanding
PO-2025-02102,KELSO,BRS,2025-12-31,2026-01-29,R. Deakin,Outstanding
PO-2025-02103,MERID,LIV,2025-12-31,2026-03-18,S. Nkemelu,Outstanding
