purchase_order_number,line_number,sku,quantity_ordered,unit_cost_gbp,line_status
PO-2024-00001,1,HEAT-1059,5,274.88,Received in full
PO-2024-00001,2,HEAT-1082,15,205.13,Received in full
PO-2024-00002,1,HEAT-1109,5,238.41,Received in full
PO-2024-00002,2,HEAT-1142,11,431.31,Received in full
PO-2024-00002,3,HEAT-1161,6,778.55,Received in full
PO-2024-00002,4,RENW-1068,3,2822.91,Received in full
PO-2024-00002,5,RENW-1070,3,983.35,Received in full
PO-2024-00002,6,RENW-1087,18,1020.88,Received in full
PO-2024-00002,7,ELEC-1025,54,29.27,Received in full
PO-2024-00002,8,VENT-1080,6,81.98,Received in full
PO-2024-00002,9,VENT-1185,6,70.8,Received in full
PO-2024-00002,10,VENT-1192,6,501.83,Received in full
PO-2024-00002,11,TOOL-1124,36,21.71,Received in full
PO-2024-00002,12,TOOL-1171,36,16.65,Received in full
PO-2024-00003,1,HEAT-1175,5,272.98,Received in full
PO-2024-00003,2,DRAIN-1148,24,8.82,Received in full
PO-2024-00003,3,ELEC-1117,90,3.47,Received in full
PO-2024-00003,4,HEAT-1009,5,644.95,Received in full
PO-2024-00004,1,HEAT-1211,8,406.53,Received in full
PO-2024-00004,2,DRAIN-1204,42,6.81,Received in full
PO-2024-00004,3,ELEC-1217,210,102.07,Part received
PO-2024-00004,4,TOOL-1092,70,30.48,Received in full
PO-2024-00005,1,RENW-1000,19,1681.01,Received in full
PO-2024-00005,2,RENW-1010,7,2831.36,Received in full
PO-2024-00005,3,PIPE-1070,162,13.11,Part received
PO-2024-00005,4,VALV-1056,33,24.48,Received in full
PO-2024-00006,1,RENW-1081,3,2063.76,Received in full
PO-2024-00006,2,VENT-1043,12,47.38,Received in full
PO-2024-00006,3,ELEC-1094,180,3.2,Received in full
PO-2024-00006,4,HEAT-1192,7,260.49,Received in full
PO-2024-00007,1,VALV-1080,22,130.11,Received in full
PO-2024-00007,2,VALV-1140,15,19.19,Received in full
PO-2024-00007,3,VALV-1052,15,11.49,Received in full
PO-2024-00007,4,VALV-1152,27,9.22,Received in full
PO-2024-00008,1,VALV-1154,28,47.53,Part received
PO-2024-00008,2,TOOL-1071,364,2.79,Part received
PO-2024-00008,3,PIPE-1175,160,0.28,Part received
PO-2024-00008,4,PIPE-1044,1666,11.02,Part received
PO-2024-00009,1,VENT-1066,8,42.66,Received in full
PO-2024-00009,2,VENT-1199,9,66.01,Received in full
PO-2024-00010,1,VENT-1075,6,180.49,Received in full
PO-2024-00010,2,TOOL-1201,36,11.71,Received in full
PO-2024-00010,3,VALV-1024,15,117.38,Received in full
PO-2024-00011,1,VENT-1161,6,348.88,Received in full
PO-2024-00011,2,ELEC-1204,145,17.25,Received in full
PO-2024-00012,1,DRAIN-1173,24,190.86,Received in full
PO-2024-00013,1,DRAIN-1199,24,5.51,Received in full
PO-2024-00013,2,PIPE-1025,795,2.33,Part received
PO-2024-00013,3,RENW-1134,3,697.14,Received in full
PO-2024-00013,4,TOOL-1077,105,2.6,Received in full
PO-2024-00014,1,PIPE-1044,1666,11.03,Part received
PO-2024-00014,2,VALV-1056,78,19.03,Part received
PO-2024-00014,3,TOOL-1144,90,1.04,Part received
PO-2024-00014,4,PIPE-1025,2079,1.76,Part received
PO-2024-00015,1,PIPE-1004,208,1.62,Received in full
PO-2024-00015,2,PIPE-1214,152,0.42,Received in full
PO-2024-00015,3,RENW-1087,21,1012.54,Received in full
PO-2024-00015,4,VALV-1007,25,11.53,Received in full
PO-2024-00016,1,DRAIN-1214,29,35.26,Received in full
PO-2024-00017,1,HEAT-1082,20,208.16,Received in full
PO-2024-00018,1,VALV-1084,84,80.75,Received in full
PO-2024-00018,2,TOOL-1110,144,16.12,Part received
PO-2024-00018,3,TOOL-1092,182,23.04,Part received
PO-2024-00018,4,HEAT-1064,24,218.07,Part received
PO-2024-00019,1,PIPE-1206,240,0.54,Part received
PO-2024-00019,2,HEAT-1130,13,660.84,Received in full
PO-2024-00020,1,HEAT-1073,7,395.33,Received in full
PO-2024-00020,2,TOOL-1155,36,35.57,Received in full
PO-2024-00020,3,TOOL-1067,112,7.4,Part received
PO-2024-00020,4,PIPE-1061,406,2.04,Part received
PO-2024-00021,1,DRAIN-1145,46,14.28,Received in full
PO-2024-00021,2,DRAIN-1161,60,7.8,Received in full
PO-2024-00022,1,TOOL-1003,36,28.71,Received in full
PO-2024-00022,2,PIPE-1135,180,4.07,Part received
PO-2024-00022,3,ELEC-1031,54,1.88,Received in full
PO-2024-00022,4,VALV-1196,15,35.86,Received in full
PO-2024-00023,1,ELEC-1131,130,19.88,Received in full
PO-2024-00024,1,HEAT-1168,5,492.91,Received in full
PO-2024-00024,2,RENW-1105,5,2693.55,Received in full
PO-2024-00024,3,TOOL-1018,80,1.12,Part received
PO-2024-00024,4,TOOL-1163,46,6.78,Received in full
PO-2024-00025,1,VALV-1037,15,33.33,Received in full
PO-2024-00026,1,VALV-1121,42,83.25,Part received
PO-2024-00026,2,ELEC-1046,54,52.74,Part received
PO-2024-00027,1,VALV-1175,15,41.41,Received in full
PO-2024-00027,2,VALV-1014,24,39.0,Received in full
PO-2024-00027,3,VALV-1042,17,12.74,Received in full
PO-2024-00027,4,VALV-1091,43,68.31,Received in full
PO-2024-00028,1,TOOL-1110,56,20.74,Received in full
PO-2024-00029,1,ELEC-1094,408,2.28,Part received
PO-2024-00029,2,PIPE-1017,858,0.5,Part received
PO-2024-00030,1,RENW-1042,6,770.04,Received in full
PO-2024-00031,1,ELEC-1075,54,29.17,Received in full
PO-2024-00031,2,PIPE-1054,150,0.46,Part received
PO-2024-00031,3,TOOL-1137,52,21.32,Received in full
PO-2024-00031,4,VALV-1187,17,11.26,Received in full
PO-2024-00032,1,ELEC-1194,68,50.41,Part received
PO-2024-00033,1,PIPE-1061,990,1.51,Part received
PO-2024-00033,2,PIPE-1168,2118,0.71,Part received
PO-2024-00033,3,TOOL-1092,182,23.16,Part received
PO-2024-00033,4,TOOL-1149,90,2.45,Part received
PO-2024-00034,1,TOOL-1018,66,1.12,Part received
PO-2024-00034,2,TOOL-1137,45,21.25,Received in full
PO-2024-00034,3,PIPE-1206,168,0.54,Received in full
PO-2024-00034,4,TOOL-1163,40,6.71,Received in full
PO-2024-00035,1,VENT-1084,48,30.74,Part received
PO-2024-00035,2,TOOL-1031,147,11.13,Part received
PO-2024-00035,3,PIPE-1150,791,0.29,Part received
PO-2024-00035,4,DRAIN-1095,144,85.72,Received in full
PO-2024-00036,1,PIPE-1064,272,8.27,Received in full
PO-2024-00037,1,HEAT-1047,5,420.58,Received in full
PO-2024-00037,2,DRAIN-1130,25,58.06,Received in full
PO-2024-00037,3,HEAT-1064,8,270.49,Received in full
PO-2024-00037,4,HEAT-1203,12,591.94,Part received
PO-2024-00038,1,RENW-1201,3,1010.62,Received in full
PO-2024-00038,2,VALV-1002,15,50.04,Received in full
PO-2024-00038,3,DRAIN-1179,145,103.51,Part received
PO-2024-00038,4,RENW-1022,5,1212.54,Received in full
PO-2024-00039,1,ELEC-1158,54,5.02,Received in full
PO-2024-00039,2,DRAIN-1009,24,7.22,Received in full
PO-2024-00039,3,VENT-1134,8,47.18,Received in full
PO-2024-00039,4,TOOL-1149,41,3.28,Received in full
PO-2024-00040,1,DRAIN-1158,264,60.94,Part received
PO-2024-00040,2,DRAIN-1095,144,87.36,Part received
PO-2024-00040,3,PIPE-1150,791,0.29,Part received
PO-2024-00040,4,TOOL-1031,147,11.24,Part received
PO-2024-00041,1,HEAT-1064,5,273.15,Received in full
PO-2024-00041,2,PIPE-1119,600,6.76,Part received
PO-2024-00041,3,RENW-1000,16,1717.85,Received in full
PO-2024-00041,4,TOOL-1175,36,2.78,Received in full
PO-2024-00042,1,TOOL-1087,42,2.22,Received in full
PO-2024-00042,2,PIPE-1186,152,0.92,Received in full
PO-2024-00042,3,ELEC-1025,54,28.95,Received in full
PO-2024-00042,4,HEAT-1142,10,442.8,Received in full
PO-2024-00043,1,VALV-1102,84,49.41,Part received
PO-2024-00043,2,ELEC-1088,348,10.48,Part received
PO-2024-00043,3,PIPE-1044,1666,11.02,Part received
PO-2024-00043,4,TOOL-1071,364,2.73,Part received
PO-2024-00044,1,HEAT-1089,5,484.02,Received in full
PO-2024-00044,2,DRAIN-1047,81,169.7,Received in full
PO-2024-00044,3,ELEC-1171,54,48.87,Received in full
PO-2024-00044,4,VENT-1060,6,119.95,Received in full
PO-2024-00045,1,HEAT-1182,5,444.63,Received in full
PO-2024-00045,2,RENW-1127,3,1245.85,Received in full
PO-2024-00045,3,PIPE-1186,152,0.91,Part received
PO-2024-00045,4,PIPE-1165,208,14.34,Received in full
PO-2024-00046,1,RENW-1095,4,2142.88,Received in full
PO-2024-00046,2,ELEC-1008,171,4.47,Received in full
PO-2024-00047,1,TOOL-1144,90,1.05,Received in full
PO-2024-00047,2,TOOL-1182,90,1.88,Part received
PO-2024-00047,3,RENW-1053,24,1889.75,Part received
PO-2024-00047,4,TOOL-1051,77,0.82,Received in full
PO-2024-00048,1,TOOL-1182,37,2.38,Received in full
PO-2024-00048,2,DRAIN-1158,112,79.92,Part received
PO-2024-00048,3,DRAIN-1098,24,36.56,Received in full
PO-2024-00048,4,RENW-1031,8,2036.27,Received in full
PO-2024-00049,1,TOOL-1021,76,1.68,Received in full
PO-2024-00049,2,DRAIN-1047,69,169.59,Received in full
PO-2024-00050,1,ELEC-1081,54,14.59,Received in full
PO-2024-00051,1,TOOL-1047,36,1.01,Received in full
PO-2024-00051,2,PIPE-1038,468,1.07,Part received
PO-2024-00052,1,HEAT-1124,8,650.48,Received in full
PO-2024-00052,2,HEAT-1082,14,209.05,Received in full
PO-2024-00053,1,HEAT-1039,5,259.07,Received in full
PO-2024-00053,2,HEAT-1200,8,953.71,Received in full
PO-2024-00053,3,DRAIN-1122,24,38.22,Received in full
PO-2024-00053,4,TOOL-1067,112,7.53,Received in full
PO-2024-00054,1,VENT-1214,49,123.81,Received in full
PO-2024-00054,2,VENT-1168,24,150.51,Part received
PO-2024-00054,3,VALV-1172,36,53.28,Received in full
PO-2024-00054,4,TOOL-1205,48,1.2,Part received
PO-2024-00055,1,ELEC-1217,182,102.63,Part received
PO-2024-00055,2,HEAT-1211,7,408.66,Received in full
PO-2024-00055,3,ELEC-1184,91,106.04,Part received
PO-2024-00055,4,DRAIN-1204,36,6.91,Received in full
PO-2024-00056,1,DRAIN-1106,47,9.56,Received in full
PO-2024-00056,2,PIPE-1142,156,0.42,Received in full
PO-2024-00056,3,ELEC-1049,338,34.14,Part received
PO-2024-00057,1,HEAT-1200,6,939.67,Part received
PO-2024-00057,2,TOOL-1067,104,7.39,Part received
PO-2024-00057,3,VENT-1019,25,58.52,Part received
PO-2024-00057,4,TOOL-1155,36,36.13,Part received
PO-2024-00058,1,HEAT-1016,14,471.51,Received in full
PO-2024-00058,2,VENT-1205,7,24.88,Received in full
PO-2024-00058,3,TOOL-1175,45,2.74,Received in full
PO-2024-00058,4,VENT-1084,21,39.89,Received in full
PO-2024-00059,1,RENW-1158,7,2165.95,Received in full
PO-2024-00059,2,PIPE-1156,154,0.38,Part received
PO-2024-00059,3,VALV-1102,84,49.25,Part received
PO-2024-00059,4,PIPE-1011,168,0.41,Part received
PO-2024-00060,1,PIPE-1064,232,8.29,Part received
PO-2024-00061,1,VALV-1024,15,115.44,Received in full
PO-2024-00062,1,HEAT-1151,8,633.6,Received in full
PO-2024-00062,2,PIPE-1150,300,0.39,Part received
PO-2024-00062,3,VENT-1028,6,394.37,Received in full
PO-2024-00063,1,ELEC-1005,54,27.51,Part received
PO-2024-00063,2,DRAIN-1056,24,23.38,Received in full
PO-2024-00063,3,DRAIN-1084,24,7.41,Received in full
PO-2024-00064,1,HEAT-1064,5,276.1,Received in full
PO-2024-00064,2,HEAT-1016,29,469.63,Part received
PO-2024-00064,3,HEAT-1203,11,582.55,Received in full
PO-2024-00065,1,PIPE-1214,152,0.42,Received in full
PO-2024-00065,2,ELEC-1025,54,28.88,Received in full
PO-2024-00065,3,TOOL-1128,510,2.54,Received in full
PO-2024-00065,4,HEAT-1130,10,656.04,Received in full
PO-2024-00066,1,VALV-1215,48,17.03,Received in full
PO-2024-00066,2,TOOL-1047,36,1.01,Part received
PO-2024-00067,1,ELEC-1134,104,86.65,Received in full
PO-2024-00068,1,PIPE-1201,1984,11.54,Part received
PO-2024-00068,2,VENT-1158,6,115.56,Received in full
PO-2024-00069,1,VALV-1121,42,82.02,Received in full
PO-2024-00070,1,TOOL-1031,147,11.11,Received in full
PO-2024-00070,2,DRAIN-1095,144,86.93,Part received
PO-2024-00071,1,ELEC-1143,104,16.18,Received in full
PO-2024-00071,2,ELEC-1008,171,4.45,Part received
PO-2024-00072,1,VALV-1152,66,6.54,Received in full
PO-2024-00073,1,ELEC-1107,228,2.43,Part received
PO-2024-00073,2,TOOL-1077,126,2.6,Part received
PO-2024-00074,1,ELEC-1134,144,87.32,Part received
PO-2024-00075,1,RENW-1100,26,666.84,Received in full
PO-2024-00075,2,HEAT-1161,6,769.39,Received in full
PO-2024-00075,3,TOOL-1219,44,0.87,Received in full
PO-2024-00075,4,VENT-1053,6,31.75,Received in full
PO-2024-00076,1,ELEC-1143,288,12.73,Part received
PO-2024-00076,2,PIPE-1017,858,0.49,Part received
PO-2024-00076,3,HEAT-1004,8,182.59,Received in full
PO-2024-00076,4,VALV-1175,16,27.59,Part received
PO-2024-00077,1,VENT-1119,26,626.41,Received in full
PO-2024-00077,2,RENW-1145,7,2483.96,Received in full
PO-2024-00077,3,DRAIN-1051,24,127.42,Part received
PO-2024-00077,4,HEAT-1158,5,1027.7,Received in full
PO-2024-00078,1,TOOL-1214,36,9.92,Received in full
PO-2024-00078,2,DRAIN-1138,24,151.8,Received in full
PO-2024-00078,3,HEAT-1047,5,418.32,Received in full
PO-2024-00079,1,VALV-1121,38,83.42,Part received
PO-2024-00080,1,HEAT-1094,5,535.8,Received in full
PO-2024-00081,1,HEAT-1142,11,441.44,Received in full
PO-2024-00081,2,PIPE-1135,180,4.13,Part received
PO-2024-00081,3,VALV-1002,15,50.01,Received in full
PO-2024-00081,4,VALV-1007,32,11.52,Received in full
PO-2024-00082,1,RENW-1018,3,1827.63,Received in full
PO-2024-00082,2,VENT-1115,6,40.68,Received in full
PO-2024-00082,3,ELEC-1214,168,1.41,Received in full
PO-2024-00083,1,VALV-1030,15,25.19,Received in full
PO-2024-00084,1,ELEC-1217,210,102.86,Received in full
PO-2024-00084,2,ELEC-1150,85,14.87,Part received
PO-2024-00084,3,RENW-1122,5,1106.78,Received in full
PO-2024-00084,4,TOOL-1092,70,30.45,Part received
PO-2024-00085,1,VENT-1075,6,180.32,Received in full
PO-2024-00085,2,PIPE-1126,150,7.45,Received in full
PO-2024-00085,3,PIPE-1029,465,4.38,Part received
PO-2024-00085,4,ELEC-1119,54,68.11,Received in full
PO-2024-00086,1,PIPE-1017,858,0.5,Part received
PO-2024-00087,1,PIPE-1165,192,14.13,Received in full
PO-2024-00087,2,PIPE-1101,260,1.78,Received in full
PO-2024-00087,3,HEAT-1130,8,665.66,Received in full
PO-2024-00087,4,VENT-1214,16,160.17,Received in full
PO-2024-00088,1,PIPE-1142,180,0.43,Part received
PO-2024-00089,1,TOOL-1115,36,1.04,Part received
PO-2024-00089,2,PIPE-1101,290,1.78,Received in full
PO-2024-00089,3,HEAT-1022,6,217.46,Received in full
PO-2024-00089,4,HEAT-1182,5,444.45,Received in full
PO-2024-00090,1,HEAT-1142,28,358.74,Received in full
PO-2024-00090,2,PIPE-1088,308,0.27,Part received
PO-2024-00090,3,TOOL-1077,240,1.95,Part received
PO-2024-00091,1,HEAT-1073,7,405.9,Received in full
PO-2024-00091,2,VENT-1019,26,58.15,Received in full
PO-2024-00091,3,PIPE-1061,406,2.08,Received in full
PO-2024-00091,4,DRAIN-1122,24,38.21,Received in full
PO-2024-00092,1,HEAT-1124,10,648.37,Part received
PO-2024-00092,2,HEAT-1082,15,204.84,Received in full
PO-2024-00093,1,VALV-1113,15,9.05,Received in full
PO-2024-00093,2,VALV-1110,23,11.89,Received in full
PO-2024-00094,1,VENT-1043,12,47.58,Received in full
PO-2024-00095,1,DRAIN-1016,53,73.13,Received in full
PO-2024-00096,1,PIPE-1201,1664,11.77,Part received
PO-2024-00096,2,ELEC-1088,125,13.09,Received in full
PO-2024-00097,1,DRAIN-1145,38,14.23,Received in full
PO-2024-00098,1,TOOL-1182,36,2.38,Received in full
PO-2024-00099,1,VALV-1130,19,18.47,Received in full
PO-2024-00099,2,TOOL-1110,64,20.33,Received in full
PO-2024-00100,1,ELEC-1134,112,86.11,Part received
PO-2024-00101,1,DRAIN-1179,120,104.63,Received in full
PO-2024-00101,2,TOOL-1018,66,1.12,Received in full
PO-2024-00101,3,VALV-1007,25,11.68,Received in full
PO-2024-00102,1,ELEC-1214,144,1.4,Received in full
PO-2024-00103,1,PIPE-1038,468,1.08,Part received
PO-2024-00104,1,HEAT-1103,7,200.64,Received in full
PO-2024-00104,2,ELEC-1075,54,28.8,Received in full
PO-2024-00104,3,TOOL-1137,52,21.16,Received in full
PO-2024-00105,1,PIPE-1029,405,4.36,Part received
PO-2024-00105,2,PIPE-1126,150,7.62,Received in full
PO-2024-00106,1,VALV-1056,78,19.29,Part received
PO-2024-00106,2,PIPE-1109,1400,2.72,Part received
PO-2024-00106,3,PIPE-1061,990,1.49,Part received
PO-2024-00106,4,TOOL-1163,108,5.49,Part received
PO-2024-00107,1,HEAT-1033,7,788.98,Received in full
PO-2024-00107,2,RENW-1018,3,1782.72,Received in full
PO-2024-00108,1,ELEC-1036,76,2.33,Received in full
PO-2024-00108,2,VALV-1187,17,11.24,Received in full
PO-2024-00108,3,HEAT-1161,6,761.57,Received in full
PO-2024-00109,1,VENT-1141,6,165.38,Received in full
PO-2024-00109,2,HEAT-1151,8,632.36,Received in full
PO-2024-00109,3,RENW-1212,4,1985.58,Received in full
PO-2024-00110,1,ELEC-1214,204,1.38,Part received
PO-2024-00111,1,HEAT-1142,28,352.81,Part received
PO-2024-00111,2,TOOL-1067,258,5.92,Part received
PO-2024-00112,1,HEAT-1094,5,541.21,Received in full
PO-2024-00113,1,VALV-1084,37,112.7,Received in full
PO-2024-00113,2,VALV-1192,55,38.42,Part received
PO-2024-00113,3,VALV-1080,22,129.87,Received in full
PO-2024-00113,4,VALV-1065,24,92.27,Received in full
PO-2024-00114,1,ELEC-1107,156,2.48,Part received
PO-2024-00115,1,ELEC-1131,130,19.81,Part received
PO-2024-00115,2,HEAT-1082,14,208.84,Received in full
PO-2024-00115,3,HEAT-1124,8,646.5,Received in full
PO-2024-00116,1,TOOL-1175,36,2.8,Received in full
PO-2024-00117,1,TOOL-1021,87,1.67,Received in full
PO-2024-00118,1,VALV-1192,138,28.12,Part received
PO-2024-00119,1,PIPE-1064,200,8.22,Received in full
PO-2024-00120,1,VALV-1110,20,11.83,Received in full
PO-2024-00121,1,VALV-1024,15,117.88,Received in full
PO-2024-00122,1,RENW-1180,20,1521.99,Received in full
PO-2024-00122,2,PIPE-1119,1876,5.25,Part received
PO-2024-00122,3,VALV-1042,48,9.14,Received in full
PO-2024-00122,4,PIPE-1168,2118,0.71,Part received
PO-2024-00123,1,TOOL-1163,40,6.83,Part received
PO-2024-00123,2,TOOL-1087,42,2.18,Part received
PO-2024-00123,3,VENT-1095,18,142.99,Received in full
PO-2024-00124,1,RENW-1035,9,1411.06,Received in full
PO-2024-00125,1,VALV-1084,32,111.14,Received in full
PO-2024-00125,2,VALV-1204,19,37.69,Part received
PO-2024-00125,3,VALV-1065,20,91.76,Received in full
PO-2024-00125,4,VALV-1091,37,69.77,Received in full
PO-2024-00126,1,HEAT-1016,66,376.59,Part received
PO-2024-00126,2,ELEC-1143,288,12.7,Part received
PO-2024-00127,1,VALV-1121,55,82.45,Part received
PO-2024-00128,1,TOOL-1077,126,2.58,Received in full
PO-2024-00128,2,PIPE-1025,1007,2.29,Part received
PO-2024-00129,1,PIPE-1101,666,1.43,Part received
PO-2024-00129,2,ELEC-1008,630,3.5,Part received
PO-2024-00130,1,HEAT-1016,14,471.99,Received in full
PO-2024-00130,2,RENW-1000,19,1683.72,Received in full
PO-2024-00131,1,VALV-1204,21,38.29,Received in full
PO-2024-00131,2,VENT-1026,6,59.41,Received in full
PO-2024-00131,3,VALV-1014,24,38.33,Received in full
PO-2024-00132,1,HEAT-1064,5,276.02,Received in full
PO-2024-00132,2,PIPE-1119,600,6.8,Received in full
PO-2024-00133,1,ELEC-1150,75,14.74,Received in full
PO-2024-00133,2,HEAT-1211,7,408.72,Received in full
PO-2024-00134,1,PIPE-1186,152,0.93,Received in full
PO-2024-00134,2,ELEC-1036,63,2.32,Part received
PO-2024-00134,3,TOOL-1128,425,2.53,Part received
PO-2024-00135,1,HEAT-1064,8,272.92,Part received
PO-2024-00135,2,HEAT-1112,5,311.81,Received in full
PO-2024-00136,1,PIPE-1038,468,1.06,Part received
PO-2024-00137,1,PIPE-1126,150,7.5,Received in full
PO-2024-00138,1,HEAT-1009,5,646.73,Received in full
PO-2024-00139,1,RENW-1171,6,729.74,Received in full
PO-2024-00139,2,DRAIN-1009,24,7.29,Received in full
PO-2024-00140,1,ELEC-1088,140,13.02,Received in full
PO-2024-00140,2,ELEC-1204,145,17.21,Received in full
PO-2024-00140,3,VALV-1130,19,18.3,Received in full
PO-2024-00141,1,ELEC-1094,156,3.23,Received in full
PO-2024-00141,2,DRAIN-1214,29,35.19,Received in full
PO-2024-00142,1,PIPE-1189,150,1.11,Received in full
PO-2024-00143,1,HEAT-1094,5,530.46,Received in full
PO-2024-00143,2,VENT-1066,8,42.58,Received in full
PO-2024-00144,1,RENW-1061,8,1696.46,Received in full
PO-2024-00145,1,DRAIN-1158,112,78.33,Part received
PO-2024-00145,2,DRAIN-1106,54,9.7,Received in full
PO-2024-00145,3,ELEC-1049,364,34.12,Received in full
PO-2024-00145,4,VENT-1002,18,58.71,Received in full
PO-2024-00146,1,ELEC-1143,104,16.57,Received in full
PO-2024-00147,1,VALV-1215,18,21.04,Part received
PO-2024-00148,1,RENW-1192,8,1178.84,Received in full
PO-2024-00148,2,PIPE-1004,248,1.61,Received in full
PO-2024-00148,3,ELEC-1102,54,11.31,Part received
PO-2024-00148,4,TOOL-1018,80,1.09,Received in full
PO-2024-00149,1,VALV-1056,33,24.73,Received in full
PO-2024-00149,2,DRAIN-1130,25,57.33,Received in full
PO-2024-00150,1,PIPE-1165,510,10.79,Part received
PO-2024-00150,2,HEAT-1203,30,473.63,Part received
PO-2024-00150,3,VALV-1152,66,6.47,Part received
PO-2024-00151,1,HEAT-1137,7,595.93,Received in full
PO-2024-00151,2,VENT-1129,9,53.51,Received in full
PO-2024-00152,1,ELEC-1162,54,23.41,Received in full
PO-2024-00153,1,VENT-1040,6,25.7,Received in full
PO-2024-00153,2,PIPE-1165,208,14.04,Received in full
PO-2024-00153,3,RENW-1068,3,2807.11,Received in full
PO-2024-00153,4,RENW-1201,3,983.48,Received in full
PO-2024-00154,1,ELEC-1117,224,2.54,Part received
PO-2024-00154,2,TOOL-1071,364,2.78,Part received
PO-2024-00154,3,TOOL-1155,72,26.2,Part received
PO-2024-00154,4,TOOL-1051,77,0.84,Part received
PO-2024-00155,1,VALV-1007,32,11.72,Received in full
PO-2024-00155,2,TOOL-1137,62,21.32,Received in full
PO-2024-00155,3,TOOL-1018,98,1.11,Received in full
PO-2024-00155,4,TOOL-1087,61,2.2,Received in full
PO-2024-00156,1,HEAT-1168,5,483.15,Received in full
PO-2024-00156,2,VENT-1080,6,81.06,Received in full
PO-2024-00156,3,PIPE-1206,198,0.55,Received in full
PO-2024-00156,4,ELEC-1197,71,55.68,Received in full
PO-2024-00157,1,HEAT-1200,8,946.85,Received in full
PO-2024-00157,2,HEAT-1073,7,399.78,Received in full
PO-2024-00157,3,TOOL-1155,36,35.8,Received in full
PO-2024-00158,1,DRAIN-1037,24,22.76,Received in full
PO-2024-00159,1,ELEC-1134,104,87.1,Received in full
PO-2024-00160,1,DRAIN-1113,43,15.62,Received in full
PO-2024-00161,1,RENW-1081,3,2045.95,Received in full
PO-2024-00161,2,RENW-1042,6,776.99,Received in full
PO-2024-00161,3,VENT-1043,12,46.88,Received in full
PO-2024-00162,1,PIPE-1109,504,3.39,Part received
PO-2024-00163,1,DRAIN-1106,132,7.6,Part received
PO-2024-00163,2,TOOL-1182,90,1.87,Part received
PO-2024-00164,1,HEAT-1022,6,217.06,Received in full
PO-2024-00164,2,RENW-1100,26,654.28,Received in full
PO-2024-00164,3,VENT-1185,6,71.58,Received in full
PO-2024-00164,4,RENW-1087,18,1022.34,Received in full
PO-2024-00165,1,TOOL-1021,87,1.7,Received in full
PO-2024-00165,2,ELEC-1171,54,48.09,Received in full
PO-2024-00165,3,HEAT-1089,5,482.67,Received in full
PO-2024-00165,4,VENT-1103,8,183.34,Received in full
PO-2024-00166,1,TOOL-1003,36,28.69,Received in full
PO-2024-00166,2,PIPE-1135,150,4.1,Received in full
PO-2024-00166,3,VALV-1102,27,61.2,Received in full
PO-2024-00166,4,PIPE-1004,208,1.62,Received in full
PO-2024-00167,1,PIPE-1029,570,4.34,Part received
PO-2024-00168,1,HEAT-1124,10,660.03,Received in full
PO-2024-00168,2,RENW-1161,9,687.74,Received in full
PO-2024-00168,3,HEAT-1082,15,208.49,Received in full
PO-2024-00169,1,RENW-1186,4,1449.63,Received in full
PO-2024-00170,1,VALV-1152,66,6.67,Part received
PO-2024-00170,2,PIPE-1070,372,10.82,Part received
PO-2024-00171,1,ELEC-1057,54,3.97,Received in full
PO-2024-00171,2,DRAIN-1199,24,5.59,Received in full
PO-2024-00171,3,ELEC-1107,180,2.47,Part received
PO-2024-00171,4,PIPE-1025,795,2.34,Part received
PO-2024-00172,1,VENT-1105,6,158.68,Received in full
PO-2024-00172,2,ELEC-1008,171,4.4,Received in full
PO-2024-00172,3,DRAIN-1113,47,15.44,Received in full
PO-2024-00173,1,VALV-1121,38,81.9,Received in full
PO-2024-00174,1,ELEC-1217,266,101.86,Part received
PO-2024-00175,1,RENW-1000,16,1705.07,Received in full
PO-2024-00175,2,HEAT-1064,5,275.04,Received in full
PO-2024-00176,1,TOOL-1110,56,20.4,Received in full
PO-2024-00176,2,ELEC-1088,125,13.19,Part received
PO-2024-00177,1,VALV-1215,18,21.19,Received in full
PO-2024-00178,1,ELEC-1046,55,50.16,Received in full
PO-2024-00179,1,HEAT-1182,5,439.35,Received in full
PO-2024-00179,2,RENW-1022,5,1185.29,Received in full
PO-2024-00179,3,RENW-1070,3,990.51,Received in full
PO-2024-00179,4,DRAIN-1075,25,62.62,Received in full
PO-2024-00180,1,RENW-1152,6,1893.87,Received in full
PO-2024-00180,2,ELEC-1194,68,51.51,Part received
PO-2024-00180,3,RENW-1035,9,1431.64,Received in full
PO-2024-00180,4,DRAIN-1145,46,14.61,Part received
PO-2024-00181,1,PIPE-1088,308,0.27,Part received
PO-2024-00181,2,HEAT-1161,12,604.74,Part received
PO-2024-00182,1,DRAIN-1192,29,116.35,Received in full
PO-2024-00183,1,HEAT-1064,24,213.16,Received in full
PO-2024-00183,2,TOOL-1051,77,0.82,Part received
PO-2024-00183,3,DRAIN-1005,72,5.08,Part received
PO-2024-00183,4,HEAT-1047,9,330.98,Received in full
PO-2024-00184,1,VALV-1121,42,82.45,Received in full
PO-2024-00185,1,VALV-1163,15,73.24,Received in full
PO-2024-00185,2,VALV-1024,15,117.71,Received in full
PO-2024-00186,1,TOOL-1087,51,2.21,Received in full
PO-2024-00186,2,ELEC-1102,54,11.44,Received in full
PO-2024-00186,3,VALV-1196,15,35.79,Received in full
PO-2024-00186,4,RENW-1201,3,987.22,Received in full
PO-2024-00187,1,ELEC-1049,338,34.15,Part received
PO-2024-00188,1,VENT-1095,21,142.52,Received in full
PO-2024-00188,2,TOOL-1003,36,28.04,Received in full
PO-2024-00188,3,VALV-1007,32,11.48,Received in full
PO-2024-00188,4,VENT-1009,11,421.61,Received in full
PO-2024-00189,1,RENW-1100,60,653.31,Received in full
PO-2024-00189,2,RENW-1087,21,1021.51,Received in full
PO-2024-00189,3,ELEC-1036,63,2.31,Received in full
PO-2024-00189,4,ELEC-1025,54,29.36,Received in full
PO-2024-00190,1,RENW-1087,36,797.87,Received in full
PO-2024-00190,2,TOOL-1021,238,1.38,Part received
PO-2024-00190,3,VALV-1084,84,81.78,Part received
PO-2024-00191,1,HEAT-1203,30,471.56,Received in full
PO-2024-00191,2,ELEC-1131,378,14.76,Part received
PO-2024-00192,1,ELEC-1014,54,2.57,Received in full
PO-2024-00192,2,VENT-1199,9,64.75,Received in full
PO-2024-00193,1,TOOL-1175,45,2.77,Received in full
PO-2024-00193,2,TOOL-1214,36,9.85,Received in full
PO-2024-00194,1,ELEC-1008,171,4.46,Received in full
PO-2024-00195,1,VENT-1119,22,637.65,Received in full
PO-2024-00195,2,ELEC-1150,75,14.88,Received in full
PO-2024-00196,1,VENT-1084,19,39.31,Received in full
PO-2024-00197,1,HEAT-1200,6,957.82,Received in full
PO-2024-00197,2,TOOL-1067,104,7.41,Part received
PO-2024-00198,1,PIPE-1189,150,1.11,Received in full
PO-2024-00199,1,HEAT-1033,7,795.01,Received in full
PO-2024-00199,2,DRAIN-1173,24,188.58,Received in full
PO-2024-00200,1,HEAT-1142,11,432.17,Received in full
PO-2024-00200,2,PIPE-1135,180,4.08,Received in full
PO-2024-00200,3,HEAT-1022,6,213.29,Received in full
PO-2024-00200,4,VALV-1075,15,26.68,Received in full
PO-2024-00201,1,HEAT-1082,14,209.62,Received in full
PO-2024-00202,1,PIPE-1109,450,3.47,Received in full
PO-2024-00203,1,ELEC-1094,180,3.19,Part received
PO-2024-00203,2,HEAT-1192,7,260.39,Received in full
PO-2024-00203,3,RENW-1081,3,2062.5,Received in full
PO-2024-00204,1,HEAT-1064,5,269.19,Received in full
PO-2024-00204,2,HEAT-1016,29,461.23,Received in full
PO-2024-00205,1,HEAT-1130,8,668.18,Received in full
PO-2024-00205,2,PIPE-1214,152,0.42,Received in full
PO-2024-00205,3,TOOL-1087,42,2.21,Received in full
PO-2024-00205,4,TOOL-1018,66,1.1,Received in full
PO-2024-00206,1,VALV-1065,24,92.03,Received in full
PO-2024-00206,2,VALV-1091,43,68.27,Received in full
PO-2024-00206,3,VALV-1204,21,38.46,Received in full
PO-2024-00206,4,PIPE-1061,414,2.12,Part received
PO-2024-00207,1,ELEC-1217,210,101.42,Received in full
PO-2024-00207,2,DRAIN-1204,42,6.99,Received in full
PO-2024-00207,3,ELEC-1184,112,104.07,Received in full
PO-2024-00207,4,ELEC-1150,85,14.77,Part received
PO-2024-00208,1,DRAIN-1075,25,62.2,Received in full
PO-2024-00208,2,ELEC-1075,54,29.14,Received in full
PO-2024-00208,3,VENT-1149,11,47.35,Received in full
PO-2024-00208,4,TOOL-1163,46,6.72,Received in full
PO-2024-00209,1,TOOL-1007,36,1.86,Received in full
PO-2024-00209,2,ELEC-1176,54,13.35,Received in full
PO-2024-00210,1,VALV-1007,25,11.64,Received in full
PO-2024-00210,2,DRAIN-1016,46,75.06,Received in full
PO-2024-00210,3,TOOL-1219,37,0.87,Part received
PO-2024-00211,1,TOOL-1219,52,0.86,Received in full
PO-2024-00211,2,VALV-1007,32,11.53,Received in full
PO-2024-00211,3,RENW-1100,61,650.3,Received in full
PO-2024-00211,4,PIPE-1004,296,1.62,Received in full
PO-2024-00212,1,HEAT-1137,7,603.83,Received in full
PO-2024-00212,2,DRAIN-1084,24,7.51,Received in full
PO-2024-00212,3,DRAIN-1056,24,23.28,Received in full
PO-2024-00213,1,RENW-1203,6,761.6,Received in full
PO-2024-00213,2,RENW-1112,12,702.58,Received in full
PO-2024-00213,3,DRAIN-1148,24,8.84,Received in full
PO-2024-00214,1,VENT-1158,6,114.85,Received in full
PO-2024-00214,2,TOOL-1110,64,20.51,Received in full
PO-2024-00215,1,DRAIN-1009,24,7.18,Part received
PO-2024-00216,1,DRAIN-1145,38,14.47,Received in full
PO-2024-00217,1,HEAT-1039,5,261.17,Received in full
PO-2024-00217,2,HEAT-1073,7,397.52,Received in full
PO-2024-00217,3,DRAIN-1122,24,38.6,Received in full
PO-2024-00218,1,DRAIN-1047,69,173.24,Received in full
PO-2024-00219,1,PIPE-1064,200,8.12,Part received
PO-2024-00220,1,PIPE-1165,208,14.29,Received in full
PO-2024-00220,2,DRAIN-1179,145,103.62,Received in full
PO-2024-00220,3,RENW-1127,3,1215.68,Received in full
PO-2024-00220,4,VENT-1080,6,81.78,Received in full
PO-2024-00221,1,VALV-1113,15,8.98,Received in full
PO-2024-00222,1,ELEC-1008,630,3.52,Part received
PO-2024-00222,2,PIPE-1094,198,7.79,Part received
PO-2024-00222,3,HEAT-1124,24,489.46,Received in full
PO-2024-00223,1,DRAIN-1037,24,22.86,Received in full
PO-2024-00224,1,HEAT-1016,14,465.08,Received in full
PO-2024-00224,2,DRAIN-1130,25,57.23,Received in full
PO-2024-00225,1,HEAT-1211,8,402.92,Received in full
PO-2024-00226,1,VALV-1037,15,32.72,Received in full
PO-2024-00226,2,VALV-1137,19,64.72,Received in full
PO-2024-00227,1,RENW-1212,4,1986.23,Received in full
PO-2024-00227,2,PIPE-1150,300,0.39,Part received
PO-2024-00227,3,HEAT-1151,8,631.95,Received in full
PO-2024-00228,1,PIPE-1150,791,0.29,Part received
PO-2024-00228,2,VALV-1192,138,27.67,Part received
PO-2024-00228,3,HEAT-1059,10,194.9,Received in full
PO-2024-00228,4,TOOL-1031,147,11.39,Part received
PO-2024-00229,1,TOOL-1201,36,11.74,Part received
PO-2024-00229,2,PIPE-1029,465,4.26,Part received
PO-2024-00230,1,ELEC-1217,182,101.67,Received in full
PO-2024-00230,2,ELEC-1184,91,103.46,Part received
PO-2024-00231,1,HEAT-1064,5,273.08,Received in full
PO-2024-00231,2,TOOL-1175,36,2.81,Received in full
PO-2024-00231,3,RENW-1000,16,1722.78,Received in full
PO-2024-00232,1,VALV-1024,15,117.69,Received in full
PO-2024-00233,1,RENW-1000,42,1322.99,Part received
PO-2024-00233,2,VALV-1091,112,48.68,Received in full
PO-2024-00234,1,DRAIN-1106,64,9.6,Received in full
PO-2024-00234,2,ELEC-1049,481,34.7,Received in full
PO-2024-00234,3,PIPE-1142,228,0.42,Part received
PO-2024-00235,1,VALV-1110,20,11.78,Received in full
PO-2024-00236,1,PIPE-1070,372,10.68,Part received
PO-2024-00236,2,VENT-1019,66,42.71,Part received
PO-2024-00236,3,DRAIN-1161,154,5.68,Part received
PO-2024-00237,1,PIPE-1064,272,8.15,Part received
PO-2024-00238,1,HEAT-1168,5,480.41,Received in full
PO-2024-00238,2,TOOL-1128,510,2.53,Part received
PO-2024-00238,3,VENT-1053,6,31.7,Received in full
PO-2024-00238,4,VENT-1176,6,43.22,Received in full
PO-2024-00239,1,RENW-1035,9,1399.68,Received in full
PO-2024-00239,2,ELEC-1134,112,86.44,Received in full
PO-2024-00239,3,ELEC-1067,54,5.2,Received in full
PO-2024-00239,4,DRAIN-1161,60,7.74,Received in full
PO-2024-00240,1,DRAIN-1214,35,35.26,Received in full
PO-2024-00241,1,TOOL-1003,36,28.18,Received in full
PO-2024-00241,2,RENW-1105,5,2715.33,Received in full
PO-2024-00241,3,HEAT-1142,11,439.86,Received in full
PO-2024-00241,4,DRAIN-1016,53,74.48,Received in full
PO-2024-00242,1,HEAT-1130,8,657.35,Received in full
PO-2024-00242,2,TOOL-1137,45,21.49,Received in full
PO-2024-00242,3,ELEC-1025,54,29.51,Received in full
PO-2024-00242,4,VALV-1007,25,11.64,Received in full
PO-2024-00243,1,HEAT-1203,12,584.22,Received in full
PO-2024-00243,2,VALV-1056,33,24.45,Received in full
PO-2024-00243,3,RENW-1010,7,2809.26,Received in full
PO-2024-00244,1,PIPE-1189,155,1.1,Received in full
PO-2024-00244,2,ELEC-1214,168,1.4,Received in full
PO-2024-00245,1,VALV-1056,78,19.04,Part received
PO-2024-00245,2,TOOL-1144,90,1.04,Part received
PO-2024-00245,3,TOOL-1205,48,1.2,Received in full
PO-2024-00245,4,VALV-1084,84,81.66,Received in full
PO-2024-00246,1,ELEC-1005,54,27.53,Received in full
PO-2024-00247,1,TOOL-1219,44,0.87,Received in full
PO-2024-00247,2,TOOL-1137,52,21.48,Received in full
PO-2024-00247,3,HEAT-1182,5,434.03,Received in full
PO-2024-00247,4,VALV-1196,15,35.65,Received in full
PO-2024-00248,1,TOOL-1021,238,1.37,Part received
PO-2024-00248,2,PIPE-1119,1876,5.34,Part received
PO-2024-00249,1,HEAT-1082,15,208.66,Received in full
PO-2024-00249,2,ELEC-1131,150,19.91,Part received
PO-2024-00250,1,PIPE-1201,1984,11.53,Part received
PO-2024-00250,2,VALV-1130,19,18.64,Received in full
PO-2024-00250,3,ELEC-1088,140,13.26,Part received
PO-2024-00251,1,ELEC-1046,55,50.18,Received in full
PO-2024-00252,1,PIPE-1119,600,6.8,Part received
PO-2024-00253,1,ELEC-1134,104,87.39,Received in full
PO-2024-00254,1,ELEC-1046,55,51.5,Part received
PO-2024-00255,1,ELEC-1197,59,55.64,Received in full
PO-2024-00255,2,VALV-1102,27,60.87,Received in full
PO-2024-00255,3,DRAIN-1179,120,103.29,Received in full
PO-2024-00255,4,DRAIN-1016,46,73.16,Received in full
PO-2024-00256,1,HEAT-1009,5,635.86,Received in full
PO-2024-00256,2,RENW-1203,6,758.33,Received in full
PO-2024-00257,1,HEAT-1016,66,381.89,Part received
PO-2024-00257,2,RENW-1095,9,1724.13,Received in full
PO-2024-00257,3,PIPE-1017,858,0.49,Part received
PO-2024-00257,4,VALV-1175,16,28.32,Received in full
PO-2024-00258,1,DRAIN-1106,54,9.52,Received in full
PO-2024-00258,2,PIPE-1142,180,0.43,Received in full
PO-2024-00258,3,DRAIN-1037,24,22.98,Received in full
PO-2024-00259,1,PIPE-1088,308,0.27,Part received
PO-2024-00259,2,TOOL-1067,258,5.87,Part received
PO-2024-00260,1,RENW-1000,19,1718.33,Received in full
PO-2024-00261,1,PIPE-1101,290,1.81,Received in full
PO-2024-00261,2,ELEC-1102,54,11.6,Received in full
PO-2024-00261,3,TOOL-1115,36,1.02,Received in full
PO-2024-00261,4,ELEC-1031,54,1.87,Part received
PO-2024-00262,1,ELEC-1107,156,2.43,Part received
PO-2024-00263,1,PIPE-1029,405,4.37,Received in full
PO-2024-00264,1,PIPE-1214,152,0.42,Received in full
PO-2024-00264,2,TOOL-1128,425,2.51,Received in full
PO-2024-00265,1,DRAIN-1113,47,15.45,Part received
PO-2024-00266,1,VENT-1185,6,70.74,Received in full
PO-2024-00266,2,RENW-1100,26,659.84,Received in full
PO-2024-00266,3,PIPE-1004,248,1.59,Part received
PO-2024-00267,1,VALV-1091,112,49.26,Part received
PO-2024-00268,1,DRAIN-1204,96,5.15,Part received
PO-2024-00268,2,TOOL-1110,144,16.02,Part received
PO-2024-00268,3,DRAIN-1113,114,11.68,Part received
PO-2024-00269,1,HEAT-1200,6,934.46,Received in full
PO-2024-00270,1,HEAT-1130,10,671.58,Received in full
PO-2024-00270,2,TOOL-1163,46,6.78,Received in full
PO-2024-00271,1,ELEC-1217,210,102.56,Received in full
PO-2024-00271,2,RENW-1145,7,2450.42,Received in full
PO-2024-00271,3,TOOL-1092,70,30.34,Part received
PO-2024-00272,1,HEAT-1124,8,644.21,Received in full
PO-2024-00273,1,PIPE-1142,156,0.43,Received in full
PO-2024-00274,1,VENT-1095,26,143.48,Received in full
PO-2024-00274,2,HEAT-1130,13,658.91,Received in full
PO-2024-00275,1,HEAT-1200,8,941.33,Received in full
PO-2024-00275,2,VENT-1019,26,58.43,Received in full
PO-2024-00275,3,DRAIN-1186,24,51.68,Received in full
PO-2024-00275,4,TOOL-1067,112,7.44,Received in full
PO-2024-00276,1,HEAT-1203,12,584.11,Received in full
PO-2024-00276,2,DRAIN-1138,24,152.18,Received in full
PO-2024-00277,1,RENW-1192,8,1176.58,Received in full
PO-2024-00277,2,DRAIN-1082,24,6.05,Received in full
PO-2024-00277,3,VENT-1095,21,143.71,Received in full
PO-2024-00278,1,PIPE-1201,1664,11.75,Part received
PO-2024-00279,1,ELEC-1214,144,1.4,Received in full
PO-2024-00279,2,VALV-1215,18,20.81,Received in full
PO-2024-00280,1,HEAT-1109,5,240.01,Received in full
PO-2024-00280,2,ELEC-1025,54,29.15,Received in full
PO-2024-00280,3,VENT-1149,11,48.05,Received in full
PO-2024-00281,1,HEAT-1137,7,610.0,Received in full
PO-2024-00281,2,DRAIN-1084,24,7.54,Received in full
PO-2024-00281,3,ELEC-1005,54,27.61,Part received
PO-2024-00282,1,VALV-1121,42,83.12,Received in full
PO-2024-00283,1,TOOL-1021,87,1.71,Received in full
PO-2024-00283,2,DRAIN-1047,81,170.5,Received in full
PO-2024-00284,1,HEAT-1064,24,216.3,Received in full
PO-2024-00284,2,PIPE-1061,990,1.51,Part received
PO-2024-00284,3,TOOL-1051,77,0.83,Part received
PO-2024-00285,1,HEAT-1033,7,779.17,Received in full
PO-2024-00286,1,VALV-1110,23,11.81,Received in full
PO-2024-00287,1,DRAIN-1145,46,14.47,Received in full
PO-2024-00287,2,ELEC-1194,68,50.81,Received in full
PO-2024-00287,3,RENW-1035,9,1401.3,Received in full
PO-2024-00287,4,RENW-1152,6,1939.83,Received in full
PO-2024-00288,1,ELEC-1008,630,3.55,Part received
PO-2024-00288,2,PIPE-1094,198,7.72,Received in full
PO-2024-00289,1,VALV-1065,20,93.74,Received in full
PO-2024-00289,2,VALV-1204,19,37.72,Received in full
PO-2024-00290,1,PIPE-1206,168,0.55,Received in full
PO-2024-00290,2,PIPE-1004,208,1.62,Part received
PO-2024-00290,3,HEAT-1130,8,658.66,Received in full
PO-2024-00290,4,ELEC-1197,59,55.1,Received in full
PO-2024-00291,1,DRAIN-1158,112,79.85,Part received
PO-2024-00292,1,PIPE-1165,192,14.04,Received in full
PO-2024-00292,2,TOOL-1087,42,2.2,Received in full
PO-2024-00293,1,ELEC-1197,71,55.82,Received in full
PO-2024-00293,2,TOOL-1219,44,0.85,Received in full
PO-2024-00293,3,VALV-1187,17,11.19,Received in full
PO-2024-00293,4,HEAT-1103,7,198.28,Received in full
PO-2024-00294,1,VENT-1141,6,164.71,Received in full
PO-2024-00294,2,ELEC-1162,54,23.7,Received in full
PO-2024-00294,3,RENW-1212,4,1955.15,Received in full
PO-2024-00295,1,ELEC-1204,130,17.43,Received in full
PO-2024-00296,1,PIPE-1214,152,0.42,Part received
PO-2024-00297,1,RENW-1087,36,778.69,Part received
PO-2024-00297,2,DRAIN-1204,96,5.11,Part received
PO-2024-00297,3,ELEC-1046,196,37.58,Part received
PO-2024-00297,4,RENW-1161,11,507.16,Received in full
PO-2024-00298,1,VENT-1075,6,178.35,Received in full
PO-2024-00298,2,TOOL-1201,36,11.84,Received in full
PO-2024-00298,3,PIPE-1126,150,7.49,Received in full
PO-2024-00298,4,ELEC-1119,54,67.95,Received in full
PO-2024-00299,1,VENT-1141,6,167.18,Received in full
PO-2024-00300,1,DRAIN-1204,42,6.84,Received in full
PO-2024-00300,2,HEAT-1211,8,408.24,Received in full
PO-2024-00300,3,VENT-1119,26,634.12,Received in full
PO-2024-00300,4,DRAIN-1051,24,125.1,Received in full
PO-2024-00301,1,HEAT-1082,14,206.61,Received in full
PO-2024-00302,1,VENT-1002,18,57.66,Received in full
PO-2024-00302,2,DRAIN-1106,54,9.63,Received in full
PO-2024-00303,1,HEAT-1082,20,206.94,Received in full
PO-2024-00303,2,ELEC-1131,190,19.61,Part received
PO-2024-00304,1,RENW-1022,5,1211.15,Received in full
PO-2024-00304,2,TOOL-1124,36,21.85,Received in full
PO-2024-00304,3,TOOL-1018,80,1.1,Received in full
PO-2024-00304,4,HEAT-1109,5,244.83,Received in full
PO-2024-00305,1,DRAIN-1068,24,9.74,Received in full
PO-2024-00305,2,VENT-1115,6,40.86,Received in full
PO-2024-00306,1,DRAIN-1192,29,116.11,Received in full
PO-2024-00306,2,VENT-1199,9,66.02,Received in full
PO-2024-00306,3,VENT-1105,6,160.11,Received in full
PO-2024-00307,1,VENT-1214,16,160.59,Received in full
PO-2024-00307,2,TOOL-1137,45,21.11,Part received
PO-2024-00308,1,VALV-1121,38,83.82,Received in full
PO-2024-00308,2,ELEC-1046,54,53.28,Part received
PO-2024-00309,1,ELEC-1150,75,14.93,Received in full
PO-2024-00309,2,HEAT-1211,7,409.85,Received in full
PO-2024-00309,3,ELEC-1217,182,103.56,Part received
PO-2024-00310,1,DRAIN-1158,264,60.06,Part received
PO-2024-00310,2,VALV-1192,138,27.83,Part received
PO-2024-00310,3,TOOL-1031,147,11.2,Part received
PO-2024-00311,1,RENW-1061,10,1380.91,Received in full
PO-2024-00311,2,ELEC-1131,378,14.71,Part received
PO-2024-00311,3,DRAIN-1161,154,5.81,Part received
PO-2024-00311,4,VENT-1158,14,90.69,Received in full
PO-2024-00312,1,VALV-1065,24,94.02,Received in full
PO-2024-00312,2,VALV-1140,15,19.49,Part received
PO-2024-00312,3,VALV-1091,43,69.04,Received in full
PO-2024-00312,4,VALV-1204,21,38.06,Received in full
PO-2024-00313,1,ELEC-1131,150,19.94,Received in full
PO-2024-00313,2,HEAT-1082,15,206.94,Received in full
PO-2024-00314,1,DRAIN-1056,24,23.44,Received in full
PO-2024-00314,2,VENT-1129,9,53.13,Received in full
PO-2024-00315,1,DRAIN-1106,132,7.55,Part received
PO-2024-00315,2,PIPE-1168,2118,0.69,Part received
PO-2024-00316,1,RENW-1081,3,2073.36,Received in full
PO-2024-00316,2,RENW-1042,6,773.88,Received in full
PO-2024-00317,1,DRAIN-1037,24,22.88,Received in full
PO-2024-00318,1,PIPE-1109,450,3.41,Received in full
PO-2024-00318,2,TOOL-1175,36,2.78,Received in full
PO-2024-00319,1,PIPE-1142,156,0.43,Received in full
PO-2024-00319,2,ELEC-1049,338,34.36,Received in full
PO-2024-00320,1,ELEC-1134,144,86.5,Part received
PO-2024-00320,2,DRAIN-1161,76,7.88,Received in full
PO-2024-00321,1,PIPE-1214,152,0.41,Received in full
PO-2024-00321,2,DRAIN-1082,24,6.15,Received in full
PO-2024-00321,3,RENW-1068,3,2825.16,Received in full
PO-2024-00321,4,VENT-1185,6,70.49,Received in full
PO-2024-00322,1,TOOL-1175,102,2.23,Part received
PO-2024-00322,2,TOOL-1077,240,1.97,Part received
PO-2024-00322,3,PIPE-1088,308,0.27,Part received
PO-2024-00323,1,DRAIN-1145,38,14.44,Part received
PO-2024-00324,1,ELEC-1184,273,78.87,Part received
PO-2024-00325,1,PIPE-1004,248,1.63,Received in full
PO-2024-00325,2,PIPE-1101,290,1.78,Received in full
PO-2024-00325,3,HEAT-1130,10,666.27,Part received
PO-2024-00325,4,DRAIN-1075,25,61.78,Received in full
PO-2024-00326,1,ELEC-1204,145,17.46,Received in full
PO-2024-00326,2,TOOL-1110,64,20.29,Received in full
PO-2024-00327,1,DRAIN-1130,25,57.19,Received in full
PO-2024-00327,2,TOOL-1214,36,9.92,Received in full
PO-2024-00327,3,VENT-1084,21,39.5,Received in full
PO-2024-00327,4,PIPE-1109,504,3.39,Part received
PO-2024-00328,1,VENT-1095,18,142.43,Received in full
PO-2024-00328,2,TOOL-1003,36,28.39,Received in full
PO-2024-00328,3,PIPE-1165,192,14.06,Received in full
PO-2024-00329,1,ELEC-1094,156,3.2,Received in full
PO-2024-00329,2,DRAIN-1214,29,35.31,Received in full
PO-2024-00330,1,ELEC-1214,144,1.39,Part received
PO-2024-00331,1,ELEC-1075,54,29.12,Received in full
PO-2024-00331,2,VALV-1002,15,50.2,Received in full
PO-2024-00331,3,VENT-1176,6,44.25,Received in full
PO-2024-00331,4,VALV-1007,32,11.49,Received in full
PO-2024-00332,1,TOOL-1100,36,22.3,Received in full
PO-2024-00332,2,DRAIN-1113,47,15.49,Received in full
PO-2024-00332,3,VENT-1066,8,42.23,Received in full
PO-2024-00332,4,HEAT-1094,5,543.56,Received in full
PO-2024-00333,1,VENT-1119,32,632.62,Received in full
PO-2024-00334,1,ELEC-1081,54,14.38,Part received
PO-2024-00334,2,ELEC-1214,168,1.38,Received in full
PO-2024-00334,3,RENW-1018,3,1816.97,Received in full
PO-2024-00334,4,PIPE-1189,155,1.11,Part received
PO-2024-00335,1,PIPE-1101,666,1.44,Part received
PO-2024-00335,2,ELEC-1184,273,78.64,Part received
PO-2024-00335,3,HEAT-1124,24,490.86,Received in full
PO-2024-00336,1,DRAIN-1047,100,170.29,Received in full
PO-2024-00337,1,RENW-1127,3,1238.33,Received in full
PO-2024-00337,2,RENW-1201,3,997.15,Received in full
PO-2024-00337,3,TOOL-1219,44,0.87,Received in full
PO-2024-00337,4,PIPE-1135,180,4.05,Received in full
PO-2024-00338,1,VALV-1007,25,11.6,Received in full
PO-2024-00338,2,PIPE-1135,150,4.1,Part received
PO-2024-00339,1,ELEC-1107,156,2.44,Received in full
PO-2024-00340,1,ELEC-1049,870,26.83,Part received
PO-2024-00340,2,RENW-1070,4,799.35,Received in full
PO-2024-00341,1,DRAIN-1106,54,9.59,Received in full
PO-2024-00341,2,PIPE-1142,180,0.42,Received in full
PO-2024-00342,1,ELEC-1107,180,2.48,Part received
PO-2024-00342,2,PIPE-1025,795,2.3,Part received
PO-2024-00342,3,DRAIN-1199,24,5.57,Received in full
PO-2024-00342,4,RENW-1134,3,689.38,Received in full
PO-2024-00343,1,VENT-1119,22,634.76,Received in full
PO-2024-00343,2,TOOL-1092,60,30.18,Received in full
PO-2024-00344,1,PIPE-1029,405,4.37,Part received
PO-2024-00344,2,TOOL-1201,36,11.82,Received in full
PO-2024-00344,3,VALV-1024,15,117.03,Received in full
PO-2024-00345,1,ELEC-1107,228,2.48,Part received
PO-2024-00345,2,TOOL-1077,126,2.57,Received in full
PO-2024-00346,1,HEAT-1137,7,601.09,Received in full
PO-2024-00347,1,ELEC-1036,76,2.31,Part received
PO-2024-00347,2,TOOL-1003,36,28.56,Received in full
PO-2024-00347,3,RENW-1105,5,2721.46,Received in full
PO-2024-00347,4,VENT-1185,6,71.04,Received in full
PO-2024-00348,1,ELEC-1134,112,87.37,Part received
PO-2024-00348,2,DRAIN-1145,46,14.44,Received in full
PO-2024-00349,1,DRAIN-1009,24,7.15,Received in full
PO-2024-00349,2,VENT-1134,8,46.18,Received in full
PO-2024-00349,3,TOOL-1149,41,3.22,Received in full
PO-2024-00350,1,ELEC-1204,190,17.15,Received in full
PO-2024-00351,1,PIPE-1044,1666,11.07,Part received
PO-2024-00351,2,TOOL-1021,238,1.35,Part received
PO-2024-00351,3,TOOL-1071,364,2.78,Part received
PO-2024-00351,4,PIPE-1061,990,1.5,Part received
PO-2024-00352,1,VALV-1130,19,18.23,Received in full
PO-2024-00352,2,ELEC-1088,140,13.08,Part received
PO-2024-00353,1,VENT-1019,26,59.31,Received in full
PO-2024-00353,2,HEAT-1073,7,405.05,Received in full
PO-2024-00353,3,HEAT-1200,8,940.3,Received in full
PO-2024-00353,4,RENW-1053,15,2567.36,Received in full
PO-2024-00354,1,VENT-1026,6,52.81,Received in full
PO-2024-00354,2,DRAIN-1082,24,6.17,Received in full
PO-2024-00354,3,HEAT-1142,11,434.86,Received in full
PO-2024-00354,4,TOOL-1163,46,6.85,Received in full
PO-2024-00355,1,TOOL-1021,87,1.69,Received in full
PO-2024-00355,2,VENT-1060,6,122.12,Received in full
PO-2024-00356,1,PIPE-1119,600,6.77,Part received
PO-2024-00356,2,VENT-1084,19,39.9,Received in full
PO-2024-00357,1,ELEC-1134,104,85.83,Part received
PO-2024-00358,1,TOOL-1087,42,2.17,Received in full
PO-2024-00358,2,TOOL-1219,37,0.86,Received in full
PO-2024-00359,1,RENW-1000,19,1715.16,Part received
PO-2024-00359,2,DRAIN-1130,25,57.1,Received in full
PO-2024-00359,3,DRAIN-1138,24,148.5,Received in full
PO-2024-00360,1,VALV-1140,15,19.36,Received in full
PO-2024-00360,2,VALV-1052,15,11.19,Received in full
PO-2024-00361,1,ELEC-1117,90,3.43,Part received
PO-2024-00361,2,RENW-1112,12,717.4,Received in full
PO-2024-00362,1,VALV-1065,20,94.24,Received in full
PO-2024-00362,2,VALV-1152,24,9.27,Received in full
PO-2024-00362,3,VALV-1204,19,37.75,Received in full
PO-2024-00363,1,DRAIN-1214,35,34.68,Received in full
PO-2024-00363,2,RENW-1081,3,2077.85,Received in full
PO-2024-00363,3,ELEC-1094,180,3.18,Received in full
PO-2024-00364,1,VALV-1102,27,61.68,Received in full
PO-2024-00364,2,ELEC-1036,63,2.28,Received in full
PO-2024-00364,3,VENT-1095,18,145.34,Received in full
PO-2024-00365,1,VALV-1121,55,83.0,Part received
PO-2024-00366,1,TOOL-1137,45,21.46,Received in full
PO-2024-00366,2,ELEC-1197,59,55.55,Received in full
PO-2024-00367,1,RENW-1100,26,650.24,Received in full
PO-2024-00367,2,VENT-1192,6,497.22,Received in full
PO-2024-00367,3,TOOL-1128,510,2.5,Part received
PO-2024-00367,4,TOOL-1087,51,2.22,Part received
PO-2024-00368,1,DRAIN-1098,24,36.43,Received in full
PO-2024-00368,2,DRAIN-1158,112,79.92,Received in full
PO-2024-00369,1,DRAIN-1047,69,171.96,Received in full
PO-2024-00370,1,TOOL-1018,66,1.12,Received in full
PO-2024-00371,1,VENT-1161,6,347.5,Received in full
PO-2024-00371,2,PIPE-1201,1984,11.76,Part received
PO-2024-00372,1,TOOL-1171,36,16.96,Received in full
PO-2024-00372,2,ELEC-1036,76,2.3,Received in full
PO-2024-00372,3,VALV-1196,15,35.79,Received in full
PO-2024-00372,4,VENT-1192,6,509.01,Received in full
PO-2024-00373,1,VALV-1110,20,11.83,Received in full
PO-2024-00374,1,TOOL-1077,240,1.97,Part received
PO-2024-00374,2,PIPE-1088,308,0.27,Part received
PO-2024-00375,1,PIPE-1004,208,1.62,Received in full
PO-2024-00376,1,ELEC-1214,204,1.37,Received in full
PO-2024-00377,1,HEAT-1192,7,256.26,Part received
PO-2024-00378,1,PIPE-1214,152,0.43,Received in full
PO-2024-00378,2,DRAIN-1179,145,102.44,Received in full
PO-2024-00378,3,RENW-1158,3,2846.09,Received in full
PO-2024-00378,4,RENW-1201,3,1007.93,Received in full
PO-2024-00379,1,ELEC-1217,210,102.32,Part received
PO-2024-00379,2,RENW-1122,5,1130.15,Received in full
PO-2024-00379,3,TOOL-1092,70,30.55,Received in full
PO-2024-00379,4,VENT-1168,9,215.02,Received in full
PO-2024-00380,1,ELEC-1143,288,12.84,Part received
PO-2024-00381,1,HEAT-1203,12,581.82,Received in full
PO-2024-00382,1,TOOL-1128,1140,2.07,Part received
PO-2024-00382,2,PIPE-1038,468,1.08,Part received
PO-2024-00383,1,TOOL-1214,36,9.84,Received in full
PO-2024-00383,2,RENW-1010,7,2794.25,Received in full
PO-2024-00384,1,RENW-1000,16,1710.6,Received in full
PO-2024-00385,1,PIPE-1142,156,0.44,Part received
PO-2024-00385,2,DRAIN-1158,100,79.77,Received in full
PO-2024-00386,1,VALV-1163,15,72.52,Received in full
PO-2024-00386,2,ELEC-1119,54,67.2,Received in full
PO-2024-00387,1,VENT-1214,16,159.52,Received in full
PO-2024-00387,2,TOOL-1128,425,2.55,Part received
PO-2024-00387,3,TOOL-1018,66,1.1,Received in full
PO-2024-00387,4,RENW-1100,60,662.43,Received in full
PO-2024-00388,1,PIPE-1064,200,8.24,Received in full
PO-2024-00388,2,ELEC-1143,104,16.23,Received in full
PO-2024-00389,1,TOOL-1155,72,26.13,Part received
PO-2024-00389,2,PIPE-1044,1666,11.19,Part received
PO-2024-00389,3,TOOL-1144,90,1.05,Part received
PO-2024-00389,4,TOOL-1092,182,22.67,Part received
PO-2024-00390,1,RENW-1022,5,1195.94,Received in full
PO-2024-00390,2,VENT-1095,21,145.48,Received in full
PO-2024-00390,3,HEAT-1022,6,217.4,Received in full
PO-2024-00390,4,TOOL-1037,36,1.93,Received in full
PO-2024-00391,1,VENT-1134,8,46.19,Received in full
PO-2024-00391,2,TOOL-1149,41,3.19,Received in full
PO-2024-00392,1,VALV-1121,38,81.77,Part received
PO-2024-00393,1,RENW-1035,9,1412.77,Part received
PO-2024-00393,2,ELEC-1194,68,51.33,Received in full
PO-2024-00393,3,DRAIN-1145,46,14.45,Part received
PO-2024-00394,1,HEAT-1082,14,209.88,Received in full
PO-2024-00395,1,ELEC-1134,104,88.14,Part received
PO-2024-00396,1,HEAT-1211,7,408.29,Received in full
PO-2024-00396,2,ELEC-1217,182,103.32,Part received
PO-2024-00397,1,PIPE-1201,5061,9.61,Part received
PO-2024-00398,1,HEAT-1082,15,210.2,Received in full
PO-2024-00399,1,DRAIN-1082,24,6.18,Received in full
PO-2024-00399,2,RENW-1127,3,1234.03,Received in full
PO-2024-00399,3,DRAIN-1016,53,74.88,Part received
PO-2024-00399,4,PIPE-1004,248,1.59,Part received
PO-2024-00400,1,DRAIN-1179,175,102.72,Received in full
PO-2024-00400,2,TOOL-1018,98,1.11,Received in full
PO-2024-00400,3,PIPE-1206,240,0.55,Received in full
PO-2024-00400,4,DRAIN-1016,67,73.43,Received in full
PO-2024-00401,1,HEAT-1151,8,640.44,Received in full
PO-2024-00401,2,RENW-1212,4,1988.22,Received in full
PO-2024-00402,1,VALV-1024,15,114.76,Received in full
PO-2024-00403,1,VALV-1187,17,11.18,Received in full
PO-2024-00403,2,RENW-1192,8,1165.65,Received in full
PO-2024-00403,3,ELEC-1102,54,11.58,Received in full
PO-2024-00403,4,VENT-1080,6,80.56,Received in full
PO-2024-00404,1,TOOL-1110,144,16.38,Part received
PO-2024-00404,2,TOOL-1155,72,26.62,Part received
PO-2024-00404,3,TOOL-1205,48,1.21,Part received
PO-2024-00405,1,ELEC-1107,156,2.47,Part received
PO-2024-00405,2,PIPE-1025,689,2.35,Part received
PO-2024-00406,1,RENW-1000,19,1691.58,Received in full
PO-2024-00407,1,RENW-1201,3,981.99,Received in full
PO-2024-00407,2,PIPE-1165,208,14.08,Part received
PO-2024-00407,3,RENW-1100,26,654.68,Received in full
PO-2024-00407,4,ELEC-1025,54,29.5,Received in full
PO-2024-00408,1,VALV-1091,43,68.22,Part received
PO-2024-00408,2,VALV-1065,24,92.3,Received in full
PO-2024-00408,3,VALV-1204,21,38.62,Received in full
PO-2024-00409,1,DRAIN-1009,24,7.27,Received in full
PO-2024-00409,2,RENW-1171,6,716.56,Received in full
PO-2024-00409,3,VENT-1134,8,47.22,Received in full
PO-2024-00410,1,DRAIN-1192,29,114.29,Received in full
PO-2024-00410,2,TOOL-1007,36,1.9,Received in full
PO-2024-00410,3,HEAT-1054,5,493.09,Received in full
PO-2024-00411,1,VENT-1084,48,30.82,Received in full
PO-2024-00411,2,DRAIN-1158,264,61.0,Part received
PO-2024-00411,3,TOOL-1031,147,11.38,Part received
PO-2024-00412,1,PIPE-1201,1664,11.62,Part received
PO-2024-00412,2,ELEC-1204,130,17.46,Received in full
PO-2024-00412,3,ELEC-1088,125,13.0,Part received
PO-2024-00413,1,RENW-1186,4,1435.34,Received in full
PO-2024-00414,1,PIPE-1029,465,4.34,Received in full
PO-2024-00414,2,VENT-1075,6,177.88,Received in full
PO-2024-00414,3,VALV-1024,15,115.28,Received in full
PO-2024-00415,1,PIPE-1094,198,7.72,Part received
PO-2024-00416,1,VENT-1129,9,53.6,Received in full
PO-2024-00417,1,VENT-1176,6,44.18,Received in full
PO-2024-00417,2,HEAT-1109,5,242.21,Received in full
PO-2024-00417,3,TOOL-1171,36,16.67,Received in full
PO-2024-00417,4,VENT-1185,6,70.9,Received in full
PO-2024-00418,1,DRAIN-1047,81,171.65,Part received
PO-2024-00419,1,VALV-1121,42,81.83,Received in full
PO-2024-00420,1,ELEC-1197,71,55.59,Received in full
PO-2024-00420,2,TOOL-1137,52,21.5,Received in full
PO-2024-00420,3,HEAT-1142,11,435.16,Received in full
PO-2024-00421,1,VALV-1215,18,21.36,Received in full
PO-2024-00422,1,DRAIN-1095,144,87.83,Part received
PO-2024-00423,1,TOOL-1115,36,1.03,Received in full
PO-2024-00423,2,PIPE-1214,152,0.42,Received in full
PO-2024-00424,1,VENT-1119,22,631.18,Received in full
PO-2024-00425,1,PIPE-1038,468,1.06,Part received
PO-2024-00426,1,RENW-1031,8,2042.09,Received in full
PO-2024-00426,2,TOOL-1182,37,2.35,Received in full
PO-2024-00426,3,DRAIN-1037,24,22.77,Received in full
PO-2024-00426,4,DRAIN-1098,24,36.16,Received in full
PO-2024-00427,1,DRAIN-1082,24,6.21,Received in full
PO-2024-00428,1,PIPE-1156,154,0.38,Part received
PO-2024-00428,2,VALV-1042,48,9.12,Part received
PO-2024-00428,3,ELEC-1117,224,2.53,Part received
PO-2024-00428,4,PIPE-1025,2079,1.78,Part received
PO-2024-00429,1,ELEC-1134,112,85.86,Part received
PO-2024-00429,2,DRAIN-1145,46,14.52,Received in full
PO-2024-00430,1,VENT-1028,6,394.25,Received in full
PO-2024-00431,1,TOOL-1087,42,2.22,Received in full
PO-2024-00431,2,PIPE-1206,168,0.54,Received in full
PO-2024-00431,3,ELEC-1036,63,2.31,Received in full
PO-2024-00432,1,PIPE-1142,156,0.43,Received in full
PO-2024-00433,1,PIPE-1079,168,0.71,Part received
PO-2024-00433,2,ELEC-1143,288,12.65,Part received
PO-2024-00434,1,PIPE-1109,504,3.42,Received in full
PO-2024-00434,2,VENT-1205,7,24.19,Received in full
PO-2024-00435,1,VENT-1040,6,26.06,Received in full
PO-2024-00436,1,TOOL-1051,77,0.83,Part received
PO-2024-00437,1,PIPE-1029,405,4.31,Part received
PO-2024-00437,2,TOOL-1201,36,11.89,Received in full
PO-2024-00437,3,VALV-1024,15,115.36,Received in full
PO-2024-00438,1,PIPE-1150,791,0.29,Part received
PO-2024-00439,1,ELEC-1197,59,55.58,Part received
PO-2024-00440,1,DRAIN-1113,47,15.63,Received in full
PO-2024-00440,2,HEAT-1054,5,490.82,Received in full
PO-2024-00441,1,HEAT-1200,6,933.83,Part received
PO-2024-00442,1,TOOL-1137,45,21.29,Received in full
PO-2024-00443,1,ELEC-1046,55,50.16,Part received
PO-2024-00444,1,ELEC-1075,54,29.38,Received in full
PO-2024-00444,2,PIPE-1101,290,1.8,Part received
PO-2024-00444,3,VENT-1192,6,501.32,Received in full
PO-2024-00445,1,ELEC-1150,85,14.74,Received in full
PO-2024-00445,2,ELEC-1217,210,101.59,Received in full
PO-2024-00445,3,VENT-1119,26,621.3,Received in full
PO-2024-00445,4,HEAT-1211,8,409.56,Received in full
PO-2024-00446,1,VENT-1043,12,47.92,Received in full
PO-2024-00446,2,DRAIN-1214,35,35.25,Received in full
PO-2024-00446,3,RENW-1081,3,2072.75,Received in full
PO-2024-00447,1,VENT-1115,12,31.56,Received in full
PO-2024-00448,1,VENT-1214,16,160.04,Received in full
PO-2024-00448,2,PIPE-1165,192,14.04,Received in full
PO-2024-00449,1,HEAT-1200,8,954.44,Received in full
PO-2024-00449,2,TOOL-1067,112,7.46,Part received
PO-2024-00449,3,VENT-1019,26,59.01,Received in full
PO-2024-00449,4,DRAIN-1122,24,38.65,Received in full
PO-2024-00450,1,TOOL-1018,80,1.11,Received in full
PO-2024-00450,2,DRAIN-1075,25,62.29,Received in full
PO-2024-00450,3,ELEC-1197,71,54.71,Received in full
PO-2024-00450,4,ELEC-1075,54,29.28,Received in full
PO-2024-00451,1,RENW-1203,6,770.97,Part received
PO-2024-00451,2,HEAT-1009,5,643.57,Received in full
PO-2024-00452,1,PIPE-1168,2118,0.69,Part received
PO-2024-00452,2,TOOL-1163,108,5.51,Received in full
PO-2024-00452,3,TOOL-1149,90,2.46,Part received
PO-2024-00452,4,TOOL-1071,364,2.77,Part received
PO-2024-00453,1,VALV-1110,20,11.68,Part received
PO-2024-00453,2,VALV-1152,24,9.57,Received in full
PO-2024-00454,1,ELEC-1025,54,29.34,Received in full
PO-2024-00455,1,ELEC-1171,54,48.29,Part received
PO-2024-00455,2,VENT-1060,6,120.48,Received in full
PO-2024-00455,3,HEAT-1089,5,481.44,Received in full
PO-2024-00455,4,VENT-1103,8,180.63,Received in full
PO-2024-00456,1,ELEC-1204,145,17.65,Part received
PO-2024-00456,2,VALV-1130,19,18.25,Part received
PO-2024-00456,3,ELEC-1088,140,13.17,Received in full
PO-2024-00457,1,VALV-1007,32,11.64,Received in full
PO-2024-00457,2,TOOL-1137,62,21.35,Received in full
PO-2024-00457,3,RENW-1087,27,1007.47,Received in full
PO-2024-00457,4,VENT-1095,26,143.26,Received in full
PO-2024-00458,1,PIPE-1119,672,6.83,Part received
PO-2024-00459,1,VALV-1172,15,65.27,Received in full
PO-2024-00460,1,VENT-1002,18,59.02,Received in full
PO-2024-00460,2,PIPE-1142,180,0.43,Part received
PO-2024-00461,1,VENT-1040,6,25.92,Received in full
PO-2024-00461,2,VENT-1095,21,141.56,Received in full
PO-2024-00461,3,VENT-1176,6,43.32,Received in full
PO-2024-00461,4,VENT-1009,11,424.48,Received in full
PO-2024-00462,1,VALV-1007,25,11.48,Received in full
PO-2024-00462,2,VENT-1095,18,142.68,Received in full
PO-2024-00463,1,ELEC-1150,75,15.1,Part received
PO-2024-00464,1,DRAIN-1047,69,172.23,Received in full
PO-2024-00465,1,ELEC-1094,156,3.24,Part received
PO-2024-00466,1,TOOL-1175,36,2.78,Received in full
PO-2024-00466,2,HEAT-1016,29,471.39,Received in full
PO-2024-00466,3,RENW-1000,16,1686.01,Received in full
PO-2024-00467,1,PIPE-1029,570,4.27,Part received
PO-2024-00468,1,PIPE-1070,162,13.24,Received in full
PO-2024-00469,1,TOOL-1128,425,2.49,Part received
PO-2024-00469,2,ELEC-1197,59,55.57,Received in full
PO-2024-00469,3,PIPE-1186,152,0.93,Received in full
PO-2024-00469,4,DRAIN-1016,46,73.13,Received in full
PO-2024-00470,1,VENT-1084,48,31.07,Part received
PO-2024-00470,2,TOOL-1031,147,11.2,Part received
PO-2024-00471,1,DRAIN-1016,120,58.47,Part received
PO-2024-00471,2,PIPE-1061,990,1.49,Part received
PO-2024-00472,1,HEAT-1033,7,777.38,Received in full
PO-2024-00472,2,ELEC-1214,168,1.38,Received in full
PO-2024-00472,3,DRAIN-1068,24,9.56,Received in full
PO-2024-00473,1,VALV-1110,23,11.75,Received in full
PO-2024-00473,2,VALV-1152,27,9.5,Received in full
PO-2024-00474,1,DRAIN-1199,24,5.52,Received in full
PO-2024-00475,1,PIPE-1168,930,0.87,Received in full
PO-2024-00475,2,VENT-1053,6,31.01,Received in full
PO-2024-00475,3,RENW-1180,18,1910.26,Received in full
PO-2024-00475,4,RENW-1127,3,1251.87,Received in full
PO-2024-00476,1,PIPE-1109,450,3.4,Received in full
PO-2024-00476,2,PIPE-1119,600,6.92,Part received
PO-2024-00477,1,PIPE-1017,858,0.5,Part received
PO-2024-00478,1,PIPE-1201,1984,11.8,Part received
PO-2024-00479,1,VALV-1140,15,19.27,Received in full
PO-2024-00479,2,VALV-1080,22,128.96,Received in full
PO-2024-00480,1,TOOL-1163,108,5.53,Part received
PO-2024-00480,2,DRAIN-1113,114,11.74,Part received
PO-2024-00480,3,TOOL-1182,90,1.9,Received in full
PO-2024-00480,4,TOOL-1071,364,2.73,Part received
PO-2024-00481,1,PIPE-1064,200,8.17,Received in full
PO-2024-00482,1,DRAIN-1084,24,7.47,Received in full
PO-2024-00483,1,PIPE-1135,150,4.11,Received in full
PO-2024-00483,2,ELEC-1036,63,2.27,Received in full
PO-2024-00484,1,PIPE-1101,666,1.43,Part received
PO-2024-00484,2,ELEC-1184,273,80.07,Part received
PO-2024-00485,1,ELEC-1176,54,13.2,Received in full
PO-2024-00485,2,PIPE-1064,232,8.09,Part received
PO-2024-00485,3,HEAT-1094,5,536.94,Received in full
PO-2024-00486,1,ELEC-1184,112,105.92,Received in full
PO-2024-00486,2,RENW-1145,7,2487.59,Received in full
PO-2024-00487,1,TOOL-1128,510,2.56,Received in full
PO-2024-00487,2,VENT-1214,18,157.51,Received in full
PO-2024-00487,3,PIPE-1206,198,0.55,Received in full
PO-2024-00487,4,RENW-1192,8,1154.63,Received in full
PO-2024-00488,1,ELEC-1094,180,3.18,Part received
PO-2024-00488,2,VENT-1043,12,47.02,Received in full
PO-2024-00489,1,ELEC-1214,144,1.39,Received in full
PO-2024-00489,2,VALV-1215,18,21.15,Received in full
PO-2024-00490,1,HEAT-1200,6,946.41,Received in full
PO-2024-00491,1,PIPE-1094,198,7.64,Part received
PO-2024-00492,1,VENT-1141,6,166.29,Received in full
PO-2024-00492,2,ELEC-1162,54,23.42,Received in full
PO-2024-00492,3,RENW-1212,4,1980.02,Received in full
PO-2024-00493,1,VALV-1007,25,11.58,Received in full
PO-2024-00493,2,ELEC-1025,54,29.21,Received in full
PO-2024-00493,3,VALV-1102,27,61.11,Received in full
PO-2024-00493,4,DRAIN-1179,120,104.16,Received in full
PO-2024-00494,1,VALV-1065,20,91.74,Received in full
PO-2024-00495,1,ELEC-1217,266,102.7,Received in full
PO-2024-00496,1,PIPE-1101,666,1.4,Part received
PO-2024-00497,1,PIPE-1165,510,11.07,Part received
PO-2024-00497,2,VALV-1152,66,6.61,Received in full
PO-2024-00497,3,VENT-1019,66,43.08,Received in full
PO-2024-00498,1,RENW-1095,4,2135.15,Received in full
PO-2024-00499,1,PIPE-1079,168,0.71,Part received
PO-2024-00500,1,ELEC-1057,54,4.06,Received in full
PO-2024-00500,2,ELEC-1107,180,2.46,Part received
PO-2024-00501,1,ELEC-1134,104,86.72,Received in full
PO-2024-00502,1,PIPE-1064,272,8.13,Part received
PO-2024-00503,1,DRAIN-1106,54,9.59,Received in full
PO-2024-00504,1,PIPE-1201,1664,11.54,Part received
PO-2024-00505,1,RENW-1152,6,1938.79,Received in full
PO-2024-00505,2,ELEC-1134,112,86.08,Received in full
PO-2024-00505,3,RENW-1035,9,1401.31,Received in full
PO-2024-00506,1,TOOL-1018,80,1.09,Part received
PO-2024-00506,2,TOOL-1124,36,22.0,Received in full
PO-2024-00506,3,ELEC-1036,76,2.32,Received in full
PO-2024-00506,4,TOOL-1087,51,2.21,Received in full
PO-2024-00507,1,TOOL-1087,42,2.18,Received in full
PO-2024-00507,2,VENT-1214,16,157.76,Received in full
PO-2024-00507,3,DRAIN-1016,46,74.94,Received in full
PO-2024-00507,4,TOOL-1219,37,0.85,Received in full
PO-2024-00508,1,PIPE-1142,156,0.43,Received in full
PO-2024-00509,1,TOOL-1163,108,5.54,Part received
PO-2024-00509,2,VALV-1102,84,48.64,Part received
PO-2024-00509,3,PIPE-1025,2079,1.76,Part received
PO-2024-00510,1,VALV-1154,15,69.25,Received in full
PO-2024-00510,2,VALV-1137,19,65.1,Received in full
PO-2024-00511,1,DRAIN-1047,81,171.56,Received in full
PO-2024-00511,2,HEAT-1089,5,481.33,Received in full
PO-2024-00512,1,ELEC-1217,182,102.6,Received in full
PO-2024-00512,2,VENT-1119,22,638.01,Received in full
PO-2024-00513,1,DRAIN-1095,55,106.94,Received in full
PO-2024-00513,2,PIPE-1126,150,7.41,Part received
PO-2024-00514,1,DRAIN-1214,29,34.86,Part received
PO-2024-00515,1,VALV-1196,15,35.36,Received in full
PO-2024-00515,2,VALV-1102,29,60.51,Received in full
PO-2024-00515,3,RENW-1100,26,666.3,Received in full
PO-2024-00515,4,DRAIN-1075,25,61.72,Received in full
PO-2024-00516,1,ELEC-1217,210,102.9,Part received
PO-2024-00516,2,DRAIN-1051,24,126.77,Received in full
PO-2024-00516,3,RENW-1122,5,1108.08,Received in full
PO-2024-00516,4,VENT-1119,26,629.03,Received in full
PO-2024-00517,1,DRAIN-1009,24,7.18,Received in full
PO-2024-00517,2,ELEC-1158,54,5.09,Received in full
PO-2024-00518,1,ELEC-1049,338,34.85,Part received
PO-2024-00518,2,TOOL-1182,36,2.38,Received in full
PO-2024-00519,1,TOOL-1137,45,21.55,Received in full
PO-2024-00519,2,PIPE-1206,168,0.56,Received in full
PO-2024-00519,3,PIPE-1214,152,0.43,Received in full
PO-2024-00519,4,HEAT-1130,8,656.84,Received in full
PO-2024-00520,1,HEAT-1016,6,463.78,Received in full
PO-2024-00520,2,VENT-1084,8,39.12,Received in full
PO-2024-00520,3,PIPE-1109,216,3.38,Part received
PO-2024-00520,4,HEAT-1064,5,273.68,Received in full
PO-2024-00521,1,ELEC-1134,144,86.19,Received in full
PO-2024-00522,1,PIPE-1070,162,13.29,Part received
PO-2024-00522,2,PIPE-1109,504,3.47,Part received
PO-2024-00522,3,TOOL-1214,36,9.82,Received in full
PO-2024-00522,4,VENT-1205,7,24.89,Received in full
PO-2024-00523,1,PIPE-1088,308,0.27,Part received
PO-2024-00523,2,TOOL-1067,258,5.78,Part received
PO-2024-00524,1,VALV-1007,32,11.52,Received in full
PO-2024-00524,2,HEAT-1103,7,198.72,Received in full
PO-2024-00524,3,VENT-1026,6,53.2,Received in full
PO-2024-00524,4,ELEC-1197,71,54.52,Part received
PO-2024-00525,1,DRAIN-1158,100,78.24,Received in full
PO-2024-00526,1,ELEC-1107,156,2.42,Part received
PO-2024-00526,2,PIPE-1025,689,2.32,Part received
PO-2024-00527,1,RENW-1087,9,1000.65,Received in full
PO-2024-00527,2,PIPE-1101,150,1.8,Received in full
PO-2024-00527,3,PIPE-1004,152,1.63,Received in full
PO-2024-00527,4,PIPE-1135,150,4.1,Part received
PO-2024-00528,1,VENT-1075,6,179.81,Received in full
PO-2024-00529,1,VENT-1149,11,47.32,Received in full
PO-2024-00529,2,PIPE-1168,930,0.87,Received in full
PO-2024-00529,3,HEAT-1168,5,491.24,Received in full
PO-2024-00529,4,TOOL-1124,36,21.79,Received in full
PO-2024-00530,1,VENT-1168,9,214.57,Received in full
PO-2024-00531,1,DRAIN-1179,55,104.36,Received in full
PO-2024-00531,2,RENW-1100,13,660.96,Received in full
PO-2024-00531,3,TOOL-1137,36,21.52,Received in full
PO-2024-00531,4,PIPE-1165,152,14.33,Received in full
PO-2024-00532,1,ELEC-1143,56,16.53,Received in full
PO-2024-00532,2,DRAIN-1113,24,15.36,Received in full
PO-2024-00532,3,PIPE-1064,152,8.28,Part received
PO-2024-00533,1,TOOL-1182,36,2.37,Received in full
PO-2024-00533,2,DRAIN-1106,24,9.44,Received in full
PO-2024-00534,1,VENT-1158,6,114.29,Received in full
PO-2024-00534,2,ELEC-1204,145,17.44,Received in full
PO-2024-00534,3,RENW-1186,4,1441.42,Received in full
PO-2024-00535,1,VENT-1199,9,65.61,Received in full
PO-2024-00535,2,VENT-1066,8,42.95,Received in full
PO-2024-00536,1,RENW-1061,8,1683.02,Received in full
PO-2024-00537,1,VENT-1019,11,59.63,Received in full
PO-2024-00537,2,PIPE-1061,203,2.03,Part received
PO-2024-00537,3,PIPE-1044,294,14.76,Part received
PO-2024-00537,4,TOOL-1067,48,7.49,Received in full
PO-2024-00538,1,VALV-1007,18,11.62,Received in full
PO-2024-00538,2,TOOL-1018,36,1.1,Received in full
PO-2024-00538,3,HEAT-1130,5,658.79,Received in full
PO-2024-00538,4,PIPE-1214,152,0.42,Received in full
PO-2024-00539,1,PIPE-1061,180,2.1,Part received
PO-2024-00539,2,VALV-1192,22,38.03,Received in full
PO-2024-00539,3,VALV-1204,15,38.41,Received in full
PO-2024-00539,4,VALV-1091,17,67.94,Received in full
PO-2024-00540,1,ELEC-1131,60,19.69,Received in full
PO-2024-00540,2,HEAT-1124,5,661.4,Received in full
PO-2024-00541,1,TOOL-1018,180,0.86,Part received
PO-2024-00541,2,PIPE-1038,468,1.06,Part received
PO-2024-00541,3,RENW-1000,42,1326.8,Part received
PO-2024-00542,1,RENW-1203,6,764.74,Received in full
PO-2024-00543,1,DRAIN-1122,24,38.27,Received in full
PO-2024-00543,2,VENT-1019,26,59.23,Received in full
PO-2024-00543,3,HEAT-1039,5,260.0,Received in full
PO-2024-00543,4,PIPE-1061,406,2.07,Part received
PO-2024-00544,1,PIPE-1189,150,1.1,Part received
PO-2024-00545,1,VENT-1119,10,633.79,Received in full
PO-2024-00545,2,ELEC-1184,56,106.07,Received in full
PO-2024-00545,3,ELEC-1217,98,102.19,Received in full
PO-2024-00545,4,TOOL-1092,40,30.43,Received in full
PO-2024-00546,1,ELEC-1107,72,2.46,Received in full
PO-2024-00546,2,TOOL-1077,42,2.59,Received in full
PO-2024-00546,3,PIPE-1025,318,2.34,Part received
PO-2024-00547,1,DRAIN-1016,53,74.41,Received in full
PO-2024-00547,2,TOOL-1137,52,21.22,Received in full
PO-2024-00547,3,VENT-1009,11,429.68,Received in full
PO-2024-00547,4,HEAT-1130,10,654.43,Part received
PO-2024-00548,1,DRAIN-1033,24,8.78,Received in full
PO-2024-00549,1,HEAT-1203,5,596.41,Received in full
PO-2024-00550,1,PIPE-1142,228,0.42,Received in full
PO-2024-00550,2,ELEC-1049,481,34.51,Received in full
PO-2024-00551,1,TOOL-1115,36,1.03,Received in full
PO-2024-00551,2,TOOL-1018,80,1.11,Received in full
PO-2024-00551,3,VENT-1185,6,71.85,Received in full
PO-2024-00551,4,DRAIN-1179,145,102.48,Received in full
PO-2024-00552,1,PIPE-1135,150,4.07,Received in full
PO-2024-00552,2,ELEC-1025,54,29.44,Part received
PO-2024-00553,1,TOOL-1021,238,1.34,Part received
PO-2024-00553,2,TOOL-1071,364,2.72,Part received
PO-2024-00553,3,TOOL-1144,90,1.05,Part received
PO-2024-00553,4,DRAIN-1016,120,57.55,Part received
PO-2024-00554,1,DRAIN-1095,144,86.51,Part received
PO-2024-00554,2,PIPE-1150,791,0.29,Part received
PO-2024-00555,1,PIPE-1165,208,14.17,Part received
PO-2024-00555,2,VENT-1176,6,43.28,Received in full
PO-2024-00556,1,VENT-1060,6,119.9,Received in full
PO-2024-00557,1,HEAT-1200,6,958.08,Received in full
PO-2024-00557,2,PIPE-1061,377,2.08,Part received
PO-2024-00558,1,VENT-1214,7,160.49,Received in full
PO-2024-00558,2,VENT-1095,8,141.5,Received in full
PO-2024-00558,3,TOOL-1219,36,0.85,Received in full
PO-2024-00559,1,PIPE-1029,180,4.28,Part received
PO-2024-00559,2,TOOL-1201,36,11.97,Received in full
PO-2024-00560,1,ELEC-1214,66,1.41,Received in full
PO-2024-00560,2,PIPE-1189,150,1.1,Received in full
PO-2024-00561,1,PIPE-1038,468,1.08,Part received
PO-2024-00561,2,TOOL-1047,36,1.0,Part received
PO-2024-00561,3,VALV-1215,48,16.79,Received in full
PO-2024-00561,4,RENW-1042,13,581.92,Received in full
PO-2024-00562,1,VALV-1152,24,9.14,Received in full
PO-2024-00562,2,VALV-1065,20,93.66,Received in full
PO-2024-00563,1,TOOL-1175,36,2.8,Received in full
PO-2024-00564,1,PIPE-1201,5061,9.79,Part received
PO-2024-00565,1,VALV-1121,17,82.97,Part received
PO-2024-00566,1,VALV-1121,55,82.78,Received in full
PO-2024-00567,1,RENW-1095,4,2127.79,Received in full
PO-2024-00567,2,TOOL-1100,36,22.35,Received in full
PO-2024-00568,1,PIPE-1070,162,13.0,Received in full
PO-2024-00569,1,VALV-1137,42,46.02,Part received
PO-2024-00570,1,VENT-1043,12,47.21,Received in full
PO-2024-00570,2,HEAT-1192,7,263.3,Received in full
PO-2024-00571,1,PIPE-1017,858,0.5,Part received
PO-2024-00571,2,ELEC-1094,408,2.29,Part received
PO-2024-00572,1,HEAT-1082,9,205.26,Received in full
PO-2024-00573,1,VENT-1129,9,53.85,Received in full
PO-2024-00573,2,DRAIN-1056,24,23.17,Received in full
PO-2024-00573,3,ELEC-1005,54,27.58,Received in full
PO-2024-00573,4,DRAIN-1084,24,7.52,Received in full
PO-2024-00574,1,TOOL-1219,52,0.86,Received in full
PO-2024-00574,2,RENW-1100,61,647.67,Received in full
PO-2024-00574,3,TOOL-1018,98,1.1,Received in full
PO-2024-00575,1,RENW-1152,6,1891.5,Received in full
PO-2024-00575,2,ELEC-1194,68,51.18,Received in full
PO-2024-00575,3,ELEC-1134,112,87.04,Part received
PO-2024-00576,1,TOOL-1144,90,1.04,Received in full
PO-2024-00576,2,VENT-1168,24,150.53,Received in full
PO-2024-00576,3,PIPE-1044,1666,11.21,Part received
PO-2024-00576,4,TOOL-1092,182,23.13,Part received
PO-2024-00577,1,PIPE-1004,208,1.63,Received in full
PO-2024-00577,2,TOOL-1128,425,2.53,Part received
PO-2024-00577,3,HEAT-1142,10,432.05,Received in full
PO-2024-00578,1,DRAIN-1158,264,60.82,Part received
PO-2024-00578,2,PIPE-1150,791,0.29,Part received
PO-2024-00578,3,DRAIN-1095,144,87.19,Part received
PO-2024-00579,1,VENT-1095,8,143.46,Received in full
PO-2024-00579,2,PIPE-1101,150,1.8,Received in full
PO-2024-00579,3,PIPE-1206,150,0.54,Received in full
PO-2024-00579,4,PIPE-1168,372,0.88,Part received
PO-2024-00580,1,RENW-1158,3,2771.38,Received in full
PO-2024-00580,2,PIPE-1186,152,0.91,Received in full
PO-2024-00580,3,DRAIN-1082,24,6.05,Part received
PO-2024-00580,4,PIPE-1135,180,4.09,Part received
PO-2024-00581,1,PIPE-1186,315,0.7,Part received
PO-2024-00581,2,ELEC-1046,196,37.93,Part received
PO-2024-00581,3,RENW-1053,24,1894.59,Part received
PO-2024-00581,4,TOOL-1056,36,9.33,Part received
PO-2024-00582,1,DRAIN-1192,29,115.14,Received in full
PO-2024-00582,2,ELEC-1014,54,2.62,Received in full
PO-2024-00582,3,VENT-1066,8,42.28,Received in full
PO-2024-00582,4,VENT-1199,9,64.93,Received in full
PO-2024-00583,1,VALV-1121,38,81.96,Received in full
PO-2024-00584,1,ELEC-1088,125,13.36,Received in full
PO-2024-00585,1,TOOL-1128,1140,2.09,Part received
PO-2024-00586,1,DRAIN-1161,154,5.75,Part received
PO-2024-00586,2,VALV-1152,66,6.55,Received in full
PO-2024-00587,1,DRAIN-1179,175,101.84,Received in full
PO-2024-00588,1,DRAIN-1047,100,174.12,Received in full
PO-2024-00589,1,RENW-1192,8,1166.01,Received in full
PO-2024-00589,2,RENW-1201,3,1011.27,Received in full
PO-2024-00589,3,VALV-1196,15,35.67,Received in full
PO-2024-00589,4,VENT-1149,11,48.49,Received in full
PO-2024-00590,1,PIPE-1201,1984,11.78,Part received
PO-2024-00590,2,VENT-1158,6,115.42,Received in full
PO-2024-00591,1,ELEC-1094,180,3.2,Part received
PO-2024-00591,2,DRAIN-1214,35,35.02,Received in full
PO-2024-00591,3,VENT-1043,12,47.46,Received in full
PO-2024-00592,1,PIPE-1064,200,8.2,Received in full
PO-2024-00592,2,ELEC-1143,104,16.29,Received in full
PO-2024-00593,1,ELEC-1204,60,17.54,Received in full
PO-2024-00594,1,ELEC-1094,408,2.3,Part received
PO-2024-00594,2,PIPE-1017,858,0.5,Part received
PO-2024-00595,1,VALV-1172,15,65.94,Received in full
PO-2024-00595,2,DRAIN-1047,81,170.69,Received in full
PO-2024-00595,3,VENT-1060,6,122.01,Received in full
PO-2024-00596,1,TOOL-1201,36,11.93,Received in full
PO-2024-00596,2,VENT-1075,6,178.75,Received in full
PO-2024-00596,3,PIPE-1126,150,7.51,Part received
PO-2024-00596,4,VALV-1163,15,73.91,Received in full
PO-2024-00597,1,VENT-1084,48,31.19,Part received
PO-2024-00598,1,VENT-1205,7,24.24,Received in full
PO-2024-00598,2,HEAT-1112,5,308.57,Received in full
PO-2024-00598,3,PIPE-1119,672,6.94,Part received
PO-2024-00599,1,TOOL-1219,44,0.86,Received in full
PO-2024-00599,2,TOOL-1128,510,2.51,Part received
PO-2024-00599,3,VENT-1095,21,142.23,Received in full
PO-2024-00599,4,VENT-1185,6,71.39,Received in full
PO-2024-00600,1,VENT-1095,18,145.37,Received in full
PO-2024-00601,1,ELEC-1150,75,15.02,Part received
PO-2024-00601,2,HEAT-1211,7,403.04,Part received
PO-2024-00602,1,DRAIN-1047,33,171.42,Received in full
PO-2024-00603,1,VENT-1084,8,39.26,Received in full
PO-2024-00603,2,PIPE-1119,288,6.84,Part received
PO-2024-00603,3,TOOL-1175,36,2.79,Received in full
PO-2024-00604,1,DRAIN-1113,114,11.55,Part received
PO-2024-00604,2,TOOL-1182,90,1.9,Part received
PO-2024-00604,3,PIPE-1044,1666,11.01,Part received
PO-2024-00604,4,PIPE-1025,2079,1.78,Part received
PO-2024-00605,1,TOOL-1192,36,4.1,Received in full
PO-2024-00606,1,PIPE-1119,600,6.76,Received in full
PO-2024-00607,1,VENT-1214,7,158.0,Received in full
PO-2024-00607,2,VALV-1102,15,61.74,Received in full
PO-2024-00607,3,VALV-1007,18,11.6,Received in full
PO-2024-00608,1,HEAT-1082,20,208.98,Received in full
PO-2024-00609,1,RENW-1000,19,1706.45,Received in full
PO-2024-00610,1,DRAIN-1122,24,38.92,Received in full
PO-2024-00610,2,HEAT-1200,8,951.7,Received in full
PO-2024-00611,1,VENT-1019,11,58.86,Received in full
PO-2024-00611,2,TOOL-1067,48,7.45,Received in full
PO-2024-00612,1,HEAT-1082,15,208.57,Received in full
PO-2024-00612,2,RENW-1161,9,705.24,Received in full
PO-2024-00613,1,RENW-1095,4,2151.04,Received in full
PO-2024-00614,1,VENT-1103,8,183.88,Received in full
PO-2024-00615,1,DRAIN-1145,46,14.37,Part received
PO-2024-00616,1,DRAIN-1158,100,78.53,Received in full
PO-2024-00616,2,PIPE-1142,156,0.43,Part received
PO-2024-00617,1,ELEC-1094,408,2.34,Part received
PO-2024-00618,1,VENT-1119,10,631.36,Received in full
PO-2024-00618,2,HEAT-1211,5,410.54,Received in full
PO-2024-00619,1,TOOL-1163,36,6.72,Received in full
PO-2024-00620,1,VENT-1141,6,167.08,Received in full
PO-2024-00620,2,RENW-1212,4,1973.78,Received in full
PO-2024-00621,1,ELEC-1171,54,49.17,Received in full
PO-2024-00622,1,DRAIN-1145,24,14.28,Part received
PO-2024-00623,1,PIPE-1165,510,10.95,Part received
PO-2024-00623,2,VENT-1019,66,42.95,Received in full
PO-2024-00624,1,VALV-1014,24,38.99,Received in full
PO-2024-00624,2,PIPE-1061,414,2.12,Part received
PO-2024-00624,3,VALV-1065,24,92.13,Received in full
PO-2024-00624,4,VALV-1140,15,19.41,Received in full
PO-2024-00625,1,ELEC-1217,210,103.42,Part received
PO-2024-00626,1,DRAIN-1138,24,151.95,Received in full
PO-2024-00626,2,DRAIN-1130,25,58.55,Received in full
PO-2024-00626,3,VENT-1205,7,24.72,Received in full
PO-2024-00626,4,RENW-1010,7,2787.84,Received in full
PO-2024-00627,1,DRAIN-1199,24,5.45,Received in full
PO-2024-00627,2,ELEC-1107,180,2.45,Received in full
PO-2024-00628,1,VENT-1019,25,59.31,Received in full
PO-2024-00628,2,TOOL-1155,36,36.42,Part received
PO-2024-00628,3,TOOL-1067,104,7.53,Received in full
PO-2024-00629,1,ELEC-1117,54,3.46,Received in full
PO-2024-00630,1,VENT-1119,22,621.07,Received in full
PO-2024-00631,1,VALV-1024,15,117.57,Received in full
PO-2024-00632,1,HEAT-1016,6,469.2,Received in full
PO-2024-00632,2,PIPE-1109,216,3.46,Received in full
PO-2024-00633,1,ELEC-1107,72,2.49,Received in full
PO-2024-00633,2,TOOL-1077,42,2.59,Received in full
PO-2024-00634,1,TOOL-1137,36,21.15,Received in full
PO-2024-00634,2,DRAIN-1179,55,102.9,Received in full
PO-2024-00634,3,RENW-1087,9,998.25,Received in full
PO-2024-00635,1,VENT-1119,32,633.67,Received in full
PO-2024-00635,2,TOOL-1092,85,30.32,Received in full
PO-2024-00636,1,PIPE-1109,1400,2.74,Part received
PO-2024-00636,2,VALV-1056,78,19.53,Part received
PO-2024-00636,3,TOOL-1110,144,16.05,Part received
PO-2024-00637,1,ELEC-1107,228,2.47,Received in full
PO-2024-00637,2,TOOL-1077,126,2.59,Part received
PO-2024-00638,1,RENW-1100,26,652.93,Received in full
PO-2024-00638,2,VENT-1214,18,160.66,Received in full
PO-2024-00638,3,VENT-1040,6,26.23,Received in full
PO-2024-00638,4,HEAT-1004,5,228.58,Received in full
PO-2024-00639,1,RENW-1112,12,712.81,Received in full
PO-2024-00639,2,RENW-1203,6,762.56,Part received
PO-2024-00640,1,PIPE-1109,504,3.39,Part received
PO-2024-00640,2,DRAIN-1138,24,148.91,Received in full
PO-2024-00640,3,HEAT-1203,12,585.6,Received in full
PO-2024-00641,1,ELEC-1131,378,14.91,Part received
PO-2024-00642,1,TOOL-1110,36,20.67,Received in full
PO-2024-00642,2,ELEC-1088,60,13.3,Part received
PO-2024-00643,1,HEAT-1009,5,639.16,Received in full
PO-2024-00644,1,RENW-1031,8,2061.96,Received in full
PO-2024-00644,2,DRAIN-1098,24,36.11,Received in full
PO-2024-00644,3,VENT-1002,18,59.22,Received in full
PO-2024-00645,1,ELEC-1025,54,29.06,Received in full
PO-2024-00645,2,ELEC-1031,54,1.89,Received in full
PO-2024-00645,3,RENW-1022,5,1203.14,Received in full
PO-2024-00645,4,PIPE-1168,930,0.87,Part received
PO-2024-00646,1,ELEC-1204,130,17.27,Received in full
PO-2024-00646,2,PIPE-1201,1664,11.67,Part received
PO-2024-00647,1,HEAT-1142,28,354.53,Received in full
PO-2024-00647,2,TOOL-1077,240,1.97,Part received
PO-2024-00648,1,DRAIN-1161,154,5.67,Part received
PO-2024-00649,1,RENW-1095,4,2116.29,Received in full
PO-2024-00649,2,VENT-1105,6,157.85,Received in full
PO-2024-00650,1,ELEC-1081,54,14.78,Received in full
PO-2024-00650,2,DRAIN-1173,24,190.24,Received in full
PO-2024-00650,3,HEAT-1033,7,797.99,Received in full
PO-2024-00651,1,RENW-1000,16,1705.66,Received in full
PO-2024-00652,1,VALV-1084,84,80.73,Part received
PO-2024-00652,2,TOOL-1149,90,2.46,Part received
PO-2024-00652,3,VENT-1214,49,124.47,Part received
PO-2024-00652,4,PIPE-1061,990,1.51,Part received
PO-2024-00653,1,ELEC-1134,56,86.77,Received in full
PO-2024-00654,1,PIPE-1017,858,0.5,Part received
PO-2024-00654,2,ELEC-1094,408,2.3,Part received
PO-2024-00655,1,PIPE-1070,162,13.18,Part received
PO-2024-00656,1,VALV-1152,66,6.53,Part received
PO-2024-00657,1,ELEC-1204,145,17.63,Received in full
PO-2024-00657,2,ELEC-1088,140,13.14,Received in full
PO-2024-00658,1,VALV-1187,17,11.26,Received in full
PO-2024-00658,2,VENT-1053,6,31.91,Received in full
PO-2024-00658,3,VENT-1080,6,81.85,Received in full
PO-2024-00658,4,ELEC-1025,54,28.86,Received in full
PO-2024-00659,1,VENT-1119,26,637.98,Received in full
PO-2024-00659,2,DRAIN-1051,24,127.88,Received in full
PO-2024-00660,1,DRAIN-1047,33,174.32,Received in full
PO-2024-00661,1,VALV-1110,15,11.65,Received in full
PO-2024-00662,1,VENT-1149,11,47.77,Received in full
PO-2024-00662,2,TOOL-1003,36,28.64,Part received
PO-2024-00662,3,RENW-1201,3,1011.01,Received in full
PO-2024-00662,4,VENT-1026,6,52.79,Received in full
PO-2024-00663,1,VENT-1095,18,142.83,Received in full
PO-2024-00663,2,ELEC-1197,59,54.36,Received in full
PO-2024-00663,3,ELEC-1036,63,2.33,Received in full
PO-2024-00663,4,TOOL-1003,36,28.4,Received in full
PO-2024-00664,1,VALV-1007,32,11.72,Received in full
PO-2024-00664,2,VENT-1185,6,72.13,Received in full
PO-2024-00664,3,RENW-1068,3,2786.91,Received in full
PO-2024-00664,4,HEAT-1022,6,216.97,Received in full
PO-2024-00665,1,DRAIN-1158,264,59.79,Part received
PO-2024-00665,2,VALV-1192,138,27.77,Part received
PO-2024-00666,1,VENT-1214,16,158.94,Received in full
PO-2024-00667,1,RENW-1081,3,2071.66,Received in full
PO-2024-00668,1,VALV-1075,15,27.09,Received in full
PO-2024-00668,2,RENW-1087,18,1007.24,Received in full
PO-2024-00668,3,VENT-1009,11,430.52,Received in full
PO-2024-00668,4,RENW-1192,8,1167.61,Received in full
PO-2024-00669,1,VENT-1028,6,396.74,Received in full
PO-2024-00669,2,PIPE-1150,300,0.39,Part received
PO-2024-00670,1,PIPE-1029,405,4.29,Received in full
PO-2024-00671,1,PIPE-1029,180,4.27,Received in full
PO-2024-00672,1,PIPE-1004,152,1.6,Part received
PO-2024-00672,2,RENW-1100,13,666.0,Received in full
PO-2024-00673,1,VALV-1121,42,82.41,Received in full
PO-2024-00674,1,ELEC-1102,54,11.29,Received in full
PO-2024-00674,2,TOOL-1219,44,0.86,Received in full
PO-2024-00674,3,DRAIN-1016,53,75.09,Received in full
PO-2024-00675,1,ELEC-1107,156,2.48,Received in full
PO-2024-00675,2,TOOL-1077,91,2.59,Received in full
PO-2024-00676,1,TOOL-1077,240,1.93,Part received
PO-2024-00677,1,DRAIN-1145,38,14.3,Received in full
PO-2024-00678,1,RENW-1035,9,1438.34,Received in full
PO-2024-00678,2,RENW-1152,6,1943.06,Received in full
PO-2024-00679,1,VENT-1134,8,46.38,Received in full
PO-2024-00679,2,RENW-1171,6,729.97,Received in full
PO-2024-00679,3,TOOL-1149,41,3.25,Received in full
PO-2024-00679,4,DRAIN-1033,24,8.72,Received in full
PO-2024-00680,1,ELEC-1088,125,13.25,Received in full
PO-2024-00681,1,VALV-1065,20,92.85,Received in full
PO-2024-00681,2,VALV-1204,19,37.58,Received in full
PO-2024-00681,3,PIPE-1061,378,2.11,Part received
PO-2024-00682,1,ELEC-1008,72,4.42,Received in full
PO-2024-00682,2,ELEC-1143,56,16.27,Received in full
PO-2024-00683,1,TOOL-1137,52,21.27,Received in full
PO-2024-00683,2,ELEC-1102,54,11.39,Received in full
PO-2024-00684,1,PIPE-1109,450,3.43,Part received
PO-2024-00684,2,VALV-1056,28,24.74,Received in full
PO-2024-00685,1,PIPE-1064,200,8.13,Received in full
PO-2024-00686,1,DRAIN-1145,46,14.25,Received in full
PO-2024-00687,1,ELEC-1049,156,34.55,Received in full
PO-2024-00687,2,DRAIN-1106,24,9.65,Received in full
PO-2024-00688,1,ELEC-1204,190,17.64,Part received
PO-2024-00688,2,ELEC-1088,180,13.09,Received in full
PO-2024-00689,1,PIPE-1029,465,4.38,Received in full
PO-2024-00689,2,VALV-1024,15,116.81,Received in full
PO-2024-00689,3,RENW-1061,8,1665.69,Received in full
PO-2024-00690,1,ELEC-1214,168,1.4,Received in full
PO-2024-00691,1,VENT-1053,6,31.07,Received in full
PO-2024-00691,2,VENT-1214,18,158.79,Received in full
PO-2024-00691,3,RENW-1105,5,2717.87,Received in full
PO-2024-00691,4,ELEC-1197,71,54.9,Received in full
PO-2024-00692,1,TOOL-1110,144,16.18,Part received
PO-2024-00692,2,TOOL-1051,77,0.83,Part received
PO-2024-00692,3,VALV-1102,84,48.27,Part received
PO-2024-00692,4,TOOL-1144,90,1.04,Part received
PO-2024-00693,1,PIPE-1206,168,0.54,Received in full
PO-2024-00693,2,DRAIN-1179,120,103.28,Received in full
PO-2024-00693,3,VALV-1007,25,11.5,Received in full
PO-2024-00693,4,TOOL-1087,42,2.22,Received in full
PO-2024-00694,1,VENT-1084,8,39.91,Part received
PO-2024-00694,2,HEAT-1016,6,461.59,Received in full
PO-2024-00695,1,ELEC-1107,72,2.44,Received in full
PO-2024-00696,1,PIPE-1064,232,8.21,Received in full
PO-2024-00696,2,VENT-1066,8,43.3,Received in full
PO-2024-00697,1,VALV-1172,15,66.07,Received in full
PO-2024-00697,2,VENT-1060,6,122.12,Received in full
PO-2024-00698,1,TOOL-1003,36,28.08,Received in full
PO-2024-00698,2,TOOL-1018,66,1.11,Received in full
PO-2024-00698,3,RENW-1087,21,1022.79,Received in full
PO-2024-00699,1,PIPE-1168,372,0.87,Part received
PO-2024-00699,2,ELEC-1036,54,2.31,Received in full
PO-2024-00699,3,VALV-1007,18,11.77,Received in full
PO-2024-00700,1,TOOL-1175,102,2.2,Part received
PO-2024-00700,2,TOOL-1067,258,5.82,Part received
PO-2024-00701,1,DRAIN-1047,100,169.41,Received in full
PO-2024-00702,1,PIPE-1094,198,7.82,Part received
PO-2024-00703,1,ELEC-1117,54,3.43,Part received
PO-2024-00704,1,VENT-1129,9,54.49,Received in full
PO-2024-00704,2,PIPE-1156,152,0.54,Received in full
PO-2024-00704,3,ELEC-1005,54,27.57,Received in full
PO-2024-00705,1,ELEC-1217,98,103.49,Part received
PO-2024-00705,2,ELEC-1184,56,105.96,Part received
PO-2024-00705,3,VENT-1119,10,624.86,Received in full
PO-2024-00705,4,TOOL-1092,40,30.76,Received in full
PO-2024-00706,1,VENT-1095,26,144.15,Received in full
PO-2024-00706,2,HEAT-1130,13,665.17,Received in full
PO-2024-00706,3,PIPE-1004,296,1.61,Received in full
PO-2024-00706,4,VALV-1007,32,11.64,Received in full
PO-2024-00707,1,PIPE-1142,180,0.43,Received in full
PO-2024-00707,2,VENT-1002,18,59.34,Received in full
PO-2024-00707,3,DRAIN-1037,24,22.49,Received in full
PO-2024-00708,1,DRAIN-1130,25,57.94,Part received
PO-2024-00708,2,VENT-1084,21,39.15,Received in full
PO-2024-00708,3,TOOL-1175,45,2.76,Part received
PO-2024-00709,1,PIPE-1064,152,8.19,Received in full
PO-2024-00710,1,RENW-1100,26,664.92,Received in full
PO-2024-00710,2,HEAT-1130,10,661.35,Received in full
PO-2024-00710,3,TOOL-1128,510,2.53,Part received
PO-2024-00710,4,PIPE-1214,152,0.42,Received in full
PO-2024-00711,1,VALV-1080,22,130.81,Received in full
PO-2024-00711,2,VALV-1204,21,38.59,Received in full
PO-2024-00711,3,VALV-1014,24,38.57,Received in full
PO-2024-00711,4,VALV-1091,43,68.47,Received in full
PO-2024-00712,1,TOOL-1201,36,11.75,Received in full
PO-2024-00713,1,DRAIN-1179,55,104.15,Received in full
PO-2024-00714,1,RENW-1000,19,1713.17,Received in full
PO-2024-00714,2,PIPE-1109,504,3.42,Received in full
PO-2024-00715,1,RENW-1186,4,1439.88,Received in full
PO-2024-00716,1,VENT-1043,12,47.11,Received in full
PO-2024-00716,2,RENW-1081,3,2032.17,Received in full
PO-2024-00717,1,DRAIN-1192,29,116.03,Received in full
PO-2024-00718,1,VALV-1152,24,9.21,Received in full
PO-2024-00718,2,VALV-1084,32,110.95,Received in full
PO-2024-00719,1,DRAIN-1204,96,5.05,Part received
PO-2024-00719,2,PIPE-1189,342,0.9,Part received
PO-2024-00719,3,PIPE-1025,2079,1.81,Part received
PO-2024-00719,4,PIPE-1044,1666,11.11,Part received
PO-2024-00720,1,TOOL-1137,45,21.02,Received in full
PO-2024-00720,2,RENW-1100,60,666.31,Received in full
PO-2024-00720,3,TOOL-1128,425,2.54,Part received
PO-2024-00721,1,VALV-1110,20,11.72,Part received
PO-2024-00722,1,ELEC-1217,266,101.45,Part received
PO-2024-00723,1,VALV-1121,17,82.75,Received in full
PO-2024-00724,1,PIPE-1064,272,8.17,Part received
PO-2024-00724,2,ELEC-1008,171,4.43,Received in full
PO-2024-00725,1,TOOL-1137,62,21.11,Received in full
PO-2024-00725,2,PIPE-1206,240,0.55,Part received
PO-2024-00725,3,DRAIN-1179,175,101.85,Received in full
PO-2024-00726,1,ELEC-1150,85,15.18,Received in full
PO-2024-00726,2,ELEC-1217,210,103.52,Part received
PO-2024-00727,1,DRAIN-1084,24,7.4,Received in full
PO-2024-00728,1,DRAIN-1214,29,34.55,Received in full
PO-2024-00729,1,ELEC-1197,59,55.14,Received in full
PO-2024-00730,1,VENT-1095,8,144.19,Received in full
PO-2024-00731,1,TOOL-1110,36,20.25,Received in full
PO-2024-00732,1,HEAT-1103,7,197.44,Received in full
PO-2024-00732,2,VENT-1040,6,26.06,Received in full
PO-2024-00732,3,PIPE-1004,248,1.63,Received in full
PO-2024-00732,4,ELEC-1036,76,2.32,Received in full
PO-2024-00733,1,VENT-1119,22,638.93,Received in full
PO-2024-00734,1,VALV-1091,17,69.62,Received in full
PO-2024-00734,2,VALV-1204,15,38.05,Received in full
PO-2024-00734,3,VALV-1065,15,91.82,Received in full
PO-2024-00734,4,VALV-1192,22,37.65,Part received
PO-2024-00735,1,VALV-1196,15,35.48,Received in full
PO-2024-00735,2,PIPE-1206,198,0.54,Part received
PO-2024-00735,3,HEAT-1161,6,776.99,Received in full
PO-2024-00735,4,VENT-1009,11,426.57,Received in full
PO-2024-00736,1,PIPE-1029,405,4.37,Received in full
PO-2024-00737,1,DRAIN-1106,47,9.55,Received in full
PO-2024-00737,2,TOOL-1182,36,2.41,Received in full
PO-2024-00738,1,HEAT-1142,11,431.72,Received in full
PO-2024-00738,2,DRAIN-1016,53,74.57,Received in full
PO-2024-00739,1,VALV-1172,15,64.98,Received in full
PO-2024-00739,2,VENT-1103,8,183.79,Received in full
PO-2024-00740,1,TOOL-1110,64,20.28,Received in full
PO-2024-00740,2,PIPE-1201,1984,11.51,Part received
PO-2024-00740,3,ELEC-1204,145,17.17,Received in full
PO-2024-00741,1,RENW-1000,42,1342.54,Received in full
PO-2024-00741,2,PIPE-1038,468,1.06,Part received
PO-2024-00742,1,ELEC-1008,72,4.39,Part received
PO-2024-00743,1,ELEC-1214,66,1.38,Received in full
PO-2024-00744,1,VALV-1110,15,11.68,Received in full
PO-2024-00745,1,RENW-1000,42,1326.59,Received in full
PO-2024-00746,1,HEAT-1073,7,400.69,Received in full
PO-2024-00746,2,DRAIN-1122,24,38.58,Received in full
PO-2024-00746,3,TOOL-1155,36,36.3,Received in full
PO-2024-00747,1,DRAIN-1068,24,9.59,Received in full
PO-2024-00748,1,PIPE-1168,372,0.88,Received in full
PO-2024-00748,2,RENW-1100,13,662.07,Received in full
PO-2024-00748,3,PIPE-1214,152,0.42,Received in full
PO-2024-00748,4,TOOL-1219,36,0.87,Received in full
PO-2024-00749,1,PIPE-1070,150,13.32,Part received
PO-2024-00749,2,VALV-1056,15,24.8,Received in full
PO-2024-00749,3,VENT-1084,8,39.39,Received in full
PO-2024-00750,1,VENT-1176,6,43.45,Received in full
PO-2024-00750,2,DRAIN-1075,25,62.78,Received in full
PO-2024-00750,3,RENW-1022,5,1197.33,Received in full
PO-2024-00750,4,RENW-1158,3,2799.65,Received in full
PO-2024-00751,1,DRAIN-1005,32,6.96,Received in full
PO-2024-00751,2,HEAT-1151,8,627.9,Received in full
PO-2024-00751,3,RENW-1212,4,1950.38,Received in full
PO-2024-00752,1,HEAT-1124,24,492.84,Received in full
PO-2024-00753,1,RENW-1095,4,2123.26,Received in full
PO-2024-00754,1,VALV-1084,84,82.55,Part received
PO-2024-00754,2,DRAIN-1106,132,7.58,Part received
PO-2024-00754,3,TOOL-1144,90,1.04,Received in full
PO-2024-00754,4,PIPE-1189,342,0.88,Part received
PO-2024-00755,1,ELEC-1204,130,17.53,Received in full
PO-2024-00756,1,PIPE-1165,192,14.28,Received in full
PO-2024-00756,2,HEAT-1130,8,666.7,Received in full
PO-2024-00756,3,VENT-1214,16,157.4,Received in full
PO-2024-00757,1,ELEC-1150,75,14.88,Part received
PO-2024-00758,1,RENW-1087,36,777.1,Part received
PO-2024-00758,2,DRAIN-1106,132,7.53,Part received
PO-2024-00758,3,PIPE-1044,1666,11.16,Part received
PO-2024-00759,1,ELEC-1214,204,1.4,Part received
PO-2024-00760,1,PIPE-1109,504,3.4,Part received
PO-2024-00760,2,PIPE-1070,162,13.03,Received in full
PO-2024-00761,1,VENT-1095,21,142.85,Received in full
PO-2024-00761,2,VENT-1214,18,158.67,Received in full
PO-2024-00761,3,TOOL-1003,36,28.32,Received in full
PO-2024-00761,4,ELEC-1197,71,55.15,Received in full
PO-2024-00762,1,VENT-1214,49,121.58,Received in full
PO-2024-00762,2,VALV-1154,28,47.41,Received in full
PO-2024-00762,3,VALV-1075,20,21.27,Part received
PO-2024-00762,4,TOOL-1051,77,0.84,Received in full
PO-2024-00763,1,VALV-1024,15,115.48,Received in full
PO-2024-00763,2,PIPE-1126,150,7.57,Received in full
PO-2024-00764,1,HEAT-1016,6,465.32,Received in full
PO-2024-00764,2,PIPE-1119,288,6.77,Received in full
PO-2024-00765,1,DRAIN-1145,24,14.37,Received in full
PO-2024-00766,1,PIPE-1206,150,0.55,Received in full
PO-2024-00767,1,HEAT-1082,15,210.42,Received in full
PO-2024-00767,2,HEAT-1059,5,271.57,Received in full
PO-2024-00768,1,DRAIN-1145,46,14.32,Received in full
PO-2024-00768,2,ELEC-1194,68,51.63,Received in full
PO-2024-00768,3,RENW-1152,6,1908.64,Received in full
PO-2024-00769,1,ELEC-1214,144,1.4,Received in full
PO-2024-00770,1,DRAIN-1145,38,14.25,Received in full
PO-2024-00771,1,ELEC-1217,98,101.4,Received in full
PO-2024-00771,2,ELEC-1150,55,14.79,Received in full
PO-2024-00772,1,VENT-1149,11,47.27,Received in full
PO-2024-00772,2,TOOL-1124,36,21.7,Received in full
PO-2024-00773,1,PIPE-1029,180,4.29,Received in full
PO-2024-00774,1,VALV-1102,84,49.32,Part received
PO-2024-00775,1,ELEC-1134,112,87.68,Received in full
PO-2024-00776,1,VENT-1019,11,59.19,Received in full
PO-2024-00777,1,VALV-1163,15,73.44,Received in full
PO-2024-00777,2,ELEC-1119,54,67.56,Received in full
PO-2024-00777,3,PIPE-1029,465,4.35,Part received
PO-2024-00777,4,TOOL-1201,36,12.06,Received in full
PO-2024-00778,1,ELEC-1131,150,20.15,Part received
PO-2024-00779,1,DRAIN-1009,24,7.1,Received in full
PO-2024-00779,2,DRAIN-1033,24,8.74,Received in full
PO-2024-00779,3,RENW-1171,6,728.23,Received in full
PO-2024-00779,4,VENT-1134,8,47.0,Received in full
PO-2024-00780,1,ELEC-1049,338,34.28,Received in full
PO-2024-00781,1,VENT-1019,66,42.66,Part received
PO-2024-00782,1,PIPE-1119,600,6.82,Part received
PO-2024-00782,2,TOOL-1175,36,2.79,Received in full
PO-2024-00782,3,PIPE-1109,450,3.39,Part received
PO-2024-00783,1,VALV-1192,55,38.26,Received in full
PO-2024-00783,2,VALV-1204,21,37.9,Part received
PO-2024-00784,1,RENW-1070,4,811.69,Received in full
PO-2024-00785,1,VENT-1028,6,388.62,Received in full
PO-2024-00786,1,RENW-1031,8,2087.18,Received in full
PO-2024-00786,2,DRAIN-1158,112,78.74,Received in full
PO-2024-00787,1,RENW-1100,26,664.6,Received in full
PO-2024-00787,2,VALV-1002,15,50.01,Received in full
PO-2024-00787,3,TOOL-1171,36,16.75,Received in full
PO-2024-00788,1,DRAIN-1161,60,7.86,Received in full
PO-2024-00788,2,ELEC-1134,112,86.4,Part received
PO-2024-00789,1,PIPE-1004,208,1.6,Received in full
PO-2024-00790,1,ELEC-1107,72,2.44,Received in full
PO-2024-00791,1,ELEC-1184,273,78.98,Part received
PO-2024-00792,1,TOOL-1087,36,2.23,Received in full
PO-2024-00792,2,RENW-1100,13,658.88,Received in full
PO-2024-00792,3,RENW-1087,9,1013.87,Received in full
PO-2024-00793,1,VALV-1187,17,11.2,Received in full
PO-2024-00793,2,DRAIN-1082,24,6.11,Received in full
PO-2024-00793,3,DRAIN-1075,25,61.95,Received in full
PO-2024-00793,4,TOOL-1115,36,1.02,Received in full
PO-2024-00794,1,DRAIN-1047,33,173.7,Received in full
PO-2024-00795,1,PIPE-1165,510,10.95,Part received
PO-2024-00795,2,HEAT-1203,30,477.77,Part received
PO-2024-00796,1,TOOL-1067,144,7.38,Part received
PO-2024-00797,1,ELEC-1143,116,16.19,Received in full
PO-2024-00797,2,PIPE-1064,232,8.25,Part received
PO-2024-00798,1,ELEC-1214,168,1.38,Part received
PO-2024-00798,2,RENW-1018,3,1827.16,Received in full
PO-2024-00799,1,DRAIN-1084,24,7.41,Received in full
PO-2024-00799,2,VENT-1129,9,53.02,Received in full
PO-2024-00800,1,DRAIN-1130,25,57.6,Received in full
PO-2024-00800,2,PIPE-1119,672,6.77,Part received
PO-2024-00800,3,VALV-1056,33,24.6,Received in full
PO-2024-00800,4,VENT-1084,21,39.59,Received in full
PO-2024-00801,1,TOOL-1021,238,1.35,Part received
PO-2024-00801,2,TOOL-1110,144,16.15,Part received
PO-2024-00801,3,PIPE-1175,160,0.28,Part received
PO-2024-00801,4,TOOL-1155,72,26.68,Received in full
PO-2024-00802,1,ELEC-1049,870,27.31,Part received
PO-2024-00802,2,TOOL-1031,147,11.15,Part received
PO-2024-00803,1,HEAT-1082,9,206.45,Received in full
PO-2024-00804,1,ELEC-1204,60,17.49,Part received
PO-2024-00805,1,PIPE-1101,150,1.81,Part received
PO-2024-00805,2,TOOL-1219,36,0.85,Received in full
PO-2024-00806,1,VENT-1185,6,71.02,Received in full
PO-2024-00806,2,DRAIN-1179,145,103.51,Received in full
PO-2024-00806,3,HEAT-1103,7,201.31,Received in full
PO-2024-00806,4,RENW-1192,8,1166.25,Received in full
PO-2024-00807,1,ELEC-1131,378,14.64,Part received
PO-2024-00807,2,PIPE-1165,510,10.78,Part received
PO-2024-00808,1,DRAIN-1016,46,73.32,Received in full
PO-2024-00809,1,HEAT-1064,24,216.98,Received in full
PO-2024-00809,2,PIPE-1168,2118,0.7,Part received
PO-2024-00810,1,HEAT-1082,14,209.45,Received in full
PO-2024-00811,1,ELEC-1217,182,102.59,Part received
PO-2024-00811,2,VENT-1119,22,628.87,Part received
PO-2024-00812,1,VENT-1084,19,39.11,Received in full
PO-2024-00812,2,TOOL-1175,36,2.79,Received in full
PO-2024-00813,1,HEAT-1016,6,471.25,Received in full
PO-2024-00813,2,VENT-1084,8,38.99,Received in full
PO-2024-00814,1,VENT-1084,48,31.46,Part received
PO-2024-00814,2,VALV-1192,138,27.61,Part received
PO-2024-00815,1,ELEC-1158,54,5.01,Part received
PO-2024-00815,2,DRAIN-1009,24,7.13,Received in full
PO-2024-00816,1,DRAIN-1095,55,108.41,Received in full
PO-2024-00816,2,TOOL-1201,36,11.72,Received in full
PO-2024-00817,1,RENW-1022,5,1181.87,Received in full
PO-2024-00817,2,HEAT-1022,6,216.13,Received in full
PO-2024-00817,3,RENW-1180,18,1935.54,Received in full
PO-2024-00817,4,TOOL-1128,510,2.5,Part received
PO-2024-00818,1,TOOL-1087,61,2.18,Received in full
PO-2024-00818,2,PIPE-1004,296,1.62,Received in full
PO-2024-00819,1,RENW-1000,19,1678.62,Received in full
PO-2024-00820,1,PIPE-1094,198,7.74,Part received
PO-2024-00821,1,ELEC-1088,140,13.01,Received in full
PO-2024-00822,1,ELEC-1150,85,14.85,Received in full
PO-2024-00822,2,DRAIN-1204,42,6.92,Received in full
PO-2024-00822,3,VENT-1119,26,620.62,Received in full
PO-2024-00822,4,TOOL-1092,70,30.39,Received in full
PO-2024-00823,1,DRAIN-1179,55,103.97,Received in full
PO-2024-00823,2,PIPE-1135,150,4.13,Part received
PO-2024-00824,1,TOOL-1087,51,2.22,Received in full
PO-2024-00824,2,VENT-1185,6,70.94,Received in full
PO-2024-00825,1,VALV-1121,38,81.71,Received in full
PO-2024-00826,1,HEAT-1142,10,437.98,Received in full
PO-2024-00826,2,TOOL-1163,40,6.81,Received in full
PO-2024-00826,3,VALV-1007,25,11.47,Received in full
PO-2024-00827,1,HEAT-1200,6,945.05,Received in full
PO-2024-00827,2,PIPE-1061,377,2.06,Part received
PO-2024-00827,3,TOOL-1155,36,35.88,Received in full
PO-2024-00827,4,TOOL-1067,104,7.38,Received in full
PO-2024-00828,1,ELEC-1150,75,14.86,Received in full
PO-2024-00829,1,PIPE-1142,150,0.43,Received in full
PO-2024-00830,1,HEAT-1137,7,596.05,Received in full
PO-2024-00830,2,PIPE-1156,152,0.52,Received in full
PO-2024-00831,1,VALV-1065,24,91.75,Received in full
PO-2024-00831,2,VALV-1192,55,38.51,Part received
PO-2024-00831,3,VALV-1014,24,38.98,Received in full
PO-2024-00832,1,DRAIN-1145,46,14.55,Received in full
PO-2024-00833,1,DRAIN-1199,24,5.47,Received in full
PO-2024-00833,2,ELEC-1107,180,2.42,Received in full
PO-2024-00833,3,RENW-1134,3,693.77,Received in full
PO-2024-00833,4,TOOL-1077,105,2.56,Part received
PO-2024-00834,1,DRAIN-1047,69,174.18,Received in full
PO-2024-00835,1,VALV-1056,28,25.15,Received in full
PO-2024-00836,1,VALV-1065,15,93.97,Received in full
PO-2024-00836,2,VALV-1204,15,38.18,Received in full
PO-2024-00837,1,HEAT-1130,10,654.13,Received in full
PO-2024-00837,2,VALV-1102,29,60.47,Received in full
PO-2024-00837,3,RENW-1087,18,1005.98,Received in full
PO-2024-00837,4,TOOL-1018,80,1.11,Received in full
PO-2024-00838,1,TOOL-1007,36,1.9,Received in full
PO-2024-00839,1,PIPE-1142,156,0.42,Received in full
PO-2024-00840,1,VALV-1110,15,11.74,Received in full
PO-2024-00841,1,RENW-1100,61,660.81,Received in full
PO-2024-00842,1,PIPE-1029,570,4.35,Part received
PO-2024-00843,1,VENT-1149,11,47.5,Received in full
PO-2024-00844,1,ELEC-1088,125,13.35,Part received
PO-2024-00844,2,ELEC-1204,130,17.4,Received in full
PO-2024-00845,1,VALV-1110,20,11.8,Received in full
PO-2024-00846,1,TOOL-1219,37,0.85,Received in full
PO-2024-00846,2,TOOL-1137,45,21.16,Received in full
PO-2024-00846,3,PIPE-1101,260,1.77,Part received
PO-2024-00846,4,VENT-1095,18,143.61,Received in full
PO-2024-00847,1,ELEC-1134,56,85.99,Received in full
PO-2024-00847,2,DRAIN-1145,24,14.28,Received in full
PO-2024-00848,1,RENW-1095,9,1757.15,Received in full
PO-2024-00848,2,ELEC-1171,112,40.31,Part received
PO-2024-00848,3,PIPE-1017,858,0.5,Part received
PO-2024-00849,1,PIPE-1142,180,0.43,Received in full
PO-2024-00850,1,VENT-1084,19,39.88,Received in full
PO-2024-00851,1,ELEC-1143,104,16.58,Part received
PO-2024-00852,1,HEAT-1211,7,402.97,Received in full
PO-2024-00853,1,PIPE-1088,308,0.27,Part received
PO-2024-00854,1,HEAT-1016,6,460.46,Received in full
PO-2024-00854,2,VALV-1056,15,24.85,Received in full
PO-2024-00854,3,PIPE-1119,288,6.94,Part received
PO-2024-00855,1,VALV-1056,78,19.04,Part received
PO-2024-00855,2,TOOL-1110,144,16.45,Part received
PO-2024-00855,3,ELEC-1117,224,2.51,Part received
PO-2024-00855,4,ELEC-1088,348,10.49,Part received
PO-2024-00856,1,ELEC-1117,54,3.42,Part received
PO-2024-00857,1,DRAIN-1148,24,8.81,Part received
PO-2024-00857,2,HEAT-1009,5,645.33,Received in full
PO-2024-00857,3,RENW-1112,12,716.56,Received in full
PO-2024-00858,1,DRAIN-1145,38,14.58,Received in full
PO-2024-00858,2,ELEC-1134,104,87.62,Part received
PO-2024-00858,3,DRAIN-1161,52,7.84,Received in full
PO-2024-00859,1,RENW-1100,13,659.48,Received in full
PO-2024-00860,1,HEAT-1112,5,305.38,Received in full
PO-2024-00860,2,HEAT-1203,12,585.7,Received in full
PO-2024-00860,3,PIPE-1109,504,3.39,Part received
PO-2024-00860,4,HEAT-1064,8,269.34,Received in full
PO-2024-00861,1,PIPE-1168,930,0.88,Part received
PO-2024-00861,2,VENT-1053,6,31.87,Received in full
PO-2024-00861,3,RENW-1201,3,999.06,Received in full
PO-2024-00861,4,DRAIN-1075,25,62.31,Received in full
PO-2024-00862,1,ELEC-1107,156,2.47,Received in full
PO-2024-00863,1,DRAIN-1047,33,171.97,Received in full
PO-2024-00864,1,VENT-1119,32,635.21,Received in full
PO-2024-00865,1,VALV-1121,55,83.8,Received in full
PO-2024-00866,1,DRAIN-1122,24,38.52,Received in full
PO-2024-00866,2,TOOL-1067,112,7.53,Received in full
PO-2024-00866,3,HEAT-1039,5,262.63,Received in full
PO-2024-00866,4,HEAT-1073,7,400.97,Received in full
PO-2024-00867,1,DRAIN-1214,29,34.67,Received in full
PO-2024-00868,1,PIPE-1135,150,4.09,Received in full
PO-2024-00868,2,VENT-1214,16,159.62,Received in full
PO-2024-00868,3,TOOL-1163,40,6.76,Received in full
PO-2024-00869,1,RENW-1035,9,1437.18,Received in full
PO-2024-00870,1,VALV-1091,43,69.22,Received in full
PO-2024-00870,2,VALV-1052,15,11.49,Part received
PO-2024-00870,3,PIPE-1061,414,2.1,Part received
PO-2024-00870,4,VALV-1080,22,128.66,Received in full
PO-2024-00871,1,VENT-1043,12,48.03,Received in full
PO-2024-00871,2,ELEC-1094,180,3.22,Part received
PO-2024-00871,3,HEAT-1192,7,260.5,Received in full
PO-2024-00871,4,RENW-1081,3,2031.41,Received in full
PO-2024-00872,1,DRAIN-1047,81,169.46,Received in full
PO-2024-00872,2,VALV-1172,15,65.32,Received in full
PO-2024-00873,1,DRAIN-1051,24,125.83,Received in full
PO-2024-00873,2,RENW-1145,7,2442.92,Received in full
PO-2024-00873,3,RENW-1122,5,1114.42,Received in full
PO-2024-00874,1,TOOL-1201,36,11.77,Received in full
PO-2024-00874,2,DRAIN-1095,62,108.35,Received in full
PO-2024-00874,3,PIPE-1126,150,7.62,Part received
PO-2024-00875,1,PIPE-1119,600,6.85,Part received
PO-2024-00875,2,HEAT-1016,29,464.79,Received in full
PO-2024-00876,1,DRAIN-1106,47,9.51,Received in full
PO-2024-00877,1,ELEC-1107,72,2.47,Part received
PO-2024-00878,1,VALV-1091,17,69.85,Received in full
PO-2024-00879,1,ELEC-1204,60,17.22,Received in full
PO-2024-00880,1,PIPE-1189,342,0.89,Part received
PO-2024-00880,2,TOOL-1092,182,23.07,Part received
PO-2024-00880,3,RENW-1087,36,777.95,Part received
PO-2024-00881,1,ELEC-1107,228,2.44,Part received
PO-2024-00881,2,TOOL-1077,126,2.61,Part received
PO-2024-00882,1,HEAT-1082,15,208.9,Received in full
PO-2024-00882,2,ELEC-1131,150,19.71,Part received
PO-2024-00882,3,HEAT-1059,5,270.33,Received in full
PO-2024-00883,1,VALV-1130,19,18.44,Received in full
PO-2024-00884,1,VENT-1080,6,80.18,Received in full
PO-2024-00884,2,TOOL-1171,36,17.06,Received in full
PO-2024-00884,3,VALV-1196,15,35.56,Received in full
PO-2024-00884,4,VALV-1187,17,11.16,Received in full
PO-2024-00885,1,PIPE-1206,168,0.55,Received in full
PO-2024-00885,2,ELEC-1036,63,2.3,Received in full
PO-2024-00886,1,PIPE-1064,152,8.15,Part received
PO-2024-00886,2,ELEC-1143,56,16.56,Received in full
PO-2024-00886,3,ELEC-1008,72,4.43,Received in full
PO-2024-00887,1,PIPE-1206,150,0.56,Received in full
PO-2024-00888,1,ELEC-1049,364,34.31,Received in full
PO-2024-00888,2,DRAIN-1158,112,79.19,Received in full
PO-2024-00889,1,PIPE-1201,5061,9.72,Part received
PO-2024-00890,1,DRAIN-1016,46,74.2,Received in full
PO-2024-00890,2,HEAT-1130,8,670.55,Received in full
PO-2024-00891,1,RENW-1000,42,1351.98,Part received
PO-2024-00891,2,PIPE-1038,468,1.06,Part received
PO-2024-00892,1,PIPE-1088,308,0.27,Part received
PO-2024-00892,2,TOOL-1175,102,2.21,Part received
PO-2024-00892,3,VALV-1137,42,46.47,Part received
PO-2024-00893,1,DRAIN-1005,72,5.16,Part received
PO-2024-00893,2,TOOL-1149,90,2.4,Part received
PO-2024-00893,3,TOOL-1071,364,2.76,Part received
PO-2024-00893,4,HEAT-1047,9,331.97,Received in full
PO-2024-00894,1,TOOL-1071,364,2.72,Part received
PO-2024-00894,2,ELEC-1117,224,2.52,Part received
PO-2024-00894,3,VALV-1084,84,80.54,Part received
PO-2024-00894,4,TOOL-1149,90,2.43,Part received
PO-2024-00895,1,HEAT-1124,24,497.89,Part received
PO-2024-00896,1,PIPE-1135,180,4.03,Part received
PO-2024-00896,2,RENW-1100,26,648.4,Received in full
PO-2024-00896,3,RENW-1127,3,1215.92,Received in full
PO-2024-00896,4,HEAT-1004,5,232.24,Received in full
PO-2024-00897,1,TOOL-1214,36,9.84,Received in full
PO-2024-00897,2,HEAT-1112,5,306.56,Received in full
PO-2024-00898,1,ELEC-1134,144,85.88,Received in full
PO-2024-00899,1,TOOL-1087,42,2.19,Received in full
PO-2024-00899,2,TOOL-1128,425,2.53,Received in full
PO-2024-00899,3,DRAIN-1179,120,104.69,Received in full
PO-2024-00900,1,VALV-1121,17,83.75,Received in full
PO-2024-00901,1,VALV-1024,15,116.91,Received in full
PO-2024-00902,1,DRAIN-1199,24,5.49,Received in full
PO-2024-00903,1,PIPE-1064,200,8.26,Received in full
PO-2024-00904,1,VENT-1119,10,634.11,Received in full
PO-2024-00904,2,ELEC-1217,98,103.98,Received in full
PO-2024-00904,3,ELEC-1150,55,14.95,Received in full
PO-2024-00905,1,HEAT-1016,66,378.63,Received in full
PO-2024-00905,2,ELEC-1094,408,2.29,Part received
PO-2024-00906,1,HEAT-1039,5,264.52,Received in full
PO-2024-00906,2,DRAIN-1122,24,38.41,Received in full
PO-2024-00906,3,RENW-1053,15,2556.39,Received in full
PO-2024-00906,4,DRAIN-1186,24,52.23,Received in full
PO-2024-00907,1,HEAT-1137,7,598.47,Received in full
PO-2024-00908,1,RENW-1010,7,2814.58,Received in full
PO-2024-00909,1,PIPE-1142,180,0.43,Part received
PO-2024-00910,1,ELEC-1088,140,13.02,Received in full
PO-2024-00910,2,RENW-1186,4,1438.03,Received in full
PO-2024-00910,3,VENT-1158,6,114.12,Received in full
PO-2024-00911,1,ELEC-1143,116,16.15,Received in full
PO-2024-00911,2,VENT-1199,9,64.92,Received in full
PO-2024-00912,1,VENT-1080,6,81.34,Received in full
PO-2024-00912,2,TOOL-1137,52,21.55,Received in full
PO-2024-00912,3,HEAT-1142,11,436.52,Received in full
PO-2024-00912,4,ELEC-1075,54,28.62,Received in full
PO-2024-00913,1,VALV-1065,20,92.65,Received in full
PO-2024-00913,2,VALV-1091,37,68.32,Received in full
PO-2024-00913,3,VALV-1152,24,9.26,Received in full
PO-2024-00913,4,PIPE-1061,378,2.08,Part received
PO-2024-00914,1,HEAT-1203,15,586.06,Received in full
PO-2024-00914,2,HEAT-1064,8,274.58,Received in full
PO-2024-00915,1,HEAT-1182,5,433.98,Received in full
PO-2024-00915,2,VALV-1007,32,11.66,Received in full
PO-2024-00915,3,PIPE-1004,248,1.63,Received in full
PO-2024-00915,4,HEAT-1109,5,243.95,Received in full
PO-2024-00916,1,ELEC-1162,54,23.7,Received in full
PO-2024-00916,2,PIPE-1150,300,0.39,Part received
PO-2024-00916,3,DRAIN-1025,24,59.85,Received in full
PO-2024-00916,4,VENT-1141,6,165.5,Received in full
PO-2024-00917,1,RENW-1100,13,658.68,Received in full
PO-2024-00917,2,DRAIN-1179,55,102.92,Received in full
PO-2024-00917,3,TOOL-1087,36,2.18,Received in full
PO-2024-00918,1,HEAT-1016,6,466.07,Received in full
PO-2024-00918,2,PIPE-1070,150,13.19,Received in full
PO-2024-00919,1,PIPE-1029,180,4.26,Received in full
PO-2024-00920,1,VALV-1110,23,11.92,Received in full
PO-2024-00920,2,VALV-1113,15,8.97,Received in full
PO-2024-00921,1,DRAIN-1075,25,62.23,Received in full
PO-2024-00921,2,TOOL-1171,36,16.9,Received in full
PO-2024-00922,1,ELEC-1214,144,1.37,Received in full
PO-2024-00923,1,ELEC-1131,378,14.79,Part received
PO-2024-00924,1,HEAT-1142,28,357.17,Part received
PO-2024-00924,2,TOOL-1067,258,5.92,Part received
PO-2024-00925,1,RENW-1087,21,1018.64,Received in full
PO-2024-00925,2,ELEC-1197,59,55.52,Received in full
PO-2024-00925,3,RENW-1100,60,660.81,Received in full
PO-2024-00925,4,ELEC-1036,63,2.3,Received in full
PO-2024-00926,1,HEAT-1211,5,407.9,Received in full
PO-2024-00927,1,VALV-1084,84,81.53,Part received
PO-2024-00927,2,TOOL-1021,238,1.37,Part received
PO-2024-00927,3,PIPE-1168,2118,0.69,Part received
PO-2024-00927,4,TOOL-1071,364,2.73,Part received
PO-2024-00928,1,HEAT-1168,5,483.65,Received in full
PO-2024-00928,2,ELEC-1197,71,54.61,Received in full
PO-2024-00928,3,RENW-1087,18,1011.51,Received in full
PO-2024-00929,1,ELEC-1008,171,4.41,Part received
PO-2024-00929,2,TOOL-1100,36,22.83,Received in full
PO-2024-00930,1,ELEC-1214,168,1.37,Part received
PO-2024-00930,2,HEAT-1033,7,785.9,Received in full
PO-2024-00931,1,VENT-1075,6,177.91,Received in full
PO-2024-00931,2,VALV-1024,15,116.14,Received in full
PO-2024-00932,1,DRAIN-1214,35,34.8,Received in full
PO-2024-00932,2,RENW-1042,6,780.99,Received in full
PO-2024-00933,1,HEAT-1082,14,206.96,Received in full
PO-2024-00934,1,HEAT-1142,10,435.66,Received in full
PO-2024-00935,1,DRAIN-1047,33,172.1,Received in full
PO-2024-00936,1,VALV-1091,17,68.5,Received in full
PO-2024-00937,1,DRAIN-1106,24,9.45,Received in full
PO-2024-00938,1,ELEC-1049,870,27.23,Part received
PO-2024-00938,2,VALV-1192,138,27.56,Part received
PO-2024-00938,3,DRAIN-1158,264,59.4,Part received
PO-2024-00939,1,PIPE-1201,1984,11.74,Part received
PO-2024-00939,2,VALV-1130,19,18.6,Received in full
PO-2024-00939,3,ELEC-1204,145,17.28,Part received
PO-2024-00940,1,ELEC-1150,85,14.88,Received in full
PO-2024-00940,2,VENT-1168,9,212.03,Received in full
PO-2024-00940,3,DRAIN-1204,42,6.81,Part received
PO-2024-00940,4,HEAT-1211,8,407.62,Received in full
PO-2024-00941,1,TOOL-1214,36,9.84,Received in full
PO-2024-00941,2,PIPE-1119,672,6.95,Part received
PO-2024-00941,3,VALV-1056,33,24.87,Received in full
PO-2024-00942,1,PIPE-1029,405,4.36,Part received
PO-2024-00942,2,DRAIN-1095,55,107.5,Received in full
PO-2024-00943,1,TOOL-1021,76,1.7,Received in full
PO-2024-00943,2,DRAIN-1047,69,172.03,Received in full
PO-2024-00944,1,HEAT-1082,20,209.25,Received in full
PO-2024-00945,1,VALV-1121,42,81.71,Received in full
PO-2024-00946,1,HEAT-1016,6,463.67,Received in full
PO-2024-00946,2,PIPE-1109,216,3.42,Received in full
PO-2024-00946,3,PIPE-1119,288,6.95,Received in full
PO-2024-00947,1,VENT-1095,8,143.18,Received in full
PO-2024-00947,2,HEAT-1130,5,657.4,Received in full
PO-2024-00947,3,PIPE-1004,152,1.63,Part received
PO-2024-00948,1,PIPE-1064,152,8.1,Received in full
PO-2024-00949,1,ELEC-1049,338,34.46,Part received
PO-2024-00949,2,TOOL-1182,36,2.35,Received in full
PO-2024-00950,1,HEAT-1203,12,583.04,Received in full
PO-2024-00950,2,VENT-1084,21,39.68,Received in full
PO-2024-00951,1,RENW-1031,8,2042.51,Received in full
PO-2024-00951,2,PIPE-1142,180,0.43,Part received
PO-2024-00952,1,TOOL-1018,66,1.1,Received in full
PO-2024-00952,2,TOOL-1219,37,0.86,Received in full
PO-2024-00952,3,PIPE-1186,152,0.92,Part received
PO-2024-00953,1,PIPE-1094,198,7.85,Part received
PO-2024-00954,1,DRAIN-1179,175,102.27,Received in full
PO-2024-00954,2,PIPE-1206,240,0.55,Received in full
PO-2024-00954,3,HEAT-1130,13,653.21,Received in full
PO-2024-00954,4,TOOL-1137,62,21.51,Part received
PO-2024-00955,1,RENW-1152,6,1942.42,Received in full
PO-2024-00955,2,DRAIN-1145,46,14.45,Received in full
PO-2024-00955,3,DRAIN-1161,60,7.79,Received in full
PO-2024-00956,1,RENW-1171,6,712.48,Received in full
PO-2024-00957,1,PIPE-1029,465,4.29,Part received
PO-2024-00957,2,DRAIN-1095,62,109.7,Received in full
PO-2024-00958,1,VALV-1102,29,60.66,Received in full
PO-2024-00958,2,ELEC-1036,76,2.29,Part received
PO-2024-00958,3,RENW-1158,3,2781.6,Received in full
PO-2024-00958,4,RENW-1100,26,651.65,Received in full
PO-2024-00959,1,ELEC-1107,180,2.48,Part received
PO-2024-00959,2,TOOL-1077,105,2.59,Received in full
PO-2024-00960,1,DRAIN-1145,24,14.26,Received in full
PO-2024-00960,2,ELEC-1134,56,85.75,Received in full
PO-2024-00961,1,HEAT-1009,5,639.99,Received in full
PO-2024-00962,1,ELEC-1150,75,14.75,Received in full
PO-2024-00963,1,PIPE-1214,152,0.41,Part received
PO-2024-00963,2,TOOL-1003,36,28.12,Received in full
PO-2024-00963,3,PIPE-1135,150,4.05,Part received
PO-2024-00963,4,DRAIN-1016,46,73.81,Received in full
PO-2024-00964,1,HEAT-1082,9,205.28,Received in full
PO-2024-00965,1,ELEC-1214,66,1.41,Received in full
PO-2024-00966,1,ELEC-1005,54,27.76,Received in full
PO-2024-00966,2,VENT-1129,9,53.95,Received in full
PO-2024-00967,1,PIPE-1142,228,0.44,Received in full
PO-2024-00968,1,HEAT-1016,66,379.58,Part received
PO-2024-00968,2,PIPE-1079,168,0.71,Part received
PO-2024-00969,1,ELEC-1131,378,14.67,Part received
PO-2024-00969,2,VALV-1152,66,6.6,Part received
PO-2024-00970,1,TOOL-1031,147,11.08,Part received
PO-2024-00970,2,PIPE-1150,791,0.29,Part received
PO-2024-00971,1,VALV-1204,19,37.54,Part received
PO-2024-00971,2,VALV-1065,20,92.3,Received in full
PO-2024-00972,1,VALV-1204,15,37.61,Received in full
PO-2024-00972,2,VALV-1065,15,93.89,Received in full
PO-2024-00973,1,HEAT-1016,66,385.47,Part received
PO-2024-00973,2,PIPE-1017,858,0.49,Part received
PO-2024-00974,1,VALV-1121,38,81.87,Part received
PO-2024-00975,1,PIPE-1142,156,0.43,Received in full
PO-2024-00976,1,HEAT-1182,5,438.85,Received in full
PO-2024-00976,2,HEAT-1004,5,233.65,Received in full
PO-2024-00976,3,PIPE-1135,180,4.12,Received in full
PO-2024-00976,4,DRAIN-1016,53,74.6,Received in full
PO-2024-00977,1,VENT-1103,8,181.15,Received in full
PO-2024-00977,2,DRAIN-1047,81,169.51,Received in full
PO-2024-00977,3,HEAT-1089,5,488.52,Received in full
PO-2024-00978,1,ELEC-1217,210,104.09,Part received
PO-2024-00978,2,DRAIN-1051,24,125.77,Received in full
PO-2024-00978,3,RENW-1122,5,1112.19,Received in full
PO-2024-00979,1,ELEC-1204,130,17.34,Received in full
PO-2024-00979,2,ELEC-1088,125,13.01,Received in full
PO-2024-00980,1,DRAIN-1161,52,7.84,Received in full
PO-2024-00981,1,VENT-1019,66,43.29,Part received
PO-2024-00982,1,TOOL-1201,36,11.78,Received in full
PO-2024-00983,1,DRAIN-1106,47,9.58,Part received
PO-2024-00984,1,DRAIN-1106,24,9.47,Received in full
PO-2024-00985,1,ELEC-1204,190,17.35,Received in full
PO-2024-00986,1,HEAT-1082,15,209.8,Received in full
PO-2024-00987,1,HEAT-1137,7,606.08,Received in full
PO-2024-00987,2,VENT-1129,9,53.49,Received in full
PO-2024-00988,1,ELEC-1197,71,54.94,Received in full
PO-2024-00988,2,TOOL-1128,510,2.51,Received in full
PO-2024-00988,3,PIPE-1206,198,0.54,Received in full
PO-2024-00988,4,TOOL-1219,44,0.87,Part received
PO-2024-00989,1,TOOL-1163,36,6.79,Received in full
PO-2024-00989,2,PIPE-1206,150,0.56,Part received
PO-2024-00989,3,ELEC-1036,54,2.32,Received in full
PO-2024-00990,1,VALV-1121,55,82.11,Part received
PO-2024-00991,1,HEAT-1200,8,956.26,Received in full
PO-2024-00991,2,TOOL-1067,112,7.35,Part received
PO-2024-00991,3,PIPE-1061,406,2.03,Part received
PO-2024-00991,4,PIPE-1044,672,14.77,Part received
PO-2024-00992,1,VALV-1192,55,37.92,Received in full
PO-2024-00992,2,VALV-1065,24,93.08,Received in full
PO-2024-00992,3,VALV-1204,21,37.53,Part received
PO-2024-00992,4,VALV-1042,17,12.73,Received in full
PO-2024-00993,1,VENT-1043,12,47.89,Received in full
PO-2024-00993,2,DRAIN-1214,35,34.91,Received in full
PO-2024-00994,1,TOOL-1182,37,2.38,Received in full
PO-2024-00994,2,ELEC-1049,364,34.66,Received in full
PO-2024-00995,1,HEAT-1016,6,471.53,Received in full
PO-2024-00996,1,VALV-1121,17,83.3,Received in full
PO-2024-00997,1,HEAT-1211,5,408.89,Received in full
PO-2024-00997,2,ELEC-1217,98,102.54,Part received
PO-2024-00997,3,VENT-1119,10,624.31,Received in full
PO-2024-00998,1,HEAT-1022,6,211.45,Received in full
PO-2024-00998,2,ELEC-1031,54,1.88,Received in full
PO-2024-00998,3,PIPE-1101,290,1.79,Received in full
PO-2024-00998,4,HEAT-1130,10,658.1,Received in full
PO-2024-00999,1,VENT-1205,7,24.21,Received in full
PO-2024-00999,2,VALV-1030,15,25.15,Received in full
PO-2024-00999,3,HEAT-1064,8,273.33,Received in full
PO-2024-00999,4,PIPE-1109,504,3.37,Received in full
PO-2024-01000,1,TOOL-1031,147,11.06,Part received
PO-2024-01000,2,PIPE-1150,791,0.29,Part received
PO-2024-01001,1,PIPE-1119,600,6.87,Received in full
PO-2024-01001,2,VENT-1084,19,39.5,Received in full
PO-2024-01001,3,VALV-1056,28,24.67,Received in full
PO-2024-01002,1,DRAIN-1113,24,15.43,Received in full
PO-2024-01002,2,ELEC-1143,56,16.25,Received in full
PO-2024-01003,1,RENW-1035,9,1420.42,Part received
PO-2024-01004,1,RENW-1186,4,1428.81,Received in full
PO-2024-01005,1,VALV-1014,24,38.56,Received in full
PO-2024-01005,2,VALV-1175,15,40.99,Part received
PO-2024-01006,1,VENT-1002,18,58.43,Received in full
PO-2024-01007,1,HEAT-1130,8,660.89,Received in full
PO-2024-01007,2,TOOL-1137,45,21.45,Received in full
PO-2024-01007,3,HEAT-1142,10,432.93,Received in full
PO-2024-01008,1,HEAT-1161,6,770.09,Received in full
PO-2024-01008,2,RENW-1087,18,998.35,Received in full
PO-2024-01008,3,VENT-1009,11,424.77,Received in full
PO-2024-01009,1,ELEC-1119,54,67.99,Received in full
PO-2024-01010,1,DRAIN-1130,25,57.2,Received in full
PO-2024-01010,2,HEAT-1203,12,581.92,Received in full
PO-2024-01010,3,RENW-1010,7,2826.82,Received in full
PO-2024-01011,1,ELEC-1014,54,2.61,Received in full
PO-2024-01011,2,ELEC-1143,116,16.22,Part received
PO-2024-01011,3,HEAT-1054,5,490.74,Received in full
PO-2024-01011,4,VENT-1066,8,42.78,Received in full
PO-2024-01012,1,ELEC-1107,156,2.48,Part received
PO-2024-01013,1,RENW-1042,6,791.39,Received in full
PO-2024-01014,1,VALV-1163,15,72.35,Received in full
PO-2024-01014,2,RENW-1061,8,1709.38,Received in full
PO-2024-01014,3,ELEC-1119,54,68.17,Received in full
PO-2024-01015,1,RENW-1100,13,657.71,Received in full
PO-2024-01015,2,VALV-1007,18,11.48,Received in full
PO-2024-01016,1,ELEC-1217,182,102.25,Received in full
PO-2024-01016,2,ELEC-1184,91,103.16,Received in full
PO-2024-01017,1,HEAT-1168,5,488.67,Received in full
PO-2024-01017,2,ELEC-1025,54,29.42,Received in full
PO-2024-01017,3,TOOL-1115,36,1.04,Received in full
PO-2024-01017,4,RENW-1022,5,1215.03,Received in full
PO-2024-01018,1,HEAT-1082,9,209.32,Received in full
PO-2024-01019,1,ELEC-1088,348,10.6,Part received
PO-2024-01019,2,PIPE-1061,990,1.49,Part received
PO-2024-01020,1,DRAIN-1192,29,113.8,Received in full
PO-2024-01020,2,TOOL-1007,36,1.9,Received in full
PO-2024-01020,3,HEAT-1094,5,539.73,Received in full
PO-2024-01021,1,VALV-1204,19,37.49,Received in full
PO-2024-01021,2,PIPE-1061,378,2.14,Part received
PO-2024-01022,1,DRAIN-1047,33,172.55,Received in full
PO-2024-01023,1,ELEC-1107,72,2.47,Part received
PO-2024-01024,1,DRAIN-1056,24,23.58,Received in full
PO-2024-01025,1,ELEC-1008,630,3.52,Part received
PO-2024-01025,2,ELEC-1184,273,79.6,Part received
PO-2024-01026,1,HEAT-1022,6,216.69,Received in full
PO-2024-01026,2,HEAT-1161,6,765.24,Received in full
PO-2024-01027,1,ELEC-1194,68,51.16,Received in full
PO-2024-01027,2,RENW-1035,9,1437.84,Received in full
PO-2024-01028,1,TOOL-1128,1140,2.06,Part received
PO-2024-01028,2,VALV-1215,48,16.8,Received in full
PO-2024-01029,1,HEAT-1151,8,639.05,Received in full
PO-2024-01029,2,ELEC-1162,54,23.58,Received in full
PO-2024-01030,1,VALV-1113,15,9.01,Received in full
PO-2024-01031,1,TOOL-1137,52,21.18,Received in full
PO-2024-01032,1,VALV-1091,112,49.59,Part received
PO-2024-01033,1,ELEC-1143,104,16.13,Received in full
PO-2024-01033,2,ELEC-1008,171,4.4,Received in full
PO-2024-01034,1,DRAIN-1145,38,14.47,Received in full
PO-2024-01034,2,ELEC-1134,104,87.66,Part received
PO-2024-01035,1,TOOL-1163,40,6.87,Received in full
PO-2024-01035,2,DRAIN-1179,120,103.4,Part received
PO-2024-01035,3,TOOL-1087,42,2.19,Received in full
PO-2024-01036,1,HEAT-1016,6,468.43,Received in full
PO-2024-01037,1,PIPE-1029,180,4.36,Received in full
PO-2024-01038,1,PIPE-1135,150,4.03,Received in full
PO-2024-01038,2,PIPE-1101,150,1.77,Received in full
PO-2024-01039,1,PIPE-1109,1400,2.68,Part received
PO-2024-01039,2,TOOL-1144,90,1.05,Part received
PO-2024-01039,3,TOOL-1182,90,1.89,Part received
PO-2024-01039,4,TOOL-1051,77,0.82,Part received
PO-2024-01040,1,TOOL-1067,104,7.33,Part received
PO-2024-01040,2,HEAT-1200,6,955.01,Received in full
PO-2024-01040,3,TOOL-1155,36,35.55,Received in full
PO-2024-01041,1,DRAIN-1214,29,34.72,Received in full
PO-2024-01042,1,HEAT-1082,15,209.11,Received in full
PO-2024-01043,1,RENW-1068,3,2821.43,Received in full
PO-2024-01043,2,ELEC-1031,54,1.89,Received in full
PO-2024-01043,3,PIPE-1168,930,0.89,Part received
PO-2024-01043,4,RENW-1070,3,981.92,Received in full
PO-2024-01044,1,RENW-1112,12,705.93,Received in full
PO-2024-01044,2,ELEC-1117,90,3.44,Part received
PO-2024-01044,3,HEAT-1175,5,268.82,Received in full
PO-2024-01044,4,RENW-1203,6,757.06,Received in full
PO-2024-01045,1,DRAIN-1113,43,15.28,Received in full
PO-2024-01046,1,TOOL-1110,56,20.52,Received in full
PO-2024-01047,1,RENW-1100,13,664.61,Received in full
PO-2024-01048,1,HEAT-1082,20,206.23,Received in full
PO-2024-01049,1,ELEC-1217,266,102.28,Received in full
PO-2024-01050,1,TOOL-1018,180,0.85,Part received
PO-2024-01050,2,VALV-1091,112,48.83,Part received
PO-2024-01051,1,HEAT-1200,8,943.08,Received in full
PO-2024-01051,2,HEAT-1039,5,261.36,Received in full
PO-2024-01051,3,TOOL-1067,112,7.42,Received in full
PO-2024-01051,4,HEAT-1073,7,402.0,Received in full
PO-2024-01052,1,PIPE-1079,168,0.7,Part received
PO-2024-01052,2,ELEC-1094,408,2.31,Part received
PO-2024-01052,3,HEAT-1004,8,183.85,Received in full
PO-2024-01053,1,ELEC-1088,348,10.65,Part received
PO-2024-01053,2,PIPE-1011,168,0.41,Part received
PO-2024-01053,3,TOOL-1182,90,1.92,Part received
PO-2024-01053,4,RENW-1087,36,798.29,Part received
PO-2024-01054,1,ELEC-1197,59,54.61,Received in full
PO-2024-01054,2,VENT-1214,16,160.0,Received in full
PO-2024-01055,1,DRAIN-1047,33,171.32,Received in full
PO-2024-01056,1,VENT-1095,8,143.66,Received in full
PO-2024-01057,1,VALV-1121,17,83.61,Received in full
PO-2024-01058,1,HEAT-1103,7,199.4,Received in full
PO-2024-01058,2,RENW-1100,26,651.42,Received in full
PO-2024-01058,3,HEAT-1142,11,434.19,Received in full
PO-2024-01058,4,PIPE-1214,152,0.42,Part received
PO-2024-01059,1,VALV-1172,36,53.34,Received in full
PO-2024-01059,2,PIPE-1025,2079,1.77,Part received
PO-2024-01059,3,HEAT-1064,24,214.93,Received in full
PO-2024-01059,4,RENW-1161,11,509.78,Received in full
PO-2024-01060,1,VALV-1204,21,38.31,Received in full
PO-2024-01060,2,VALV-1091,43,69.59,Received in full
PO-2024-01060,3,VALV-1080,22,128.96,Received in full
PO-2024-01060,4,VALV-1065,24,93.92,Received in full
PO-2024-01061,1,ELEC-1150,75,14.96,Part received
PO-2024-01061,2,HEAT-1211,7,407.43,Part received
PO-2024-01061,3,VENT-1119,22,632.11,Received in full
PO-2024-01062,1,RENW-1171,6,725.63,Received in full
PO-2024-01062,2,DRAIN-1009,24,7.21,Received in full
PO-2024-01063,1,HEAT-1124,24,489.13,Received in full
PO-2024-01064,1,TOOL-1175,36,2.78,Received in full
PO-2024-01065,1,RENW-1081,3,2086.32,Received in full
PO-2024-01065,2,RENW-1042,6,782.71,Received in full
PO-2024-01066,1,RENW-1105,5,2679.6,Received in full
PO-2024-01066,2,VALV-1187,17,11.15,Received in full
PO-2024-01066,3,DRAIN-1179,145,102.11,Received in full
PO-2024-01066,4,HEAT-1168,5,487.11,Received in full
PO-2024-01067,1,VALV-1215,21,21.34,Received in full
PO-2024-01067,2,ELEC-1214,168,1.39,Received in full
PO-2024-01067,3,VENT-1115,6,40.89,Received in full
PO-2024-01068,1,PIPE-1029,465,4.26,Received in full
PO-2024-01068,2,TOOL-1201,36,11.9,Received in full
PO-2024-01069,1,VALV-1084,15,111.84,Received in full
PO-2024-01069,2,VALV-1091,17,68.16,Part received
PO-2024-01070,1,PIPE-1142,228,0.43,Received in full
PO-2025-01071,1,HEAT-1112,5,304.7,Received in full
PO-2025-01072,1,ELEC-1107,180,2.43,Part received
PO-2025-01073,1,HEAT-1082,14,209.13,Part received
PO-2025-01074,1,HEAT-1137,7,611.09,Received in full
PO-2025-01075,1,DRAIN-1016,53,74.06,Received in full
PO-2025-01075,2,PIPE-1004,248,1.61,Part received
PO-2025-01075,3,TOOL-1087,51,2.23,Received in full
PO-2025-01075,4,ELEC-1036,76,2.33,Received in full
PO-2025-01076,1,DRAIN-1122,24,38.99,Received in full
PO-2025-01077,1,VALV-1110,20,11.58,Received in full
PO-2025-01078,1,PIPE-1214,152,0.41,Received in full
PO-2025-01078,2,PIPE-1168,806,0.89,Part received
PO-2025-01078,3,RENW-1100,60,664.77,Received in full
PO-2025-01078,4,TOOL-1163,40,6.74,Received in full
PO-2025-01079,1,PIPE-1165,510,10.88,Part received
PO-2025-01079,2,HEAT-1203,30,466.92,Received in full
PO-2025-01080,1,RENW-1180,18,1909.52,Received in full
PO-2025-01080,2,VENT-1095,21,144.02,Received in full
PO-2025-01080,3,HEAT-1022,6,213.5,Received in full
PO-2025-01080,4,DRAIN-1082,24,6.19,Received in full
PO-2025-01081,1,PIPE-1029,405,4.27,Part received
PO-2025-01081,2,DRAIN-1095,55,107.43,Received in full
PO-2025-01082,1,DRAIN-1179,55,103.71,Part received
PO-2025-01082,2,TOOL-1219,36,0.86,Received in full
PO-2025-01082,3,HEAT-1130,5,669.03,Received in full
PO-2025-01083,1,VALV-1091,17,68.4,Received in full
PO-2025-01083,2,VALV-1084,15,110.43,Received in full
PO-2025-01084,1,DRAIN-1106,132,7.54,Part received
PO-2025-01085,1,PIPE-1070,150,13.11,Received in full
PO-2025-01086,1,TOOL-1192,36,4.17,Received in full
PO-2025-01086,2,PIPE-1201,1984,11.74,Part received
PO-2025-01087,1,HEAT-1203,30,472.87,Part received
PO-2025-01088,1,HEAT-1142,28,349.47,Part received
PO-2025-01088,2,TOOL-1077,240,1.93,Part received
PO-2025-01088,3,TOOL-1067,258,5.78,Part received
PO-2025-01089,1,PIPE-1109,504,3.41,Part received
PO-2025-01090,1,VALV-1187,17,11.02,Received in full
PO-2025-01090,2,RENW-1192,8,1169.85,Received in full
PO-2025-01090,3,RENW-1201,3,1009.06,Received in full
PO-2025-01090,4,VALV-1102,29,60.77,Part received
PO-2025-01091,1,ELEC-1150,85,15.08,Received in full
PO-2025-01091,2,ELEC-1217,210,102.14,Part received
PO-2025-01091,3,HEAT-1211,8,404.56,Received in full
PO-2025-01092,1,PIPE-1119,288,6.9,Received in full
PO-2025-01093,1,HEAT-1082,9,204.36,Received in full
PO-2025-01094,1,VALV-1007,32,11.55,Received in full
PO-2025-01094,2,TOOL-1219,52,0.87,Received in full
PO-2025-01094,3,TOOL-1128,612,2.56,Part received
PO-2025-01095,1,HEAT-1124,10,646.83,Received in full
PO-2025-01095,2,HEAT-1059,5,271.45,Received in full
PO-2025-01096,1,ELEC-1049,338,35.08,Part received
PO-2025-01096,2,PIPE-1142,156,0.43,Received in full
PO-2025-01097,1,PIPE-1135,150,4.03,Part received
PO-2025-01097,2,VALV-1007,25,11.55,Received in full
PO-2025-01097,3,PIPE-1101,260,1.79,Part received
PO-2025-01098,1,RENW-1031,8,2074.8,Received in full
PO-2025-01098,2,ELEC-1049,364,34.53,Part received
PO-2025-01098,3,DRAIN-1158,112,78.89,Received in full
PO-2025-01099,1,VALV-1163,15,73.21,Received in full
PO-2025-01100,1,VALV-1192,55,37.93,Part received
PO-2025-01100,2,VALV-1080,22,127.98,Received in full
PO-2025-01100,3,VALV-1084,37,110.68,Part received
PO-2025-01100,4,PIPE-1061,414,2.12,Part received
PO-2025-01101,1,DRAIN-1047,81,173.11,Received in full
PO-2025-01102,1,HEAT-1211,7,411.36,Received in full
PO-2025-01102,2,ELEC-1217,182,104.34,Part received
PO-2025-01102,3,TOOL-1092,60,30.42,Received in full
PO-2025-01103,1,ELEC-1217,98,102.12,Received in full
PO-2025-01103,2,HEAT-1211,5,409.22,Received in full
PO-2025-01104,1,PIPE-1094,198,7.71,Part received
PO-2025-01104,2,ELEC-1008,630,3.54,Part received
PO-2025-01104,3,ELEC-1184,273,80.17,Part received
PO-2025-01105,1,VALV-1110,23,11.66,Received in full
PO-2025-01105,2,VALV-1113,15,9.03,Received in full
PO-2025-01106,1,ELEC-1197,71,55.4,Part received
PO-2025-01106,2,VENT-1176,6,43.36,Received in full
PO-2025-01106,3,PIPE-1135,180,4.05,Received in full
PO-2025-01106,4,ELEC-1031,54,1.9,Received in full
PO-2025-01107,1,VALV-1065,20,93.53,Received in full
PO-2025-01107,2,VALV-1204,19,37.93,Received in full
PO-2025-01108,1,RENW-1100,13,651.96,Received in full
PO-2025-01108,2,HEAT-1142,5,441.49,Received in full
PO-2025-01108,3,PIPE-1101,150,1.76,Received in full
PO-2025-01109,1,TOOL-1071,364,2.74,Part received
PO-2025-01110,1,VALV-1110,15,11.87,Received in full
PO-2025-01111,1,HEAT-1203,30,473.93,Part received
PO-2025-01111,2,DRAIN-1161,154,5.72,Part received
PO-2025-01112,1,RENW-1081,3,2039.4,Received in full
PO-2025-01112,2,DRAIN-1214,35,35.24,Received in full
PO-2025-01112,3,VENT-1043,12,47.02,Received in full
PO-2025-01113,1,PIPE-1142,150,0.43,Received in full
PO-2025-01114,1,HEAT-1200,8,944.9,Received in full
PO-2025-01114,2,RENW-1053,15,2524.51,Received in full
PO-2025-01114,3,PIPE-1044,672,14.83,Part received
PO-2025-01115,1,RENW-1018,3,1798.83,Received in full
PO-2025-01115,2,PIPE-1189,155,1.12,Received in full
PO-2025-01116,1,ELEC-1107,156,2.48,Part received
PO-2025-01117,1,ELEC-1008,630,3.48,Part received
PO-2025-01118,1,HEAT-1192,7,259.29,Received in full
PO-2025-01119,1,ELEC-1143,116,16.23,Received in full
PO-2025-01120,1,VALV-1121,38,82.49,Received in full
PO-2025-01120,2,ELEC-1046,54,53.09,Part received
PO-2025-01121,1,PIPE-1126,150,7.54,Received in full
PO-2025-01122,1,HEAT-1016,66,384.79,Part received
PO-2025-01122,2,PIPE-1017,858,0.49,Part received
PO-2025-01122,3,ELEC-1094,408,2.33,Part received
PO-2025-01123,1,ELEC-1214,204,1.41,Part received
PO-2025-01124,1,HEAT-1082,15,207.63,Part received
PO-2025-01125,1,HEAT-1130,10,661.98,Received in full
PO-2025-01125,2,HEAT-1161,6,778.84,Received in full
PO-2025-01125,3,RENW-1158,3,2813.59,Received in full
PO-2025-01125,4,DRAIN-1016,53,75.23,Received in full
PO-2025-01126,1,HEAT-1161,12,598.38,Received in full
PO-2025-01126,2,TOOL-1077,240,1.92,Part received
PO-2025-01127,1,ELEC-1162,54,23.86,Received in full
PO-2025-01128,1,DRAIN-1095,62,107.94,Received in full
PO-2025-01128,2,VALV-1163,15,73.65,Part received
PO-2025-01129,1,TOOL-1205,48,1.17,Received in full
PO-2025-01129,2,PIPE-1119,1876,5.2,Part received
PO-2025-01129,3,ELEC-1046,196,37.08,Part received
PO-2025-01129,4,TOOL-1144,90,1.06,Part received
PO-2025-01130,1,RENW-1087,21,1014.22,Received in full
PO-2025-01130,2,PIPE-1004,208,1.62,Part received
PO-2025-01130,3,TOOL-1219,37,0.86,Received in full
PO-2025-01131,1,DRAIN-1179,55,104.21,Received in full
PO-2025-01132,1,ELEC-1134,56,86.45,Received in full
PO-2025-01133,1,ELEC-1117,224,2.55,Part received
PO-2025-01133,2,VENT-1168,24,149.5,Part received
PO-2025-01133,3,DRAIN-1113,114,11.61,Part received
PO-2025-01133,4,TOOL-1092,182,22.7,Part received
PO-2025-01134,1,VENT-1168,9,212.98,Received in full
PO-2025-01134,2,VENT-1119,26,637.58,Received in full
PO-2025-01134,3,DRAIN-1051,24,127.64,Received in full
PO-2025-01135,1,VALV-1007,18,11.69,Received in full
PO-2025-01136,1,VENT-1095,26,143.32,Received in full
PO-2025-01136,2,PIPE-1101,370,1.79,Part received
PO-2025-01136,3,RENW-1087,27,1013.9,Received in full
PO-2025-01136,4,PIPE-1206,240,0.55,Part received
PO-2025-01137,1,RENW-1081,3,2091.83,Received in full
PO-2025-01138,1,VALV-1121,42,83.82,Received in full
PO-2025-01139,1,ELEC-1025,54,29.26,Received in full
PO-2025-01139,2,PIPE-1135,150,4.12,Received in full
PO-2025-01140,1,TOOL-1175,36,2.76,Received in full
PO-2025-01140,2,PIPE-1119,600,6.92,Part received
PO-2025-01140,3,PIPE-1070,150,13.2,Received in full
PO-2025-01140,4,VENT-1084,19,39.16,Received in full
PO-2025-01141,1,VALV-1121,55,83.46,Part received
PO-2025-01142,1,RENW-1100,26,665.98,Received in full
PO-2025-01142,2,TOOL-1128,510,2.5,Part received
PO-2025-01142,3,HEAT-1022,6,213.98,Received in full
PO-2025-01142,4,HEAT-1109,5,239.02,Received in full
PO-2025-01143,1,DRAIN-1106,47,9.62,Received in full
PO-2025-01144,1,TOOL-1137,45,21.05,Received in full
PO-2025-01144,2,PIPE-1206,168,0.54,Part received
PO-2025-01145,1,VALV-1187,17,11.28,Received in full
PO-2025-01145,2,VENT-1149,11,47.86,Received in full
PO-2025-01145,3,VALV-1007,32,11.49,Received in full
PO-2025-01145,4,TOOL-1137,52,21.57,Received in full
PO-2025-01146,1,VALV-1215,21,20.88,Received in full
PO-2025-01146,2,HEAT-1033,7,781.19,Received in full
PO-2025-01147,1,ELEC-1204,145,17.62,Received in full
PO-2025-01147,2,RENW-1186,4,1413.42,Received in full
PO-2025-01147,3,VALV-1130,19,18.27,Received in full
PO-2025-01147,4,VENT-1158,6,113.92,Received in full
PO-2025-01148,1,ELEC-1088,125,13.16,Received in full
PO-2025-01149,1,PIPE-1214,152,0.43,Received in full
PO-2025-01149,2,HEAT-1130,8,670.71,Received in full
PO-2025-01150,1,TOOL-1021,36,1.67,Received in full
PO-2025-01151,1,ELEC-1217,266,101.41,Part received
PO-2025-01151,2,TOOL-1092,85,30.29,Part received
PO-2025-01152,1,VALV-1091,43,69.6,Received in full
PO-2025-01152,2,VALV-1204,21,38.08,Received in full
PO-2025-01152,3,VALV-1080,22,129.75,Received in full
PO-2025-01152,4,VALV-1140,15,19.47,Received in full
PO-2025-01153,1,ELEC-1081,54,14.74,Received in full
PO-2025-01154,1,ELEC-1214,144,1.39,Part received
PO-2025-01155,1,ELEC-1107,72,2.46,Received in full
PO-2025-01155,2,TOOL-1077,42,2.57,Part received
PO-2025-01156,1,DRAIN-1113,24,15.34,Received in full
PO-2025-01157,1,HEAT-1137,7,611.33,Received in full
PO-2025-01158,1,HEAT-1082,14,207.89,Received in full
PO-2025-01159,1,ELEC-1134,104,86.5,Part received
PO-2025-01159,2,DRAIN-1161,52,7.7,Received in full
PO-2025-01160,1,HEAT-1064,24,212.67,Received in full
PO-2025-01160,2,TOOL-1155,72,26.73,Received in full
PO-2025-01160,3,DRAIN-1204,96,5.08,Part received
PO-2025-01160,4,TOOL-1149,90,2.43,Part received
PO-2025-01161,1,PIPE-1029,180,4.31,Received in full
PO-2025-01162,1,PIPE-1135,150,4.03,Received in full
PO-2025-01162,2,PIPE-1004,152,1.59,Received in full
PO-2025-01163,1,PIPE-1017,858,0.5,Part received
PO-2025-01164,1,PIPE-1165,208,14.05,Received in full
PO-2025-01164,2,TOOL-1018,80,1.11,Part received
PO-2025-01164,3,PIPE-1186,152,0.92,Part received
PO-2025-01164,4,PIPE-1168,930,0.88,Part received
PO-2025-01165,1,RENW-1000,8,1708.6,Received in full
PO-2025-01165,2,PIPE-1119,288,6.88,Received in full
PO-2025-01166,1,VENT-1019,66,42.68,Part received
PO-2025-01167,1,DRAIN-1047,100,171.82,Received in full
PO-2025-01168,1,RENW-1152,6,1909.82,Received in full
PO-2025-01168,2,RENW-1035,9,1409.34,Received in full
PO-2025-01168,3,ELEC-1134,112,88.01,Received in full
PO-2025-01168,4,ELEC-1194,68,50.48,Received in full
PO-2025-01169,1,VENT-1019,66,42.82,Part received
PO-2025-01169,2,ELEC-1131,378,14.66,Part received
PO-2025-01170,1,HEAT-1103,20,199.09,Received in full
PO-2025-01170,2,HEAT-1142,31,440.45,Part received
PO-2025-01170,3,HEAT-1168,15,480.61,Received in full
PO-2025-01170,4,HEAT-1182,14,434.61,Received in full
PO-2025-01170,5,RENW-1068,9,2855.01,Received in full
PO-2025-01170,6,RENW-1070,12,1001.43,Received in full
PO-2025-01170,7,RENW-1127,12,1230.67,Received in full
PO-2025-01170,8,RENW-1180,63,1916.95,Received in full
PO-2025-01170,9,RENW-1192,23,1166.19,Part received
PO-2025-01170,10,RENW-1201,11,1002.45,Received in full
PO-2025-01170,11,PIPE-1004,696,1.62,Part received
PO-2025-01170,12,PIPE-1135,522,4.02,Received in full
PO-2025-01170,13,VALV-1075,41,27.02,Received in full
PO-2025-01170,14,VALV-1187,59,11.06,Received in full
PO-2025-01170,15,VALV-1196,47,35.79,Received in full
PO-2025-01170,16,ELEC-1025,152,28.89,Received in full
PO-2025-01170,17,ELEC-1075,204,29.45,Received in full
PO-2025-01170,18,VENT-1026,22,52.97,Received in full
PO-2025-01170,19,VENT-1040,19,25.97,Received in full
PO-2025-01170,20,VENT-1053,22,31.66,Received in full
PO-2025-01170,21,VENT-1080,23,81.37,Received in full
PO-2025-01170,22,VENT-1185,21,71.45,Received in full
PO-2025-01170,23,VENT-1192,24,499.48,Received in full
PO-2025-01170,24,DRAIN-1075,81,61.1,Part received
PO-2025-01170,25,TOOL-1003,123,28.27,Received in full
PO-2025-01170,26,TOOL-1037,133,1.93,Received in full
PO-2025-01170,27,TOOL-1124,113,22.09,Part received
PO-2025-01170,28,TOOL-1219,145,0.86,Received in full
PO-2025-01171,1,HEAT-1112,5,311.43,Received in full
PO-2025-01171,2,RENW-1010,7,2820.87,Received in full
PO-2025-01172,1,VENT-1095,56,145.06,Received in full
PO-2025-01172,2,TOOL-1018,241,1.12,Received in full
PO-2025-01172,3,ELEC-1197,148,55.08,Received in full
PO-2025-01172,4,PIPE-1186,572,0.92,Part received
PO-2025-01173,1,HEAT-1211,7,413.07,Received in full
PO-2025-01174,1,RENW-1100,33,665.38,Received in full
PO-2025-01174,2,VENT-1095,25,142.76,Received in full
PO-2025-01174,3,HEAT-1142,17,431.3,Received in full
PO-2025-01174,4,TOOL-1137,101,21.41,Received in full
PO-2025-01174,5,TOOL-1219,99,0.87,Part received
PO-2025-01175,1,ELEC-1204,60,17.21,Part received
PO-2025-01176,1,RENW-1100,230,656.67,Received in full
PO-2025-01176,2,HEAT-1130,51,665.47,Received in full
PO-2025-01176,3,PIPE-1004,968,1.59,Part received
PO-2025-01176,4,TOOL-1137,228,21.6,Received in full
PO-2025-01176,5,TOOL-1087,209,2.22,Part received
PO-2025-01177,1,ELEC-1107,228,2.48,Part received
PO-2025-01177,2,TOOL-1077,126,2.54,Part received
PO-2025-01177,3,PIPE-1025,1007,2.34,Part received
PO-2025-01178,1,RENW-1112,12,709.59,Received in full
PO-2025-01179,1,VALV-1007,64,11.78,Received in full
PO-2025-01180,1,VALV-1007,54,11.62,Received in full
PO-2025-01181,1,VALV-1065,15,91.92,Part received
PO-2025-01181,2,VALV-1204,15,38.04,Part received
PO-2025-01182,1,ELEC-1150,55,14.87,Received in full
PO-2025-01183,1,VALV-1007,104,11.77,Received in full
PO-2025-01183,2,VALV-1102,128,60.94,Received in full
PO-2025-01184,1,ELEC-1036,290,2.28,Received in full
PO-2025-01185,1,VENT-1115,6,40.43,Received in full
PO-2025-01185,2,ELEC-1214,168,1.4,Part received
PO-2025-01186,1,TOOL-1163,125,6.71,Received in full
PO-2025-01187,1,RENW-1100,95,665.02,Received in full
PO-2025-01187,2,PIPE-1165,624,13.98,Part received
PO-2025-01188,1,PIPE-1064,232,8.07,Part received
PO-2025-01189,1,DRAIN-1179,185,104.43,Received in full
PO-2025-01190,1,PIPE-1109,504,3.42,Part received
PO-2025-01190,2,TOOL-1214,36,9.88,Received in full
PO-2025-01190,3,VENT-1084,21,39.24,Received in full
PO-2025-01191,1,PIPE-1206,510,0.55,Part received
PO-2025-01192,1,TOOL-1087,95,2.17,Received in full
PO-2025-01193,1,DRAIN-1016,205,73.41,Received in full
PO-2025-01194,1,RENW-1158,11,2802.79,Received in full
PO-2025-01194,2,TOOL-1137,176,21.1,Received in full
PO-2025-01195,1,TOOL-1003,99,28.07,Received in full
PO-2025-01196,1,HEAT-1082,9,207.0,Received in full
PO-2025-01197,1,ELEC-1036,169,2.28,Received in full
PO-2025-01197,2,PIPE-1214,508,0.42,Received in full
PO-2025-01198,1,HEAT-1211,5,409.18,Received in full
PO-2025-01199,1,PIPE-1201,5061,9.58,Part received
PO-2025-01200,1,TOOL-1021,76,1.71,Received in full
PO-2025-01201,1,DRAIN-1047,33,172.86,Received in full
PO-2025-01202,1,HEAT-1130,32,664.52,Received in full
PO-2025-01202,2,RENW-1022,19,1196.64,Received in full
PO-2025-01202,3,ELEC-1102,136,11.34,Received in full
PO-2025-01202,4,VENT-1149,42,48.19,Received in full
PO-2025-01202,5,DRAIN-1179,465,103.79,Part received
PO-2025-01203,1,HEAT-1211,8,409.85,Received in full
PO-2025-01203,2,DRAIN-1204,42,6.88,Part received
PO-2025-01203,3,HEAT-1158,5,1026.46,Received in full
PO-2025-01203,4,RENW-1122,5,1122.12,Received in full
PO-2025-01204,1,PIPE-1142,180,0.43,Part received
PO-2025-01204,2,ELEC-1049,364,34.2,Received in full
PO-2025-01205,1,VALV-1154,28,47.3,Received in full
PO-2025-01205,2,VALV-1084,84,82.48,Received in full
PO-2025-01206,1,DRAIN-1214,35,35.28,Part received
PO-2025-01206,2,HEAT-1192,7,260.86,Received in full
PO-2025-01206,3,RENW-1081,3,2046.9,Received in full
PO-2025-01207,1,ELEC-1204,130,17.16,Received in full
PO-2025-01208,1,RENW-1000,8,1678.71,Received in full
PO-2025-01208,2,PIPE-1109,216,3.38,Part received
PO-2025-01209,1,VALV-1121,17,82.32,Received in full
PO-2025-01210,1,PIPE-1206,816,0.55,Received in full
PO-2025-01210,2,HEAT-1142,40,434.92,Received in full
PO-2025-01211,1,RENW-1171,6,716.33,Received in full
PO-2025-01211,2,VENT-1134,8,46.58,Received in full
PO-2025-01212,1,ELEC-1107,180,2.47,Received in full
PO-2025-01213,1,DRAIN-1084,24,7.53,Part received
PO-2025-01213,2,VENT-1129,9,54.3,Received in full
PO-2025-01214,1,TOOL-1018,278,1.11,Received in full
PO-2025-01215,1,ELEC-1008,171,4.49,Part received
PO-2025-01216,1,ELEC-1217,182,104.1,Received in full
PO-2025-01217,1,VALV-1152,24,9.08,Part received
PO-2025-01217,2,VALV-1065,20,91.64,Received in full
PO-2025-01217,3,PIPE-1061,378,2.12,Part received
PO-2025-01218,1,HEAT-1130,16,665.69,Received in full
PO-2025-01219,1,ELEC-1204,190,17.51,Part received
PO-2025-01220,1,DRAIN-1161,154,5.8,Part received
PO-2025-01221,1,ELEC-1134,144,87.01,Part received
PO-2025-01222,1,HEAT-1064,24,215.51,Received in full
PO-2025-01222,2,PIPE-1119,1876,5.3,Part received
PO-2025-01222,3,PIPE-1025,2079,1.77,Part received
PO-2025-01223,1,HEAT-1082,15,209.2,Received in full
PO-2025-01224,1,RENW-1105,16,2664.67,Received in full
PO-2025-01225,1,ELEC-1094,156,3.22,Part received
PO-2025-01226,1,PIPE-1206,564,0.54,Received in full
PO-2025-01227,1,DRAIN-1179,495,102.89,Received in full
PO-2025-01228,1,PIPE-1029,570,4.38,Part received
PO-2025-01229,1,RENW-1095,9,1746.94,Part received
PO-2025-01230,1,RENW-1145,7,2452.7,Received in full
PO-2025-01230,2,ELEC-1150,85,14.8,Part received
PO-2025-01231,1,ELEC-1005,54,27.46,Received in full
PO-2025-01232,1,VENT-1095,58,144.14,Received in full
PO-2025-01232,2,TOOL-1171,102,16.86,Received in full
PO-2025-01233,1,DRAIN-1122,24,38.63,Received in full
PO-2025-01233,2,HEAT-1200,8,957.81,Received in full
PO-2025-01233,3,TOOL-1067,112,7.41,Part received
PO-2025-01233,4,PIPE-1044,672,14.66,Part received
PO-2025-01234,1,PIPE-1004,440,1.62,Part received
PO-2025-01235,1,PIPE-1101,1070,1.82,Part received
PO-2025-01236,1,HEAT-1073,7,399.89,Received in full
PO-2025-01236,2,PIPE-1061,406,2.03,Part received
PO-2025-01237,1,VENT-1214,61,157.87,Received in full
PO-2025-01237,2,ELEC-1025,146,29.29,Received in full
PO-2025-01238,1,PIPE-1029,180,4.27,Received in full
PO-2025-01239,1,VALV-1007,121,11.76,Received in full
PO-2025-01240,1,PIPE-1135,384,4.06,Received in full
PO-2025-01241,1,DRAIN-1145,24,14.38,Received in full
PO-2025-01241,2,ELEC-1134,56,86.47,Received in full
PO-2025-01242,1,VALV-1192,55,38.39,Part received
PO-2025-01242,2,VALV-1091,43,68.7,Received in full
PO-2025-01243,1,TOOL-1077,240,1.92,Part received
PO-2025-01243,2,TOOL-1067,258,5.92,Part received
PO-2025-01243,3,TOOL-1175,102,2.24,Part received
PO-2025-01244,1,HEAT-1082,20,208.21,Received in full
PO-2025-01245,1,VALV-1024,15,115.99,Received in full
PO-2025-01245,2,DRAIN-1095,62,108.07,Received in full
PO-2025-01245,3,TOOL-1201,36,12.05,Received in full
PO-2025-01245,4,RENW-1061,8,1702.16,Received in full
PO-2025-01246,1,PIPE-1101,850,1.8,Part received
PO-2025-01247,1,DRAIN-1214,29,35.14,Received in full
PO-2025-01248,1,HEAT-1009,5,634.9,Received in full
PO-2025-01249,1,HEAT-1103,20,201.31,Received in full
PO-2025-01249,2,ELEC-1197,191,55.19,Part received
PO-2025-01249,3,DRAIN-1016,175,73.65,Received in full
PO-2025-01249,4,TOOL-1128,1326,2.55,Part received
PO-2025-01250,1,PIPE-1029,465,4.38,Part received
PO-2025-01250,2,VALV-1024,15,117.42,Received in full
PO-2025-01250,3,PIPE-1126,150,7.55,Received in full
PO-2025-01250,4,VENT-1075,6,177.3,Received in full
PO-2025-01251,1,ELEC-1067,54,5.06,Received in full
PO-2025-01251,2,RENW-1152,6,1939.09,Received in full
PO-2025-01251,3,ELEC-1194,68,50.9,Part received
PO-2025-01252,1,ELEC-1162,54,23.45,Received in full
PO-2025-01252,2,HEAT-1151,8,634.42,Part received
PO-2025-01252,3,RENW-1212,4,1980.15,Received in full
PO-2025-01253,1,PIPE-1135,414,4.14,Received in full
PO-2025-01254,1,DRAIN-1130,25,57.45,Received in full
PO-2025-01254,2,VENT-1205,7,24.78,Received in full
PO-2025-01254,3,VALV-1056,33,24.74,Received in full
PO-2025-01255,1,RENW-1100,205,652.07,Received in full
PO-2025-01256,1,TOOL-1128,680,2.52,Received in full
PO-2025-01257,1,ELEC-1143,56,16.16,Received in full
PO-2025-01257,2,PIPE-1064,152,8.07,Part received
PO-2025-01258,1,VALV-1110,15,11.87,Received in full
PO-2025-01259,1,ELEC-1217,210,102.83,Part received
PO-2025-01260,1,VALV-1056,28,24.93,Received in full
PO-2025-01260,2,PIPE-1119,600,6.83,Part received
PO-2025-01261,1,HEAT-1130,21,670.9,Received in full
PO-2025-01262,1,PIPE-1070,150,13.32,Received in full
PO-2025-01263,1,TOOL-1163,184,6.82,Received in full
PO-2025-01263,2,RENW-1087,75,996.94,Part received
PO-2025-01264,1,ELEC-1088,125,13.25,Received in full
PO-2025-01264,2,TOOL-1110,56,20.2,Received in full
PO-2025-01265,1,DRAIN-1106,54,9.6,Part received
PO-2025-01266,1,DRAIN-1138,24,151.79,Received in full
PO-2025-01267,1,ELEC-1117,78,3.47,Part received
PO-2025-01268,1,VALV-1091,17,69.22,Received in full
PO-2025-01268,2,VALV-1084,15,111.58,Received in full
PO-2025-01268,3,VALV-1065,15,94.2,Part received
PO-2025-01269,1,DRAIN-1005,32,6.93,Received in full
PO-2025-01269,2,ELEC-1162,54,23.87,Part received
PO-2025-01270,1,TOOL-1021,76,1.69,Received in full
PO-2025-01270,2,DRAIN-1047,69,171.94,Received in full
PO-2025-01271,1,DRAIN-1186,24,52.89,Part received
PO-2025-01271,2,DRAIN-1122,24,38.65,Received in full
PO-2025-01271,3,TOOL-1155,36,35.92,Received in full
PO-2025-01271,4,HEAT-1073,7,398.46,Part received
PO-2025-01272,1,DRAIN-1095,55,108.06,Received in full
PO-2025-01272,2,VALV-1024,15,115.36,Received in full
PO-2025-01272,3,PIPE-1029,405,4.31,Part received
PO-2025-01273,1,ELEC-1107,72,2.45,Received in full
PO-2025-01274,1,PIPE-1064,200,8.29,Received in full
PO-2025-01275,1,VENT-1119,32,627.16,Part received
PO-2025-01276,1,VALV-1215,21,21.34,Received in full
PO-2025-01276,2,VENT-1115,6,40.77,Received in full
PO-2025-01276,3,DRAIN-1068,24,9.51,Received in full
PO-2025-01277,1,DRAIN-1051,24,128.71,Received in full
PO-2025-01277,2,HEAT-1211,8,403.63,Received in full
PO-2025-01278,1,PIPE-1168,2118,0.7,Part received
PO-2025-01278,2,TOOL-1071,364,2.8,Part received
PO-2025-01278,3,TOOL-1092,182,22.75,Part received
PO-2025-01278,4,PIPE-1025,2079,1.8,Part received
PO-2025-01279,1,HEAT-1082,14,207.9,Received in full
PO-2025-01280,1,PIPE-1038,468,1.06,Part received
PO-2025-01281,1,DRAIN-1161,24,7.78,Received in full
PO-2025-01282,1,VENT-1119,10,634.42,Received in full
PO-2025-01282,2,ELEC-1217,98,103.43,Part received
PO-2025-01283,1,ELEC-1214,66,1.41,Received in full
PO-2025-01284,1,RENW-1000,42,1354.46,Part received
PO-2025-01285,1,VALV-1152,66,6.48,Received in full
PO-2025-01286,1,HEAT-1124,10,648.2,Received in full
PO-2025-01287,1,PIPE-1201,1984,11.8,Part received
PO-2025-01287,2,VALV-1130,19,18.2,Received in full
PO-2025-01287,3,ELEC-1204,145,17.39,Received in full
PO-2025-01288,1,RENW-1100,13,775.46,Received in full
PO-2025-01288,2,PIPE-1206,150,0.65,Part received
PO-2025-01289,1,VALV-1084,84,81.8,Received in full
PO-2025-01289,2,TOOL-1144,90,1.05,Part received
PO-2025-01289,3,PIPE-1044,1666,11.15,Part received
PO-2025-01289,4,PIPE-1061,990,1.5,Part received
PO-2025-01290,1,VENT-1084,48,30.88,Received in full
PO-2025-01290,2,TOOL-1031,147,11.09,Part received
PO-2025-01290,3,PIPE-1150,791,0.29,Part received
PO-2025-01291,1,PIPE-1109,504,3.42,Received in full
PO-2025-01291,2,TOOL-1175,45,2.79,Received in full
PO-2025-01292,1,DRAIN-1033,24,8.71,Received in full
PO-2025-01292,2,DRAIN-1009,24,7.19,Received in full
PO-2025-01292,3,RENW-1171,6,713.94,Received in full
PO-2025-01293,1,TOOL-1110,144,16.43,Part received
PO-2025-01293,2,TOOL-1021,238,1.36,Part received
PO-2025-01293,3,VALV-1042,48,9.34,Part received
PO-2025-01293,4,PIPE-1044,1666,11.0,Part received
PO-2025-01294,1,RENW-1000,16,1724.72,Received in full
PO-2025-01295,1,DRAIN-1161,52,7.8,Part received
PO-2025-01295,2,DRAIN-1145,38,14.33,Received in full
PO-2025-01296,1,DRAIN-1113,114,11.54,Part received
PO-2025-01296,2,TOOL-1163,108,5.49,Part received
PO-2025-01296,3,TOOL-1155,72,26.8,Part received
PO-2025-01297,1,PIPE-1201,768,11.71,Part received
PO-2025-01297,2,ELEC-1204,60,17.31,Received in full
PO-2025-01298,1,HEAT-1082,9,205.16,Received in full
PO-2025-01299,1,HEAT-1054,5,492.63,Received in full
PO-2025-01299,2,DRAIN-1192,29,116.64,Received in full
PO-2025-01299,3,ELEC-1176,54,13.13,Received in full
PO-2025-01299,4,VENT-1105,6,158.39,Received in full
PO-2025-01300,1,RENW-1035,9,1438.35,Part received
PO-2025-01300,2,ELEC-1134,112,86.24,Part received
PO-2025-01301,1,DRAIN-1106,132,7.44,Part received
PO-2025-01302,1,VALV-1140,15,19.21,Received in full
PO-2025-01302,2,VALV-1204,21,38.19,Received in full
PO-2025-01302,3,VALV-1080,22,130.99,Part received
PO-2025-01302,4,VALV-1152,27,9.11,Received in full
PO-2025-01303,1,DRAIN-1047,81,173.4,Received in full
PO-2025-01303,2,VENT-1060,6,120.32,Received in full
PO-2025-01304,1,DRAIN-1047,33,169.89,Received in full
PO-2025-01305,1,PIPE-1109,1400,2.74,Part received
PO-2025-01305,2,TOOL-1149,90,2.44,Part received
PO-2025-01306,1,DRAIN-1158,100,78.09,Received in full
PO-2025-01307,1,ELEC-1217,182,103.74,Part received
PO-2025-01307,2,ELEC-1184,91,104.41,Part received
PO-2025-01307,3,ELEC-1150,75,14.74,Part received
PO-2025-01307,4,HEAT-1211,7,403.87,Received in full
PO-2025-01308,1,VALV-1110,20,11.66,Received in full
PO-2025-01309,1,TOOL-1100,36,22.79,Received in full
PO-2025-01309,2,ELEC-1143,116,16.57,Received in full
PO-2025-01309,3,HEAT-1094,5,530.49,Received in full
PO-2025-01310,1,PIPE-1064,200,8.31,Part received
PO-2025-01310,2,ELEC-1143,104,16.28,Received in full
PO-2025-01311,1,PIPE-1189,150,1.12,Received in full
PO-2025-01311,2,ELEC-1214,144,1.4,Received in full
PO-2025-01312,1,DRAIN-1158,48,78.73,Received in full
PO-2025-01313,1,PIPE-1119,1876,5.23,Part received
PO-2025-01314,1,VALV-1121,17,83.36,Received in full
PO-2025-01315,1,ELEC-1150,55,14.78,Part received
PO-2025-01315,2,HEAT-1211,5,410.28,Received in full
PO-2025-01316,1,TOOL-1175,36,2.79,Received in full
PO-2025-01317,1,PIPE-1088,308,0.27,Part received
PO-2025-01318,1,VALV-1163,15,73.3,Received in full
PO-2025-01318,2,DRAIN-1095,62,107.93,Part received
PO-2025-01319,1,DRAIN-1204,42,6.85,Received in full
PO-2025-01319,2,VENT-1119,26,620.67,Received in full
PO-2025-01319,3,DRAIN-1051,24,126.63,Received in full
PO-2025-01319,4,RENW-1145,7,2475.36,Received in full
PO-2025-01320,1,VALV-1192,48,38.14,Received in full
PO-2025-01321,1,HEAT-1200,8,946.5,Received in full
PO-2025-01321,2,HEAT-1039,5,262.25,Received in full
PO-2025-01321,3,TOOL-1155,36,35.6,Received in full
PO-2025-01322,1,DRAIN-1199,24,5.55,Received in full
PO-2025-01322,2,RENW-1134,3,694.5,Received in full
PO-2025-01322,3,ELEC-1057,54,4.05,Received in full
PO-2025-01323,1,HEAT-1009,5,646.22,Received in full
PO-2025-01323,2,RENW-1112,12,700.3,Received in full
PO-2025-01324,1,PIPE-1064,232,8.07,Part received
PO-2025-01325,1,PIPE-1088,308,0.27,Part received
PO-2025-01325,2,TOOL-1175,102,2.23,Part received
PO-2025-01326,1,VALV-1091,43,68.82,Part received
PO-2025-01326,2,VALV-1192,55,37.87,Part received
PO-2025-01327,1,DRAIN-1130,25,57.14,Received in full
PO-2025-01327,2,RENW-1000,19,1682.69,Received in full
PO-2025-01328,1,ELEC-1008,171,4.47,Part received
PO-2025-01329,1,PIPE-1064,272,8.13,Part received
PO-2025-01329,2,ELEC-1143,152,16.43,Part received
PO-2025-01330,1,DRAIN-1047,69,173.34,Part received
PO-2025-01331,1,ELEC-1134,104,86.02,Received in full
PO-2025-01331,2,DRAIN-1161,52,7.69,Received in full
PO-2025-01332,1,HEAT-1200,6,948.49,Received in full
PO-2025-01332,2,PIPE-1044,546,14.98,Part received
PO-2025-01333,1,PIPE-1004,208,1.88,Received in full
PO-2025-01333,2,TOOL-1219,37,1.02,Part received
PO-2025-01333,3,RENW-1087,21,1204.29,Received in full
PO-2025-01334,1,ELEC-1134,56,87.44,Received in full
PO-2025-01334,2,DRAIN-1145,24,14.39,Received in full
PO-2025-01334,3,DRAIN-1161,24,7.81,Received in full
PO-2025-01335,1,DRAIN-1214,35,35.28,Part received
PO-2025-01336,1,DRAIN-1158,48,78.26,Part received
PO-2025-01337,1,ELEC-1204,60,17.45,Received in full
PO-2025-01338,1,DRAIN-1113,114,11.58,Part received
PO-2025-01338,2,PIPE-1025,2079,1.77,Part received
PO-2025-01339,1,PIPE-1168,930,1.04,Part received
PO-2025-01339,2,HEAT-1022,6,251.25,Received in full
PO-2025-01340,1,DRAIN-1145,46,14.3,Received in full
PO-2025-01340,2,RENW-1152,6,1939.97,Received in full
PO-2025-01341,1,DRAIN-1158,112,79.68,Received in full
PO-2025-01341,2,RENW-1031,8,2039.56,Received in full
PO-2025-01341,3,DRAIN-1106,54,9.61,Part received
PO-2025-01342,1,RENW-1100,13,765.95,Received in full
PO-2025-01342,2,RENW-1087,9,1192.87,Received in full
PO-2025-01343,1,RENW-1000,8,1687.27,Received in full
PO-2025-01344,1,TOOL-1201,36,11.74,Received in full
PO-2025-01345,1,VALV-1037,15,32.74,Received in full
PO-2025-01346,1,VENT-1103,8,182.02,Received in full
PO-2025-01347,1,VENT-1084,19,38.93,Received in full
PO-2025-01347,2,PIPE-1070,150,13.28,Received in full
PO-2025-01347,3,TOOL-1175,36,2.8,Received in full
PO-2025-01348,1,ELEC-1107,156,2.43,Part received
PO-2025-01349,1,DRAIN-1016,24,88.17,Received in full
PO-2025-01349,2,TOOL-1018,36,1.3,Received in full
PO-2025-01350,1,DRAIN-1122,24,38.3,Received in full
PO-2025-01350,2,RENW-1053,15,2551.73,Received in full
PO-2025-01351,1,TOOL-1047,36,1.02,Received in full
PO-2025-01351,2,PIPE-1038,468,1.07,Part received
PO-2025-01352,1,PIPE-1029,180,4.33,Received in full
PO-2025-01353,1,VALV-1084,84,82.05,Part received
PO-2025-01353,2,VALV-1056,78,19.48,Part received
PO-2025-01353,3,TOOL-1110,144,16.39,Part received
PO-2025-01354,1,ELEC-1049,338,34.89,Part received
PO-2025-01354,2,PIPE-1142,156,0.43,Received in full
PO-2025-01355,1,DRAIN-1047,33,172.88,Received in full
PO-2025-01356,1,VALV-1113,15,8.93,Received in full
PO-2025-01356,2,VALV-1110,23,11.63,Received in full
PO-2025-01357,1,ELEC-1217,98,103.09,Part received
PO-2025-01358,1,PIPE-1017,858,0.51,Part received
PO-2025-01359,1,DRAIN-1016,120,58.27,Part received
PO-2025-01359,2,ELEC-1036,259,1.79,Part received
PO-2025-01359,3,ELEC-1046,196,37.99,Part received
PO-2025-01359,4,PIPE-1061,990,1.49,Part received
PO-2025-01360,1,DRAIN-1214,29,35.08,Received in full
PO-2025-01361,1,RENW-1061,8,1680.63,Received in full
PO-2025-01361,2,VALV-1024,15,116.17,Received in full
PO-2025-01361,3,VALV-1163,15,73.65,Received in full
PO-2025-01362,1,TOOL-1110,56,20.61,Received in full
PO-2025-01363,1,VENT-1176,6,52.36,Received in full
PO-2025-01363,2,HEAT-1142,11,514.79,Received in full
PO-2025-01363,3,HEAT-1109,5,286.88,Received in full
PO-2025-01364,1,DRAIN-1033,24,8.84,Received in full
PO-2025-01364,2,RENW-1171,6,715.66,Received in full
PO-2025-01365,1,RENW-1000,42,1344.12,Part received
PO-2025-01365,2,VALV-1091,112,49.4,Part received
PO-2025-01365,3,PIPE-1038,468,1.08,Part received
PO-2025-01366,1,VALV-1091,17,69.87,Received in full
PO-2025-01366,2,VALV-1204,15,37.87,Part received
PO-2025-01367,1,TOOL-1087,36,2.59,Received in full
PO-2025-01367,2,RENW-1087,9,1209.83,Received in full
PO-2025-01368,1,PIPE-1070,372,10.82,Part received
PO-2025-01369,1,DRAIN-1204,42,6.84,Received in full
PO-2025-01369,2,ELEC-1217,210,103.02,Part received
PO-2025-01370,1,TOOL-1021,76,1.71,Received in full
PO-2025-01371,1,VENT-1119,10,620.99,Received in full
PO-2025-01371,2,ELEC-1150,55,15.07,Received in full
PO-2025-01372,1,ELEC-1184,273,79.82,Part received
PO-2025-01373,1,RENW-1035,9,1434.43,Received in full
PO-2025-01373,2,ELEC-1134,112,87.25,Received in full
PO-2025-01373,3,DRAIN-1145,46,14.62,Received in full
PO-2025-01374,1,PIPE-1079,168,0.7,Part received
PO-2025-01374,2,PIPE-1017,858,0.49,Part received
PO-2025-01375,1,PIPE-1109,504,3.37,Part received
PO-2025-01375,2,VENT-1084,21,39.7,Received in full
PO-2025-01375,3,RENW-1010,7,2783.16,Received in full
PO-2025-01376,1,ELEC-1049,364,34.59,Received in full
PO-2025-01377,1,ELEC-1094,156,3.23,Part received
PO-2025-01378,1,VALV-1102,27,71.52,Received in full
PO-2025-01378,2,TOOL-1137,45,25.42,Received in full
PO-2025-01379,1,ELEC-1214,168,1.37,Part received
PO-2025-01379,2,HEAT-1033,7,798.4,Received in full
PO-2025-01380,1,ELEC-1217,182,102.71,Part received
PO-2025-01381,1,VALV-1152,24,9.63,Received in full
PO-2025-01381,2,VALV-1110,20,11.59,Part received
PO-2025-01382,1,PIPE-1201,768,11.8,Part received
PO-2025-01383,1,ELEC-1107,72,2.47,Part received
PO-2025-01384,1,VALV-1121,17,83.44,Received in full
PO-2025-01385,1,ELEC-1117,54,3.48,Part received
PO-2025-01386,1,VALV-1110,15,11.87,Received in full
PO-2025-01386,2,VALV-1152,15,9.7,Received in full
PO-2025-01387,1,TOOL-1067,144,7.52,Part received
PO-2025-01388,1,ELEC-1204,190,17.59,Received in full
PO-2025-01389,1,RENW-1161,9,694.76,Received in full
PO-2025-01389,2,HEAT-1124,10,654.47,Received in full
PO-2025-01389,3,HEAT-1082,15,206.51,Received in full
PO-2025-01390,1,PIPE-1175,160,0.28,Part received
PO-2025-01390,2,TOOL-1051,77,0.82,Part received
PO-2025-01390,3,RENW-1087,36,787.01,Received in full
PO-2025-01390,4,PIPE-1011,168,0.41,Part received
PO-2025-01391,1,PIPE-1214,152,0.5,Received in full
PO-2025-01391,2,TOOL-1163,46,7.94,Received in full
PO-2025-01391,3,VENT-1214,18,186.67,Received in full
PO-2025-01392,1,DRAIN-1095,62,109.73,Received in full
PO-2025-01392,2,PIPE-1029,465,4.38,Received in full
PO-2025-01393,1,TOOL-1087,42,2.58,Received in full
PO-2025-01394,1,PIPE-1142,156,0.43,Received in full
PO-2025-01395,1,ELEC-1131,60,20.17,Received in full
PO-2025-01395,2,HEAT-1082,9,207.34,Received in full
PO-2025-01396,1,RENW-1203,6,764.99,Received in full
PO-2025-01397,1,PIPE-1201,1984,11.73,Part received
PO-2025-01397,2,RENW-1186,4,1446.04,Received in full
PO-2025-01398,1,DRAIN-1145,38,14.49,Received in full
PO-2025-01398,2,ELEC-1134,104,86.2,Part received
PO-2025-01399,1,VALV-1204,19,37.97,Part received
PO-2025-01399,2,VALV-1084,32,110.3,Received in full
PO-2025-01399,3,VALV-1152,24,9.19,Received in full
PO-2025-01400,1,DRAIN-1158,48,79.75,Received in full
PO-2025-01400,2,PIPE-1142,150,0.43,Part received
PO-2025-01401,1,PIPE-1142,228,0.43,Received in full
PO-2025-01402,1,RENW-1100,26,773.27,Received in full
PO-2025-01402,2,TOOL-1115,36,1.23,Received in full
PO-2025-01403,1,VALV-1121,42,82.28,Received in full
PO-2025-01404,1,DRAIN-1047,69,173.54,Part received
PO-2025-01405,1,PIPE-1029,180,4.37,Received in full
PO-2025-01406,1,PIPE-1165,192,16.96,Part received
PO-2025-01406,2,DRAIN-1179,120,122.56,Received in full
PO-2025-01406,3,PIPE-1214,152,0.5,Part received
PO-2025-01407,1,PIPE-1094,198,7.83,Part received
PO-2025-01408,1,DRAIN-1047,33,171.69,Received in full
PO-2025-01409,1,ELEC-1107,180,2.45,Received in full
PO-2025-01409,2,PIPE-1025,795,2.34,Part received
PO-2025-01410,1,ELEC-1049,338,35.03,Part received
PO-2025-01411,1,DRAIN-1161,24,7.74,Received in full
PO-2025-01412,1,VALV-1121,55,82.0,Part received
PO-2025-01413,1,VALV-1065,24,92.83,Received in full
PO-2025-01413,2,VALV-1152,27,9.27,Part received
PO-2025-01413,3,PIPE-1061,414,2.1,Part received
PO-2025-01413,4,VALV-1192,55,38.39,Part received
PO-2025-01414,1,RENW-1000,16,1724.48,Received in full
PO-2025-01414,2,PIPE-1119,600,6.92,Received in full
PO-2025-01414,3,VALV-1056,28,25.09,Received in full
PO-2025-01415,1,VENT-1119,22,628.55,Received in full
PO-2025-01416,1,PIPE-1004,152,1.91,Received in full
PO-2025-01416,2,RENW-1100,13,786.86,Received in full
PO-2025-01416,3,HEAT-1130,5,782.39,Received in full
PO-2025-01417,1,PIPE-1064,152,8.26,Received in full
PO-2025-01417,2,ELEC-1143,56,16.53,Received in full
PO-2025-01418,1,ELEC-1005,54,27.45,Received in full
PO-2025-01418,2,HEAT-1137,7,611.05,Received in full
PO-2025-01418,3,DRAIN-1084,24,7.48,Received in full
PO-2025-01418,4,VENT-1129,9,54.44,Received in full
PO-2025-01419,1,TOOL-1155,72,26.28,Part received
PO-2025-01419,2,TOOL-1144,90,1.05,Part received
PO-2025-01419,3,TOOL-1149,90,2.44,Part received
PO-2025-01420,1,TOOL-1021,238,1.37,Part received
PO-2025-01420,2,PIPE-1061,990,1.5,Part received
PO-2025-01420,3,TOOL-1092,182,22.89,Part received
PO-2025-01421,1,PIPE-1165,208,16.91,Received in full
PO-2025-01421,2,PIPE-1101,290,2.11,Received in full
PO-2025-01422,1,VALV-1080,22,131.31,Received in full
PO-2025-01422,2,VALV-1091,43,68.7,Received in full
PO-2025-01422,3,VALV-1065,24,91.8,Part received
PO-2025-01422,4,VALV-1140,15,18.94,Received in full
PO-2025-01423,1,DRAIN-1173,24,190.06,Received in full
PO-2025-01423,2,VALV-1215,21,20.99,Received in full
PO-2025-01424,1,ELEC-1143,288,12.89,Part received
PO-2025-01425,1,TOOL-1155,36,36.42,Received in full
PO-2025-01425,2,TOOL-1067,112,7.52,Part received
PO-2025-01425,3,DRAIN-1122,24,38.73,Received in full
PO-2025-01425,4,HEAT-1200,8,948.72,Received in full
PO-2025-01426,1,DRAIN-1095,55,107.05,Received in full
PO-2025-01426,2,PIPE-1029,405,4.29,Part received
PO-2025-01427,1,TOOL-1110,36,20.33,Received in full
PO-2025-01427,2,ELEC-1204,60,17.67,Received in full
PO-2025-01428,1,VENT-1009,11,504.35,Received in full
PO-2025-01429,1,ELEC-1117,90,3.44,Received in full
PO-2025-01430,1,TOOL-1100,36,22.32,Received in full
PO-2025-01430,2,PIPE-1064,232,8.22,Received in full
PO-2025-01431,1,ELEC-1204,130,17.27,Received in full
PO-2025-01431,2,ELEC-1088,125,13.01,Received in full
PO-2025-01432,1,PIPE-1126,150,7.47,Received in full
PO-2025-01433,1,VENT-1084,8,39.39,Received in full
PO-2025-01433,2,HEAT-1203,5,587.06,Received in full
PO-2025-01434,1,ELEC-1131,60,20.07,Part received
PO-2025-01435,1,TOOL-1087,36,2.61,Received in full
PO-2025-01435,2,PIPE-1101,150,2.12,Received in full
PO-2025-01436,1,PIPE-1126,150,7.61,Received in full
PO-2025-01437,1,DRAIN-1148,24,8.78,Received in full
PO-2025-01438,1,PIPE-1189,150,1.09,Received in full
PO-2025-01439,1,PIPE-1201,1984,11.67,Part received
PO-2025-01439,2,VENT-1158,6,115.02,Received in full
PO-2025-01440,1,DRAIN-1214,35,35.34,Received in full
PO-2025-01440,2,ELEC-1094,180,3.18,Part received
PO-2025-01440,3,RENW-1081,3,2079.04,Received in full
PO-2025-01440,4,VENT-1043,12,47.35,Received in full
PO-2025-01441,1,PIPE-1070,150,13.16,Part received
PO-2025-01442,1,TOOL-1128,1140,2.09,Part received
PO-2025-01442,2,PIPE-1038,468,1.08,Part received
PO-2025-01443,1,RENW-1070,3,1159.0,Received in full
PO-2025-01443,2,HEAT-1142,11,514.89,Received in full
PO-2025-01443,3,TOOL-1163,46,8.07,Received in full
PO-2025-01443,4,RENW-1100,26,781.44,Received in full
PO-2025-01444,1,RENW-1145,7,2480.76,Received in full
PO-2025-01444,2,VENT-1119,26,632.98,Part received
PO-2025-01444,3,ELEC-1184,112,104.54,Part received
PO-2025-01444,4,HEAT-1211,8,412.14,Part received
PO-2025-01445,1,DRAIN-1158,100,79.4,Received in full
PO-2025-01446,1,ELEC-1214,144,1.39,Received in full
PO-2025-01447,1,PIPE-1029,570,4.29,Part received
PO-2025-01447,2,DRAIN-1095,79,107.04,Received in full
PO-2025-01448,1,DRAIN-1199,24,5.5,Received in full
PO-2025-01448,2,TOOL-1077,105,2.6,Received in full
PO-2025-01449,1,PIPE-1150,260,0.39,Received in full
PO-2025-01450,1,DRAIN-1145,24,14.34,Received in full
PO-2025-01451,1,ELEC-1217,266,103.42,Part received
PO-2025-01451,2,VENT-1119,32,632.57,Received in full
PO-2025-01452,1,RENW-1087,21,1205.24,Received in full
PO-2025-01453,1,TOOL-1110,144,16.06,Part received
PO-2025-01453,2,ELEC-1117,224,2.54,Part received
PO-2025-01453,3,TOOL-1149,90,2.44,Part received
PO-2025-01454,1,DRAIN-1095,25,107.07,Received in full
PO-2025-01455,1,DRAIN-1158,264,59.57,Part received
PO-2025-01456,1,ELEC-1217,98,103.49,Received in full
PO-2025-01456,2,VENT-1119,10,632.96,Received in full
PO-2025-01457,1,RENW-1053,15,2565.41,Received in full
PO-2025-01457,2,TOOL-1155,36,36.37,Received in full
PO-2025-01457,3,HEAT-1073,7,404.33,Received in full
PO-2025-01458,1,ELEC-1131,150,20.04,Received in full
PO-2025-01459,1,ELEC-1049,156,34.42,Part received
PO-2025-01460,1,PIPE-1165,152,16.91,Received in full
PO-2025-01460,2,RENW-1100,13,778.1,Received in full
PO-2025-01460,3,PIPE-1206,150,0.64,Part received
PO-2025-01460,4,RENW-1087,9,1203.49,Received in full
PO-2025-01461,1,DRAIN-1106,54,9.51,Received in full
PO-2025-01461,2,ELEC-1049,364,34.93,Part received
PO-2025-01461,3,DRAIN-1158,112,79.08,Received in full
PO-2025-01461,4,PIPE-1142,180,0.43,Received in full
PO-2025-01462,1,ELEC-1094,408,2.28,Part received
PO-2025-01462,2,ELEC-1143,288,12.79,Part received
PO-2025-01463,1,VALV-1121,38,82.65,Received in full
PO-2025-01464,1,PIPE-1119,672,6.8,Received in full
PO-2025-01464,2,RENW-1000,19,1699.98,Received in full
PO-2025-01464,3,HEAT-1203,12,594.09,Received in full
PO-2025-01464,4,VENT-1205,7,24.24,Received in full
PO-2025-01465,1,ELEC-1134,112,85.66,Part received
PO-2025-01466,1,DRAIN-1047,81,171.94,Received in full
PO-2025-01466,2,VENT-1060,6,120.16,Received in full
PO-2025-01467,1,TOOL-1021,36,1.68,Received in full
PO-2025-01468,1,RENW-1018,3,1800.19,Received in full
PO-2025-01468,2,ELEC-1081,54,14.5,Received in full
PO-2025-01468,3,VALV-1215,21,21.16,Received in full
PO-2025-01469,1,VENT-1084,48,31.01,Part received
PO-2025-01469,2,VALV-1192,138,28.15,Received in full
PO-2025-01470,1,ELEC-1107,72,2.45,Part received
PO-2025-01471,1,PIPE-1004,152,1.89,Received in full
PO-2025-01471,2,DRAIN-1179,55,123.25,Received in full
PO-2025-01472,1,TOOL-1201,36,11.85,Received in full
PO-2025-01472,2,DRAIN-1095,55,109.56,Received in full
PO-2025-01473,1,ELEC-1107,228,2.43,Part received
PO-2025-01473,2,TOOL-1077,126,2.56,Part received
PO-2025-01474,1,RENW-1081,3,2041.9,Received in full
PO-2025-01474,2,RENW-1042,6,785.46,Received in full
PO-2025-01475,1,RENW-1186,4,1449.84,Received in full
PO-2025-01475,2,ELEC-1204,145,17.3,Part received
PO-2025-01476,1,PIPE-1150,791,0.29,Part received
PO-2025-01476,2,TOOL-1031,147,11.15,Part received
PO-2025-01477,1,PIPE-1201,768,11.62,Received in full
PO-2025-01478,1,ELEC-1214,66,1.39,Received in full
PO-2025-01479,1,DRAIN-1161,24,7.9,Received in full
PO-2025-01480,1,ELEC-1143,56,16.2,Received in full
PO-2025-01480,2,PIPE-1064,152,8.18,Received in full
PO-2025-01481,1,RENW-1122,5,860.87,Part received
PO-2025-01481,2,PIPE-1168,2118,0.7,Part received
PO-2025-01481,3,VALV-1102,84,49.13,Received in full
PO-2025-01481,4,PIPE-1186,315,0.7,Part received
PO-2025-01482,1,PIPE-1168,930,1.04,Part received
PO-2025-01482,2,ELEC-1197,71,65.34,Received in full
PO-2025-01482,3,VENT-1176,6,51.11,Received in full
PO-2025-01482,4,HEAT-1182,5,524.33,Received in full
PO-2025-01483,1,VALV-1152,27,9.24,Received in full
PO-2025-01483,2,VALV-1014,24,38.89,Received in full
PO-2025-01483,3,VALV-1052,15,11.37,Received in full
PO-2025-01483,4,PIPE-1061,414,2.12,Received in full
PO-2025-01484,1,TOOL-1077,240,1.95,Part received
PO-2025-01484,2,TOOL-1067,258,5.8,Part received
PO-2025-01485,1,DRAIN-1214,29,35.02,Received in full
PO-2025-01486,1,HEAT-1203,30,476.73,Part received
PO-2025-01486,2,VALV-1152,66,6.56,Part received
PO-2025-01487,1,PIPE-1168,2118,0.7,Part received
PO-2025-01487,2,DRAIN-1106,132,7.51,Part received
PO-2025-01487,3,TOOL-1071,364,2.74,Part received
PO-2025-01487,4,ELEC-1088,348,10.66,Part received
PO-2025-01488,1,ELEC-1150,85,15.12,Received in full
PO-2025-01488,2,ELEC-1217,210,103.49,Part received
PO-2025-01488,3,DRAIN-1204,42,6.84,Received in full
PO-2025-01489,1,DRAIN-1082,24,7.28,Received in full
PO-2025-01490,1,DRAIN-1186,24,51.67,Received in full
PO-2025-01490,2,TOOL-1067,112,7.54,Received in full
PO-2025-01491,1,VENT-1095,26,170.62,Received in full
PO-2025-01491,2,TOOL-1219,52,1.01,Received in full
PO-2025-01491,3,PIPE-1165,280,16.49,Received in full
PO-2025-01492,1,VENT-1115,6,41.43,Received in full
PO-2025-01493,1,ELEC-1008,171,4.41,Part received
PO-2025-01494,1,VENT-1002,18,57.68,Received in full
PO-2025-01494,2,TOOL-1182,37,2.35,Received in full
PO-2025-01495,1,VENT-1168,24,153.17,Part received
PO-2025-01495,2,DRAIN-1113,114,11.73,Part received
PO-2025-01495,3,PIPE-1109,1400,2.69,Part received
PO-2025-01495,4,VALV-1056,78,19.29,Part received
PO-2025-01496,1,PIPE-1150,791,0.29,Part received
PO-2025-01496,2,VALV-1192,138,28.18,Part received
PO-2025-01496,3,TOOL-1031,147,11.2,Part received
PO-2025-01497,1,VALV-1110,20,11.78,Received in full
PO-2025-01497,2,VALV-1152,24,9.57,Received in full
PO-2025-01498,1,VALV-1065,15,93.15,Received in full
PO-2025-01499,1,VALV-1163,15,72.39,Received in full
PO-2025-01499,2,ELEC-1119,54,66.69,Received in full
PO-2025-01499,3,DRAIN-1095,62,106.63,Received in full
PO-2025-01500,1,VENT-1084,21,39.55,Received in full
PO-2025-01500,2,TOOL-1214,36,9.95,Received in full
PO-2025-01500,3,DRAIN-1138,24,151.7,Received in full
PO-2025-01501,1,RENW-1100,13,776.99,Received in full
PO-2025-01501,2,PIPE-1004,152,1.89,Received in full
PO-2025-01501,3,PIPE-1165,152,16.89,Received in full
PO-2025-01502,1,PIPE-1189,150,1.12,Received in full
PO-2025-01503,1,PIPE-1094,198,7.66,Part received
PO-2025-01503,2,PIPE-1101,666,1.42,Part received
PO-2025-01504,1,ELEC-1214,66,1.39,Received in full
PO-2025-01505,1,TOOL-1219,37,1.02,Received in full
PO-2025-01505,2,DRAIN-1179,120,122.26,Received in full
PO-2025-01506,1,ELEC-1049,156,34.72,Received in full
PO-2025-01507,1,TOOL-1067,144,7.34,Received in full
PO-2025-01508,1,PIPE-1165,208,16.64,Received in full
PO-2025-01508,2,ELEC-1025,54,34.51,Received in full
PO-2025-01508,3,VENT-1009,11,505.82,Received in full
PO-2025-01509,1,ELEC-1131,378,14.64,Part received
PO-2025-01510,1,ELEC-1204,145,17.61,Received in full
PO-2025-01510,2,ELEC-1088,140,13.24,Part received
PO-2025-01510,3,VENT-1158,6,113.22,Received in full
PO-2025-01510,4,VALV-1130,19,18.67,Received in full
PO-2025-01511,1,VENT-1119,22,629.74,Received in full
PO-2025-01511,2,ELEC-1184,91,105.91,Part received
PO-2025-01511,3,HEAT-1211,7,403.09,Received in full
PO-2025-01512,1,ELEC-1131,130,20.12,Received in full
PO-2025-01512,2,HEAT-1082,14,206.92,Received in full
PO-2025-01513,1,TOOL-1021,76,1.68,Received in full
PO-2025-01514,1,ELEC-1184,273,79.33,Part received
PO-2025-01515,1,PIPE-1070,150,13.1,Received in full
PO-2025-01516,1,RENW-1171,6,719.96,Received in full
PO-2025-01516,2,DRAIN-1033,24,8.68,Part received
PO-2025-01516,3,DRAIN-1009,24,7.27,Received in full
PO-2025-01516,4,ELEC-1158,54,5.09,Received in full
PO-2025-01517,1,VENT-1103,8,179.82,Received in full
PO-2025-01518,1,ELEC-1049,338,34.82,Part received
PO-2025-01518,2,PIPE-1142,156,0.43,Received in full
PO-2025-01519,1,PIPE-1064,200,8.23,Received in full
PO-2025-01520,1,ELEC-1107,72,2.47,Received in full
PO-2025-01521,1,PIPE-1029,180,4.27,Received in full
PO-2025-01522,1,VALV-1121,17,83.03,Received in full
PO-2025-01523,1,RENW-1192,8,1400.61,Received in full
PO-2025-01523,2,RENW-1100,26,778.05,Received in full
PO-2025-01524,1,DRAIN-1037,24,22.5,Received in full
PO-2025-01524,2,DRAIN-1106,54,9.63,Received in full
PO-2025-01525,1,VENT-1084,19,39.07,Received in full
PO-2025-01525,2,VALV-1056,28,25.17,Received in full
PO-2025-01526,1,TOOL-1087,42,2.59,Received in full
PO-2025-01526,2,PIPE-1165,192,16.9,Part received
PO-2025-01527,1,VENT-1095,8,170.0,Received in full
PO-2025-01527,2,PIPE-1101,150,2.1,Received in full
PO-2025-01527,3,TOOL-1137,36,25.36,Received in full
PO-2025-01528,1,VALV-1192,55,37.84,Received in full
PO-2025-01528,2,VALV-1204,21,37.7,Received in full
PO-2025-01528,3,VALV-1091,43,68.13,Received in full
PO-2025-01528,4,VALV-1152,27,9.29,Received in full
PO-2025-01529,1,ELEC-1214,168,1.39,Received in full
PO-2025-01530,1,PIPE-1142,228,0.43,Received in full
PO-2025-01531,1,DRAIN-1145,46,14.54,Part received
PO-2025-01531,2,DRAIN-1161,60,7.82,Received in full
PO-2025-01531,3,ELEC-1134,112,86.58,Part received
PO-2025-01531,4,RENW-1152,6,1897.74,Received in full
PO-2025-01532,1,VENT-1019,66,42.6,Part received
PO-2025-01532,2,DRAIN-1161,154,5.66,Part received
PO-2025-01533,1,PIPE-1201,1664,11.47,Part received
PO-2025-01534,1,DRAIN-1161,24,7.69,Received in full
PO-2025-01535,1,ELEC-1184,56,103.24,Received in full
PO-2025-01536,1,RENW-1203,6,758.7,Received in full
PO-2025-01536,2,ELEC-1117,90,3.47,Received in full
PO-2025-01536,3,RENW-1112,12,713.18,Received in full
PO-2025-01537,1,VALV-1121,42,83.68,Received in full
PO-2025-01538,1,ELEC-1094,180,3.21,Part received
PO-2025-01538,2,DRAIN-1214,35,35.45,Received in full
PO-2025-01538,3,RENW-1081,3,2074.02,Part received
PO-2025-01539,1,ELEC-1107,180,2.41,Part received
PO-2025-01539,2,PIPE-1025,795,2.34,Part received
PO-2025-01540,1,VENT-1105,6,159.63,Received in full
PO-2025-01540,2,VENT-1066,8,43.4,Received in full
PO-2025-01540,3,TOOL-1100,36,22.33,Received in full
PO-2025-01540,4,VENT-1199,9,65.68,Received in full
PO-2025-01541,1,ELEC-1204,60,17.57,Received in full
PO-2025-01541,2,TOOL-1110,36,20.43,Received in full
PO-2025-01542,1,DRAIN-1016,24,87.54,Received in full
PO-2025-01543,1,ELEC-1214,204,1.4,Received in full
PO-2025-01544,1,DRAIN-1047,69,172.51,Received in full
PO-2025-01545,1,DRAIN-1179,55,120.32,Received in full
PO-2025-01546,1,ELEC-1150,55,14.94,Received in full
PO-2025-01546,2,VENT-1119,10,632.3,Received in full
PO-2025-01547,1,PIPE-1142,150,0.43,Received in full
PO-2025-01547,2,DRAIN-1158,48,78.11,Received in full
PO-2025-01548,1,TOOL-1018,80,1.31,Received in full
PO-2025-01548,2,VENT-1214,18,185.81,Received in full
PO-2025-01548,3,PIPE-1165,208,16.93,Received in full
PO-2025-01548,4,TOOL-1087,51,2.62,Received in full
PO-2025-01549,1,ELEC-1214,144,1.4,Received in full
PO-2025-01550,1,PIPE-1004,208,1.9,Part received
PO-2025-01550,2,VALV-1007,25,13.87,Received in full
PO-2025-01551,1,TOOL-1021,36,1.69,Received in full
PO-2025-01552,1,ELEC-1131,150,19.6,Received in full
PO-2025-01552,2,RENW-1161,9,693.28,Received in full
PO-2025-01553,1,DRAIN-1047,33,172.36,Received in full
PO-2025-01554,1,RENW-1061,8,1669.86,Received in full
PO-2025-01554,2,PIPE-1126,150,7.6,Received in full
PO-2025-01554,3,VALV-1024,15,116.85,Received in full
PO-2025-01555,1,PIPE-1214,152,0.5,Part received
PO-2025-01555,2,TOOL-1137,45,25.27,Received in full
PO-2025-01556,1,VALV-1121,17,81.99,Part received
PO-2025-01557,1,DRAIN-1145,38,14.49,Received in full
PO-2025-01558,1,VENT-1084,21,39.86,Received in full
PO-2025-01558,2,DRAIN-1130,25,56.89,Received in full
PO-2025-01558,3,RENW-1000,19,1690.79,Received in full
PO-2025-01558,4,HEAT-1016,14,459.63,Received in full
PO-2025-01559,1,VENT-1119,26,631.94,Received in full
PO-2025-01559,2,ELEC-1184,112,105.29,Received in full
PO-2025-01560,1,ELEC-1088,125,13.27,Received in full
PO-2025-01561,1,ELEC-1204,190,17.41,Received in full
PO-2025-01562,1,RENW-1095,4,2146.62,Received in full
PO-2025-01562,2,ELEC-1176,54,13.22,Received in full
PO-2025-01562,3,DRAIN-1192,29,115.16,Part received
PO-2025-01563,1,VALV-1154,15,68.34,Received in full
PO-2025-01563,2,VALV-1137,19,65.52,Received in full
PO-2025-01564,1,VALV-1091,112,48.48,Part received
PO-2025-01565,1,RENW-1100,26,780.91,Received in full
PO-2025-01565,2,TOOL-1115,36,1.2,Received in full
PO-2025-01565,3,VENT-1176,6,52.41,Received in full
PO-2025-01565,4,DRAIN-1016,53,87.58,Part received
PO-2025-01566,1,PIPE-1201,768,11.56,Part received
PO-2025-01567,1,RENW-1087,9,1192.62,Received in full
PO-2025-01567,2,RENW-1100,13,780.78,Received in full
PO-2025-01567,3,VENT-1214,7,185.1,Received in full
PO-2025-01568,1,HEAT-1211,5,411.77,Received in full
PO-2025-01569,1,VALV-1110,15,11.87,Received in full
PO-2025-01570,1,TOOL-1071,364,2.79,Part received
PO-2025-01570,2,PIPE-1156,154,0.38,Part received
PO-2025-01570,3,DRAIN-1005,72,5.17,Part received
PO-2025-01570,4,RENW-1053,24,1896.03,Received in full
PO-2025-01571,1,RENW-1087,21,1189.65,Received in full
PO-2025-01571,2,PIPE-1206,168,0.65,Part received
PO-2025-01571,3,PIPE-1165,192,16.62,Received in full
PO-2025-01572,1,DRAIN-1145,24,14.49,Received in full
PO-2025-01572,2,DRAIN-1161,24,7.74,Received in full
PO-2025-01573,1,VENT-1002,18,58.76,Received in full
PO-2025-01573,2,RENW-1031,8,2085.74,Received in full
PO-2025-01573,3,DRAIN-1037,24,23.04,Received in full
PO-2025-01574,1,VENT-1019,26,58.52,Received in full
PO-2025-01574,2,DRAIN-1122,24,39.31,Part received
PO-2025-01574,3,PIPE-1044,672,14.82,Part received
PO-2025-01575,1,DRAIN-1047,81,170.25,Received in full
PO-2025-01575,2,VENT-1060,6,120.81,Received in full
PO-2025-01575,3,VALV-1172,15,65.4,Received in full
PO-2025-01576,1,VALV-1204,19,38.47,Received in full
PO-2025-01576,2,VALV-1152,24,9.32,Received in full
PO-2025-01576,3,VALV-1084,32,110.32,Received in full
PO-2025-01576,4,VALV-1065,20,92.42,Received in full
PO-2025-01577,1,PIPE-1109,1400,2.76,Part received
PO-2025-01578,1,VENT-1084,48,30.61,Part received
PO-2025-01578,2,DRAIN-1095,144,85.77,Part received
PO-2025-01579,1,DRAIN-1095,55,109.2,Received in full
PO-2025-01579,2,TOOL-1201,36,11.79,Received in full
PO-2025-01579,3,PIPE-1126,150,7.62,Received in full
PO-2025-01580,1,PIPE-1017,858,0.5,Part received
PO-2025-01580,2,ELEC-1143,288,12.87,Part received
PO-2025-01581,1,VENT-1019,66,43.55,Received in full
PO-2025-01582,1,ELEC-1134,144,87.02,Part received
PO-2025-01583,1,PIPE-1119,600,6.87,Part received
PO-2025-01583,2,TOOL-1175,36,2.78,Part received
PO-2025-01584,1,TOOL-1128,204,3.02,Received in full
PO-2025-01584,2,TOOL-1018,36,1.32,Received in full
PO-2025-01584,3,VENT-1095,8,171.6,Received in full
PO-2025-01585,1,ELEC-1014,54,2.58,Received in full
PO-2025-01586,1,ELEC-1204,130,17.21,Received in full
PO-2025-01587,1,PIPE-1070,372,10.68,Part received
PO-2025-01587,2,ELEC-1131,378,14.59,Part received
PO-2025-01588,1,RENW-1212,4,1978.02,Received in full
PO-2025-01588,2,HEAT-1151,8,628.11,Received in full
PO-2025-01589,1,DRAIN-1047,100,171.15,Received in full
PO-2025-01590,1,PIPE-1079,168,0.72,Part received
PO-2025-01591,1,PIPE-1201,1984,11.66,Part received
PO-2025-01591,2,TOOL-1110,64,20.66,Received in full
PO-2025-01592,1,ELEC-1217,182,101.77,Received in full
PO-2025-01592,2,TOOL-1092,60,30.45,Received in full
PO-2025-01592,3,VENT-1119,22,625.36,Received in full
PO-2025-01593,1,TOOL-1092,182,22.82,Part received
PO-2025-01593,2,PIPE-1044,1666,10.94,Part received
PO-2025-01594,1,VENT-1019,66,42.61,Part received
PO-2025-01595,1,VENT-1095,21,171.87,Received in full
PO-2025-01595,2,DRAIN-1082,24,7.19,Received in full
PO-2025-01596,1,TOOL-1219,37,1.01,Received in full
PO-2025-01596,2,PIPE-1206,168,0.65,Received in full
PO-2025-01597,1,HEAT-1082,9,206.04,Received in full
PO-2025-01598,1,VALV-1065,15,92.15,Part received
PO-2025-01598,2,VALV-1204,15,37.83,Received in full
PO-2025-01599,1,ELEC-1005,54,27.91,Received in full
PO-2025-01599,2,DRAIN-1056,24,23.24,Received in full
PO-2025-01599,3,VENT-1129,9,54.45,Received in full
PO-2025-01600,1,ELEC-1117,90,3.39,Received in full
PO-2025-01601,1,VENT-1084,21,39.36,Received in full
PO-2025-01601,2,VENT-1205,7,24.67,Received in full
PO-2025-01601,3,RENW-1010,7,2823.07,Received in full
PO-2025-01602,1,PIPE-1004,208,1.92,Received in full
PO-2025-01603,1,VALV-1080,22,129.1,Received in full
PO-2025-01603,2,VALV-1140,15,19.21,Received in full
PO-2025-01604,1,ELEC-1107,156,2.44,Part received
PO-2025-01604,2,TOOL-1077,91,2.59,Part received
PO-2025-01605,1,ELEC-1049,156,34.82,Received in full
PO-2025-01605,2,TOOL-1182,36,2.4,Received in full
PO-2025-01606,1,HEAT-1082,20,207.98,Received in full
PO-2025-01607,1,VALV-1192,138,28.19,Part received
PO-2025-01607,2,ELEC-1049,870,26.53,Part received
PO-2025-01608,1,RENW-1042,6,771.09,Part received
PO-2025-01608,2,VENT-1043,12,46.7,Received in full
PO-2025-01608,3,HEAT-1192,7,258.8,Received in full
PO-2025-01608,4,RENW-1081,3,2080.76,Received in full
PO-2025-01609,1,DRAIN-1204,42,6.95,Part received
PO-2025-01609,2,ELEC-1150,85,14.95,Part received
PO-2025-01609,3,HEAT-1211,8,410.12,Received in full
PO-2025-01609,4,TOOL-1092,70,30.57,Received in full
PO-2025-01610,1,ELEC-1049,338,34.25,Part received
PO-2025-01611,1,RENW-1018,3,1826.55,Received in full
PO-2025-01611,2,ELEC-1214,168,1.4,Received in full
PO-2025-01612,1,RENW-1095,4,2124.82,Received in full
PO-2025-01612,2,VENT-1199,9,65.01,Received in full
PO-2025-01613,1,ELEC-1067,54,5.12,Part received
PO-2025-01613,2,DRAIN-1161,60,7.75,Part received
PO-2025-01614,1,ELEC-1102,54,13.43,Received in full
PO-2025-01614,2,TOOL-1128,510,2.97,Part received
PO-2025-01614,3,VALV-1187,17,13.06,Received in full
PO-2025-01614,4,RENW-1070,3,1171.16,Received in full
PO-2025-01615,1,VENT-1119,26,627.13,Received in full
PO-2025-01615,2,RENW-1145,7,2448.52,Received in full
PO-2025-01616,1,PIPE-1029,405,4.37,Part received
PO-2025-01617,1,ELEC-1131,130,20.11,Part received
PO-2025-01618,1,PIPE-1168,372,1.04,Received in full
PO-2025-01618,2,HEAT-1130,5,789.16,Received in full
PO-2025-01619,1,VENT-1119,10,636.97,Received in full
PO-2025-01619,2,ELEC-1217,98,102.85,Part received
PO-2025-01620,1,TOOL-1031,147,11.29,Part received
PO-2025-01620,2,PIPE-1150,791,0.29,Part received
PO-2025-01621,1,ELEC-1134,104,87.29,Received in full
PO-2025-01622,1,DRAIN-1179,55,122.4,Part received
PO-2025-01622,2,DRAIN-1016,24,88.08,Received in full
PO-2025-01623,1,DRAIN-1047,33,172.62,Received in full
PO-2025-01624,1,PIPE-1064,272,8.13,Received in full
PO-2025-01624,2,ELEC-1143,152,16.56,Part received
PO-2025-01625,1,PIPE-1011,168,0.41,Part received
PO-2025-01626,1,DRAIN-1009,24,7.13,Received in full
PO-2025-01626,2,ELEC-1158,54,5.06,Part received
PO-2025-01627,1,TOOL-1163,40,8.12,Received in full
PO-2025-01627,2,TOOL-1128,425,2.95,Part received
PO-2025-01628,1,TOOL-1201,36,12.0,Received in full
PO-2025-01629,1,ELEC-1094,408,2.3,Part received
PO-2025-01629,2,PIPE-1017,858,0.5,Part received
PO-2025-01630,1,DRAIN-1186,24,53.08,Received in full
PO-2025-01630,2,PIPE-1061,406,2.06,Part received
PO-2025-01631,1,PIPE-1189,150,1.1,Part received
PO-2025-01631,2,ELEC-1214,144,1.38,Received in full
PO-2025-01632,1,TOOL-1175,36,2.79,Received in full
PO-2025-01632,2,VALV-1056,15,24.85,Received in full
PO-2025-01633,1,HEAT-1200,6,936.94,Received in full
PO-2025-01634,1,VALV-1007,18,13.82,Received in full
PO-2025-01634,2,PIPE-1206,150,0.65,Received in full
PO-2025-01635,1,RENW-1000,42,1330.63,Received in full
PO-2025-01636,1,VENT-1075,6,176.6,Received in full
PO-2025-01637,1,TOOL-1051,77,0.82,Received in full
PO-2025-01637,2,PIPE-1109,1400,2.68,Part received
PO-2025-01637,3,VALV-1102,84,48.84,Part received
PO-2025-01637,4,TOOL-1144,90,1.05,Part received
PO-2025-01638,1,ELEC-1184,56,104.72,Received in full
PO-2025-01638,2,VENT-1119,10,622.92,Received in full
PO-2025-01639,1,VENT-1095,26,170.65,Received in full
PO-2025-01639,2,TOOL-1219,52,1.03,Received in full
PO-2025-01640,1,RENW-1100,13,768.85,Received in full
PO-2025-01640,2,PIPE-1165,152,16.79,Received in full
PO-2025-01640,3,VENT-1095,8,168.54,Part received
PO-2025-01641,1,RENW-1100,26,766.26,Received in full
PO-2025-01641,2,ELEC-1197,71,64.61,Received in full
PO-2025-01641,3,VENT-1009,11,509.88,Received in full
PO-2025-01641,4,TOOL-1163,46,8.12,Received in full
PO-2025-01642,1,VENT-1019,26,58.16,Part received
PO-2025-01643,1,TOOL-1071,364,2.74,Part received
PO-2025-01644,1,RENW-1171,6,709.71,Received in full
PO-2025-01645,1,VALV-1192,55,37.88,Received in full
PO-2025-01645,2,VALV-1014,24,38.45,Part received
PO-2025-01645,3,VALV-1065,24,93.24,Received in full
PO-2025-01646,1,ELEC-1049,364,34.99,Part received
PO-2025-01647,1,PIPE-1029,180,4.29,Received in full
PO-2025-01648,1,RENW-1192,8,1387.16,Received in full
PO-2025-01648,2,PIPE-1004,248,1.91,Received in full
PO-2025-01648,3,VENT-1176,6,51.0,Received in full
PO-2025-01648,4,VENT-1185,6,84.65,Received in full
PO-2025-01649,1,ELEC-1217,210,102.39,Part received
PO-2025-01649,2,DRAIN-1051,24,126.43,Received in full
PO-2025-01649,3,ELEC-1184,112,106.13,Part received
PO-2025-01649,4,TOOL-1092,70,30.76,Received in full
PO-2025-01650,1,VALV-1007,25,13.74,Received in full
PO-2025-01650,2,ELEC-1197,59,65.95,Received in full
PO-2025-01651,1,ELEC-1150,75,14.89,Received in full
PO-2025-01651,2,VENT-1119,22,621.45,Received in full
PO-2025-01652,1,PIPE-1201,768,11.69,Part received
PO-2025-01652,2,ELEC-1204,60,17.4,Received in full
PO-2025-01653,1,ELEC-1134,56,85.71,Received in full
PO-2025-01654,1,RENW-1158,7,2159.52,Received in full
PO-2025-01654,2,RENW-1161,11,517.53,Part received
PO-2025-01654,3,TOOL-1021,238,1.38,Part received
PO-2025-01654,4,VENT-1214,49,124.25,Received in full
PO-2025-01655,1,RENW-1161,9,690.97,Received in full
PO-2025-01655,2,ELEC-1131,150,20.04,Part received
PO-2025-01655,3,HEAT-1124,10,649.6,Received in full
PO-2025-01656,1,ELEC-1171,54,49.16,Received in full
PO-2025-01656,2,VENT-1103,8,178.54,Received in full
PO-2025-01657,1,ELEC-1204,145,17.28,Received in full
PO-2025-01657,2,VENT-1161,6,348.17,Received in full
PO-2025-01657,3,ELEC-1088,140,13.09,Received in full
PO-2025-01657,4,RENW-1186,4,1439.54,Received in full
PO-2025-01658,1,VENT-1084,21,39.3,Received in full
PO-2025-01658,2,HEAT-1203,12,597.04,Received in full
PO-2025-01658,3,VENT-1205,7,24.19,Received in full
PO-2025-01659,1,DRAIN-1145,46,14.57,Part received
PO-2025-01659,2,ELEC-1194,68,51.59,Part received
PO-2025-01660,1,ELEC-1088,125,13.35,Received in full
PO-2025-01661,1,VENT-1119,32,632.68,Part received
PO-2025-01662,1,RENW-1042,6,784.5,Part received
PO-2025-01663,1,PIPE-1029,465,4.28,Part received
PO-2025-01663,2,VALV-1163,15,73.99,Part received
PO-2025-01663,3,VENT-1075,6,176.68,Received in full
PO-2025-01664,1,PIPE-1206,198,0.64,Received in full
PO-2025-01664,2,RENW-1022,5,1425.56,Received in full
PO-2025-01664,3,TOOL-1115,36,1.23,Received in full
PO-2025-01665,1,HEAT-1082,14,207.58,Received in full
PO-2025-01666,1,RENW-1095,4,2158.42,Received in full
PO-2025-01666,2,VENT-1066,8,42.45,Received in full
PO-2025-01666,3,VENT-1199,9,64.46,Received in full
PO-2025-01666,4,VENT-1105,6,157.74,Received in full
PO-2025-01667,1,ELEC-1217,98,101.86,Received in full
PO-2025-01667,2,ELEC-1150,55,14.99,Received in full
PO-2025-01668,1,ELEC-1107,228,2.47,Part received
PO-2025-01668,2,TOOL-1077,126,2.62,Received in full
PO-2025-01669,1,RENW-1212,4,1945.07,Received in full
PO-2025-01669,2,PIPE-1150,300,0.39,Part received
PO-2025-01669,3,ELEC-1162,54,23.88,Received in full
PO-2025-01670,1,VENT-1115,12,32.08,Received in full
PO-2025-01671,1,RENW-1087,21,1180.78,Received in full
PO-2025-01671,2,TOOL-1018,66,1.3,Received in full
PO-2025-01671,3,TOOL-1219,37,1.0,Received in full
PO-2025-01671,4,VENT-1095,18,169.74,Part received
PO-2025-01672,1,HEAT-1142,5,521.55,Received in full
PO-2025-01672,2,TOOL-1219,36,1.02,Received in full
PO-2025-01672,3,RENW-1087,9,1192.05,Received in full
PO-2025-01673,1,RENW-1000,19,1684.97,Received in full
PO-2025-01674,1,VENT-1119,26,622.45,Received in full
PO-2025-01674,2,RENW-1122,5,1106.08,Received in full
PO-2025-01675,1,ELEC-1008,630,3.48,Part received
PO-2025-01676,1,DRAIN-1158,264,59.78,Part received
PO-2025-01677,1,ELEC-1088,60,13.11,Received in full
PO-2025-01678,1,VENT-1009,11,506.18,Received in full
PO-2025-01678,2,RENW-1192,8,1391.67,Received in full
PO-2025-01679,1,TOOL-1175,102,2.22,Part received
PO-2025-01679,2,PIPE-1088,308,0.27,Part received
PO-2025-01679,3,TOOL-1077,240,1.97,Part received
PO-2025-01680,1,TOOL-1128,204,3.01,Received in full
PO-2025-01680,2,VENT-1095,8,170.18,Received in full
PO-2025-01680,3,VENT-1214,7,188.59,Received in full
PO-2025-01681,1,PIPE-1064,152,8.12,Received in full
PO-2025-01682,1,VALV-1110,15,11.71,Received in full
PO-2025-01683,1,PIPE-1017,858,0.49,Part received
PO-2025-01684,1,VENT-1185,6,84.65,Received in full
PO-2025-01684,2,VENT-1192,6,591.54,Received in full
PO-2025-01685,1,RENW-1018,3,1784.37,Received in full
PO-2025-01685,2,PIPE-1189,155,1.12,Part received
PO-2025-01685,3,HEAT-1033,7,789.94,Received in full
PO-2025-01685,4,VALV-1215,21,21.3,Received in full
PO-2025-01686,1,PIPE-1201,1984,11.75,Part received
PO-2025-01687,1,ELEC-1107,180,2.44,Part received
PO-2025-01688,1,VENT-1103,8,179.58,Received in full
PO-2025-01688,2,DRAIN-1047,81,172.71,Part received
PO-2025-01689,1,VENT-1134,8,46.84,Received in full
PO-2025-01690,1,DRAIN-1158,100,79.44,Received in full
PO-2025-01691,1,VALV-1121,38,82.86,Received in full
PO-2025-01692,1,ELEC-1204,130,17.44,Received in full
PO-2025-01692,2,PIPE-1201,1664,11.7,Part received
PO-2025-01693,1,PIPE-1004,208,1.89,Part received
PO-2025-01693,2,TOOL-1087,42,2.56,Received in full
PO-2025-01693,3,DRAIN-1179,120,121.2,Received in full
PO-2025-01694,1,DRAIN-1161,24,7.8,Received in full
PO-2025-01695,1,PIPE-1119,672,6.77,Received in full
PO-2025-01695,2,VENT-1084,21,39.88,Received in full
PO-2025-01696,1,VENT-1185,6,83.74,Received in full
PO-2025-01696,2,TOOL-1219,44,1.02,Received in full
PO-2025-01696,3,PIPE-1165,208,16.48,Received in full
PO-2025-01697,1,ELEC-1217,182,104.35,Part received
PO-2025-01697,2,DRAIN-1204,36,6.97,Received in full
PO-2025-01698,1,DRAIN-1095,144,86.11,Part received
PO-2025-01698,2,VENT-1084,48,31.2,Received in full
PO-2025-01699,1,VENT-1095,21,167.16,Part received
PO-2025-01699,2,RENW-1070,3,1172.25,Received in full
PO-2025-01700,1,VENT-1141,6,167.45,Received in full
PO-2025-01700,2,RENW-1212,4,1992.92,Received in full
PO-2025-01701,1,DRAIN-1214,35,34.96,Received in full
PO-2025-01702,1,DRAIN-1179,175,121.83,Received in full
PO-2025-01703,1,VALV-1140,15,19.09,Received in full
PO-2025-01703,2,VALV-1084,37,110.32,Received in full
PO-2025-01703,3,VALV-1204,21,37.5,Received in full
PO-2025-01703,4,VALV-1192,55,37.98,Part received
PO-2025-01704,1,VENT-1214,16,186.24,Received in full
PO-2025-01704,2,PIPE-1135,150,4.76,Received in full
PO-2025-01705,1,VENT-1095,8,169.84,Received in full
PO-2025-01705,2,TOOL-1137,36,25.5,Received in full
PO-2025-01705,3,DRAIN-1179,55,120.92,Part received
PO-2025-01706,1,ELEC-1204,60,17.33,Received in full
PO-2025-01707,1,ELEC-1204,190,17.23,Part received
PO-2025-01708,1,ELEC-1134,104,86.91,Received in full
PO-2025-01709,1,RENW-1100,13,774.42,Received in full
PO-2025-01709,2,TOOL-1018,36,1.31,Received in full
PO-2025-01710,1,TOOL-1067,258,5.93,Part received
PO-2025-01710,2,TOOL-1077,240,1.96,Part received
PO-2025-01710,3,TOOL-1175,102,2.22,Part received
PO-2025-01711,1,VALV-1175,15,40.7,Received in full
PO-2025-01712,1,ELEC-1214,66,1.39,Received in full
PO-2025-01713,1,HEAT-1064,24,217.49,Received in full
PO-2025-01713,2,TOOL-1149,90,2.44,Part received
PO-2025-01714,1,PIPE-1064,152,8.09,Received in full
PO-2025-01715,1,VALV-1121,42,82.1,Received in full
PO-2025-01716,1,DRAIN-1158,112,78.1,Received in full
PO-2025-01716,2,PIPE-1142,180,0.43,Received in full
PO-2025-01716,3,DRAIN-1106,54,9.56,Part received
PO-2025-01717,1,TOOL-1214,36,9.83,Received in full
PO-2025-01718,1,PIPE-1101,150,2.14,Received in full
PO-2025-01719,1,PIPE-1004,248,1.9,Received in full
PO-2025-01719,2,RENW-1100,26,780.74,Received in full
PO-2025-01719,3,DRAIN-1016,53,86.91,Received in full
PO-2025-01719,4,PIPE-1206,198,0.65,Part received
PO-2025-01720,1,ELEC-1214,168,1.39,Part received
PO-2025-01721,1,ELEC-1117,54,3.44,Received in full
PO-2025-01722,1,RENW-1087,36,781.71,Received in full
PO-2025-01722,2,PIPE-1025,2079,1.78,Part received
PO-2025-01722,3,PIPE-1044,1666,10.97,Part received
PO-2025-01723,1,PIPE-1064,272,8.24,Received in full
PO-2025-01724,1,PIPE-1064,232,8.28,Received in full
PO-2025-01724,2,ELEC-1008,171,4.47,Received in full
PO-2025-01725,1,ELEC-1131,150,19.83,Part received
PO-2025-01726,1,DRAIN-1047,69,172.35,Received in full
PO-2025-01727,1,ELEC-1150,75,14.88,Part received
PO-2025-01728,1,DRAIN-1033,24,8.66,Received in full
PO-2025-01728,2,RENW-1171,6,720.63,Received in full
PO-2025-01728,3,DRAIN-1009,24,7.26,Received in full
PO-2025-01729,1,PIPE-1088,308,0.27,Part received
PO-2025-01729,2,TOOL-1175,102,2.2,Received in full
PO-2025-01729,3,TOOL-1067,258,5.9,Part received
PO-2025-01730,1,ELEC-1049,156,34.77,Received in full
PO-2025-01731,1,PIPE-1189,342,0.89,Part received
PO-2025-01731,2,DRAIN-1016,120,57.52,Part received
PO-2025-01732,1,TOOL-1071,364,2.76,Part received
PO-2025-01732,2,PIPE-1061,990,1.48,Part received
PO-2025-01732,3,VALV-1056,78,19.52,Part received
PO-2025-01733,1,ELEC-1204,60,17.33,Part received
PO-2025-01734,1,RENW-1031,8,2047.42,Received in full
PO-2025-01735,1,VENT-1019,66,42.31,Part received
PO-2025-01735,2,VENT-1158,14,90.5,Received in full
PO-2025-01736,1,DRAIN-1095,62,106.97,Received in full
PO-2025-01736,2,TOOL-1201,36,11.72,Received in full
PO-2025-01736,3,VALV-1163,15,73.77,Received in full
PO-2025-01737,1,DRAIN-1214,29,35.48,Received in full
PO-2025-01738,1,VENT-1119,10,637.68,Received in full
PO-2025-01738,2,ELEC-1184,56,103.64,Part received
PO-2025-01738,3,ELEC-1217,98,103.51,Received in full
PO-2025-01738,4,TOOL-1092,40,30.63,Received in full
PO-2025-01739,1,RENW-1087,36,783.44,Part received
PO-2025-01739,2,TOOL-1110,144,16.34,Outstanding
PO-2025-01739,3,TOOL-1051,77,0.83,Part received
PO-2025-01739,4,ELEC-1117,224,2.53,Part received
PO-2025-01740,1,VENT-1084,21,40.05,Received in full
PO-2025-01740,2,HEAT-1064,8,271.21,Received in full
PO-2025-01741,1,VENT-1192,6,588.88,Received in full
PO-2025-01741,2,ELEC-1102,54,13.62,Received in full
PO-2025-01741,3,HEAT-1182,5,519.04,Received in full
PO-2025-01742,1,PIPE-1064,200,8.15,Received in full
PO-2025-01743,1,HEAT-1082,9,205.53,Received in full
PO-2025-01744,1,ELEC-1107,72,2.47,Received in full
PO-2025-01745,1,PIPE-1094,198,7.65,Part received
PO-2025-01746,1,TOOL-1219,44,1.01,Received in full
PO-2025-01747,1,RENW-1087,9,1190.63,Received in full
PO-2025-01747,2,HEAT-1142,5,518.09,Received in full
PO-2025-01747,3,VENT-1214,7,187.79,Received in full
PO-2025-01747,4,PIPE-1168,372,1.03,Part received
PO-2025-01748,1,DRAIN-1047,33,173.46,Part received
PO-2025-01749,1,VENT-1214,49,121.48,Outstanding
PO-2025-01749,2,PIPE-1061,990,1.52,Part received
PO-2025-01750,1,VALV-1113,15,9.01,Part received
PO-2025-01751,1,ELEC-1171,54,48.77,Received in full
PO-2025-01751,2,VENT-1103,8,181.57,Received in full
PO-2025-01751,3,VENT-1060,6,120.34,Received in full
PO-2025-01752,1,VENT-1119,22,623.66,Received in full
PO-2025-01752,2,HEAT-1211,7,409.2,Received in full
PO-2025-01753,1,VENT-1134,8,47.42,Part received
PO-2025-01754,1,TOOL-1201,36,11.83,Received in full
PO-2025-01754,2,PIPE-1029,405,4.34,Part received
PO-2025-01755,1,PIPE-1004,248,1.91,Part received
PO-2025-01755,2,TOOL-1128,510,3.0,Part received
PO-2025-01755,3,ELEC-1031,54,2.21,Received in full
PO-2025-01756,1,ELEC-1107,180,2.42,Part received
PO-2025-01756,2,DRAIN-1199,24,5.44,Received in full
PO-2025-01756,3,PIPE-1025,795,2.34,Part received
PO-2025-01757,1,ELEC-1217,210,102.75,Received in full
PO-2025-01757,2,VENT-1119,26,626.19,Received in full
PO-2025-01757,3,DRAIN-1204,42,6.91,Received in full
PO-2025-01757,4,RENW-1122,5,1133.66,Received in full
PO-2025-01758,1,DRAIN-1145,46,14.3,Received in full
PO-2025-01758,2,ELEC-1134,112,86.9,Part received
PO-2025-01758,3,RENW-1035,9,1426.7,Received in full
PO-2025-01758,4,ELEC-1194,68,51.05,Received in full
PO-2025-01759,1,VALV-1204,19,38.55,Received in full
PO-2025-01759,2,VALV-1152,24,9.05,Received in full
PO-2025-01759,3,VALV-1091,37,69.76,Part received
PO-2025-01760,1,TOOL-1128,204,3.0,Received in full
PO-2025-01760,2,TOOL-1163,36,8.0,Received in full
PO-2025-01760,3,VALV-1007,18,13.73,Received in full
PO-2025-01760,4,PIPE-1101,150,2.14,Received in full
PO-2025-01761,1,VALV-1121,17,82.49,Received in full
PO-2025-01762,1,TOOL-1144,90,1.05,Part received
PO-2025-01762,2,TOOL-1021,238,1.37,Part received
PO-2025-01763,1,RENW-1010,7,2791.24,Received in full
PO-2025-01764,1,VALV-1037,15,32.75,Received in full
PO-2025-01764,2,VALV-1137,19,65.25,Part received
PO-2025-01765,1,VALV-1110,20,11.71,Received in full
PO-2025-01766,1,PIPE-1214,152,0.5,Part received
PO-2025-01766,2,PIPE-1101,260,2.08,Received in full
PO-2025-01766,3,VALV-1007,25,13.89,Received in full
PO-2025-01766,4,VENT-1214,16,185.73,Received in full
PO-2025-01767,1,HEAT-1130,5,783.09,Received in full
PO-2025-01767,2,RENW-1100,13,768.38,Received in full
PO-2025-01768,1,HEAT-1142,11,507.98,Received in full
PO-2025-01769,1,TOOL-1137,45,24.96,Received in full
PO-2025-01769,2,TOOL-1163,40,7.94,Received in full
PO-2025-01770,1,RENW-1000,42,1326.29,Part received
PO-2025-01771,1,ELEC-1025,54,34.05,Received in full
PO-2025-01771,2,TOOL-1087,51,2.56,Received in full
PO-2025-01772,1,ELEC-1094,180,3.25,Part received
PO-2025-01772,2,VENT-1043,12,46.71,Received in full
PO-2025-01772,3,DRAIN-1214,35,34.94,Received in full
PO-2025-01772,4,HEAT-1192,7,259.71,Received in full
PO-2025-01773,1,TOOL-1067,258,5.91,Part received
PO-2025-01774,1,ELEC-1049,338,35.09,Part received
PO-2025-01774,2,DRAIN-1158,100,78.76,Received in full
PO-2025-01774,3,DRAIN-1106,47,9.54,Received in full
PO-2025-01775,1,VALV-1121,55,82.92,Received in full
PO-2025-01776,1,HEAT-1161,6,900.18,Received in full
PO-2025-01777,1,ELEC-1134,56,87.36,Part received
PO-2025-01777,2,DRAIN-1145,24,14.64,Received in full
PO-2025-01778,1,PIPE-1064,232,8.07,Received in full
PO-2025-01778,2,DRAIN-1192,29,113.73,Received in full
PO-2025-01778,3,RENW-1095,4,2169.21,Received in full
PO-2025-01778,4,VENT-1066,8,42.22,Received in full
PO-2025-01779,1,PIPE-1201,5061,9.78,Part received
PO-2025-01780,1,HEAT-1142,5,516.21,Received in full
PO-2025-01780,2,DRAIN-1179,55,120.83,Received in full
PO-2025-01781,1,ELEC-1217,266,103.37,Part received
PO-2025-01782,1,DRAIN-1122,24,38.87,Received in full
PO-2025-01782,2,HEAT-1200,8,945.34,Received in full
PO-2025-01782,3,PIPE-1061,406,2.03,Part received
PO-2025-01782,4,PIPE-1044,672,14.72,Part received
PO-2025-01783,1,TOOL-1128,425,2.97,Part received
PO-2025-01783,2,ELEC-1025,54,34.95,Part received
PO-2025-01784,1,PIPE-1142,156,0.43,Received in full
PO-2025-01785,1,PIPE-1070,150,13.25,Received in full
PO-2025-01785,2,PIPE-1119,600,6.87,Part received
PO-2025-01786,1,RENW-1203,6,766.49,Received in full
PO-2025-01786,2,HEAT-1009,5,644.99,Received in full
PO-2025-01787,1,PIPE-1142,180,0.43,Received in full
PO-2025-01787,2,ELEC-1049,364,34.95,Part received
PO-2025-01787,3,DRAIN-1106,54,9.51,Received in full
PO-2025-01787,4,DRAIN-1158,112,78.37,Received in full
PO-2025-01788,1,DRAIN-1084,24,7.41,Received in full
PO-2025-01788,2,DRAIN-1056,24,23.69,Received in full
PO-2025-01788,3,ELEC-1005,54,27.87,Received in full
PO-2025-01789,1,ELEC-1217,182,103.19,Part received
PO-2025-01790,1,RENW-1087,9,1179.72,Received in full
PO-2025-01790,2,PIPE-1165,152,16.6,Part received
PO-2025-01791,1,ELEC-1107,72,2.46,Received in full
PO-2025-01792,1,VALV-1204,15,38.51,Received in full
PO-2025-01792,2,VALV-1065,15,94.41,Received in full
PO-2025-01793,1,RENW-1000,19,1700.53,Received in full
PO-2025-01793,2,TOOL-1214,36,9.85,Received in full
PO-2025-01793,3,HEAT-1016,14,472.34,Received in full
PO-2025-01794,1,ELEC-1008,171,4.51,Part received
PO-2025-01795,1,DRAIN-1095,144,87.71,Part received
PO-2025-01796,1,HEAT-1039,5,265.93,Received in full
PO-2025-01796,2,RENW-1053,15,2536.44,Received in full
PO-2025-01797,1,PIPE-1201,1984,11.69,Part received
PO-2025-01797,2,VALV-1130,19,18.55,Received in full
PO-2025-01797,3,ELEC-1088,140,13.23,Received in full
PO-2025-01797,4,ELEC-1204,145,17.36,Received in full
PO-2025-01798,1,VALV-1110,23,11.85,Received in full
PO-2025-01799,1,ELEC-1094,156,3.2,Part received
PO-2025-01799,2,DRAIN-1214,29,35.08,Received in full
PO-2025-01800,1,PIPE-1017,858,0.5,Part received
PO-2025-01801,1,TOOL-1110,36,20.65,Received in full
PO-2025-01802,1,PIPE-1029,405,4.3,Received in full
PO-2025-01802,2,VALV-1024,15,115.37,Received in full
PO-2025-01803,1,ELEC-1204,130,17.66,Part received
PO-2025-01803,2,TOOL-1110,56,20.67,Received in full
PO-2025-01804,1,TOOL-1018,66,1.32,Received in full
PO-2025-01804,2,PIPE-1135,150,4.84,Received in full
PO-2025-01804,3,RENW-1087,21,1191.51,Received in full
PO-2025-01805,1,RENW-1100,13,775.27,Received in full
PO-2025-01806,1,PIPE-1038,468,1.07,Part received
PO-2025-01807,1,RENW-1100,26,766.89,Received in full
PO-2025-01807,2,RENW-1192,8,1366.17,Received in full
PO-2025-01807,3,TOOL-1219,44,1.02,Received in full
PO-2025-01807,4,VENT-1053,6,36.99,Received in full
PO-2025-01808,1,VALV-1154,15,67.62,Part received
PO-2025-01809,1,VALV-1215,21,21.23,Received in full
PO-2025-01809,2,RENW-1018,3,1814.75,Received in full
PO-2025-01809,3,DRAIN-1068,24,9.49,Received in full
PO-2025-01810,1,VENT-1002,18,58.37,Received in full
PO-2025-01810,2,TOOL-1182,37,2.37,Received in full
PO-2025-01810,3,DRAIN-1098,24,36.21,Received in full
PO-2025-01811,1,VALV-1121,38,83.37,Received in full
PO-2025-01812,1,PIPE-1038,468,1.08,Part received
PO-2025-01813,1,PIPE-1004,152,1.92,Received in full
PO-2025-01813,2,TOOL-1087,36,2.57,Received in full
PO-2025-01813,3,HEAT-1142,5,521.75,Received in full
PO-2025-01814,1,DRAIN-1047,100,171.72,Received in full
PO-2025-01815,1,VALV-1102,29,70.89,Received in full
PO-2025-01815,2,TOOL-1018,80,1.3,Received in full
PO-2025-01815,3,PIPE-1186,152,1.09,Received in full
PO-2025-01816,1,VALV-1172,36,52.72,Part received
PO-2025-01816,2,PIPE-1109,1400,2.75,Part received
PO-2025-01816,3,PIPE-1011,168,0.41,Outstanding
PO-2025-01816,4,PIPE-1189,342,0.9,Part received
PO-2025-01817,1,VALV-1084,84,80.75,Part received
PO-2025-01817,2,TOOL-1021,238,1.36,Part received
PO-2025-01817,3,TOOL-1182,90,1.9,Part received
PO-2025-01817,4,TOOL-1149,90,2.46,Part received
PO-2025-01818,1,TOOL-1067,258,5.9,Part received
PO-2025-01818,2,TOOL-1077,240,1.97,Part received
PO-2025-01819,1,ELEC-1150,85,14.75,Part received
PO-2025-01819,2,ELEC-1184,112,104.53,Part received
PO-2025-01819,3,DRAIN-1051,24,125.78,Received in full
PO-2025-01819,4,VENT-1119,26,635.47,Received in full
PO-2025-01820,1,DRAIN-1113,24,15.63,Received in full
PO-2025-01821,1,VENT-1095,18,168.56,Received in full
PO-2025-01821,2,PIPE-1165,192,16.53,Part received
PO-2025-01822,1,ELEC-1150,75,15.18,Received in full
PO-2025-01823,1,TOOL-1018,36,1.32,Received in full
PO-2025-01823,2,TOOL-1128,204,2.99,Received in full
PO-2025-01823,3,TOOL-1137,36,25.46,Received in full
PO-2025-01824,1,TOOL-1092,182,22.86,Outstanding
PO-2025-01824,2,PIPE-1025,2079,1.75,Part received
PO-2025-01825,1,HEAT-1211,5,404.02,Received in full
PO-2025-01826,1,DRAIN-1161,154,5.7,Outstanding
PO-2025-01826,2,VALV-1152,66,6.61,Part received
PO-2025-01827,1,VALV-1091,43,69.86,Received in full
PO-2025-01827,2,VALV-1080,22,129.76,Received in full
PO-2025-01827,3,VALV-1204,21,38.6,Received in full
PO-2025-01828,1,ELEC-1107,180,2.42,Received in full
PO-2025-01829,1,ELEC-1197,71,65.16,Received in full
PO-2025-01829,2,VENT-1095,21,170.46,Received in full
PO-2025-01829,3,DRAIN-1016,53,86.57,Received in full
PO-2025-01830,1,VALV-1215,18,21.32,Received in full
PO-2025-01830,2,ELEC-1214,144,1.41,Part received
PO-2025-01831,1,PIPE-1142,150,0.43,Received in full
PO-2025-01832,1,PIPE-1142,228,0.43,Part received
PO-2025-01833,1,HEAT-1211,8,406.66,Received in full
PO-2025-01833,2,RENW-1145,7,2481.89,Received in full
PO-2025-01833,3,TOOL-1092,70,30.77,Received in full
PO-2025-01834,1,RENW-1152,6,1931.17,Received in full
PO-2025-01834,2,DRAIN-1145,46,14.22,Received in full
PO-2025-01834,3,ELEC-1067,54,5.09,Part received
PO-2025-01835,1,PIPE-1038,468,1.07,Part received
PO-2025-01835,2,VALV-1091,112,49.27,Part received
PO-2025-01835,3,TOOL-1047,36,1.02,Received in full
PO-2025-01835,4,RENW-1042,13,580.06,Received in full
PO-2025-01836,1,PIPE-1064,232,8.21,Part received
PO-2025-01836,2,TOOL-1100,36,22.73,Received in full
PO-2025-01836,3,TOOL-1007,36,1.91,Received in full
PO-2025-01837,1,VENT-1141,6,165.42,Received in full
PO-2025-01837,2,PIPE-1150,300,0.39,Part received
PO-2025-01837,3,HEAT-1151,8,637.22,Received in full
PO-2025-01838,1,VALV-1065,20,93.48,Received in full
PO-2025-01838,2,VALV-1152,24,9.28,Received in full
PO-2025-01839,1,DRAIN-1179,120,120.17,Received in full
PO-2025-01839,2,PIPE-1004,208,1.89,Received in full
PO-2025-01840,1,VENT-1119,10,622.62,Received in full
PO-2025-01841,1,HEAT-1124,10,643.96,Received in full
PO-2025-01841,2,HEAT-1059,5,275.05,Received in full
PO-2025-01841,3,ELEC-1131,150,19.66,Received in full
PO-2025-01842,1,VALV-1052,15,11.32,Received in full
PO-2025-01843,1,VALV-1014,24,38.75,Received in full
PO-2025-01844,1,DRAIN-1047,81,174.0,Received in full
PO-2025-01844,2,HEAT-1089,5,484.54,Received in full
PO-2025-01845,1,DRAIN-1047,33,171.57,Part received
PO-2025-01846,1,TOOL-1201,36,11.94,Received in full
PO-2025-01847,1,ELEC-1134,144,86.0,Received in full
PO-2025-01848,1,PIPE-1101,666,1.42,Outstanding
PO-2025-01849,1,RENW-1192,8,1368.22,Received in full
PO-2025-01849,2,DRAIN-1075,25,72.02,Received in full
PO-2025-01849,3,HEAT-1022,6,254.43,Received in full
PO-2025-01850,1,VALV-1163,15,74.12,Received in full
PO-2025-01850,2,ELEC-1119,54,67.2,Received in full
PO-2025-01850,3,RENW-1061,8,1685.97,Received in full
PO-2025-01850,4,DRAIN-1095,62,106.95,Received in full
PO-2025-01851,1,VENT-1119,22,625.53,Received in full
PO-2025-01852,1,VALV-1110,20,11.7,Received in full
PO-2025-01853,1,TOOL-1137,45,25.05,Received in full
PO-2025-01853,2,PIPE-1168,806,1.03,Part received
PO-2025-01854,1,PIPE-1070,150,12.99,Part received
PO-2025-01855,1,PIPE-1189,150,1.12,Received in full
PO-2025-01856,1,PIPE-1064,200,8.21,Received in full
PO-2025-01857,1,ELEC-1204,60,17.27,Received in full
PO-2025-01858,1,HEAT-1130,5,788.5,Received in full
PO-2025-01858,2,RENW-1100,13,771.21,Received in full
PO-2025-01858,3,ELEC-1036,54,2.72,Received in full
PO-2025-01858,4,HEAT-1142,5,519.7,Received in full
PO-2025-01859,1,ELEC-1107,156,2.46,Received in full
PO-2025-01859,2,TOOL-1077,91,2.59,Part received
PO-2025-01859,3,PIPE-1025,689,2.3,Part received
PO-2025-01860,1,PIPE-1044,1666,10.99,Outstanding
PO-2025-01860,2,VALV-1056,78,19.04,Outstanding
PO-2025-01860,3,VALV-1084,84,80.45,Outstanding
PO-2025-01860,4,PIPE-1168,2118,0.7,Outstanding
PO-2025-01861,1,ELEC-1214,66,1.38,Received in full
PO-2025-01862,1,VALV-1056,15,24.64,Received in full
PO-2025-01863,1,ELEC-1184,56,103.76,Part received
PO-2025-01863,2,VENT-1119,10,631.07,Received in full
PO-2025-01864,1,HEAT-1203,12,586.85,Received in full
PO-2025-01864,2,VALV-1030,15,25.13,Received in full
PO-2025-01864,3,RENW-1010,7,2782.42,Received in full
PO-2025-01864,4,VENT-1084,21,39.95,Received in full
PO-2025-01865,1,TOOL-1087,36,2.6,Received in full
PO-2025-01865,2,PIPE-1101,150,2.13,Received in full
PO-2025-01865,3,TOOL-1128,204,3.03,Received in full
PO-2025-01865,4,TOOL-1163,36,8.04,Received in full
PO-2025-01866,1,HEAT-1200,8,933.41,Received in full
PO-2025-01867,1,PIPE-1206,198,0.65,Received in full
PO-2025-01867,2,VENT-1185,6,83.9,Received in full
PO-2025-01867,3,ELEC-1025,54,34.28,Received in full
PO-2025-01868,1,DRAIN-1158,112,78.25,Received in full
PO-2025-01868,2,DRAIN-1106,54,9.55,Received in full
PO-2025-01868,3,RENW-1031,8,2076.49,Received in full
PO-2025-01869,1,ELEC-1131,130,20.1,Part received
PO-2025-01869,2,HEAT-1082,14,205.83,Received in full
PO-2025-01870,1,VALV-1024,15,115.58,Received in full
PO-2025-01871,1,VALV-1007,18,13.74,Received in full
PO-2025-01872,1,ELEC-1134,56,86.94,Received in full
PO-2025-01873,1,VALV-1056,33,24.83,Received in full
PO-2025-01873,2,DRAIN-1138,24,151.45,Received in full
PO-2025-01873,3,VENT-1205,7,24.55,Received in full
PO-2025-01873,4,PIPE-1119,672,6.85,Received in full
PO-2025-01874,1,ELEC-1057,54,4.03,Part received
PO-2025-01874,2,DRAIN-1199,24,5.54,Received in full
PO-2025-01874,3,PIPE-1025,795,2.3,Part received
PO-2025-01875,1,DRAIN-1161,154,5.68,Outstanding
PO-2025-01876,1,DRAIN-1145,38,14.43,Received in full
PO-2025-01876,2,ELEC-1134,104,86.28,Part received
PO-2025-01877,1,DRAIN-1204,36,6.95,Received in full
PO-2025-01877,2,ELEC-1217,182,101.79,Part received
PO-2025-01878,1,PIPE-1029,180,4.28,Received in full
PO-2025-01879,1,RENW-1081,3,2055.54,Received in full
PO-2025-01879,2,DRAIN-1214,35,35.49,Part received
PO-2025-01879,3,ELEC-1094,180,3.17,Part received
PO-2025-01880,1,VALV-1121,42,82.61,Received in full
PO-2025-01881,1,TOOL-1219,44,1.0,Received in full
PO-2025-01881,2,TOOL-1128,510,2.96,Part received
PO-2025-01881,3,RENW-1105,5,3211.98,Received in full
PO-2025-01881,4,RENW-1201,3,1165.68,Received in full
PO-2025-01882,1,RENW-1122,5,1131.95,Received in full
PO-2025-01882,2,RENW-1145,7,2465.06,Received in full
PO-2025-01882,3,HEAT-1158,5,1023.75,Received in full
PO-2025-01883,1,DRAIN-1186,24,52.19,Part received
PO-2025-01883,2,RENW-1053,15,2546.53,Received in full
PO-2025-01884,1,TOOL-1163,40,8.1,Received in full
PO-2025-01884,2,TOOL-1087,42,2.62,Part received
PO-2025-01884,3,RENW-1100,60,776.17,Received in full
PO-2025-01884,4,TOOL-1219,37,1.02,Received in full
PO-2025-01885,1,PIPE-1029,570,4.26,Part received
PO-2025-01886,1,ELEC-1214,204,1.39,Received in full
PO-2025-01887,1,RENW-1095,4,2134.95,Received in full
PO-2025-01887,2,ELEC-1008,171,4.46,Received in full
PO-2025-01888,1,PIPE-1142,180,0.43,Received in full
PO-2025-01888,2,ELEC-1049,364,34.57,Part received
PO-2025-01889,1,VENT-1095,8,171.48,Received in full
PO-2025-01889,2,VALV-1102,15,71.09,Received in full
PO-2025-01890,1,TOOL-1110,36,20.26,Received in full
PO-2025-01891,1,RENW-1100,26,775.79,Received in full
PO-2025-01891,2,PIPE-1101,290,2.12,Part received
PO-2025-01891,3,TOOL-1018,80,1.33,Received in full
PO-2025-01891,4,VENT-1009,11,500.8,Received in full
PO-2025-01892,1,RENW-1112,12,698.49,Received in full
PO-2025-01892,2,RENW-1203,6,766.3,Received in full
PO-2025-01893,1,VALV-1215,21,20.8,Received in full
PO-2025-01893,2,VENT-1115,6,41.39,Received in full
PO-2025-01894,1,RENW-1087,9,1188.41,Received in full
PO-2025-01895,1,VALV-1163,15,73.53,Received in full
PO-2025-01895,2,PIPE-1029,465,4.35,Part received
PO-2025-01896,1,DRAIN-1145,46,14.55,Received in full
PO-2025-01896,2,ELEC-1134,112,86.72,Received in full
PO-2025-01897,1,ELEC-1143,104,16.38,Received in full
PO-2025-01898,1,RENW-1081,3,2059.77,Received in full
PO-2025-01899,1,RENW-1087,36,793.2,Outstanding
PO-2025-01899,2,TOOL-1051,77,0.83,Outstanding
PO-2025-01899,3,TOOL-1155,72,26.55,Outstanding
PO-2025-01899,4,DRAIN-1106,132,7.51,Outstanding
PO-2025-01900,1,ELEC-1214,144,1.38,Part received
PO-2025-01900,2,VALV-1215,18,21.18,Received in full
PO-2025-01901,1,HEAT-1130,8,792.46,Received in full
PO-2025-01902,1,HEAT-1004,5,270.12,Received in full
PO-2025-01902,2,DRAIN-1016,53,86.48,Received in full
PO-2025-01902,3,TOOL-1115,36,1.22,Received in full
PO-2025-01902,4,DRAIN-1179,145,123.6,Received in full
PO-2025-01903,1,ELEC-1217,210,103.97,Received in full
PO-2025-01903,2,ELEC-1150,85,14.94,Received in full
PO-2025-01904,1,HEAT-1200,6,956.29,Received in full
PO-2025-01905,1,DRAIN-1214,29,34.48,Received in full
PO-2025-01906,1,PIPE-1206,168,0.65,Received in full
PO-2025-01906,2,HEAT-1142,10,512.57,Received in full
PO-2025-01907,1,PIPE-1070,150,13.21,Part received
PO-2025-01908,1,DRAIN-1158,100,78.18,Received in full
PO-2025-01908,2,PIPE-1142,156,0.44,Part received
PO-2025-01909,1,PIPE-1101,260,2.13,Received in full
PO-2025-01909,2,TOOL-1163,40,8.14,Received in full
PO-2025-01910,1,ELEC-1217,98,103.41,Part received
PO-2025-01910,2,HEAT-1211,5,403.91,Received in full
PO-2025-01911,1,VALV-1137,19,65.15,Received in full
PO-2025-01911,2,VALV-1154,15,67.84,Received in full
PO-2025-01912,1,DRAIN-1122,24,38.8,Received in full
PO-2025-01912,2,PIPE-1061,406,2.06,Part received
PO-2025-01912,3,PIPE-1044,672,14.75,Part received
PO-2025-01913,1,PIPE-1201,1664,11.8,Part received
PO-2025-01914,1,DRAIN-1179,55,123.3,Received in full
PO-2025-01914,2,PIPE-1165,152,16.59,Part received
PO-2025-01914,3,HEAT-1130,5,781.98,Received in full
PO-2025-01915,1,HEAT-1137,7,599.1,Received in full
PO-2025-01915,2,PIPE-1156,152,0.54,Received in full
PO-2025-01915,3,DRAIN-1084,24,7.41,Received in full
PO-2025-01915,4,DRAIN-1056,24,23.2,Received in full
PO-2025-01916,1,RENW-1022,5,1432.22,Received in full
PO-2025-01916,2,PIPE-1168,930,1.04,Part received
PO-2025-01916,3,PIPE-1214,152,0.5,Received in full
PO-2025-01916,4,HEAT-1004,5,269.41,Received in full
PO-2025-01917,1,RENW-1035,9,1417.64,Received in full
PO-2025-01917,2,ELEC-1194,68,51.02,Received in full
PO-2025-01918,1,RENW-1134,3,700.92,Received in full
PO-2025-01918,2,TOOL-1077,105,2.55,Part received
PO-2025-01919,1,PIPE-1064,232,8.26,Part received
PO-2025-01920,1,VALV-1152,27,9.27,Received in full
PO-2025-01921,1,TOOL-1071,364,2.72,Part received
PO-2025-01921,2,TOOL-1144,90,1.06,Outstanding
PO-2025-01921,3,TOOL-1205,48,1.21,Outstanding
PO-2025-01922,1,ELEC-1214,66,1.37,Received in full
PO-2025-01923,1,VALV-1110,15,11.64,Received in full
PO-2025-01924,1,RENW-1070,3,1159.98,Received in full
PO-2025-01924,2,HEAT-1182,5,519.36,Received in full
PO-2025-01924,3,ELEC-1197,71,65.07,Received in full
PO-2025-01924,4,DRAIN-1075,25,74.02,Received in full
PO-2025-01925,1,DRAIN-1047,33,174.17,Received in full
PO-2025-01926,1,TOOL-1018,36,1.31,Received in full
PO-2025-01926,2,TOOL-1219,36,1.0,Received in full
PO-2025-01927,1,ELEC-1184,273,80.69,Outstanding
PO-2025-01927,2,ELEC-1008,630,3.54,Outstanding
PO-2025-01928,1,HEAT-1124,10,655.94,Received in full
PO-2025-01928,2,HEAT-1082,15,206.73,Received in full
PO-2025-01929,1,TOOL-1201,36,11.98,Received in full
PO-2025-01929,2,VALV-1163,15,72.31,Received in full
PO-2025-01930,1,RENW-1100,13,772.59,Received in full
PO-2025-01931,1,VALV-1121,17,83.9,Received in full
PO-2025-01932,1,PIPE-1201,1984,11.5,Part received
PO-2025-01932,2,RENW-1186,4,1447.0,Received in full
PO-2025-01933,1,ELEC-1150,75,14.94,Received in full
PO-2025-01933,2,VENT-1119,22,636.68,Part received
PO-2025-01934,1,RENW-1171,6,720.89,Received in full
PO-2025-01934,2,VENT-1134,8,46.27,Received in full
PO-2025-01935,1,VENT-1176,6,51.6,Received in full
PO-2025-01935,2,RENW-1100,26,778.15,Received in full
PO-2025-01936,1,PIPE-1150,791,0.29,Outstanding
PO-2025-01936,2,ELEC-1049,870,26.94,Outstanding
PO-2025-01937,1,DRAIN-1047,81,171.96,Received in full
PO-2025-01938,1,DRAIN-1082,24,7.3,Received in full
PO-2025-01939,1,DRAIN-1192,29,114.63,Received in full
PO-2025-01940,1,DRAIN-1214,35,34.78,Received in full
PO-2025-01940,2,RENW-1081,3,2086.38,Received in full
PO-2025-01941,1,DRAIN-1161,24,7.81,Received in full
PO-2025-01942,1,ELEC-1117,224,2.56,Outstanding
PO-2025-01943,1,VALV-1024,15,117.12,Received in full
PO-2025-01944,1,ELEC-1158,54,5.06,Received in full
PO-2025-01945,1,TOOL-1175,45,2.77,Received in full
PO-2025-01945,2,TOOL-1214,36,9.83,Received in full
PO-2025-01945,3,DRAIN-1130,25,57.13,Received in full
PO-2025-01945,4,HEAT-1112,5,305.89,Received in full
PO-2025-01946,1,RENW-1000,42,1321.96,Outstanding
PO-2025-01947,1,VALV-1084,37,111.62,Received in full
PO-2025-01948,1,TOOL-1163,46,7.98,Received in full
PO-2025-01948,2,RENW-1070,3,1171.73,Received in full
PO-2025-01948,3,VALV-1007,32,13.74,Received in full
PO-2025-01948,4,HEAT-1022,6,253.05,Received in full
PO-2025-01949,1,TOOL-1128,425,2.97,Received in full
PO-2025-01949,2,VALV-1007,25,13.9,Received in full
PO-2025-01949,3,ELEC-1025,54,34.19,Received in full
PO-2025-01949,4,PIPE-1206,168,0.65,Received in full
PO-2025-01950,1,PIPE-1119,600,6.86,Part received
PO-2025-01951,1,DRAIN-1047,69,172.68,Received in full
PO-2025-01952,1,DRAIN-1145,38,14.6,Received in full
PO-2025-01953,1,ELEC-1150,55,14.85,Received in full
PO-2025-01954,1,VENT-1009,11,500.62,Received in full
PO-2025-01954,2,PIPE-1004,248,1.91,Part received
PO-2025-01955,1,ELEC-1094,72,3.17,Received in full
PO-2025-01956,1,ELEC-1134,56,86.75,Received in full
PO-2025-01957,1,HEAT-1130,5,783.44,Received in full
PO-2025-01957,2,TOOL-1087,36,2.63,Received in full
PO-2025-01957,3,PIPE-1101,150,2.12,Part received
PO-2025-01957,4,PIPE-1206,150,0.65,Received in full
PO-2025-01958,1,RENW-1018,3,1813.76,Received in full
PO-2025-01959,1,PIPE-1088,308,0.27,Outstanding
PO-2025-01960,1,VENT-1192,6,599.56,Received in full
PO-2025-01960,2,RENW-1180,18,2284.26,Received in full
PO-2025-01961,1,DRAIN-1204,42,6.96,Received in full
PO-2025-01961,2,ELEC-1184,112,106.2,Received in full
PO-2025-01961,3,RENW-1122,5,1135.68,Received in full
PO-2025-01962,1,VALV-1065,20,92.29,Received in full
PO-2025-01962,2,VALV-1192,48,37.73,Received in full
PO-2025-01962,3,VALV-1091,37,67.87,Received in full
PO-2025-01962,4,VALV-1204,19,37.96,Received in full
PO-2025-01963,1,ELEC-1008,630,3.51,Outstanding
PO-2025-01964,1,VALV-1007,18,13.58,Received in full
PO-2025-01965,1,RENW-1010,7,2796.06,Received in full
PO-2025-01965,2,HEAT-1203,12,591.15,Received in full
PO-2025-01966,1,ELEC-1067,54,5.06,Part received
PO-2025-01966,2,DRAIN-1145,46,14.57,Received in full
PO-2025-01966,3,RENW-1035,9,1430.8,Received in full
PO-2025-01967,1,ELEC-1204,130,17.15,Part received
PO-2025-01968,1,RENW-1100,13,783.61,Received in full
PO-2025-01968,2,TOOL-1128,204,3.02,Part received
PO-2025-01969,1,DRAIN-1113,24,15.23,Received in full
PO-2025-01970,1,ELEC-1204,190,17.49,Received in full
PO-2025-01971,1,PIPE-1064,272,8.13,Part received
PO-2025-01971,2,ELEC-1143,152,16.23,Received in full
PO-2025-01972,1,ELEC-1088,125,13.29,Received in full
PO-2025-01973,1,VALV-1110,20,11.84,Received in full
PO-2025-01974,1,PIPE-1070,150,13.31,Received in full
PO-2025-01975,1,TOOL-1071,364,2.78,Outstanding
PO-2025-01975,2,PIPE-1061,990,1.52,Outstanding
PO-2025-01975,3,PIPE-1119,1876,5.26,Outstanding
PO-2025-01975,4,VALV-1056,78,19.53,Outstanding
PO-2025-01976,1,TOOL-1201,36,11.86,Received in full
PO-2025-01976,2,DRAIN-1095,62,108.43,Received in full
PO-2025-01977,1,RENW-1000,42,1347.31,Outstanding
PO-2025-01977,2,VALV-1091,112,49.52,Outstanding
PO-2025-01978,1,ELEC-1134,112,87.49,Received in full
PO-2025-01979,1,ELEC-1204,145,17.19,Received in full
PO-2025-01979,2,VALV-1130,19,18.32,Received in full
PO-2025-01980,1,PIPE-1029,405,4.28,Part received
PO-2025-01980,2,TOOL-1201,36,11.8,Part received
PO-2025-01981,1,DRAIN-1204,36,6.92,Received in full
PO-2025-01982,1,PIPE-1142,150,0.43,Received in full
PO-2025-01983,1,DRAIN-1179,175,120.54,Part received
PO-2025-01983,2,TOOL-1137,62,25.54,Received in full
PO-2025-01983,3,VALV-1007,32,13.9,Received in full
PO-2025-01983,4,VENT-1095,26,167.7,Received in full
PO-2025-01984,1,HEAT-1004,8,181.19,Outstanding
PO-2025-01984,2,RENW-1095,9,1719.4,Outstanding
PO-2025-01984,3,PIPE-1079,168,0.7,Outstanding
PO-2025-01984,4,ELEC-1171,112,39.54,Outstanding
PO-2025-01985,1,RENW-1022,5,1419.75,Received in full
PO-2025-01985,2,RENW-1158,3,3333.01,Received in full
PO-2025-01985,3,ELEC-1036,76,2.75,Received in full
PO-2025-01985,4,HEAT-1142,11,517.92,Received in full
PO-2025-01986,1,RENW-1161,9,691.84,Received in full
PO-2025-01986,2,HEAT-1082,15,207.85,Received in full
PO-2025-01987,1,VENT-1199,9,66.05,Received in full
PO-2025-01988,1,HEAT-1200,6,941.24,Received in full
PO-2025-01988,2,PIPE-1061,377,2.07,Part received
PO-2025-01989,1,PIPE-1165,192,16.48,Received in full
PO-2025-01989,2,TOOL-1003,36,33.31,Received in full
PO-2025-01989,3,VENT-1095,18,168.38,Received in full
PO-2025-01989,4,TOOL-1087,42,2.62,Received in full
PO-2025-01990,1,PIPE-1142,156,0.43,Received in full
PO-2025-01991,1,RENW-1087,9,1197.51,Received in full
PO-2025-01992,1,ELEC-1088,60,13.03,Received in full
PO-2025-01992,2,ELEC-1204,60,17.2,Received in full
PO-2025-01993,1,HEAT-1059,5,271.87,Received in full
PO-2025-01994,1,RENW-1031,8,2036.77,Received in full
PO-2025-01994,2,PIPE-1142,180,0.43,Part received
PO-2025-01994,3,DRAIN-1037,24,23.02,Received in full
PO-2025-01995,1,RENW-1105,5,3196.91,Received in full
PO-2025-01995,2,RENW-1158,3,3286.75,Received in full
PO-2025-01995,3,RENW-1068,3,3282.34,Received in full
PO-2025-01995,4,HEAT-1161,6,907.67,Received in full
PO-2025-01996,1,RENW-1158,7,2165.39,Outstanding
PO-2025-01996,2,TOOL-1149,90,2.45,Outstanding
PO-2025-01996,3,PIPE-1061,990,1.49,Outstanding
PO-2025-01996,4,TOOL-1056,36,9.41,Outstanding
PO-2025-01997,1,DRAIN-1122,24,38.39,Received in full
PO-2025-01997,2,HEAT-1200,8,946.38,Received in full
PO-2025-01997,3,RENW-1053,15,2584.96,Part received
PO-2025-01997,4,TOOL-1067,112,7.44,Received in full
PO-2025-01998,1,DRAIN-1179,120,122.15,Received in full
PO-2025-01998,2,TOOL-1018,66,1.32,Received in full
PO-2025-01998,3,PIPE-1135,150,4.81,Received in full
PO-2025-01998,4,TOOL-1219,37,1.01,Received in full
PO-2025-01999,1,ELEC-1214,66,1.39,Received in full
PO-2025-02000,1,VALV-1042,17,12.78,Received in full
PO-2025-02000,2,VALV-1204,21,37.57,Part received
PO-2025-02000,3,VALV-1065,24,92.3,Received in full
PO-2025-02001,1,TOOL-1175,45,2.76,Received in full
PO-2025-02001,2,VALV-1056,33,24.61,Received in full
PO-2025-02002,1,HEAT-1203,11,582.3,Received in full
PO-2025-02003,1,VALV-1152,15,9.71,Received in full
PO-2025-02003,2,VALV-1110,15,11.59,Received in full
PO-2025-02004,1,HEAT-1192,7,259.09,Received in full
PO-2025-02004,2,RENW-1081,3,2061.43,Received in full
PO-2025-02005,1,PIPE-1025,2079,1.8,Outstanding
PO-2025-02005,2,PIPE-1168,2118,0.7,Outstanding
PO-2025-02006,1,TOOL-1077,240,1.97,Outstanding
PO-2025-02006,2,PIPE-1088,308,0.27,Outstanding
PO-2025-02006,3,TOOL-1067,258,5.81,Outstanding
PO-2025-02007,1,PIPE-1064,200,8.12,Received in full
PO-2025-02008,1,DRAIN-1214,29,34.8,Received in full
PO-2025-02008,2,ELEC-1094,156,3.17,Part received
PO-2025-02009,1,ELEC-1107,72,2.43,Part received
PO-2025-02010,1,HEAT-1137,7,611.95,Part received
PO-2025-02010,2,VENT-1129,9,52.94,Received in full
PO-2025-02011,1,HEAT-1151,8,637.86,Received in full
PO-2025-02011,2,PIPE-1150,300,0.39,Outstanding
PO-2025-02011,3,VENT-1141,6,163.7,Part received
PO-2025-02011,4,RENW-1212,4,1942.85,Received in full
PO-2025-02012,1,RENW-1112,12,709.41,Received in full
PO-2025-02012,2,HEAT-1175,5,267.87,Received in full
PO-2025-02012,3,RENW-1203,6,772.42,Received in full
PO-2025-02013,1,VALV-1110,23,11.83,Part received
PO-2025-02013,2,VALV-1113,15,8.99,Outstanding
PO-2025-02014,1,TOOL-1192,36,4.17,Received in full
PO-2025-02015,1,VALV-1121,38,82.16,Outstanding
PO-2025-02016,1,ELEC-1049,156,34.21,Part received
PO-2025-02017,1,ELEC-1107,180,2.47,Part received
PO-2025-02017,2,TOOL-1077,105,2.56,Received in full
PO-2025-02018,1,ELEC-1214,168,1.38,Received in full
PO-2025-02019,1,ELEC-1217,210,103.68,Part received
PO-2025-02019,2,HEAT-1211,8,411.92,Received in full
PO-2025-02019,3,TOOL-1092,70,30.61,Part received
PO-2025-02019,4,DRAIN-1051,24,125.87,Received in full
PO-2025-02020,1,TOOL-1018,180,0.84,Outstanding
PO-2025-02021,1,HEAT-1124,8,658.09,Part received
PO-2025-02021,2,HEAT-1082,14,208.52,Received in full
PO-2025-02022,1,PIPE-1142,228,0.43,Received in full
PO-2025-02022,2,DRAIN-1158,148,79.25,Received in full
PO-2025-02022,3,DRAIN-1106,64,9.49,Received in full
PO-2025-02023,1,RENW-1127,3,1445.89,Received in full
PO-2025-02023,2,ELEC-1075,54,33.89,Received in full
PO-2025-02023,3,PIPE-1168,930,1.03,Part received
PO-2025-02023,4,TOOL-1087,51,2.6,Received in full
PO-2025-02024,1,PIPE-1070,150,13.26,Received in full
PO-2025-02025,1,ELEC-1107,228,2.43,Part received
PO-2025-02026,1,VALV-1084,84,81.41,Outstanding
PO-2025-02026,2,DRAIN-1016,120,57.49,Outstanding
PO-2025-02026,3,TOOL-1163,108,5.47,Outstanding
PO-2025-02027,1,VALV-1121,42,82.68,Outstanding
PO-2025-02028,1,ELEC-1143,104,16.28,Part received
PO-2025-02029,1,PIPE-1101,260,2.1,Part received
PO-2025-02029,2,DRAIN-1016,46,87.06,Received in full
PO-2025-02029,3,RENW-1100,60,774.71,Received in full
PO-2025-02029,4,VENT-1214,16,187.8,Received in full
PO-2025-02030,1,HEAT-1082,9,209.53,Part received
PO-2025-02030,2,HEAT-1124,5,642.84,Received in full
PO-2025-02031,1,RENW-1100,26,775.74,Part received
PO-2025-02031,2,RENW-1192,8,1378.21,Received in full
PO-2025-02031,3,VENT-1053,6,37.34,Received in full
PO-2025-02031,4,VENT-1192,6,598.22,Received in full
PO-2025-02032,1,RENW-1145,7,2458.01,Received in full
PO-2025-02032,2,VENT-1119,26,624.06,Received in full
PO-2025-02033,1,PIPE-1156,154,0.38,Outstanding
PO-2025-02033,2,DRAIN-1113,114,11.76,Outstanding
PO-2025-02033,3,TOOL-1155,72,26.71,Outstanding
PO-2025-02033,4,VALV-1154,28,47.51,Outstanding
PO-2025-02034,1,VALV-1152,27,9.69,Received in full
PO-2025-02034,2,VALV-1110,23,11.81,Outstanding
PO-2025-02035,1,ELEC-1119,54,67.64,Received in full
PO-2025-02036,1,VALV-1024,15,115.2,Received in full
PO-2025-02037,1,RENW-1100,13,777.68,Received in full
PO-2025-02037,2,HEAT-1142,5,522.88,Received in full
PO-2025-02037,3,PIPE-1165,152,16.69,Received in full
PO-2025-02038,1,VENT-1095,21,170.12,Received in full
PO-2025-02038,2,VALV-1196,15,41.37,Received in full
PO-2025-02038,3,PIPE-1165,208,16.67,Part received
PO-2025-02038,4,VENT-1080,6,96.23,Received in full
PO-2025-02039,1,ELEC-1197,59,65.48,Received in full
PO-2025-02040,1,ELEC-1217,98,102.64,Part received
PO-2025-02040,2,VENT-1119,10,620.83,Received in full
PO-2025-02041,1,ELEC-1094,72,3.19,Part received
PO-2025-02042,1,TOOL-1182,36,2.39,Received in full
PO-2025-02043,1,HEAT-1082,20,210.53,Received in full
PO-2025-02044,1,VALV-1091,112,49.75,Outstanding
PO-2025-02044,2,TOOL-1128,1140,2.07,Outstanding
PO-2025-02044,3,PIPE-1038,468,1.08,Outstanding
PO-2025-02044,4,TOOL-1018,180,0.85,Outstanding
PO-2025-02045,1,TOOL-1031,147,11.19,Outstanding
PO-2025-02045,2,PIPE-1150,791,0.29,Outstanding
PO-2025-02045,3,VALV-1192,138,27.51,Outstanding
PO-2025-02046,1,PIPE-1165,510,10.86,Outstanding
PO-2025-02047,1,HEAT-1033,7,799.14,Received in full
PO-2025-02048,1,VENT-1084,21,38.91,Part received
PO-2025-02048,2,RENW-1010,7,2775.02,Received in full
PO-2025-02049,1,PIPE-1142,156,0.43,Received in full
PO-2025-02050,1,VALV-1204,15,38.54,Outstanding
PO-2025-02051,1,RENW-1127,3,1459.63,Received in full
PO-2025-02051,2,TOOL-1163,46,8.02,Received in full
PO-2025-02051,3,HEAT-1109,5,281.09,Received in full
PO-2025-02052,1,ELEC-1049,364,34.38,Part received
PO-2025-02053,1,ELEC-1214,144,1.4,Received in full
PO-2025-02053,2,VALV-1215,18,21.12,Received in full
PO-2025-02054,1,HEAT-1211,7,404.43,Outstanding
PO-2025-02054,2,ELEC-1150,75,15.04,Outstanding
PO-2025-02055,1,VALV-1121,17,82.36,Outstanding
PO-2025-02056,1,ELEC-1204,60,17.57,Received in full
PO-2025-02057,1,PIPE-1070,150,13.15,Part received
PO-2025-02058,1,RENW-1100,61,773.61,Received in full
PO-2025-02058,2,HEAT-1142,15,521.71,Received in full
PO-2025-02058,3,TOOL-1219,52,1.01,Received in full
PO-2025-02059,1,VALV-1121,55,83.81,Outstanding
PO-2025-02060,1,HEAT-1130,10,777.85,Received in full
PO-2025-02061,1,VALV-1052,15,11.51,Outstanding
PO-2025-02061,2,VALV-1192,55,38.31,Outstanding
PO-2025-02061,3,VALV-1014,24,39.1,Outstanding
PO-2025-02061,4,VALV-1065,24,91.76,Outstanding
PO-2025-02062,1,VENT-1060,6,119.51,Received in full
PO-2025-02063,1,ELEC-1088,60,13.36,Received in full
PO-2025-02064,1,VALV-1130,19,18.48,Received in full
PO-2025-02064,2,RENW-1186,4,1431.95,Received in full
PO-2025-02065,1,VENT-1060,6,119.68,Received in full
PO-2025-02066,1,PIPE-1004,208,1.89,Part received
PO-2025-02066,2,TOOL-1137,45,25.24,Received in full
PO-2025-02067,1,TOOL-1110,36,20.17,Received in full
PO-2025-02068,1,DRAIN-1047,100,171.4,Part received
PO-2025-02069,1,PIPE-1064,232,8.1,Received in full
PO-2025-02069,2,VENT-1066,8,43.05,Received in full
PO-2025-02069,3,VENT-1199,9,65.68,Part received
PO-2025-02070,1,TOOL-1192,36,4.17,Received in full
PO-2025-02070,2,PIPE-1201,1984,11.68,Part received
PO-2025-02071,1,VALV-1137,19,65.41,Outstanding
PO-2025-02072,1,RENW-1087,9,1194.39,Received in full
PO-2025-02072,2,PIPE-1206,150,0.64,Received in full
PO-2025-02072,3,TOOL-1018,36,1.3,Part received
PO-2025-02072,4,DRAIN-1179,55,123.16,Outstanding
PO-2025-02073,1,DRAIN-1179,175,120.79,Part received
PO-2025-02074,1,HEAT-1124,24,490.31,Outstanding
PO-2025-02074,2,ELEC-1184,273,80.2,Outstanding
PO-2025-02075,1,ELEC-1067,54,5.14,Outstanding
PO-2025-02075,2,RENW-1152,6,1919.03,Outstanding
PO-2025-02075,3,ELEC-1134,112,86.44,Outstanding
PO-2025-02076,1,ELEC-1184,112,105.75,Outstanding
PO-2025-02077,1,DRAIN-1106,132,7.55,Outstanding
PO-2025-02077,2,RENW-1161,11,507.9,Outstanding
PO-2025-02077,3,TOOL-1051,77,0.83,Outstanding
PO-2025-02077,4,PIPE-1189,342,0.89,Outstanding
PO-2025-02078,1,VALV-1065,20,92.39,Outstanding
PO-2025-02078,2,VALV-1091,37,68.1,Outstanding
PO-2025-02079,1,RENW-1105,5,3194.86,Outstanding
PO-2025-02079,2,VALV-1187,17,13.23,Outstanding
PO-2025-02079,3,ELEC-1102,54,13.68,Outstanding
PO-2025-02079,4,HEAT-1161,6,906.02,Outstanding
PO-2025-02080,1,PIPE-1142,180,0.43,Outstanding
PO-2025-02080,2,DRAIN-1158,112,77.97,Outstanding
PO-2025-02081,1,VALV-1110,20,11.74,Outstanding
PO-2025-02082,1,RENW-1134,3,702.44,Outstanding
PO-2025-02082,2,PIPE-1025,795,2.29,Outstanding
PO-2025-02083,1,ELEC-1131,150,19.66,Outstanding
PO-2025-02083,2,HEAT-1059,5,272.11,Outstanding
PO-2025-02084,1,ELEC-1131,378,14.5,Outstanding
PO-2025-02085,1,TOOL-1110,56,20.5,Outstanding
PO-2025-02085,2,PIPE-1201,1664,11.62,Outstanding
PO-2025-02086,1,VENT-1119,32,621.28,Outstanding
PO-2025-02087,1,HEAT-1203,12,587.98,Outstanding
PO-2025-02087,2,TOOL-1214,36,10.0,Outstanding
PO-2025-02087,3,DRAIN-1138,24,151.96,Outstanding
PO-2025-02087,4,PIPE-1119,672,6.89,Outstanding
PO-2025-02088,1,ELEC-1158,54,5.02,Outstanding
PO-2025-02088,2,RENW-1171,6,721.15,Outstanding
PO-2025-02088,3,DRAIN-1009,24,7.11,Outstanding
PO-2025-02089,1,PIPE-1070,372,10.85,Outstanding
PO-2025-02090,1,RENW-1100,13,786.08,Outstanding
PO-2025-02091,1,PIPE-1142,150,0.43,Outstanding
PO-2025-02092,1,PIPE-1004,296,1.89,Outstanding
PO-2025-02093,1,RENW-1087,18,1204.17,Outstanding
PO-2025-02093,2,RENW-1100,26,765.36,Outstanding
PO-2025-02093,3,HEAT-1182,5,515.65,Outstanding
PO-2025-02093,4,RENW-1068,3,3319.15,Outstanding
PO-2025-02094,1,DRAIN-1047,81,171.2,Outstanding
PO-2025-02095,1,TOOL-1201,36,11.74,Outstanding
PO-2025-02095,2,RENW-1061,8,1685.01,Outstanding
PO-2025-02095,3,VALV-1024,15,114.53,Outstanding
PO-2025-02095,4,ELEC-1119,54,68.01,Outstanding
PO-2025-02096,1,DRAIN-1161,24,7.71,Outstanding
PO-2025-02097,1,HEAT-1137,7,595.69,Outstanding
PO-2025-02097,2,PIPE-1156,152,0.53,Outstanding
PO-2025-02098,1,HEAT-1142,5,510.8,Outstanding
PO-2025-02099,1,ELEC-1150,55,14.96,Outstanding
PO-2025-02099,2,HEAT-1211,5,412.36,Outstanding
PO-2025-02100,1,VENT-1176,6,52.11,Outstanding
PO-2025-02100,2,DRAIN-1016,53,86.37,Outstanding
PO-2025-02100,3,RENW-1070,3,1172.09,Outstanding
PO-2025-02100,4,TOOL-1171,36,19.96,Outstanding
PO-2025-02101,1,ELEC-1197,59,64.09,Outstanding
PO-2025-02101,2,PIPE-1214,152,0.5,Outstanding
PO-2025-02101,3,PIPE-1206,168,0.65,Outstanding
PO-2025-02101,4,HEAT-1130,8,775.52,Outstanding
PO-2025-02102,1,VALV-1065,15,94.18,Outstanding
PO-2025-02102,2,VALV-1152,15,9.23,Outstanding
PO-2025-02103,1,RENW-1087,36,781.71,Outstanding
PO-2025-02103,2,TOOL-1021,238,1.36,Outstanding
