sales_order_number,customer_account,warehouse_code,order_date,requested_delivery_date,despatch_date,order_channel,order_status
SO-2024-00001,C1841,DAV,2024-01-02,2024-01-03,2024-01-03,Telephone,Despatched
SO-2024-00002,C1278,DAV,2024-01-02,2024-01-04,2024-01-02,Telephone,Despatched
SO-2024-00003,C1145,DAV,2024-01-02,2024-01-08,2024-01-02,Telephone,Despatched
SO-2024-00004,C1162,WAR,2024-01-02,2024-01-03,2024-01-02,Account manager,Despatched
SO-2024-00005,C1802,WAR,2024-01-02,2024-01-05,2024-01-03,Telephone,Despatched
SO-2024-00006,C1234,WAR,2024-01-02,2024-01-04,2024-01-02,Account manager,Despatched
SO-2024-00007,C1730,WAR,2024-01-02,2024-01-08,2024-01-02,Web,Despatched
SO-2024-00008,C1702,WAR,2024-01-02,2024-01-05,2024-01-02,Telephone,Despatched
SO-2024-00009,C1168,LIV,2024-01-02,2024-01-03,2024-01-02,Telephone,Despatched
SO-2024-00010,C1085,LIV,2024-01-02,2024-01-03,2024-01-02,Telephone,Despatched
SO-2024-00011,C1685,LIV,2024-01-02,2024-01-03,2024-01-02,Trade counter,Despatched
SO-2024-00012,C1951,LIV,2024-01-02,2024-01-08,2024-01-02,Telephone,Despatched
SO-2024-00013,C1593,DAV,2024-01-03,2024-01-09,2024-01-03,Account manager,Despatched
SO-2024-00014,C1882,DAV,2024-01-03,2024-01-08,2024-01-03,Trade counter,Despatched
SO-2024-00015,C1734,DAV,2024-01-03,2024-01-09,2024-01-03,Account manager,Despatched
SO-2024-00016,C1320,DAV,2024-01-03,2024-01-05,2024-01-04,Telephone,Despatched
SO-2024-00017,C1610,DAV,2024-01-03,2024-01-05,2024-01-03,Trade counter,Despatched
SO-2024-00018,C1901,DAV,2024-01-03,2024-01-05,2024-01-03,Trade counter,Despatched
SO-2024-00019,C1366,DAV,2024-01-03,2024-01-04,2024-01-03,Account manager,Despatched
SO-2024-00020,C1354,DAV,2024-01-03,2024-01-08,2024-01-08,Account manager,Despatched
SO-2024-00021,C1354,DAV,2024-01-03,2024-01-05,2024-01-03,Telephone,Despatched
SO-2024-00022,C1371,DAV,2024-01-03,2024-01-05,2024-01-03,Web,Despatched
SO-2024-00023,C1457,DAV,2024-01-03,2024-01-08,2024-01-03,Telephone,Despatched
SO-2024-00024,C1795,DAV,2024-01-03,2024-01-04,2024-01-04,Trade counter,Despatched
SO-2024-00025,C1057,WAR,2024-01-03,2024-01-09,2024-01-03,Web,Despatched
SO-2024-00026,C1264,WAR,2024-01-03,2024-01-08,2024-01-03,Trade counter,Despatched
SO-2024-00027,C1174,WAR,2024-01-03,2024-01-05,2024-01-03,Telephone,Despatched
SO-2024-00028,C1090,WAR,2024-01-03,2024-01-08,2024-01-05,Telephone,Despatched
SO-2024-00029,C1234,WAR,2024-01-03,2024-01-08,2024-01-03,Web,Despatched
SO-2024-00030,C1790,WAR,2024-01-03,2024-01-05,2024-01-08,Trade counter,Despatched
SO-2024-00031,C1726,LIV,2024-01-03,2024-01-09,2024-01-03,Trade counter,Despatched
SO-2024-00032,C1800,DAV,2024-01-04,2024-01-10,2024-01-04,Web,Despatched
SO-2024-00033,C1605,DAV,2024-01-04,2024-01-08,2024-01-04,Web,Despatched
SO-2024-00034,C1429,DAV,2024-01-04,2024-01-08,2024-01-04,Web,Despatched
SO-2024-00035,C1270,DAV,2024-01-04,2024-01-10,2024-01-04,Telephone,Despatched
SO-2024-00036,C1636,DAV,2024-01-04,2024-01-09,2024-01-04,Web,Despatched
SO-2024-00037,C1429,DAV,2024-01-04,2024-01-05,2024-01-05,Telephone,Despatched
SO-2024-00038,C1078,DAV,2024-01-04,2024-01-10,2024-01-04,Trade counter,Despatched
SO-2024-00039,C1255,DAV,2024-01-04,2024-01-08,2024-01-05,Telephone,Despatched
SO-2024-00040,C1389,DAV,2024-01-04,2024-01-08,2024-01-04,Trade counter,Despatched
SO-2024-00041,C1560,WAR,2024-01-04,2024-01-10,2024-01-04,Account manager,Despatched
SO-2024-00042,C1346,WAR,2024-01-04,2024-01-10,2024-01-08,Trade counter,Despatched
SO-2024-00043,C1568,WAR,2024-01-04,2024-01-08,2024-01-05,Telephone,Despatched
SO-2024-00044,C1558,WAR,2024-01-04,2024-01-08,2024-01-04,Web,Despatched
SO-2024-00045,C1597,WAR,2024-01-04,2024-01-09,2024-01-08,Web,Part despatched
SO-2024-00046,C1651,WAR,2024-01-04,2024-01-10,2024-01-05,Telephone,Despatched
SO-2024-00047,C1848,WAR,2024-01-04,2024-01-08,2024-01-04,Trade counter,Despatched
SO-2024-00048,C1349,WAR,2024-01-04,2024-01-10,2024-01-04,Trade counter,Despatched
SO-2024-00049,C1168,LIV,2024-01-04,2024-01-05,2024-01-04,Account manager,Despatched
SO-2024-00050,C1124,LIV,2024-01-04,2024-01-09,2024-01-04,Telephone,Despatched
SO-2024-00051,C1159,LIV,2024-01-04,2024-01-09,2024-01-04,Telephone,Despatched
SO-2024-00052,C1094,DAV,2024-01-05,2024-01-09,2024-01-05,Web,Despatched
SO-2024-00053,C1708,DAV,2024-01-05,2024-01-08,2024-01-08,Account manager,Despatched
SO-2024-00054,C1800,DAV,2024-01-05,2024-01-08,2024-01-05,Trade counter,Despatched
SO-2024-00055,C1728,DAV,2024-01-05,2024-01-10,2024-01-08,Trade counter,Despatched
SO-2024-00056,C1890,DAV,2024-01-05,2024-01-11,2024-01-05,Telephone,Part despatched
SO-2024-00057,C1531,DAV,2024-01-05,2024-01-09,2024-01-05,Trade counter,Despatched
SO-2024-00058,C1401,DAV,2024-01-05,2024-01-10,2024-01-08,Trade counter,Despatched
SO-2024-00059,C1881,DAV,2024-01-05,2024-01-08,2024-01-05,Account manager,Despatched
SO-2024-00060,C1184,DAV,2024-01-05,2024-01-10,2024-01-05,Trade counter,Despatched
SO-2024-00061,C1366,DAV,2024-01-05,2024-01-10,2024-01-05,Telephone,Despatched
SO-2024-00062,C1795,DAV,2024-01-05,2024-01-08,2024-01-08,Telephone,Despatched
SO-2024-00063,C1940,DAV,2024-01-05,2024-01-10,2024-01-05,Web,Despatched
SO-2024-00064,C1750,WAR,2024-01-05,2024-01-11,2024-01-05,Account manager,Despatched
SO-2024-00065,C1651,WAR,2024-01-05,2024-01-11,2024-01-05,Telephone,Despatched
SO-2024-00066,C1460,WAR,2024-01-05,2024-01-09,2024-01-08,Trade counter,Despatched
SO-2024-00067,C1059,WAR,2024-01-05,2024-01-09,2024-01-05,Account manager,Despatched
SO-2024-00068,C1032,WAR,2024-01-05,2024-01-09,2024-01-08,Trade counter,Despatched
SO-2024-00069,C1948,WAR,2024-01-05,2024-01-11,2024-01-10,Web,Despatched
SO-2024-00070,C1032,WAR,2024-01-05,2024-01-09,2024-01-08,Web,Despatched
SO-2024-00071,C1208,WAR,2024-01-05,2024-01-08,2024-01-05,Account manager,Despatched
SO-2024-00072,C1691,LIV,2024-01-05,2024-01-09,2024-01-05,Web,Despatched
SO-2024-00073,C1085,LIV,2024-01-05,2024-01-10,2024-01-05,Web,Despatched
SO-2024-00074,C1335,DAV,2024-01-08,2024-01-09,2024-01-08,Web,Despatched
SO-2024-00075,C1262,DAV,2024-01-08,2024-01-12,2024-01-08,Trade counter,Despatched
SO-2024-00076,C1299,DAV,2024-01-08,2024-01-09,2024-01-08,Trade counter,Despatched
SO-2024-00077,C1765,DAV,2024-01-08,2024-01-12,2024-01-09,Web,Despatched
SO-2024-00078,C1179,DAV,2024-01-08,2024-01-09,2024-01-08,Telephone,Despatched
SO-2024-00079,C1169,DAV,2024-01-08,2024-01-11,2024-01-08,Web,Despatched
SO-2024-00080,C1429,DAV,2024-01-08,2024-01-11,2024-01-08,Telephone,Despatched
SO-2024-00081,C1056,DAV,2024-01-08,2024-01-10,2024-01-08,Telephone,Despatched
SO-2024-00082,C1278,DAV,2024-01-08,2024-01-09,2024-01-08,Trade counter,Despatched
SO-2024-00083,C1389,DAV,2024-01-08,2024-01-10,2024-01-09,Telephone,Despatched
SO-2024-00084,C1802,WAR,2024-01-08,2024-01-12,2024-01-08,Trade counter,Part despatched
SO-2024-00085,C1032,WAR,2024-01-08,2024-01-10,2024-01-08,Web,Despatched
SO-2024-00086,C1924,WAR,2024-01-08,2024-01-12,2024-01-08,Trade counter,Despatched
SO-2024-00087,C1398,WAR,2024-01-08,2024-01-12,2024-01-08,Trade counter,Despatched
SO-2024-00088,C1391,WAR,2024-01-08,2024-01-10,2024-01-08,Telephone,Part despatched
SO-2024-00089,C1482,WAR,2024-01-08,2024-01-09,2024-01-09,Telephone,Despatched
SO-2024-00090,C1010,WAR,2024-01-08,2024-01-12,2024-01-10,Telephone,Despatched
SO-2024-00091,C1702,WAR,2024-01-08,2024-01-10,2024-01-08,Telephone,Despatched
SO-2024-00092,C1885,WAR,2024-01-08,2024-01-09,2024-01-08,Account manager,Part despatched
SO-2024-00093,C1878,LIV,2024-01-08,2024-01-12,2024-01-09,Web,Despatched
SO-2024-00094,C1435,LIV,2024-01-08,2024-01-12,2024-01-08,Web,Despatched
SO-2024-00095,C1607,LIV,2024-01-08,2024-01-09,2024-01-08,Account manager,Despatched
SO-2024-00096,C1104,DAV,2024-01-09,2024-01-12,2024-01-09,Trade counter,Despatched
SO-2024-00097,C1527,DAV,2024-01-09,2024-01-12,2024-01-09,Web,Despatched
SO-2024-00098,C1278,DAV,2024-01-09,2024-01-12,2024-01-09,Trade counter,Despatched
SO-2024-00099,C1947,DAV,2024-01-09,2024-01-11,2024-01-12,Trade counter,Part despatched
SO-2024-00100,C1447,DAV,2024-01-09,2024-01-11,2024-01-09,Trade counter,Despatched
SO-2024-00101,C1512,DAV,2024-01-09,2024-01-11,2024-01-09,Web,Despatched
SO-2024-00102,C1648,DAV,2024-01-09,2024-01-15,2024-01-10,Trade counter,Despatched
SO-2024-00103,C1669,DAV,2024-01-09,2024-01-15,2024-01-09,Trade counter,Despatched
SO-2024-00104,C1744,DAV,2024-01-09,2024-01-10,2024-01-09,Trade counter,Despatched
SO-2024-00105,C1366,DAV,2024-01-09,2024-01-10,2024-01-09,Telephone,Despatched
SO-2024-00106,C1145,DAV,2024-01-09,2024-01-10,2024-01-09,Trade counter,Despatched
SO-2024-00107,C1710,DAV,2024-01-09,2024-01-10,2024-01-10,Web,Despatched
SO-2024-00108,C1486,DAV,2024-01-09,2024-01-10,2024-01-11,Trade counter,Despatched
SO-2024-00109,C1952,DAV,2024-01-09,2024-01-10,2024-01-09,Trade counter,Despatched
SO-2024-00110,C1051,WAR,2024-01-09,2024-01-12,2024-01-10,Trade counter,Despatched
SO-2024-00111,C1398,WAR,2024-01-09,2024-01-12,2024-01-09,Web,Despatched
SO-2024-00112,C1724,WAR,2024-01-09,2024-01-15,2024-01-10,Account manager,Despatched
SO-2024-00113,C1234,WAR,2024-01-09,2024-01-10,2024-01-09,Account manager,Despatched
SO-2024-00114,C1803,LIV,2024-01-09,2024-01-10,2024-01-09,Account manager,Despatched
SO-2024-00115,C1128,LIV,2024-01-09,2024-01-12,2024-01-09,Trade counter,Despatched
SO-2024-00116,C1821,LIV,2024-01-09,2024-01-10,2024-01-11,Account manager,Part despatched
SO-2024-00117,C1512,DAV,2024-01-10,2024-01-12,2024-01-12,Telephone,Despatched
SO-2024-00118,C1194,DAV,2024-01-10,2024-01-12,2024-01-10,Telephone,Despatched
SO-2024-00119,C1183,DAV,2024-01-10,2024-01-15,2024-01-10,Trade counter,Despatched
SO-2024-00120,C1389,DAV,2024-01-10,2024-01-15,2024-01-10,Telephone,Despatched
SO-2024-00121,C1512,DAV,2024-01-10,2024-01-11,2024-01-10,Web,Despatched
SO-2024-00122,C1952,DAV,2024-01-10,2024-01-16,2024-01-10,Telephone,Despatched
SO-2024-00123,C1947,DAV,2024-01-10,2024-01-12,2024-01-12,Account manager,Part despatched
SO-2024-00124,C1010,WAR,2024-01-10,2024-01-16,2024-01-10,Web,Despatched
SO-2024-00125,C1032,WAR,2024-01-10,2024-01-11,2024-01-10,Telephone,Despatched
SO-2024-00126,C1051,WAR,2024-01-10,2024-01-16,2024-01-12,Trade counter,Despatched
SO-2024-00127,C1032,WAR,2024-01-10,2024-01-15,2024-01-10,Trade counter,Despatched
SO-2024-00128,C1207,WAR,2024-01-10,2024-01-16,2024-01-10,Trade counter,Despatched
SO-2024-00129,C1215,WAR,2024-01-10,2024-01-11,2024-01-11,Trade counter,Despatched
SO-2024-00130,C1168,LIV,2024-01-10,2024-01-15,2024-01-11,Trade counter,Despatched
SO-2024-00131,C1821,LIV,2024-01-10,2024-01-12,2024-01-10,Telephone,Despatched
SO-2024-00132,C1663,LIV,2024-01-10,2024-01-16,2024-01-10,Telephone,Part despatched
SO-2024-00133,C1554,DAV,2024-01-11,2024-01-17,2024-01-16,Web,Part despatched
SO-2024-00134,C1605,DAV,2024-01-11,2024-01-17,2024-01-12,Telephone,Despatched
SO-2024-00135,C1187,DAV,2024-01-11,2024-01-17,2024-01-11,Web,Despatched
SO-2024-00136,C1928,DAV,2024-01-11,2024-01-15,2024-01-11,Web,Despatched
SO-2024-00137,C1251,DAV,2024-01-11,2024-01-16,2024-01-11,Telephone,Despatched
SO-2024-00138,C1120,DAV,2024-01-11,2024-01-17,2024-01-11,Telephone,Despatched
SO-2024-00139,C1800,DAV,2024-01-11,2024-01-12,2024-01-12,Account manager,Despatched
SO-2024-00140,C1292,WAR,2024-01-11,2024-01-16,2024-01-11,Account manager,Despatched
SO-2024-00141,C1497,WAR,2024-01-11,2024-01-15,2024-01-15,Telephone,Despatched
SO-2024-00142,C1450,WAR,2024-01-11,2024-01-15,2024-01-11,Web,Despatched
SO-2024-00143,C1234,WAR,2024-01-11,2024-01-17,2024-01-11,Telephone,Despatched
SO-2024-00144,C1430,LIV,2024-01-11,2024-01-12,2024-01-11,Trade counter,Despatched
SO-2024-00145,C1900,LIV,2024-01-11,2024-01-15,2024-01-11,Trade counter,Despatched
SO-2024-00146,C1554,DAV,2024-01-12,2024-01-17,2024-01-12,Telephone,Despatched
SO-2024-00147,C1610,DAV,2024-01-12,2024-01-15,2024-01-12,Telephone,Despatched
SO-2024-00148,C1795,DAV,2024-01-12,2024-01-18,2024-01-17,Telephone,Despatched
SO-2024-00149,C1227,DAV,2024-01-12,2024-01-16,2024-01-12,Telephone,Despatched
SO-2024-00150,C1890,DAV,2024-01-12,2024-01-16,,Web,Cancelled
SO-2024-00151,C1270,DAV,2024-01-12,2024-01-17,2024-01-15,Web,Despatched
SO-2024-00152,C1218,DAV,2024-01-12,2024-01-16,2024-01-12,Web,Despatched
SO-2024-00153,C1366,DAV,2024-01-12,2024-01-17,2024-01-12,Web,Despatched
SO-2024-00154,C1447,DAV,2024-01-12,2024-01-16,2024-01-12,Trade counter,Part despatched
SO-2024-00155,C1032,WAR,2024-01-12,2024-01-15,2024-01-17,Trade counter,Despatched
SO-2024-00156,C1234,WAR,2024-01-12,2024-01-17,2024-01-12,Telephone,Despatched
SO-2024-00157,C1215,WAR,2024-01-12,2024-01-18,2024-01-12,Telephone,Despatched
SO-2024-00158,C1215,WAR,2024-01-12,2024-01-16,2024-01-12,Account manager,Despatched
SO-2024-00159,C1454,WAR,2024-01-12,2024-01-17,2024-01-12,Web,Despatched
SO-2024-00160,C1730,WAR,2024-01-12,2024-01-17,2024-01-12,Account manager,Despatched
SO-2024-00161,C1026,WAR,2024-01-12,2024-01-17,2024-01-12,Telephone,Despatched
SO-2024-00162,C1215,WAR,2024-01-12,2024-01-16,2024-01-15,Web,Despatched
SO-2024-00163,C1398,WAR,2024-01-12,2024-01-17,2024-01-12,Telephone,Despatched
SO-2024-00164,C1651,WAR,2024-01-12,2024-01-18,2024-01-12,Trade counter,Despatched
SO-2024-00165,C1234,WAR,2024-01-12,2024-01-17,2024-01-12,Web,Despatched
SO-2024-00166,C1168,LIV,2024-01-12,2024-01-18,2024-01-12,Web,Part despatched
SO-2024-00167,C1168,LIV,2024-01-12,2024-01-16,2024-01-12,Web,Despatched
SO-2024-00168,C1278,DAV,2024-01-15,2024-01-19,2024-01-15,Trade counter,Despatched
SO-2024-00169,C1563,DAV,2024-01-15,2024-01-16,2024-01-15,Telephone,Despatched
SO-2024-00170,C1145,DAV,2024-01-15,2024-01-19,2024-01-15,Trade counter,Despatched
SO-2024-00171,C1134,DAV,2024-01-15,2024-01-19,2024-01-15,Telephone,Despatched
SO-2024-00172,C1854,DAV,2024-01-15,2024-01-17,2024-01-15,Account manager,Despatched
SO-2024-00173,C1890,DAV,2024-01-15,2024-01-16,2024-01-15,Telephone,Despatched
SO-2024-00174,C1728,DAV,2024-01-15,2024-01-18,2024-01-15,Account manager,Despatched
SO-2024-00175,C1056,DAV,2024-01-15,2024-01-16,2024-01-16,Telephone,Despatched
SO-2024-00176,C1010,WAR,2024-01-15,2024-01-18,2024-01-16,Web,Despatched
SO-2024-00177,C1871,WAR,2024-01-15,2024-01-16,2024-01-15,Web,Despatched
SO-2024-00178,C1679,WAR,2024-01-15,2024-01-17,2024-01-15,Account manager,Despatched
SO-2024-00179,C1831,WAR,2024-01-15,2024-01-16,2024-01-15,Telephone,Part despatched
SO-2024-00180,C1844,WAR,2024-01-15,2024-01-17,2024-01-15,Trade counter,Despatched
SO-2024-00181,C1802,WAR,2024-01-15,2024-01-17,2024-01-15,Telephone,Part despatched
SO-2024-00182,C1702,WAR,2024-01-15,2024-01-18,2024-01-15,Account manager,Despatched
SO-2024-00183,C1802,WAR,2024-01-15,2024-01-16,2024-01-15,Telephone,Despatched
SO-2024-00184,C1215,WAR,2024-01-15,2024-01-16,2024-01-15,Telephone,Despatched
SO-2024-00185,C1434,DAV,2024-01-16,2024-01-18,2024-01-16,Telephone,Despatched
SO-2024-00186,C1429,DAV,2024-01-16,2024-01-22,2024-01-16,Trade counter,Despatched
SO-2024-00187,C1416,DAV,2024-01-16,2024-01-22,2024-01-16,Account manager,Despatched
SO-2024-00188,C1201,DAV,2024-01-16,2024-01-19,2024-01-16,Telephone,Despatched
SO-2024-00189,C1593,DAV,2024-01-16,2024-01-18,2024-01-18,Trade counter,Part despatched
SO-2024-00190,C1201,DAV,2024-01-16,2024-01-18,2024-01-16,Telephone,Despatched
SO-2024-00191,C1385,DAV,2024-01-16,2024-01-18,2024-01-16,Telephone,Part despatched
SO-2024-00192,C1201,DAV,2024-01-16,2024-01-19,2024-01-16,Account manager,Despatched
SO-2024-00193,C1255,DAV,2024-01-16,2024-01-18,2024-01-16,Web,Despatched
SO-2024-00194,C1098,DAV,2024-01-16,2024-01-19,2024-01-16,Trade counter,Part despatched
SO-2024-00195,C1335,DAV,2024-01-16,2024-01-22,2024-01-16,Trade counter,Despatched
SO-2024-00196,C1947,DAV,2024-01-16,2024-01-19,2024-01-16,Web,Despatched
SO-2024-00197,C1307,DAV,2024-01-16,2024-01-22,2024-01-16,Trade counter,Despatched
SO-2024-00198,C1581,WAR,2024-01-16,2024-01-17,2024-01-16,Trade counter,Despatched
SO-2024-00199,C1059,WAR,2024-01-16,2024-01-19,2024-01-16,Telephone,Despatched
SO-2024-00200,C1168,LIV,2024-01-16,2024-01-17,2024-01-18,Telephone,Part despatched
SO-2024-00201,C1610,DAV,2024-01-17,2024-01-23,2024-01-17,Telephone,Part despatched
SO-2024-00202,C1145,DAV,2024-01-17,2024-01-18,2024-01-17,Web,Despatched
SO-2024-00203,C1307,DAV,2024-01-17,2024-01-22,2024-01-17,Telephone,Despatched
SO-2024-00204,C1389,DAV,2024-01-17,2024-01-23,2024-01-17,Telephone,Despatched
SO-2024-00205,C1032,WAR,2024-01-17,2024-01-23,2024-01-17,Account manager,Despatched
SO-2024-00206,C1802,WAR,2024-01-17,2024-01-19,2024-01-19,Account manager,Despatched
SO-2024-00207,C1010,WAR,2024-01-17,2024-01-18,2024-01-17,Trade counter,Despatched
SO-2024-00208,C1032,WAR,2024-01-17,2024-01-23,2024-01-17,Web,Despatched
SO-2024-00209,C1055,WAR,2024-01-17,2024-01-19,2024-01-17,Telephone,Despatched
SO-2024-00210,C1844,WAR,2024-01-17,2024-01-19,2024-01-18,Account manager,Despatched
SO-2024-00211,C1844,WAR,2024-01-17,2024-01-22,2024-01-17,Trade counter,Despatched
SO-2024-00212,C1802,WAR,2024-01-17,2024-01-23,2024-01-17,Trade counter,Despatched
SO-2024-00213,C1032,WAR,2024-01-17,2024-01-23,2024-01-17,Trade counter,Despatched
SO-2024-00214,C1704,DAV,2024-01-18,2024-01-19,2024-01-18,Account manager,Despatched
SO-2024-00215,C1307,DAV,2024-01-18,2024-01-22,2024-01-18,Web,Despatched
SO-2024-00216,C1593,DAV,2024-01-18,2024-01-22,2024-01-18,Telephone,Despatched
SO-2024-00217,C1704,DAV,2024-01-18,2024-01-19,2024-01-18,Trade counter,Part despatched
SO-2024-00218,C1255,DAV,2024-01-18,2024-01-22,2024-01-19,Telephone,Part despatched
SO-2024-00219,C1299,DAV,2024-01-18,2024-01-19,2024-01-18,Account manager,Despatched
SO-2024-00220,C1512,DAV,2024-01-18,2024-01-22,2024-01-18,Account manager,Despatched
SO-2024-00221,C1708,DAV,2024-01-18,2024-01-22,2024-01-18,Account manager,Despatched
SO-2024-00222,C1447,DAV,2024-01-18,2024-01-19,2024-01-22,Web,Despatched
SO-2024-00223,C1795,DAV,2024-01-18,2024-01-19,2024-01-18,Web,Despatched
SO-2024-00224,C1120,DAV,2024-01-18,2024-01-23,2024-01-18,Web,Despatched
SO-2024-00225,C1255,DAV,2024-01-18,2024-01-19,2024-01-18,Telephone,Despatched
SO-2024-00226,C1744,DAV,2024-01-18,2024-01-19,2024-01-18,Trade counter,Despatched
SO-2024-00227,C1728,DAV,2024-01-18,2024-01-24,2024-01-18,Telephone,Despatched
SO-2024-00228,C1554,DAV,2024-01-18,2024-01-24,2024-01-19,Telephone,Despatched
SO-2024-00229,C1936,DAV,2024-01-18,2024-01-23,2024-01-19,Trade counter,Part despatched
SO-2024-00230,C1370,DAV,2024-01-18,2024-01-23,2024-01-18,Web,Despatched
SO-2024-00231,C1760,DAV,2024-01-18,2024-01-22,2024-01-18,Account manager,Part despatched
SO-2024-00232,C1081,WAR,2024-01-18,2024-01-24,2024-01-18,Account manager,Part despatched
SO-2024-00233,C1051,WAR,2024-01-18,2024-01-22,2024-01-23,Web,Despatched
SO-2024-00234,C1234,WAR,2024-01-18,2024-01-19,2024-01-18,Web,Despatched
SO-2024-00235,C1790,WAR,2024-01-18,2024-01-19,2024-01-18,Telephone,Despatched
SO-2024-00236,C1051,WAR,2024-01-18,2024-01-24,2024-01-18,Telephone,Despatched
SO-2024-00237,C1482,WAR,2024-01-18,2024-01-24,2024-01-19,Trade counter,Despatched
SO-2024-00238,C1866,WAR,2024-01-18,2024-01-23,2024-01-18,Trade counter,Despatched
SO-2024-00239,C1566,LIV,2024-01-18,2024-01-19,2024-01-18,Web,Despatched
SO-2024-00240,C1760,DAV,2024-01-19,2024-01-22,2024-01-19,Telephone,Despatched
SO-2024-00241,C1145,DAV,2024-01-19,2024-01-23,2024-01-24,Web,Despatched
SO-2024-00242,C1599,DAV,2024-01-19,2024-01-23,2024-01-19,Account manager,Part despatched
SO-2024-00243,C1335,DAV,2024-01-19,2024-01-22,2024-01-22,Telephone,Despatched
SO-2024-00244,C1521,DAV,2024-01-19,2024-01-22,2024-01-19,Trade counter,Despatched
SO-2024-00245,C1593,DAV,2024-01-19,2024-01-25,2024-01-19,Web,Despatched
SO-2024-00246,C1211,DAV,2024-01-19,2024-01-22,2024-01-23,Telephone,Despatched
SO-2024-00247,C1704,DAV,2024-01-19,2024-01-25,2024-01-19,Web,Despatched
SO-2024-00248,C1098,DAV,2024-01-19,2024-01-22,2024-01-22,Web,Despatched
SO-2024-00249,C1936,DAV,2024-01-19,2024-01-25,2024-01-22,Web,Despatched
SO-2024-00250,C1491,DAV,2024-01-19,2024-01-25,2024-01-19,Web,Part despatched
SO-2024-00251,C1716,WAR,2024-01-19,2024-01-22,2024-01-22,Account manager,Despatched
SO-2024-00252,C1653,WAR,2024-01-19,2024-01-25,2024-01-19,Web,Despatched
SO-2024-00253,C1170,WAR,2024-01-19,2024-01-22,2024-01-19,Telephone,Despatched
SO-2024-00254,C1833,WAR,2024-01-19,2024-01-22,2024-01-22,Trade counter,Despatched
SO-2024-00255,C1896,WAR,2024-01-19,2024-01-24,2024-01-19,Web,Despatched
SO-2024-00256,C1234,WAR,2024-01-19,2024-01-22,2024-01-19,Trade counter,Despatched
SO-2024-00257,C1081,WAR,2024-01-19,2024-01-25,2024-01-19,Trade counter,Despatched
SO-2024-00258,C1702,WAR,2024-01-19,2024-01-23,2024-01-22,Telephone,Part despatched
SO-2024-00259,C1435,LIV,2024-01-19,2024-01-24,2024-01-19,Trade counter,Despatched
SO-2024-00260,C1835,LIV,2024-01-19,2024-01-24,2024-01-19,Account manager,Despatched
SO-2024-00261,C1911,LIV,2024-01-19,2024-01-25,2024-01-19,Telephone,Despatched
SO-2024-00262,C1085,LIV,2024-01-19,2024-01-24,2024-01-19,Trade counter,Part despatched
SO-2024-00263,C1593,DAV,2024-01-22,2024-01-26,2024-01-22,Web,Part despatched
SO-2024-00264,C1232,DAV,2024-01-22,2024-01-23,2024-01-22,Telephone,Despatched
SO-2024-00265,C1734,DAV,2024-01-22,2024-01-26,2024-01-22,Web,Despatched
SO-2024-00266,C1563,DAV,2024-01-22,2024-01-23,2024-01-22,Telephone,Despatched
SO-2024-00267,C1940,DAV,2024-01-22,2024-01-24,2024-01-23,Trade counter,Despatched
SO-2024-00268,C1632,DAV,2024-01-22,2024-01-24,2024-01-22,Telephone,Despatched
SO-2024-00269,C1035,DAV,2024-01-22,2024-01-26,2024-01-22,Web,Part despatched
SO-2024-00270,C1977,DAV,2024-01-22,2024-01-26,2024-01-22,Telephone,Despatched
SO-2024-00271,C1781,DAV,2024-01-22,2024-01-24,2024-01-23,Web,Despatched
SO-2024-00272,C1593,DAV,2024-01-22,2024-01-25,2024-01-22,Telephone,Despatched
SO-2024-00273,C1971,DAV,2024-01-22,2024-01-24,2024-01-22,Trade counter,Despatched
SO-2024-00274,C1098,DAV,2024-01-22,2024-01-25,2024-01-25,Web,Despatched
SO-2024-00275,C1626,DAV,2024-01-22,2024-01-23,2024-01-24,Trade counter,Despatched
SO-2024-00276,C1407,DAV,2024-01-22,2024-01-24,2024-01-22,Telephone,Part despatched
SO-2024-00277,C1145,DAV,2024-01-22,2024-01-26,2024-01-22,Web,Despatched
SO-2024-00278,C1486,DAV,2024-01-22,2024-01-24,2024-01-22,Telephone,Despatched
SO-2024-00279,C1429,DAV,2024-01-22,2024-01-26,2024-01-23,Telephone,Despatched
SO-2024-00280,C1952,DAV,2024-01-22,2024-01-23,2024-01-22,Trade counter,Part despatched
SO-2024-00281,C1211,DAV,2024-01-22,2024-01-26,2024-01-22,Telephone,Despatched
SO-2024-00282,C1844,WAR,2024-01-22,2024-01-25,2024-01-22,Telephone,Despatched
SO-2024-00283,C1872,WAR,2024-01-22,2024-01-24,2024-01-22,Telephone,Despatched
SO-2024-00284,C1802,WAR,2024-01-22,2024-01-23,2024-01-22,Telephone,Despatched
SO-2024-00285,C1844,WAR,2024-01-22,2024-01-25,2024-01-22,Account manager,Despatched
SO-2024-00286,C1051,WAR,2024-01-22,2024-01-23,2024-01-22,Trade counter,Part despatched
SO-2024-00287,C1215,WAR,2024-01-22,2024-01-25,2024-01-22,Trade counter,Despatched
SO-2024-00288,C1402,WAR,2024-01-22,2024-01-24,2024-01-22,Telephone,Despatched
SO-2024-00289,C1032,WAR,2024-01-22,2024-01-26,2024-01-22,Trade counter,Despatched
SO-2024-00290,C1441,WAR,2024-01-22,2024-01-23,2024-01-22,Account manager,Part despatched
SO-2024-00291,C1376,WAR,2024-01-22,2024-01-25,2024-01-22,Account manager,Part despatched
SO-2024-00292,C1336,WAR,2024-01-22,2024-01-23,2024-01-22,Trade counter,Despatched
SO-2024-00293,C1821,LIV,2024-01-22,2024-01-23,2024-01-22,Trade counter,Despatched
SO-2024-00294,C1085,LIV,2024-01-22,2024-01-24,2024-01-24,Web,Despatched
SO-2024-00295,C1616,DAV,2024-01-23,2024-01-29,2024-01-23,Telephone,Despatched
SO-2024-00296,C1211,DAV,2024-01-23,2024-01-25,2024-01-24,Telephone,Despatched
SO-2024-00297,C1419,DAV,2024-01-23,2024-01-29,2024-01-23,Telephone,Part despatched
SO-2024-00298,C1062,DAV,2024-01-23,2024-01-26,2024-01-23,Trade counter,Part despatched
SO-2024-00299,C1416,DAV,2024-01-23,2024-01-25,2024-01-23,Account manager,Part despatched
SO-2024-00300,C1940,DAV,2024-01-23,2024-01-24,2024-01-23,Trade counter,Despatched
SO-2024-00301,C1234,WAR,2024-01-23,2024-01-25,2024-01-23,Web,Despatched
SO-2024-00302,C1234,WAR,2024-01-23,2024-01-26,2024-01-23,Trade counter,Despatched
SO-2024-00303,C1671,WAR,2024-01-23,2024-01-26,2024-01-24,Telephone,Part despatched
SO-2024-00304,C1752,WAR,2024-01-23,2024-01-24,2024-01-23,Telephone,Part despatched
SO-2024-00305,C1055,WAR,2024-01-23,2024-01-24,2024-01-23,Telephone,Despatched
SO-2024-00306,C1057,WAR,2024-01-23,2024-01-26,2024-01-23,Web,Despatched
SO-2024-00307,C1032,WAR,2024-01-23,2024-01-25,2024-01-23,Telephone,Despatched
SO-2024-00308,C1560,WAR,2024-01-23,2024-01-25,2024-01-23,Telephone,Despatched
SO-2024-00309,C1478,LIV,2024-01-23,2024-01-26,2024-01-23,Account manager,Part despatched
SO-2024-00310,C1904,LIV,2024-01-23,2024-01-26,2024-01-23,Trade counter,Despatched
SO-2024-00311,C1038,LIV,2024-01-23,2024-01-24,2024-01-23,Trade counter,Despatched
SO-2024-00312,C1004,LIV,2024-01-23,2024-01-26,2024-01-25,Account manager,Despatched
SO-2024-00313,C1419,DAV,2024-01-24,2024-01-25,2024-01-24,Telephone,Despatched
SO-2024-00314,C1262,DAV,2024-01-24,2024-01-26,2024-01-24,Telephone,Part despatched
SO-2024-00315,C1599,DAV,2024-01-24,2024-01-25,2024-01-25,Account manager,Despatched
SO-2024-00316,C1881,DAV,2024-01-24,2024-01-25,2024-01-24,Trade counter,Despatched
SO-2024-00317,C1143,DAV,2024-01-24,2024-01-26,2024-01-24,Account manager,Despatched
SO-2024-00318,C1290,DAV,2024-01-24,2024-01-30,2024-01-25,Telephone,Despatched
SO-2024-00319,C1795,DAV,2024-01-24,2024-01-26,2024-01-24,Telephone,Despatched
SO-2024-00320,C1146,DAV,2024-01-24,2024-01-30,2024-01-25,Account manager,Despatched
SO-2024-00321,C1854,DAV,2024-01-24,2024-01-25,2024-01-25,Telephone,Despatched
SO-2024-00322,C1450,WAR,2024-01-24,2024-01-30,2024-01-24,Telephone,Part despatched
SO-2024-00323,C1010,WAR,2024-01-24,2024-01-25,2024-01-24,Trade counter,Despatched
SO-2024-00324,C1264,WAR,2024-01-24,2024-01-30,2024-01-24,Account manager,Part despatched
SO-2024-00325,C1918,WAR,2024-01-24,2024-01-26,2024-01-24,Telephone,Despatched
SO-2024-00326,C1395,WAR,2024-01-24,2024-01-30,2024-01-26,Telephone,Part despatched
SO-2024-00327,C1017,WAR,2024-01-24,2024-01-25,2024-01-24,Telephone,Despatched
SO-2024-00328,C1948,WAR,2024-01-24,2024-01-25,2024-01-24,Web,Despatched
SO-2024-00329,C1032,WAR,2024-01-24,2024-01-26,2024-01-25,Telephone,Despatched
SO-2024-00330,C1856,LIV,2024-01-24,2024-01-26,2024-01-26,Web,Despatched
SO-2024-00331,C1357,LIV,2024-01-24,2024-01-29,2024-01-24,Telephone,Despatched
SO-2024-00332,C1085,LIV,2024-01-24,2024-01-26,2024-01-26,Account manager,Despatched
SO-2024-00333,C1266,LIV,2024-01-24,2024-01-30,2024-01-26,Web,Despatched
SO-2024-00334,C1607,LIV,2024-01-24,2024-01-26,2024-01-24,Trade counter,Despatched
SO-2024-00335,C1094,DAV,2024-01-25,2024-01-30,2024-01-25,Trade counter,Despatched
SO-2024-00336,C1319,DAV,2024-01-25,2024-01-31,2024-01-25,Telephone,Despatched
SO-2024-00337,C1512,DAV,2024-01-25,2024-01-26,2024-01-29,Telephone,Part despatched
SO-2024-00338,C1447,DAV,2024-01-25,2024-01-31,2024-01-25,Telephone,Despatched
SO-2024-00339,C1531,DAV,2024-01-25,2024-01-26,2024-01-25,Trade counter,Part despatched
SO-2024-00340,C1898,DAV,2024-01-25,2024-01-26,2024-01-25,Telephone,Despatched
SO-2024-00341,C1145,DAV,2024-01-25,2024-01-30,2024-01-25,Trade counter,Despatched
SO-2024-00342,C1660,DAV,2024-01-25,2024-01-29,2024-01-26,Web,Despatched
SO-2024-00343,C1447,DAV,2024-01-25,2024-01-31,2024-01-25,Telephone,Despatched
SO-2024-00344,C1193,WAR,2024-01-25,2024-01-30,2024-01-26,Trade counter,Despatched
SO-2024-00345,C1164,WAR,2024-01-25,2024-01-29,2024-01-25,Telephone,Despatched
SO-2024-00346,C1204,WAR,2024-01-25,2024-01-26,2024-01-25,Trade counter,Despatched
SO-2024-00347,C1408,WAR,2024-01-25,2024-01-26,2024-01-25,Trade counter,Despatched
SO-2024-00348,C1234,WAR,2024-01-25,2024-01-29,2024-01-26,Account manager,Part despatched
SO-2024-00349,C1032,WAR,2024-01-25,2024-01-26,2024-01-25,Telephone,Despatched
SO-2024-00350,C1051,WAR,2024-01-25,2024-01-31,2024-01-30,Trade counter,Despatched
SO-2024-00351,C1032,WAR,2024-01-25,2024-01-29,2024-01-25,Telephone,Despatched
SO-2024-00352,C1900,LIV,2024-01-25,2024-01-29,2024-01-25,Trade counter,Despatched
SO-2024-00353,C1685,LIV,2024-01-25,2024-01-29,2024-01-26,Trade counter,Despatched
SO-2024-00354,C1841,DAV,2024-01-26,2024-01-29,2024-01-26,Trade counter,Despatched
SO-2024-00355,C1486,DAV,2024-01-26,2024-01-31,2024-01-30,Trade counter,Despatched
SO-2024-00356,C1201,DAV,2024-01-26,2024-01-31,2024-01-29,Web,Despatched
SO-2024-00357,C1447,DAV,2024-01-26,2024-01-30,2024-01-26,Trade counter,Despatched
SO-2024-00358,C1936,DAV,2024-01-26,2024-01-31,2024-01-29,Trade counter,Despatched
SO-2024-00359,C1255,DAV,2024-01-26,2024-01-31,2024-01-26,Telephone,Despatched
SO-2024-00360,C1559,DAV,2024-01-26,2024-01-29,2024-01-26,Trade counter,Despatched
SO-2024-00361,C1367,DAV,2024-01-26,2024-01-29,2024-01-26,Telephone,Part despatched
SO-2024-00362,C1551,DAV,2024-01-26,2024-01-30,2024-01-26,Trade counter,Despatched
SO-2024-00363,C1410,DAV,2024-01-26,2024-01-30,2024-01-26,Telephone,Despatched
SO-2024-00364,C1032,WAR,2024-01-26,2024-01-30,2024-01-29,Trade counter,Part despatched
SO-2024-00365,C1032,WAR,2024-01-26,2024-02-01,2024-01-30,Trade counter,Despatched
SO-2024-00366,C1790,WAR,2024-01-26,2024-01-31,2024-01-26,Web,Despatched
SO-2024-00367,C1694,LIV,2024-01-26,2024-01-29,2024-01-26,Account manager,Despatched
SO-2024-00368,C1168,LIV,2024-01-26,2024-01-30,2024-01-30,Telephone,Despatched
SO-2024-00369,C1085,LIV,2024-01-26,2024-01-30,2024-01-26,Account manager,Despatched
SO-2024-00370,C1821,LIV,2024-01-26,2024-02-01,2024-01-26,Telephone,Despatched
SO-2024-00371,C1687,LIV,2024-01-26,2024-01-30,2024-01-26,Telephone,Despatched
SO-2024-00372,C1313,LIV,2024-01-26,2024-02-01,2024-01-26,Account manager,Despatched
SO-2024-00373,C1299,DAV,2024-01-29,2024-01-30,2024-01-29,Web,Despatched
SO-2024-00374,C1442,DAV,2024-01-29,2024-01-30,2024-01-31,Trade counter,Despatched
SO-2024-00375,C1145,DAV,2024-01-29,2024-02-01,2024-01-29,Telephone,Despatched
SO-2024-00376,C1145,DAV,2024-01-29,2024-01-31,2024-01-29,Telephone,Part despatched
SO-2024-00377,C1447,DAV,2024-01-29,2024-02-02,2024-01-30,Web,Despatched
SO-2024-00378,C1882,DAV,2024-01-29,2024-02-01,2024-01-29,Trade counter,Despatched
SO-2024-00379,C1795,DAV,2024-01-29,2024-01-31,2024-01-29,Account manager,Despatched
SO-2024-00380,C1765,DAV,2024-01-29,2024-02-01,2024-01-29,Trade counter,Despatched
SO-2024-00381,C1218,DAV,2024-01-29,2024-02-02,2024-01-29,Telephone,Despatched
SO-2024-00382,C1577,DAV,2024-01-29,2024-02-02,2024-01-29,Trade counter,Despatched
SO-2024-00383,C1429,DAV,2024-01-29,2024-02-01,2024-02-01,Trade counter,Part despatched
SO-2024-00384,C1234,WAR,2024-01-29,2024-02-01,2024-01-29,Account manager,Despatched
SO-2024-00385,C1174,WAR,2024-01-29,2024-01-31,2024-01-29,Trade counter,Despatched
SO-2024-00386,C1047,WAR,2024-01-29,2024-01-30,2024-01-29,Web,Despatched
SO-2024-00387,C1032,WAR,2024-01-29,2024-01-30,2024-01-30,Web,Despatched
SO-2024-00388,C1821,LIV,2024-01-29,2024-02-01,2024-01-29,Trade counter,Despatched
SO-2024-00389,C1254,LIV,2024-01-29,2024-02-01,2024-01-29,Telephone,Despatched
SO-2024-00390,C1430,LIV,2024-01-29,2024-01-30,2024-01-29,Trade counter,Despatched
SO-2024-00391,C1092,DAV,2024-01-30,2024-01-31,2024-01-30,Trade counter,Despatched
SO-2024-00392,C1551,DAV,2024-01-30,2024-01-31,2024-01-30,Web,Despatched
SO-2024-00393,C1035,DAV,2024-01-30,2024-02-01,2024-01-31,Web,Despatched
SO-2024-00394,C1985,DAV,2024-01-30,2024-01-31,2024-01-30,Trade counter,Despatched
SO-2024-00395,C1401,DAV,2024-01-30,2024-01-31,2024-01-30,Account manager,Despatched
SO-2024-00396,C1512,DAV,2024-01-30,2024-02-05,2024-01-30,Telephone,Despatched
SO-2024-00397,C1940,DAV,2024-01-30,2024-01-31,2024-01-30,Telephone,Part despatched
SO-2024-00398,C1145,DAV,2024-01-30,2024-02-02,2024-01-30,Telephone,Despatched
SO-2024-00399,C1872,WAR,2024-01-30,2024-01-31,2024-01-30,Trade counter,Despatched
SO-2024-00400,C1230,WAR,2024-01-30,2024-02-01,2024-01-31,Account manager,Part despatched
SO-2024-00401,C1750,WAR,2024-01-30,2024-02-05,2024-01-30,Web,Despatched
SO-2024-00402,C1001,WAR,2024-01-30,2024-02-02,2024-01-31,Web,Despatched
SO-2024-00403,C1075,WAR,2024-01-30,2024-02-01,2024-02-01,Trade counter,Despatched
SO-2024-00404,C1802,WAR,2024-01-30,2024-02-02,2024-01-30,Trade counter,Part despatched
SO-2024-00405,C1395,WAR,2024-01-30,2024-02-02,2024-01-30,Account manager,Despatched
SO-2024-00406,C1162,WAR,2024-01-30,2024-02-05,2024-01-31,Account manager,Part despatched
SO-2024-00407,C1032,WAR,2024-01-30,2024-02-02,2024-01-30,Telephone,Despatched
SO-2024-00408,C1464,WAR,2024-01-30,2024-02-02,2024-01-30,Account manager,Despatched
SO-2024-00409,C1822,WAR,2024-01-30,2024-02-02,2024-01-30,Telephone,Despatched
SO-2024-00410,C1357,LIV,2024-01-30,2024-02-02,2024-02-01,Account manager,Despatched
SO-2024-00411,C1321,LIV,2024-01-30,2024-02-05,2024-01-30,Trade counter,Despatched
SO-2024-00412,C1821,LIV,2024-01-30,2024-02-02,2024-01-30,Account manager,Despatched
SO-2024-00413,C1687,LIV,2024-01-30,2024-02-02,2024-01-30,Account manager,Despatched
SO-2024-00414,C1430,LIV,2024-01-30,2024-02-05,2024-01-30,Telephone,Despatched
SO-2024-00415,C1926,DAV,2024-01-31,2024-02-06,2024-01-31,Telephone,Despatched
SO-2024-00416,C1434,DAV,2024-01-31,2024-02-06,2024-01-31,Account manager,Despatched
SO-2024-00417,C1515,DAV,2024-01-31,2024-02-06,2024-01-31,Telephone,Despatched
SO-2024-00418,C1800,DAV,2024-01-31,2024-02-06,2024-01-31,Telephone,Despatched
SO-2024-00419,C1145,DAV,2024-01-31,2024-02-01,2024-01-31,Trade counter,Despatched
SO-2024-00420,C1385,DAV,2024-01-31,2024-02-02,2024-01-31,Trade counter,Despatched
SO-2024-00421,C1787,DAV,2024-01-31,2024-02-05,2024-01-31,Web,Despatched
SO-2024-00422,C1017,WAR,2024-01-31,2024-02-01,2024-01-31,Trade counter,Despatched
SO-2024-00423,C1955,WAR,2024-01-31,2024-02-06,2024-01-31,Account manager,Despatched
SO-2024-00424,C1215,WAR,2024-01-31,2024-02-05,2024-01-31,Account manager,Despatched
SO-2024-00425,C1435,LIV,2024-01-31,2024-02-06,2024-02-01,Web,Despatched
SO-2024-00426,C1278,DAV,2024-02-01,2024-02-07,2024-02-02,Telephone,Despatched
SO-2024-00427,C1385,DAV,2024-02-01,2024-02-06,2024-02-01,Account manager,Despatched
SO-2024-00428,C1270,DAV,2024-02-01,2024-02-07,2024-02-01,Trade counter,Despatched
SO-2024-00429,C1110,DAV,2024-02-01,2024-02-07,2024-02-02,Account manager,Despatched
SO-2024-00430,C1704,DAV,2024-02-01,2024-02-02,2024-02-01,Telephone,Despatched
SO-2024-00431,C1215,WAR,2024-02-01,2024-02-02,2024-02-05,Trade counter,Part despatched
SO-2024-00432,C1346,WAR,2024-02-01,2024-02-05,2024-02-01,Telephone,Despatched
SO-2024-00433,C1157,WAR,2024-02-01,2024-02-02,2024-02-05,Web,Part despatched
SO-2024-00434,C1702,WAR,2024-02-01,2024-02-05,2024-02-02,Trade counter,Despatched
SO-2024-00435,C1474,WAR,2024-02-01,2024-02-06,2024-02-01,Telephone,Despatched
SO-2024-00436,C1871,WAR,2024-02-01,2024-02-02,2024-02-01,Web,Despatched
SO-2024-00437,C1047,WAR,2024-02-01,2024-02-06,2024-02-02,Telephone,Despatched
SO-2024-00438,C1871,WAR,2024-02-01,2024-02-02,2024-02-01,Telephone,Despatched
SO-2024-00439,C1460,WAR,2024-02-01,2024-02-07,2024-02-01,Web,Despatched
SO-2024-00440,C1109,LIV,2024-02-01,2024-02-06,2024-02-01,Telephone,Despatched
SO-2024-00441,C1321,LIV,2024-02-01,2024-02-02,2024-02-01,Trade counter,Despatched
SO-2024-00442,C1447,DAV,2024-02-02,2024-02-06,2024-02-02,Telephone,Despatched
SO-2024-00443,C1599,DAV,2024-02-02,2024-02-08,2024-02-02,Trade counter,Part despatched
SO-2024-00444,C1389,DAV,2024-02-02,2024-02-08,2024-02-02,Telephone,Despatched
SO-2024-00445,C1201,DAV,2024-02-02,2024-02-08,2024-02-02,Account manager,Despatched
SO-2024-00446,C1429,DAV,2024-02-02,2024-02-05,2024-02-05,Web,Despatched
SO-2024-00447,C1366,DAV,2024-02-02,2024-02-07,2024-02-05,Trade counter,Despatched
SO-2024-00448,C1097,DAV,2024-02-02,2024-02-06,2024-02-02,Trade counter,Despatched
SO-2024-00449,C1560,WAR,2024-02-02,2024-02-06,2024-02-02,Telephone,Despatched
SO-2024-00450,C1872,WAR,2024-02-02,2024-02-07,2024-02-05,Telephone,Despatched
SO-2024-00451,C1174,WAR,2024-02-02,2024-02-07,2024-02-02,Trade counter,Despatched
SO-2024-00452,C1651,WAR,2024-02-02,2024-02-08,2024-02-02,Web,Despatched
SO-2024-00453,C1839,WAR,2024-02-02,2024-02-07,2024-02-07,Web,Part despatched
SO-2024-00454,C1254,LIV,2024-02-02,2024-02-05,2024-02-02,Account manager,Despatched
SO-2024-00455,C1584,LIV,2024-02-02,2024-02-08,2024-02-02,Account manager,Despatched
SO-2024-00456,C1853,LIV,2024-02-02,2024-02-08,2024-02-02,Web,Despatched
SO-2024-00457,C1168,LIV,2024-02-02,2024-02-07,2024-02-02,Trade counter,Despatched
SO-2024-00458,C1033,LIV,2024-02-02,2024-02-08,2024-02-02,Trade counter,Despatched
SO-2024-00459,C1728,DAV,2024-02-05,2024-02-08,2024-02-05,Telephone,Despatched
SO-2024-00460,C1728,DAV,2024-02-05,2024-02-07,2024-02-06,Web,Despatched
SO-2024-00461,C1447,DAV,2024-02-05,2024-02-08,2024-02-05,Telephone,Despatched
SO-2024-00462,C1270,DAV,2024-02-05,2024-02-08,2024-02-08,Telephone,Despatched
SO-2024-00463,C1389,DAV,2024-02-05,2024-02-07,2024-02-05,Trade counter,Despatched
SO-2024-00464,C1145,DAV,2024-02-05,2024-02-09,2024-02-05,Web,Despatched
SO-2024-00465,C1389,DAV,2024-02-05,2024-02-09,2024-02-05,Web,Despatched
SO-2024-00466,C1191,DAV,2024-02-05,2024-02-06,2024-02-06,Account manager,Despatched
SO-2024-00467,C1985,DAV,2024-02-05,2024-02-08,2024-02-06,Telephone,Despatched
SO-2024-00468,C1262,DAV,2024-02-05,2024-02-06,2024-02-05,Telephone,Part despatched
SO-2024-00469,C1599,DAV,2024-02-05,2024-02-06,2024-02-05,Account manager,Despatched
SO-2024-00470,C1952,DAV,2024-02-05,2024-02-09,2024-02-05,Web,Despatched
SO-2024-00471,C1610,DAV,2024-02-05,2024-02-07,2024-02-05,Web,Despatched
SO-2024-00472,C1844,WAR,2024-02-05,2024-02-08,2024-02-06,Telephone,Despatched
SO-2024-00473,C1032,WAR,2024-02-05,2024-02-09,2024-02-05,Trade counter,Despatched
SO-2024-00474,C1032,WAR,2024-02-05,2024-02-06,2024-02-05,Web,Despatched
SO-2024-00475,C1948,WAR,2024-02-05,2024-02-06,2024-02-05,Telephone,Part despatched
SO-2024-00476,C1051,WAR,2024-02-05,2024-02-07,2024-02-06,Trade counter,Despatched
SO-2024-00477,C1651,WAR,2024-02-05,2024-02-08,2024-02-06,Account manager,Despatched
SO-2024-00478,C1156,WAR,2024-02-05,2024-02-07,2024-02-06,Account manager,Despatched
SO-2024-00479,C1001,WAR,2024-02-05,2024-02-07,2024-02-06,Trade counter,Part despatched
SO-2024-00480,C1160,LIV,2024-02-05,2024-02-08,2024-02-08,Account manager,Despatched
SO-2024-00481,C1800,DAV,2024-02-06,2024-02-09,2024-02-06,Trade counter,Despatched
SO-2024-00482,C1201,DAV,2024-02-06,2024-02-09,2024-02-09,Web,Despatched
SO-2024-00483,C1232,DAV,2024-02-06,2024-02-08,2024-02-06,Trade counter,Despatched
SO-2024-00484,C1232,DAV,2024-02-06,2024-02-08,2024-02-06,Web,Despatched
SO-2024-00485,C1189,DAV,2024-02-06,2024-02-12,2024-02-06,Trade counter,Despatched
SO-2024-00486,C1366,DAV,2024-02-06,2024-02-09,2024-02-08,Telephone,Despatched
SO-2024-00487,C1270,DAV,2024-02-06,2024-02-08,2024-02-06,Account manager,Despatched
SO-2024-00488,C1734,DAV,2024-02-06,2024-02-07,2024-02-06,Web,Despatched
SO-2024-00489,C1861,DAV,2024-02-06,2024-02-08,2024-02-07,Telephone,Part despatched
SO-2024-00490,C1209,DAV,2024-02-06,2024-02-12,2024-02-06,Account manager,Part despatched
SO-2024-00491,C1215,WAR,2024-02-06,2024-02-08,2024-02-06,Account manager,Part despatched
SO-2024-00492,C1713,WAR,2024-02-06,2024-02-12,2024-02-06,Trade counter,Despatched
SO-2024-00493,C1822,WAR,2024-02-06,2024-02-07,2024-02-06,Web,Despatched
SO-2024-00494,C1702,WAR,2024-02-06,2024-02-07,2024-02-06,Trade counter,Despatched
SO-2024-00495,C1584,LIV,2024-02-06,2024-02-09,2024-02-09,Web,Part despatched
SO-2024-00496,C1693,LIV,2024-02-06,2024-02-07,2024-02-06,Account manager,Despatched
SO-2024-00497,C1435,LIV,2024-02-06,2024-02-09,2024-02-06,Trade counter,Despatched
SO-2024-00498,C1531,DAV,2024-02-07,2024-02-12,2024-02-07,Trade counter,Despatched
SO-2024-00499,C1429,DAV,2024-02-07,2024-02-08,2024-02-07,Telephone,Part despatched
SO-2024-00500,C1515,DAV,2024-02-07,2024-02-08,2024-02-09,Telephone,Despatched
SO-2024-00501,C1593,DAV,2024-02-07,2024-02-08,2024-02-07,Telephone,Part despatched
SO-2024-00502,C1442,DAV,2024-02-07,2024-02-09,2024-02-07,Trade counter,Despatched
SO-2024-00503,C1270,DAV,2024-02-07,2024-02-12,2024-02-07,Telephone,Despatched
SO-2024-00504,C1098,DAV,2024-02-07,2024-02-13,2024-02-07,Telephone,Despatched
SO-2024-00505,C1299,DAV,2024-02-07,2024-02-12,2024-02-08,Trade counter,Despatched
SO-2024-00506,C1730,WAR,2024-02-07,2024-02-09,2024-02-07,Web,Despatched
SO-2024-00507,C1460,WAR,2024-02-07,2024-02-08,2024-02-07,Telephone,Despatched
SO-2024-00508,C1010,WAR,2024-02-07,2024-02-12,2024-02-09,Telephone,Despatched
SO-2024-00509,C1215,WAR,2024-02-07,2024-02-09,2024-02-07,Web,Despatched
SO-2024-00510,C1724,WAR,2024-02-07,2024-02-09,2024-02-07,Trade counter,Despatched
SO-2024-00511,C1346,WAR,2024-02-07,2024-02-09,2024-02-07,Telephone,Despatched
SO-2024-00512,C1450,WAR,2024-02-07,2024-02-13,2024-02-08,Trade counter,Despatched
SO-2024-00513,C1422,LIV,2024-02-07,2024-02-13,2024-02-07,Trade counter,Part despatched
SO-2024-00514,C1600,LIV,2024-02-07,2024-02-09,2024-02-07,Telephone,Part despatched
SO-2024-00515,C1478,LIV,2024-02-07,2024-02-13,2024-02-07,Web,Part despatched
SO-2024-00516,C1085,LIV,2024-02-07,2024-02-09,2024-02-09,Trade counter,Despatched
SO-2024-00517,C1959,LIV,2024-02-07,2024-02-09,2024-02-07,Account manager,Despatched
SO-2024-00518,C1262,DAV,2024-02-08,2024-02-12,2024-02-09,Trade counter,Despatched
SO-2024-00519,C1728,DAV,2024-02-08,2024-02-09,2024-02-09,Trade counter,Despatched
SO-2024-00520,C1521,DAV,2024-02-08,2024-02-13,2024-02-08,Telephone,Despatched
SO-2024-00521,C1209,DAV,2024-02-08,2024-02-14,2024-02-08,Trade counter,Despatched
SO-2024-00522,C1447,DAV,2024-02-08,2024-02-09,2024-02-12,Telephone,Despatched
SO-2024-00523,C1385,DAV,2024-02-08,2024-02-14,2024-02-08,Account manager,Despatched
SO-2024-00524,C1728,DAV,2024-02-08,2024-02-09,2024-02-08,Trade counter,Despatched
SO-2024-00525,C1447,DAV,2024-02-08,2024-02-09,2024-02-08,Telephone,Part despatched
SO-2024-00526,C1730,WAR,2024-02-08,2024-02-14,2024-02-08,Account manager,Despatched
SO-2024-00527,C1724,WAR,2024-02-08,2024-02-12,2024-02-08,Web,Part despatched
SO-2024-00528,C1948,WAR,2024-02-08,2024-02-14,2024-02-08,Account manager,Despatched
SO-2024-00529,C1051,WAR,2024-02-08,2024-02-14,2024-02-08,Telephone,Despatched
SO-2024-00530,C1802,WAR,2024-02-08,2024-02-13,2024-02-08,Trade counter,Despatched
SO-2024-00531,C1085,LIV,2024-02-08,2024-02-13,2024-02-09,Trade counter,Despatched
SO-2024-00532,C1128,LIV,2024-02-08,2024-02-13,2024-02-08,Trade counter,Despatched
SO-2024-00533,C1385,DAV,2024-02-09,2024-02-12,2024-02-09,Trade counter,Despatched
SO-2024-00534,C1593,DAV,2024-02-09,2024-02-12,2024-02-09,Account manager,Part despatched
SO-2024-00535,C1145,DAV,2024-02-09,2024-02-15,2024-02-09,Telephone,Despatched
SO-2024-00536,C1484,DAV,2024-02-09,2024-02-13,2024-02-09,Web,Despatched
SO-2024-00537,C1936,DAV,2024-02-09,2024-02-14,2024-02-12,Web,Despatched
SO-2024-00538,C1486,DAV,2024-02-09,2024-02-14,2024-02-12,Web,Despatched
SO-2024-00539,C1593,DAV,2024-02-09,2024-02-14,2024-02-09,Account manager,Despatched
SO-2024-00540,C1407,DAV,2024-02-09,2024-02-15,2024-02-09,Trade counter,Despatched
SO-2024-00541,C1195,DAV,2024-02-09,2024-02-14,2024-02-09,Account manager,Despatched
SO-2024-00542,C1682,DAV,2024-02-09,2024-02-15,2024-02-12,Trade counter,Despatched
SO-2024-00543,C1389,DAV,2024-02-09,2024-02-12,2024-02-12,Web,Despatched
SO-2024-00544,C1270,DAV,2024-02-09,2024-02-14,2024-02-09,Telephone,Part despatched
SO-2024-00545,C1320,DAV,2024-02-09,2024-02-12,2024-02-09,Trade counter,Despatched
SO-2024-00546,C1078,DAV,2024-02-09,2024-02-13,2024-02-09,Web,Despatched
SO-2024-00547,C1450,WAR,2024-02-09,2024-02-15,2024-02-12,Telephone,Part despatched
SO-2024-00548,C1032,WAR,2024-02-09,2024-02-12,2024-02-09,Account manager,Despatched
SO-2024-00549,C1215,WAR,2024-02-09,2024-02-12,2024-02-14,Web,Despatched
SO-2024-00550,C1032,WAR,2024-02-09,2024-02-14,2024-02-09,Telephone,Despatched
SO-2024-00551,C1032,WAR,2024-02-09,2024-02-12,2024-02-09,Telephone,Despatched
SO-2024-00552,C1124,LIV,2024-02-09,2024-02-13,2024-02-09,Trade counter,Despatched
SO-2024-00553,C1033,LIV,2024-02-09,2024-02-15,2024-02-12,Web,Despatched
SO-2024-00554,C1168,LIV,2024-02-09,2024-02-13,2024-02-14,Trade counter,Part despatched
SO-2024-00555,C1201,DAV,2024-02-12,2024-02-15,2024-02-12,Web,Despatched
SO-2024-00556,C1491,DAV,2024-02-12,2024-02-14,2024-02-12,Trade counter,Part despatched
SO-2024-00557,C1629,DAV,2024-02-12,2024-02-15,2024-02-13,Account manager,Despatched
SO-2024-00558,C1572,DAV,2024-02-12,2024-02-15,2024-02-13,Account manager,Despatched
SO-2024-00559,C1307,DAV,2024-02-12,2024-02-13,2024-02-13,Web,Part despatched
SO-2024-00560,C1760,DAV,2024-02-12,2024-02-16,2024-02-12,Account manager,Despatched
SO-2024-00561,C1145,DAV,2024-02-12,2024-02-14,2024-02-13,Web,Despatched
SO-2024-00562,C1596,DAV,2024-02-12,2024-02-16,2024-02-12,Telephone,Despatched
SO-2024-00563,C1730,WAR,2024-02-12,2024-02-14,2024-02-12,Web,Despatched
SO-2024-00564,C1844,WAR,2024-02-12,2024-02-16,2024-02-14,Trade counter,Despatched
SO-2024-00565,C1032,WAR,2024-02-12,2024-02-13,2024-02-12,Trade counter,Despatched
SO-2024-00566,C1287,WAR,2024-02-12,2024-02-14,2024-02-12,Telephone,Despatched
SO-2024-00567,C1844,WAR,2024-02-12,2024-02-13,2024-02-12,Trade counter,Despatched
SO-2024-00568,C1026,WAR,2024-02-12,2024-02-16,2024-02-12,Web,Part despatched
SO-2024-00569,C1398,WAR,2024-02-12,2024-02-14,2024-02-12,Telephone,Despatched
SO-2024-00570,C1821,LIV,2024-02-12,2024-02-13,2024-02-12,Telephone,Despatched
SO-2024-00571,C1584,LIV,2024-02-12,2024-02-16,2024-02-12,Trade counter,Part despatched
SO-2024-00572,C1124,LIV,2024-02-12,2024-02-15,2024-02-12,Web,Despatched
SO-2024-00573,C1078,DAV,2024-02-13,2024-02-15,2024-02-14,Account manager,Despatched
SO-2024-00574,C1183,DAV,2024-02-13,2024-02-15,2024-02-13,Web,Despatched
SO-2024-00575,C1354,DAV,2024-02-13,2024-02-19,2024-02-13,Web,Despatched
SO-2024-00576,C1097,DAV,2024-02-13,2024-02-16,2024-02-13,Web,Despatched
SO-2024-00577,C1787,DAV,2024-02-13,2024-02-19,2024-02-13,Web,Despatched
SO-2024-00578,C1795,DAV,2024-02-13,2024-02-14,2024-02-13,Telephone,Despatched
SO-2024-00579,C1078,DAV,2024-02-13,2024-02-19,2024-02-13,Trade counter,Part despatched
SO-2024-00580,C1593,DAV,2024-02-13,2024-02-16,2024-02-14,Web,Despatched
SO-2024-00581,C1299,DAV,2024-02-13,2024-02-14,2024-02-13,Trade counter,Part despatched
SO-2024-00582,C1599,DAV,2024-02-13,2024-02-19,2024-02-13,Account manager,Despatched
SO-2024-00583,C1682,DAV,2024-02-13,2024-02-19,2024-02-13,Trade counter,Despatched
SO-2024-00584,C1936,DAV,2024-02-13,2024-02-15,2024-02-13,Web,Part despatched
SO-2024-00585,C1372,DAV,2024-02-13,2024-02-14,2024-02-15,Account manager,Despatched
SO-2024-00586,C1243,WAR,2024-02-13,2024-02-16,2024-02-13,Telephone,Despatched
SO-2024-00587,C1234,WAR,2024-02-13,2024-02-15,2024-02-13,Trade counter,Despatched
SO-2024-00588,C1983,WAR,2024-02-13,2024-02-19,2024-02-13,Trade counter,Despatched
SO-2024-00589,C1057,WAR,2024-02-13,2024-02-15,2024-02-13,Trade counter,Despatched
SO-2024-00590,C1948,WAR,2024-02-13,2024-02-16,2024-02-13,Trade counter,Despatched
SO-2024-00591,C1085,LIV,2024-02-13,2024-02-14,2024-02-13,Telephone,Despatched
SO-2024-00592,C1607,LIV,2024-02-13,2024-02-19,2024-02-14,Telephone,Despatched
SO-2024-00593,C1593,DAV,2024-02-14,2024-02-19,2024-02-14,Trade counter,Part despatched
SO-2024-00594,C1098,DAV,2024-02-14,2024-02-15,2024-02-14,Trade counter,Despatched
SO-2024-00595,C1056,DAV,2024-02-14,2024-02-15,2024-02-14,Trade counter,Despatched
SO-2024-00596,C1938,DAV,2024-02-14,2024-02-15,2024-02-14,Trade counter,Despatched
SO-2024-00597,C1577,DAV,2024-02-14,2024-02-20,2024-02-14,Account manager,Part despatched
SO-2024-00598,C1413,DAV,2024-02-14,2024-02-15,2024-02-16,Account manager,Despatched
SO-2024-00599,C1928,DAV,2024-02-14,2024-02-19,2024-02-14,Telephone,Despatched
SO-2024-00600,C1844,WAR,2024-02-14,2024-02-16,2024-02-14,Telephone,Part despatched
SO-2024-00601,C1355,WAR,2024-02-14,2024-02-20,2024-02-19,Trade counter,Despatched
SO-2024-00602,C1164,WAR,2024-02-14,2024-02-19,2024-02-15,Web,Despatched
SO-2024-00603,C1234,WAR,2024-02-14,2024-02-19,2024-02-16,Telephone,Despatched
SO-2024-00604,C1713,WAR,2024-02-14,2024-02-15,2024-02-14,Web,Despatched
SO-2024-00605,C1336,WAR,2024-02-14,2024-02-16,2024-02-15,Telephone,Part despatched
SO-2024-00606,C1085,LIV,2024-02-14,2024-02-19,2024-02-16,Web,Despatched
SO-2024-00607,C1379,LIV,2024-02-14,2024-02-19,2024-02-14,Account manager,Despatched
SO-2024-00608,C1878,LIV,2024-02-14,2024-02-16,2024-02-19,Telephone,Despatched
SO-2024-00609,C1429,DAV,2024-02-15,2024-02-16,2024-02-16,Telephone,Part despatched
SO-2024-00610,C1092,DAV,2024-02-15,2024-02-20,2024-02-15,Web,Despatched
SO-2024-00611,C1278,DAV,2024-02-15,2024-02-16,2024-02-15,Telephone,Despatched
SO-2024-00612,C1299,DAV,2024-02-15,2024-02-20,2024-02-16,Web,Despatched
SO-2024-00613,C1434,DAV,2024-02-15,2024-02-20,2024-02-15,Trade counter,Despatched
SO-2024-00614,C1938,DAV,2024-02-15,2024-02-16,2024-02-15,Trade counter,Despatched
SO-2024-00615,C1092,DAV,2024-02-15,2024-02-21,2024-02-15,Telephone,Despatched
SO-2024-00616,C1551,DAV,2024-02-15,2024-02-21,2024-02-19,Web,Despatched
SO-2024-00617,C1928,DAV,2024-02-15,2024-02-21,2024-02-15,Trade counter,Part despatched
SO-2024-00618,C1988,WAR,2024-02-15,2024-02-16,2024-02-19,Trade counter,Part despatched
SO-2024-00619,C1376,WAR,2024-02-15,2024-02-20,2024-02-16,Trade counter,Despatched
SO-2024-00620,C1802,WAR,2024-02-15,2024-02-19,2024-02-16,Account manager,Despatched
SO-2024-00621,C1885,WAR,2024-02-15,2024-02-20,2024-02-15,Web,Despatched
SO-2024-00622,C1391,WAR,2024-02-15,2024-02-20,2024-02-15,Web,Part despatched
SO-2024-00623,C1666,LIV,2024-02-15,2024-02-16,2024-02-16,Trade counter,Despatched
SO-2024-00624,C1634,LIV,2024-02-15,2024-02-19,2024-02-20,Trade counter,Part despatched
SO-2024-00625,C1856,LIV,2024-02-15,2024-02-16,2024-02-20,Account manager,Despatched
SO-2024-00626,C1821,LIV,2024-02-15,2024-02-16,2024-02-16,Trade counter,Despatched
SO-2024-00627,C1085,LIV,2024-02-15,2024-02-19,2024-02-15,Trade counter,Despatched
SO-2024-00628,C1084,DAV,2024-02-16,2024-02-20,2024-02-16,Trade counter,Despatched
SO-2024-00629,C1270,DAV,2024-02-16,2024-02-19,2024-02-16,Trade counter,Despatched
SO-2024-00630,C1078,DAV,2024-02-16,2024-02-22,2024-02-16,Trade counter,Despatched
SO-2024-00631,C1599,DAV,2024-02-16,2024-02-21,2024-02-19,Telephone,Part despatched
SO-2024-00632,C1593,DAV,2024-02-16,2024-02-19,2024-02-19,Trade counter,Part despatched
SO-2024-00633,C1299,DAV,2024-02-16,2024-02-21,2024-02-16,Telephone,Part despatched
SO-2024-00634,C1882,DAV,2024-02-16,2024-02-19,2024-02-21,Trade counter,Despatched
SO-2024-00635,C1515,DAV,2024-02-16,2024-02-21,2024-02-21,Account manager,Part despatched
SO-2024-00636,C1235,DAV,2024-02-16,2024-02-19,2024-02-19,Web,Despatched
SO-2024-00637,C1593,DAV,2024-02-16,2024-02-21,2024-02-16,Trade counter,Despatched
SO-2024-00638,C1201,DAV,2024-02-16,2024-02-22,2024-02-16,Trade counter,Despatched
SO-2024-00639,C1928,DAV,2024-02-16,2024-02-21,2024-02-19,Account manager,Despatched
SO-2024-00640,C1841,DAV,2024-02-16,2024-02-20,2024-02-16,Account manager,Despatched
SO-2024-00641,C1648,DAV,2024-02-16,2024-02-19,2024-02-16,Account manager,Despatched
SO-2024-00642,C1346,WAR,2024-02-16,2024-02-20,2024-02-16,Web,Despatched
SO-2024-00643,C1802,WAR,2024-02-16,2024-02-20,2024-02-16,Telephone,Part despatched
SO-2024-00644,C1822,WAR,2024-02-16,2024-02-20,2024-02-19,Web,Despatched
SO-2024-00645,C1346,WAR,2024-02-16,2024-02-20,2024-02-16,Web,Despatched
SO-2024-00646,C1032,WAR,2024-02-16,2024-02-21,2024-02-19,Telephone,Despatched
SO-2024-00647,C1535,WAR,2024-02-16,2024-02-20,2024-02-16,Trade counter,Despatched
SO-2024-00648,C1032,WAR,2024-02-16,2024-02-21,2024-02-19,Account manager,Despatched
SO-2024-00649,C1422,LIV,2024-02-16,2024-02-19,2024-02-16,Account manager,Despatched
SO-2024-00650,C1085,LIV,2024-02-16,2024-02-20,2024-02-16,Web,Despatched
SO-2024-00651,C1835,LIV,2024-02-16,2024-02-20,2024-02-16,Web,Despatched
SO-2024-00652,C1413,DAV,2024-02-19,2024-02-20,2024-02-19,Account manager,Despatched
SO-2024-00653,C1236,DAV,2024-02-19,2024-02-23,2024-02-19,Web,Despatched
SO-2024-00654,C1734,DAV,2024-02-19,2024-02-22,2024-02-19,Telephone,Despatched
SO-2024-00655,C1335,DAV,2024-02-19,2024-02-22,2024-02-19,Telephone,Despatched
SO-2024-00656,C1728,DAV,2024-02-19,2024-02-20,2024-02-21,Telephone,Despatched
SO-2024-00657,C1232,DAV,2024-02-19,2024-02-23,2024-02-19,Trade counter,Part despatched
SO-2024-00658,C1554,DAV,2024-02-19,2024-02-21,2024-02-19,Account manager,Part despatched
SO-2024-00659,C1276,DAV,2024-02-19,2024-02-23,2024-02-19,Account manager,Part despatched
SO-2024-00660,C1429,DAV,2024-02-19,2024-02-21,2024-02-21,Web,Despatched
SO-2024-00661,C1948,WAR,2024-02-19,2024-02-22,2024-02-20,Telephone,Despatched
SO-2024-00662,C1950,WAR,2024-02-19,2024-02-22,2024-02-19,Web,Despatched
SO-2024-00663,C1844,WAR,2024-02-19,2024-02-20,2024-02-19,Trade counter,Despatched
SO-2024-00664,C1955,WAR,2024-02-19,2024-02-23,2024-02-19,Account manager,Despatched
SO-2024-00665,C1597,WAR,2024-02-19,2024-02-20,2024-02-20,Telephone,Despatched
SO-2024-00666,C1349,WAR,2024-02-19,2024-02-22,2024-02-19,Account manager,Despatched
SO-2024-00667,C1026,WAR,2024-02-19,2024-02-23,2024-02-19,Trade counter,Despatched
SO-2024-00668,C1234,WAR,2024-02-19,2024-02-21,2024-02-19,Telephone,Despatched
SO-2024-00669,C1454,WAR,2024-02-19,2024-02-22,2024-02-19,Web,Part despatched
SO-2024-00670,C1267,LIV,2024-02-19,2024-02-23,2024-02-19,Telephone,Part despatched
SO-2024-00671,C1835,LIV,2024-02-19,2024-02-21,2024-02-20,Trade counter,Despatched
SO-2024-00672,C1160,LIV,2024-02-19,2024-02-23,2024-02-19,Telephone,Despatched
SO-2024-00673,C1881,DAV,2024-02-20,2024-02-22,2024-02-21,Web,Part despatched
SO-2024-00674,C1089,DAV,2024-02-20,2024-02-21,2024-02-21,Telephone,Despatched
SO-2024-00675,C1928,DAV,2024-02-20,2024-02-23,2024-02-22,Telephone,Despatched
SO-2024-00676,C1447,DAV,2024-02-20,2024-02-21,2024-02-21,Telephone,Despatched
SO-2024-00677,C1728,DAV,2024-02-20,2024-02-21,2024-02-23,Telephone,Despatched
SO-2024-00678,C1827,DAV,2024-02-20,2024-02-26,2024-02-20,Trade counter,Despatched
SO-2024-00679,C1795,DAV,2024-02-20,2024-02-23,2024-02-20,Trade counter,Despatched
SO-2024-00680,C1695,DAV,2024-02-20,2024-02-23,2024-02-22,Trade counter,Part despatched
SO-2024-00681,C1391,WAR,2024-02-20,2024-02-26,2024-02-20,Telephone,Part despatched
SO-2024-00682,C1234,WAR,2024-02-20,2024-02-22,2024-02-21,Trade counter,Despatched
SO-2024-00683,C1651,WAR,2024-02-20,2024-02-21,2024-02-20,Trade counter,Part despatched
SO-2024-00684,C1032,WAR,2024-02-20,2024-02-23,2024-02-20,Web,Despatched
SO-2024-00685,C1230,WAR,2024-02-20,2024-02-26,2024-02-20,Trade counter,Despatched
SO-2024-00686,C1392,WAR,2024-02-20,2024-02-22,2024-02-22,Web,Despatched
SO-2024-00687,C1051,WAR,2024-02-20,2024-02-23,2024-02-20,Trade counter,Despatched
SO-2024-00688,C1010,WAR,2024-02-20,2024-02-26,2024-02-21,Trade counter,Part despatched
SO-2024-00689,C1821,LIV,2024-02-20,2024-02-26,2024-02-22,Trade counter,Despatched
SO-2024-00690,C1964,LIV,2024-02-20,2024-02-26,2024-02-20,Account manager,Despatched
SO-2024-00691,C1821,LIV,2024-02-20,2024-02-26,2024-02-20,Trade counter,Despatched
SO-2024-00692,C1372,DAV,2024-02-21,2024-02-22,2024-02-21,Trade counter,Despatched
SO-2024-00693,C1818,DAV,2024-02-21,2024-02-23,2024-02-21,Trade counter,Despatched
SO-2024-00694,C1078,DAV,2024-02-21,2024-02-23,2024-02-22,Trade counter,Despatched
SO-2024-00695,C1278,DAV,2024-02-21,2024-02-27,2024-02-21,Trade counter,Despatched
SO-2024-00696,C1232,DAV,2024-02-21,2024-02-23,2024-02-21,Account manager,Despatched
SO-2024-00697,C1389,DAV,2024-02-21,2024-02-26,2024-02-21,Telephone,Despatched
SO-2024-00698,C1452,DAV,2024-02-21,2024-02-27,2024-02-21,Account manager,Despatched
SO-2024-00699,C1765,DAV,2024-02-21,2024-02-27,2024-02-21,Account manager,Despatched
SO-2024-00700,C1636,DAV,2024-02-21,2024-02-27,2024-02-21,Web,Part despatched
SO-2024-00701,C1429,DAV,2024-02-21,2024-02-26,2024-02-21,Telephone,Despatched
SO-2024-00702,C1841,DAV,2024-02-21,2024-02-22,2024-02-21,Telephone,Despatched
SO-2024-00703,C1113,DAV,2024-02-21,2024-02-22,2024-02-22,Account manager,Despatched
SO-2024-00704,C1047,WAR,2024-02-21,2024-02-23,2024-02-21,Trade counter,Part despatched
SO-2024-00705,C1168,LIV,2024-02-21,2024-02-27,2024-02-23,Telephone,Despatched
SO-2024-00706,C1389,DAV,2024-02-22,2024-02-26,2024-02-22,Trade counter,Despatched
SO-2024-00707,C1429,DAV,2024-02-22,2024-02-28,2024-02-22,Telephone,Despatched
SO-2024-00708,C1728,DAV,2024-02-22,2024-02-28,2024-02-22,Trade counter,Despatched
SO-2024-00709,C1940,DAV,2024-02-22,2024-02-27,2024-02-23,Trade counter,Part despatched
SO-2024-00710,C1078,DAV,2024-02-22,2024-02-28,2024-02-22,Telephone,Despatched
SO-2024-00711,C1554,DAV,2024-02-22,2024-02-23,2024-02-22,Telephone,Despatched
SO-2024-00712,C1788,DAV,2024-02-22,2024-02-26,2024-02-22,Account manager,Despatched
SO-2024-00713,C1145,DAV,2024-02-22,2024-02-27,2024-02-23,Telephone,Part despatched
SO-2024-00714,C1191,DAV,2024-02-22,2024-02-28,2024-02-22,Account manager,Despatched
SO-2024-00715,C1521,DAV,2024-02-22,2024-02-28,2024-02-22,Web,Despatched
SO-2024-00716,C1593,DAV,2024-02-22,2024-02-23,2024-02-22,Trade counter,Part despatched
SO-2024-00717,C1901,DAV,2024-02-22,2024-02-27,2024-02-22,Trade counter,Despatched
SO-2024-00718,C1447,DAV,2024-02-22,2024-02-23,2024-02-22,Telephone,Part despatched
SO-2024-00719,C1947,DAV,2024-02-22,2024-02-26,2024-02-22,Account manager,Despatched
SO-2024-00720,C1790,WAR,2024-02-22,2024-02-26,2024-02-22,Telephone,Despatched
SO-2024-00721,C1032,WAR,2024-02-22,2024-02-28,2024-02-23,Account manager,Despatched
SO-2024-00722,C1848,WAR,2024-02-22,2024-02-27,2024-02-22,Trade counter,Despatched
SO-2024-00723,C1032,WAR,2024-02-22,2024-02-28,2024-02-22,Web,Despatched
SO-2024-00724,C1790,WAR,2024-02-22,2024-02-23,2024-02-22,Web,Despatched
SO-2024-00725,C1948,WAR,2024-02-22,2024-02-28,2024-02-26,Trade counter,Despatched
SO-2024-00726,C1032,WAR,2024-02-22,2024-02-23,2024-02-22,Account manager,Despatched
SO-2024-00727,C1402,WAR,2024-02-22,2024-02-26,2024-02-23,Telephone,Despatched
SO-2024-00728,C1948,WAR,2024-02-22,2024-02-27,2024-02-22,Telephone,Despatched
SO-2024-00729,C1422,LIV,2024-02-22,2024-02-26,2024-02-23,Telephone,Despatched
SO-2024-00730,C1423,LIV,2024-02-22,2024-02-26,2024-02-23,Trade counter,Despatched
SO-2024-00731,C1856,LIV,2024-02-22,2024-02-26,2024-02-22,Trade counter,Despatched
SO-2024-00732,C1694,LIV,2024-02-22,2024-02-27,2024-02-22,Trade counter,Despatched
SO-2024-00733,C1563,DAV,2024-02-23,2024-02-28,2024-02-26,Telephone,Despatched
SO-2024-00734,C1746,DAV,2024-02-23,2024-02-29,2024-02-23,Telephone,Despatched
SO-2024-00735,C1669,DAV,2024-02-23,2024-02-26,2024-02-23,Telephone,Part despatched
SO-2024-00736,C1251,DAV,2024-02-23,2024-02-29,2024-02-26,Telephone,Despatched
SO-2024-00737,C1145,DAV,2024-02-23,2024-02-29,2024-02-27,Telephone,Despatched
SO-2024-00738,C1366,DAV,2024-02-23,2024-02-29,2024-02-23,Telephone,Despatched
SO-2024-00739,C1636,DAV,2024-02-23,2024-02-28,2024-02-23,Account manager,Despatched
SO-2024-00740,C1521,DAV,2024-02-23,2024-02-28,2024-02-23,Web,Despatched
SO-2024-00741,C1648,DAV,2024-02-23,2024-02-28,2024-02-23,Telephone,Part despatched
SO-2024-00742,C1447,DAV,2024-02-23,2024-02-28,2024-02-26,Trade counter,Despatched
SO-2024-00743,C1215,WAR,2024-02-23,2024-02-26,2024-02-23,Telephone,Part despatched
SO-2024-00744,C1656,WAR,2024-02-23,2024-02-28,2024-02-23,Telephone,Part despatched
SO-2024-00745,C1032,WAR,2024-02-23,2024-02-26,2024-02-23,Account manager,Part despatched
SO-2024-00746,C1948,WAR,2024-02-23,2024-02-26,2024-02-26,Telephone,Despatched
SO-2024-00747,C1790,WAR,2024-02-23,2024-02-29,2024-02-23,Web,Despatched
SO-2024-00748,C1032,WAR,2024-02-23,2024-02-26,2024-02-27,Telephone,Part despatched
SO-2024-00749,C1032,WAR,2024-02-23,2024-02-28,2024-02-23,Web,Part despatched
SO-2024-00750,C1948,WAR,2024-02-23,2024-02-27,2024-02-23,Account manager,Part despatched
SO-2024-00751,C1948,WAR,2024-02-23,2024-02-26,2024-02-23,Telephone,Part despatched
SO-2024-00752,C1059,WAR,2024-02-23,2024-02-27,2024-02-23,Account manager,Despatched
SO-2024-00753,C1268,LIV,2024-02-23,2024-02-29,2024-02-27,Account manager,Despatched
SO-2024-00754,C1168,LIV,2024-02-23,2024-02-26,2024-02-23,Telephone,Despatched
SO-2024-00755,C1853,LIV,2024-02-23,2024-02-29,2024-02-23,Trade counter,Despatched
SO-2024-00756,C1085,LIV,2024-02-23,2024-02-29,2024-02-27,Web,Despatched
SO-2024-00757,C1270,DAV,2024-02-26,2024-03-01,2024-02-26,Trade counter,Part despatched
SO-2024-00758,C1094,DAV,2024-02-26,2024-02-29,2024-02-26,Telephone,Despatched
SO-2024-00759,C1563,DAV,2024-02-26,2024-02-29,2024-02-28,Web,Despatched
SO-2024-00760,C1760,DAV,2024-02-26,2024-02-29,2024-02-26,Web,Part despatched
SO-2024-00761,C1734,DAV,2024-02-26,2024-02-28,2024-02-27,Telephone,Part despatched
SO-2024-00762,C1366,DAV,2024-02-26,2024-02-29,2024-02-27,Telephone,Despatched
SO-2024-00763,C1938,DAV,2024-02-26,2024-02-27,2024-02-26,Trade counter,Despatched
SO-2024-00764,C1434,DAV,2024-02-26,2024-02-29,2024-02-26,Telephone,Despatched
SO-2024-00765,C1145,DAV,2024-02-26,2024-02-27,2024-02-27,Trade counter,Despatched
SO-2024-00766,C1535,WAR,2024-02-26,2024-02-28,2024-02-27,Telephone,Despatched
SO-2024-00767,C1215,WAR,2024-02-26,2024-03-01,2024-02-26,Web,Part despatched
SO-2024-00768,C1871,WAR,2024-02-26,2024-02-27,2024-02-27,Trade counter,Part despatched
SO-2024-00769,C1207,WAR,2024-02-26,2024-02-27,2024-02-27,Telephone,Part despatched
SO-2024-00770,C1948,WAR,2024-02-26,2024-02-27,2024-02-26,Web,Despatched
SO-2024-00771,C1395,WAR,2024-02-26,2024-02-28,2024-02-26,Web,Part despatched
SO-2024-00772,C1918,WAR,2024-02-26,2024-02-27,2024-02-26,Trade counter,Despatched
SO-2024-00773,C1597,WAR,2024-02-26,2024-02-27,2024-02-26,Telephone,Despatched
SO-2024-00774,C1141,WAR,2024-02-26,2024-03-01,2024-02-26,Web,Part despatched
SO-2024-00775,C1651,WAR,2024-02-26,2024-03-01,2024-02-27,Web,Despatched
SO-2024-00776,C1051,WAR,2024-02-26,2024-03-01,2024-02-27,Web,Despatched
SO-2024-00777,C1292,WAR,2024-02-26,2024-03-01,2024-02-26,Telephone,Despatched
SO-2024-00778,C1234,WAR,2024-02-26,2024-02-29,2024-02-26,Telephone,Despatched
SO-2024-00779,C1568,WAR,2024-02-26,2024-02-29,2024-02-27,Account manager,Despatched
SO-2024-00780,C1109,LIV,2024-02-26,2024-02-27,2024-02-26,Trade counter,Despatched
SO-2024-00781,C1268,LIV,2024-02-26,2024-03-01,2024-02-26,Telephone,Despatched
SO-2024-00782,C1160,LIV,2024-02-26,2024-02-28,2024-02-26,Web,Despatched
SO-2024-00783,C1936,DAV,2024-02-27,2024-03-01,2024-02-28,Trade counter,Part despatched
SO-2024-00784,C1596,DAV,2024-02-27,2024-03-01,2024-02-27,Telephone,Despatched
SO-2024-00785,C1236,DAV,2024-02-27,2024-02-28,2024-02-27,Trade counter,Part despatched
SO-2024-00786,C1255,DAV,2024-02-27,2024-02-29,2024-02-27,Web,Despatched
SO-2024-00787,C1648,DAV,2024-02-27,2024-02-28,2024-02-27,Trade counter,Despatched
SO-2024-00788,C1278,DAV,2024-02-27,2024-03-01,2024-02-27,Telephone,Part despatched
SO-2024-00789,C1521,DAV,2024-02-27,2024-02-29,2024-02-27,Telephone,Despatched
SO-2024-00790,C1366,DAV,2024-02-27,2024-03-04,2024-02-28,Trade counter,Despatched
SO-2024-00791,C1354,DAV,2024-02-27,2024-03-01,2024-02-29,Web,Part despatched
SO-2024-00792,C1410,DAV,2024-02-27,2024-02-28,2024-02-27,Trade counter,Despatched
SO-2024-00793,C1366,DAV,2024-02-27,2024-03-01,2024-02-28,Telephone,Despatched
SO-2024-00794,C1928,DAV,2024-02-27,2024-02-28,2024-02-28,Trade counter,Part despatched
SO-2024-00795,C1752,WAR,2024-02-27,2024-03-01,2024-02-29,Telephone,Despatched
SO-2024-00796,C1346,WAR,2024-02-27,2024-02-29,2024-02-27,Telephone,Despatched
SO-2024-00797,C1535,WAR,2024-02-27,2024-03-04,2024-02-27,Telephone,Despatched
SO-2024-00798,C1482,WAR,2024-02-27,2024-02-29,2024-02-28,Account manager,Despatched
SO-2024-00799,C1795,DAV,2024-02-28,2024-03-04,2024-02-28,Telephone,Part despatched
SO-2024-00800,C1184,DAV,2024-02-28,2024-03-01,2024-03-04,Trade counter,Despatched
SO-2024-00801,C1145,DAV,2024-02-28,2024-02-29,2024-02-28,Web,Despatched
SO-2024-00802,C1940,DAV,2024-02-28,2024-03-04,2024-02-28,Web,Despatched
SO-2024-00803,C1366,DAV,2024-02-28,2024-02-29,2024-02-28,Trade counter,Despatched
SO-2024-00804,C1429,DAV,2024-02-28,2024-03-05,2024-02-28,Trade counter,Despatched
SO-2024-00805,C1599,DAV,2024-02-28,2024-03-04,2024-02-28,Telephone,Part despatched
SO-2024-00806,C1218,DAV,2024-02-28,2024-03-04,2024-02-28,Telephone,Part despatched
SO-2024-00807,C1788,DAV,2024-02-28,2024-03-04,2024-03-04,Trade counter,Despatched
SO-2024-00808,C1429,DAV,2024-02-28,2024-03-04,2024-02-28,Telephone,Despatched
SO-2024-00809,C1133,DAV,2024-02-28,2024-03-04,2024-02-28,Trade counter,Despatched
SO-2024-00810,C1861,DAV,2024-02-28,2024-03-04,2024-02-28,Trade counter,Part despatched
SO-2024-00811,C1270,DAV,2024-02-28,2024-03-04,2024-02-29,Web,Part despatched
SO-2024-00812,C1702,WAR,2024-02-28,2024-03-05,2024-02-28,Web,Despatched
SO-2024-00813,C1482,WAR,2024-02-28,2024-03-01,2024-02-28,Telephone,Despatched
SO-2024-00814,C1802,WAR,2024-02-28,2024-03-01,2024-02-28,Trade counter,Despatched
SO-2024-00815,C1398,WAR,2024-02-28,2024-03-04,2024-03-01,Trade counter,Despatched
SO-2024-00816,C1391,WAR,2024-02-28,2024-03-01,2024-02-28,Trade counter,Despatched
SO-2024-00817,C1726,LIV,2024-02-28,2024-03-04,2024-02-28,Web,Despatched
SO-2024-00818,C1634,LIV,2024-02-28,2024-03-01,2024-02-28,Web,Despatched
SO-2024-00819,C1429,DAV,2024-02-29,2024-03-04,2024-02-29,Account manager,Despatched
SO-2024-00820,C1354,DAV,2024-02-29,2024-03-04,2024-02-29,Telephone,Despatched
SO-2024-00821,C1527,DAV,2024-02-29,2024-03-06,2024-02-29,Trade counter,Despatched
SO-2024-00822,C1728,DAV,2024-02-29,2024-03-05,2024-02-29,Account manager,Despatched
SO-2024-00823,C1844,WAR,2024-02-29,2024-03-04,2024-02-29,Trade counter,Despatched
SO-2024-00824,C1948,WAR,2024-02-29,2024-03-04,2024-03-04,Telephone,Despatched
SO-2024-00825,C1395,WAR,2024-02-29,2024-03-05,2024-02-29,Trade counter,Despatched
SO-2024-00826,C1822,WAR,2024-02-29,2024-03-06,2024-03-01,Trade counter,Despatched
SO-2024-00827,C1821,LIV,2024-02-29,2024-03-01,2024-02-29,Web,Despatched
SO-2024-00828,C1957,LIV,2024-02-29,2024-03-01,2024-02-29,Trade counter,Despatched
SO-2024-00829,C1821,LIV,2024-02-29,2024-03-04,2024-02-29,Trade counter,Despatched
SO-2024-00830,C1900,LIV,2024-02-29,2024-03-01,2024-02-29,Trade counter,Part despatched
SO-2024-00831,C1168,LIV,2024-02-29,2024-03-06,2024-02-29,Trade counter,Despatched
SO-2024-00832,C1584,LIV,2024-02-29,2024-03-06,2024-03-01,Web,Despatched
SO-2024-00833,C1085,LIV,2024-02-29,2024-03-05,2024-02-29,Trade counter,Part despatched
SO-2024-00834,C1379,LIV,2024-02-29,2024-03-04,2024-02-29,Telephone,Despatched
SO-2024-00835,C1823,LIV,2024-02-29,2024-03-06,2024-02-29,Web,Despatched
SO-2024-00836,C1434,DAV,2024-03-01,2024-03-07,2024-03-01,Trade counter,Despatched
SO-2024-00837,C1194,DAV,2024-03-01,2024-03-05,2024-03-01,Trade counter,Part despatched
SO-2024-00838,C1429,DAV,2024-03-01,2024-03-04,2024-03-01,Web,Despatched
SO-2024-00839,C1599,DAV,2024-03-01,2024-03-05,2024-03-01,Trade counter,Despatched
SO-2024-00840,C1704,DAV,2024-03-01,2024-03-07,2024-03-04,Trade counter,Despatched
SO-2024-00841,C1056,DAV,2024-03-01,2024-03-05,2024-03-04,Telephone,Despatched
SO-2024-00842,C1110,DAV,2024-03-01,2024-03-04,2024-03-01,Account manager,Despatched
SO-2024-00843,C1145,DAV,2024-03-01,2024-03-07,2024-03-01,Trade counter,Part despatched
SO-2024-00844,C1429,DAV,2024-03-01,2024-03-05,2024-03-06,Trade counter,Part despatched
SO-2024-00845,C1551,DAV,2024-03-01,2024-03-07,2024-03-01,Trade counter,Despatched
SO-2024-00846,C1389,DAV,2024-03-01,2024-03-04,2024-03-01,Trade counter,Despatched
SO-2024-00847,C1145,DAV,2024-03-01,2024-03-04,2024-03-01,Telephone,Part despatched
SO-2024-00848,C1371,DAV,2024-03-01,2024-03-07,2024-03-01,Telephone,Despatched
SO-2024-00849,C1471,DAV,2024-03-01,2024-03-07,2024-03-01,Trade counter,Despatched
SO-2024-00850,C1174,WAR,2024-03-01,2024-03-04,2024-03-01,Telephone,Despatched
SO-2024-00851,C1560,WAR,2024-03-01,2024-03-07,2024-03-01,Account manager,Despatched
SO-2024-00852,C1075,WAR,2024-03-01,2024-03-06,2024-03-01,Telephone,Despatched
SO-2024-00853,C1057,WAR,2024-03-01,2024-03-07,2024-03-01,Telephone,Part despatched
SO-2024-00854,C1535,WAR,2024-03-01,2024-03-06,2024-03-01,Telephone,Despatched
SO-2024-00855,C1207,WAR,2024-03-01,2024-03-06,2024-03-01,Telephone,Part despatched
SO-2024-00856,C1950,WAR,2024-03-01,2024-03-06,2024-03-01,Account manager,Part despatched
SO-2024-00857,C1234,WAR,2024-03-01,2024-03-05,2024-03-01,Trade counter,Despatched
SO-2024-00858,C1081,WAR,2024-03-01,2024-03-05,2024-03-01,Telephone,Part despatched
SO-2024-00859,C1750,WAR,2024-03-01,2024-03-04,2024-03-06,Account manager,Part despatched
SO-2024-00860,C1853,LIV,2024-03-01,2024-03-07,2024-03-01,Account manager,Part despatched
SO-2024-00861,C1160,LIV,2024-03-01,2024-03-07,2024-03-01,Account manager,Despatched
SO-2024-00862,C1429,DAV,2024-03-04,2024-03-05,2024-03-04,Trade counter,Despatched
SO-2024-00863,C1211,DAV,2024-03-04,2024-03-07,2024-03-05,Web,Despatched
SO-2024-00864,C1426,DAV,2024-03-04,2024-03-06,2024-03-04,Telephone,Despatched
SO-2024-00865,C1613,DAV,2024-03-04,2024-03-08,2024-03-04,Account manager,Despatched
SO-2024-00866,C1120,DAV,2024-03-04,2024-03-06,2024-03-05,Trade counter,Despatched
SO-2024-00867,C1710,DAV,2024-03-04,2024-03-06,2024-03-04,Telephone,Despatched
SO-2024-00868,C1078,DAV,2024-03-04,2024-03-07,2024-03-05,Trade counter,Despatched
SO-2024-00869,C1366,DAV,2024-03-04,2024-03-08,2024-03-04,Trade counter,Despatched
SO-2024-00870,C1429,DAV,2024-03-04,2024-03-07,2024-03-05,Trade counter,Despatched
SO-2024-00871,C1299,DAV,2024-03-04,2024-03-06,2024-03-05,Account manager,Part despatched
SO-2024-00872,C1434,DAV,2024-03-04,2024-03-07,2024-03-04,Trade counter,Despatched
SO-2024-00873,C1098,DAV,2024-03-04,2024-03-05,2024-03-04,Web,Despatched
SO-2024-00874,C1372,DAV,2024-03-04,2024-03-05,2024-03-05,Telephone,Part despatched
SO-2024-00875,C1648,DAV,2024-03-04,2024-03-08,2024-03-04,Telephone,Despatched
SO-2024-00876,C1416,DAV,2024-03-04,2024-03-05,2024-03-06,Trade counter,Despatched
SO-2024-00877,C1434,DAV,2024-03-04,2024-03-06,2024-03-04,Telephone,Despatched
SO-2024-00878,C1447,DAV,2024-03-04,2024-03-07,2024-03-04,Trade counter,Despatched
SO-2024-00879,C1460,WAR,2024-03-04,2024-03-05,2024-03-05,Account manager,Despatched
SO-2024-00880,C1848,WAR,2024-03-04,2024-03-06,2024-03-04,Trade counter,Despatched
SO-2024-00881,C1802,WAR,2024-03-04,2024-03-07,2024-03-04,Telephone,Despatched
SO-2024-00882,C1215,WAR,2024-03-04,2024-03-05,2024-03-04,Trade counter,Despatched
SO-2024-00883,C1837,WAR,2024-03-04,2024-03-05,2024-03-05,Web,Part despatched
SO-2024-00884,C1010,WAR,2024-03-04,2024-03-07,2024-03-05,Account manager,Despatched
SO-2024-00885,C1871,WAR,2024-03-04,2024-03-07,2024-03-04,Telephone,Despatched
SO-2024-00886,C1651,WAR,2024-03-04,2024-03-08,2024-03-05,Web,Despatched
SO-2024-00887,C1017,WAR,2024-03-04,2024-03-05,2024-03-04,Trade counter,Part despatched
SO-2024-00888,C1538,WAR,2024-03-04,2024-03-06,2024-03-04,Account manager,Despatched
SO-2024-00889,C1156,WAR,2024-03-04,2024-03-08,2024-03-04,Telephone,Despatched
SO-2024-00890,C1033,LIV,2024-03-04,2024-03-08,2024-03-04,Telephone,Despatched
SO-2024-00891,C1607,LIV,2024-03-04,2024-03-06,2024-03-04,Account manager,Despatched
SO-2024-00892,C1734,DAV,2024-03-05,2024-03-08,2024-03-05,Telephone,Despatched
SO-2024-00893,C1593,DAV,2024-03-05,2024-03-08,2024-03-06,Telephone,Despatched
SO-2024-00894,C1366,DAV,2024-03-05,2024-03-07,2024-03-06,Web,Despatched
SO-2024-00895,C1760,DAV,2024-03-05,2024-03-07,2024-03-06,Telephone,Despatched
SO-2024-00896,C1367,DAV,2024-03-05,2024-03-06,2024-03-05,Telephone,Despatched
SO-2024-00897,C1211,DAV,2024-03-05,2024-03-06,2024-03-05,Telephone,Despatched
SO-2024-00898,C1447,DAV,2024-03-05,2024-03-08,2024-03-05,Web,Part despatched
SO-2024-00899,C1244,WAR,2024-03-05,2024-03-08,2024-03-05,Web,Part despatched
SO-2024-00900,C1790,WAR,2024-03-05,2024-03-07,2024-03-05,Telephone,Despatched
SO-2024-00901,C1422,LIV,2024-03-05,2024-03-07,2024-03-05,Telephone,Despatched
SO-2024-00902,C1835,LIV,2024-03-05,2024-03-11,2024-03-05,Trade counter,Despatched
SO-2024-00903,C1429,DAV,2024-03-06,2024-03-11,2024-03-07,Web,Despatched
SO-2024-00904,C1050,DAV,2024-03-06,2024-03-08,2024-03-06,Telephone,Despatched
SO-2024-00905,C1646,DAV,2024-03-06,2024-03-08,2024-03-06,Telephone,Part despatched
SO-2024-00906,C1201,DAV,2024-03-06,2024-03-08,2024-03-06,Web,Despatched
SO-2024-00907,C1434,DAV,2024-03-06,2024-03-08,2024-03-06,Telephone,Part despatched
SO-2024-00908,C1278,DAV,2024-03-06,2024-03-11,2024-03-06,Web,Part despatched
SO-2024-00909,C1098,DAV,2024-03-06,2024-03-11,2024-03-06,Trade counter,Despatched
SO-2024-00910,C1760,DAV,2024-03-06,2024-03-07,2024-03-06,Web,Despatched
SO-2024-00911,C1372,DAV,2024-03-06,2024-03-12,2024-03-08,Telephone,Despatched
SO-2024-00912,C1094,DAV,2024-03-06,2024-03-12,2024-03-06,Telephone,Despatched
SO-2024-00913,C1164,WAR,2024-03-06,2024-03-07,2024-03-06,Account manager,Despatched
SO-2024-00914,C1591,WAR,2024-03-06,2024-03-07,2024-03-11,Trade counter,Despatched
SO-2024-00915,C1835,LIV,2024-03-06,2024-03-12,2024-03-06,Telephone,Despatched
SO-2024-00916,C1320,DAV,2024-03-07,2024-03-08,2024-03-07,Telephone,Part despatched
SO-2024-00917,C1367,DAV,2024-03-07,2024-03-11,2024-03-07,Telephone,Part despatched
SO-2024-00918,C1201,DAV,2024-03-07,2024-03-08,2024-03-08,Trade counter,Despatched
SO-2024-00919,C1434,DAV,2024-03-07,2024-03-13,2024-03-07,Trade counter,Despatched
SO-2024-00920,C1952,DAV,2024-03-07,2024-03-12,2024-03-07,Telephone,Despatched
SO-2024-00921,C1940,DAV,2024-03-07,2024-03-12,2024-03-08,Trade counter,Part despatched
SO-2024-00922,C1278,DAV,2024-03-07,2024-03-12,2024-03-07,Trade counter,Despatched
SO-2024-00923,C1599,DAV,2024-03-07,2024-03-13,2024-03-11,Account manager,Part despatched
SO-2024-00924,C1316,DAV,2024-03-07,2024-03-12,2024-03-07,Telephone,Despatched
SO-2024-00925,C1952,DAV,2024-03-07,2024-03-12,2024-03-07,Trade counter,Despatched
SO-2024-00926,C1515,DAV,2024-03-07,2024-03-12,2024-03-12,Telephone,Despatched
SO-2024-00927,C1429,DAV,2024-03-07,2024-03-11,2024-03-07,Telephone,Part despatched
SO-2024-00928,C1871,WAR,2024-03-07,2024-03-12,2024-03-07,Telephone,Despatched
SO-2024-00929,C1398,WAR,2024-03-07,2024-03-08,2024-03-12,Account manager,Despatched
SO-2024-00930,C1230,WAR,2024-03-07,2024-03-11,2024-03-08,Web,Part despatched
SO-2024-00931,C1391,WAR,2024-03-07,2024-03-12,2024-03-07,Telephone,Despatched
SO-2024-00932,C1422,LIV,2024-03-07,2024-03-08,2024-03-07,Trade counter,Despatched
SO-2024-00933,C1168,LIV,2024-03-07,2024-03-12,2024-03-08,Trade counter,Despatched
SO-2024-00934,C1695,DAV,2024-03-08,2024-03-13,2024-03-08,Account manager,Part despatched
SO-2024-00935,C1367,DAV,2024-03-08,2024-03-12,2024-03-08,Telephone,Despatched
SO-2024-00936,C1447,DAV,2024-03-08,2024-03-11,2024-03-08,Telephone,Part despatched
SO-2024-00937,C1437,DAV,2024-03-08,2024-03-12,2024-03-08,Telephone,Despatched
SO-2024-00938,C1563,DAV,2024-03-08,2024-03-11,2024-03-12,Account manager,Part despatched
SO-2024-00939,C1145,DAV,2024-03-08,2024-03-12,2024-03-12,Account manager,Despatched
SO-2024-00940,C1952,DAV,2024-03-08,2024-03-11,2024-03-08,Trade counter,Despatched
SO-2024-00941,C1389,DAV,2024-03-08,2024-03-14,2024-03-08,Account manager,Despatched
SO-2024-00942,C1599,DAV,2024-03-08,2024-03-14,2024-03-13,Telephone,Part despatched
SO-2024-00943,C1389,DAV,2024-03-08,2024-03-13,2024-03-12,Trade counter,Despatched
SO-2024-00944,C1211,DAV,2024-03-08,2024-03-11,2024-03-08,Telephone,Despatched
SO-2024-00945,C1948,WAR,2024-03-08,2024-03-12,2024-03-08,Telephone,Despatched
SO-2024-00946,C1802,WAR,2024-03-08,2024-03-11,2024-03-08,Telephone,Despatched
SO-2024-00947,C1441,WAR,2024-03-08,2024-03-12,2024-03-08,Web,Despatched
SO-2024-00948,C1950,WAR,2024-03-08,2024-03-14,2024-03-08,Account manager,Part despatched
SO-2024-00949,C1032,WAR,2024-03-08,2024-03-14,2024-03-11,Trade counter,Despatched
SO-2024-00950,C1010,WAR,2024-03-08,2024-03-11,2024-03-08,Trade counter,Despatched
SO-2024-00951,C1032,WAR,2024-03-08,2024-03-13,2024-03-08,Trade counter,Despatched
SO-2024-00952,C1492,WAR,2024-03-08,2024-03-12,2024-03-08,Trade counter,Part despatched
SO-2024-00953,C1600,LIV,2024-03-08,2024-03-12,2024-03-08,Web,Despatched
SO-2024-00954,C1715,LIV,2024-03-08,2024-03-13,2024-03-08,Web,Part despatched
SO-2024-00955,C1835,LIV,2024-03-08,2024-03-11,2024-03-08,Trade counter,Despatched
SO-2024-00956,C1743,DAV,2024-03-11,2024-03-14,2024-03-12,Web,Despatched
SO-2024-00957,C1366,DAV,2024-03-11,2024-03-15,2024-03-12,Account manager,Despatched
SO-2024-00958,C1648,DAV,2024-03-11,2024-03-13,2024-03-11,Telephone,Despatched
SO-2024-00959,C1066,DAV,2024-03-11,2024-03-15,2024-03-12,Trade counter,Part despatched
SO-2024-00960,C1211,DAV,2024-03-11,2024-03-15,2024-03-11,Web,Despatched
SO-2024-00961,C1554,DAV,2024-03-11,2024-03-12,2024-03-11,Web,Despatched
SO-2024-00962,C1290,DAV,2024-03-11,2024-03-12,2024-03-11,Trade counter,Despatched
SO-2024-00963,C1616,DAV,2024-03-11,2024-03-15,2024-03-12,Trade counter,Despatched
SO-2024-00964,C1551,DAV,2024-03-11,2024-03-13,2024-03-11,Web,Despatched
SO-2024-00965,C1563,DAV,2024-03-11,2024-03-15,2024-03-13,Account manager,Part despatched
SO-2024-00966,C1234,WAR,2024-03-11,2024-03-15,2024-03-11,Telephone,Despatched
SO-2024-00967,C1713,WAR,2024-03-11,2024-03-12,2024-03-11,Trade counter,Part despatched
SO-2024-00968,C1581,WAR,2024-03-11,2024-03-12,2024-03-11,Account manager,Despatched
SO-2024-00969,C1215,WAR,2024-03-11,2024-03-12,2024-03-12,Account manager,Despatched
SO-2024-00970,C1871,WAR,2024-03-11,2024-03-15,2024-03-11,Telephone,Despatched
SO-2024-00971,C1168,LIV,2024-03-11,2024-03-12,2024-03-11,Account manager,Part despatched
SO-2024-00972,C1022,LIV,2024-03-11,2024-03-15,2024-03-11,Web,Despatched
SO-2024-00973,C1526,LIV,2024-03-11,2024-03-14,2024-03-11,Trade counter,Despatched
SO-2024-00974,C1168,LIV,2024-03-11,2024-03-14,2024-03-12,Trade counter,Despatched
SO-2024-00975,C1189,DAV,2024-03-12,2024-03-13,,Web,Cancelled
SO-2024-00976,C1734,DAV,2024-03-12,2024-03-18,2024-03-13,Telephone,Despatched
SO-2024-00977,C1434,DAV,2024-03-12,2024-03-14,2024-03-12,Trade counter,Despatched
SO-2024-00978,C1593,DAV,2024-03-12,2024-03-14,2024-03-12,Web,Part despatched
SO-2024-00979,C1985,DAV,2024-03-12,2024-03-18,2024-03-13,Trade counter,Part despatched
SO-2024-00980,C1145,DAV,2024-03-12,2024-03-14,2024-03-15,Trade counter,Despatched
SO-2024-00981,C1255,DAV,2024-03-12,2024-03-15,2024-03-13,Telephone,Despatched
SO-2024-00982,C1145,DAV,2024-03-12,2024-03-14,2024-03-12,Account manager,Despatched
SO-2024-00983,C1898,DAV,2024-03-12,2024-03-13,2024-03-12,Trade counter,Despatched
SO-2024-00984,C1952,DAV,2024-03-12,2024-03-14,2024-03-12,Trade counter,Despatched
SO-2024-00985,C1366,DAV,2024-03-12,2024-03-15,2024-03-14,Trade counter,Part despatched
SO-2024-00986,C1270,DAV,2024-03-12,2024-03-14,2024-03-12,Web,Part despatched
SO-2024-00987,C1264,WAR,2024-03-12,2024-03-14,2024-03-13,Web,Despatched
SO-2024-00988,C1215,WAR,2024-03-12,2024-03-14,2024-03-13,Telephone,Part despatched
SO-2024-00989,C1955,WAR,2024-03-12,2024-03-13,2024-03-12,Trade counter,Despatched
SO-2024-00990,C1215,WAR,2024-03-12,2024-03-14,2024-03-12,Trade counter,Part despatched
SO-2024-00991,C1464,WAR,2024-03-12,2024-03-14,2024-03-13,Web,Part despatched
SO-2024-00992,C1948,WAR,2024-03-12,2024-03-15,2024-03-12,Trade counter,Despatched
SO-2024-00993,C1051,WAR,2024-03-12,2024-03-18,2024-03-14,Trade counter,Despatched
SO-2024-00994,C1156,WAR,2024-03-12,2024-03-14,2024-03-13,Telephone,Despatched
SO-2024-00995,C1204,WAR,2024-03-12,2024-03-14,2024-03-12,Telephone,Part despatched
SO-2024-00996,C1422,LIV,2024-03-12,2024-03-14,2024-03-12,Trade counter,Despatched
SO-2024-00997,C1778,LIV,2024-03-12,2024-03-13,2024-03-12,Account manager,Despatched
SO-2024-00998,C1145,DAV,2024-03-13,2024-03-18,2024-03-13,Trade counter,Despatched
SO-2024-00999,C1255,DAV,2024-03-13,2024-03-15,2024-03-14,Trade counter,Part despatched
SO-2024-01000,C1385,DAV,2024-03-13,2024-03-19,2024-03-13,Telephone,Part despatched
SO-2024-01001,C1734,DAV,2024-03-13,2024-03-14,2024-03-14,Telephone,Despatched
SO-2024-01002,C1599,DAV,2024-03-13,2024-03-19,2024-03-15,Trade counter,Part despatched
SO-2024-01003,C1864,DAV,2024-03-13,2024-03-14,2024-03-13,Telephone,Despatched
SO-2024-01004,C1593,DAV,2024-03-13,2024-03-15,2024-03-13,Web,Despatched
SO-2024-01005,C1078,DAV,2024-03-13,2024-03-18,2024-03-13,Telephone,Despatched
SO-2024-01006,C1255,DAV,2024-03-13,2024-03-18,2024-03-13,Web,Despatched
SO-2024-01007,C1734,DAV,2024-03-13,2024-03-15,2024-03-13,Account manager,Part despatched
SO-2024-01008,C1728,DAV,2024-03-13,2024-03-19,2024-03-13,Trade counter,Part despatched
SO-2024-01009,C1936,DAV,2024-03-13,2024-03-14,2024-03-15,Trade counter,Despatched
SO-2024-01010,C1255,DAV,2024-03-13,2024-03-19,2024-03-13,Trade counter,Despatched
SO-2024-01011,C1952,DAV,2024-03-13,2024-03-18,2024-03-13,Telephone,Despatched
SO-2024-01012,C1591,WAR,2024-03-13,2024-03-19,2024-03-13,Trade counter,Part despatched
SO-2024-01013,C1234,WAR,2024-03-13,2024-03-19,2024-03-15,Account manager,Despatched
SO-2024-01014,C1057,WAR,2024-03-13,2024-03-15,2024-03-14,Web,Despatched
SO-2024-01015,C1713,WAR,2024-03-13,2024-03-15,2024-03-13,Account manager,Despatched
SO-2024-01016,C1234,WAR,2024-03-13,2024-03-15,2024-03-13,Trade counter,Despatched
SO-2024-01017,C1432,LIV,2024-03-13,2024-03-14,2024-03-13,Telephone,Part despatched
SO-2024-01018,C1134,DAV,2024-03-14,2024-03-15,2024-03-14,Trade counter,Part despatched
SO-2024-01019,C1217,DAV,2024-03-14,2024-03-15,2024-03-14,Trade counter,Despatched
SO-2024-01020,C1648,DAV,2024-03-14,2024-03-20,2024-03-14,Account manager,Despatched
SO-2024-01021,C1366,DAV,2024-03-14,2024-03-18,2024-03-15,Telephone,Despatched
SO-2024-01022,C1066,DAV,2024-03-14,2024-03-18,,Web,Cancelled
SO-2024-01023,C1201,DAV,2024-03-14,2024-03-19,2024-03-14,Telephone,Despatched
SO-2024-01024,C1413,DAV,2024-03-14,2024-03-15,2024-03-14,Telephone,Part despatched
SO-2024-01025,C1734,DAV,2024-03-14,2024-03-20,2024-03-14,Web,Despatched
SO-2024-01026,C1278,DAV,2024-03-14,2024-03-15,2024-03-14,Trade counter,Despatched
SO-2024-01027,C1648,DAV,2024-03-14,2024-03-20,2024-03-15,Telephone,Part despatched
SO-2024-01028,C1145,DAV,2024-03-14,2024-03-18,2024-03-14,Account manager,Part despatched
SO-2024-01029,C1047,WAR,2024-03-14,2024-03-18,2024-03-14,Web,Despatched
SO-2024-01030,C1234,WAR,2024-03-14,2024-03-20,2024-03-14,Trade counter,Despatched
SO-2024-01031,C1558,WAR,2024-03-14,2024-03-19,2024-03-15,Account manager,Despatched
SO-2024-01032,C1392,WAR,2024-03-14,2024-03-19,2024-03-14,Telephone,Despatched
SO-2024-01033,C1835,LIV,2024-03-14,2024-03-18,2024-03-14,Telephone,Part despatched
SO-2024-01034,C1085,LIV,2024-03-14,2024-03-20,2024-03-14,Web,Part despatched
SO-2024-01035,C1357,LIV,2024-03-14,2024-03-18,2024-03-15,Web,Part despatched
SO-2024-01036,C1168,LIV,2024-03-14,2024-03-15,2024-03-14,Trade counter,Despatched
SO-2024-01037,C1004,LIV,2024-03-14,2024-03-18,2024-03-18,Web,Despatched
SO-2024-01038,C1145,DAV,2024-03-15,2024-03-21,2024-03-15,Telephone,Despatched
SO-2024-01039,C1554,DAV,2024-03-15,2024-03-20,2024-03-15,Web,Despatched
SO-2024-01040,C1078,DAV,2024-03-15,2024-03-18,2024-03-20,Trade counter,Part despatched
SO-2024-01041,C1936,DAV,2024-03-15,2024-03-21,2024-03-15,Trade counter,Despatched
SO-2024-01042,C1926,DAV,2024-03-15,2024-03-20,2024-03-18,Trade counter,Despatched
SO-2024-01043,C1098,DAV,2024-03-15,2024-03-20,2024-03-19,Trade counter,Despatched
SO-2024-01044,C1138,DAV,2024-03-15,2024-03-19,2024-03-19,Telephone,Despatched
SO-2024-01045,C1120,DAV,2024-03-15,2024-03-18,2024-03-15,Account manager,Despatched
SO-2024-01046,C1512,DAV,2024-03-15,2024-03-21,2024-03-18,Account manager,Part despatched
SO-2024-01047,C1366,DAV,2024-03-15,2024-03-18,2024-03-15,Trade counter,Despatched
SO-2024-01048,C1366,DAV,2024-03-15,2024-03-19,2024-03-15,Web,Part despatched
SO-2024-01049,C1429,DAV,2024-03-15,2024-03-21,2024-03-18,Trade counter,Despatched
SO-2024-01050,C1157,WAR,2024-03-15,2024-03-19,2024-03-15,Account manager,Despatched
SO-2024-01051,C1702,WAR,2024-03-15,2024-03-19,2024-03-15,Web,Part despatched
SO-2024-01052,C1651,WAR,2024-03-15,2024-03-20,2024-03-15,Telephone,Despatched
SO-2024-01053,C1790,WAR,2024-03-15,2024-03-19,2024-03-15,Web,Despatched
SO-2024-01054,C1687,LIV,2024-03-15,2024-03-18,2024-03-15,Account manager,Despatched
SO-2024-01055,C1639,DAV,2024-03-18,2024-03-22,2024-03-18,Web,Part despatched
SO-2024-01056,C1385,DAV,2024-03-18,2024-03-21,2024-03-18,Telephone,Despatched
SO-2024-01057,C1521,DAV,2024-03-18,2024-03-20,2024-03-18,Telephone,Despatched
SO-2024-01058,C1881,DAV,2024-03-18,2024-03-20,2024-03-18,Account manager,Despatched
SO-2024-01059,C1098,DAV,2024-03-18,2024-03-20,2024-03-19,Telephone,Despatched
SO-2024-01060,C1201,DAV,2024-03-18,2024-03-19,2024-03-18,Web,Despatched
SO-2024-01061,C1521,DAV,2024-03-18,2024-03-20,2024-03-18,Trade counter,Despatched
SO-2024-01062,C1928,DAV,2024-03-18,2024-03-19,2024-03-18,Telephone,Despatched
SO-2024-01063,C1407,DAV,2024-03-18,2024-03-19,2024-03-18,Telephone,Despatched
SO-2024-01064,C1316,DAV,2024-03-18,2024-03-22,2024-03-18,Web,Part despatched
SO-2024-01065,C1032,WAR,2024-03-18,2024-03-22,2024-03-21,Account manager,Despatched
SO-2024-01066,C1287,WAR,2024-03-18,2024-03-22,2024-03-18,Account manager,Despatched
SO-2024-01067,C1234,WAR,2024-03-18,2024-03-20,2024-03-19,Trade counter,Part despatched
SO-2024-01068,C1090,WAR,2024-03-18,2024-03-22,2024-03-18,Account manager,Part despatched
SO-2024-01069,C1032,WAR,2024-03-18,2024-03-19,2024-03-18,Web,Despatched
SO-2024-01070,C1230,WAR,2024-03-18,2024-03-19,2024-03-20,Web,Part despatched
SO-2024-01071,C1240,WAR,2024-03-18,2024-03-21,2024-03-18,Telephone,Despatched
SO-2024-01072,C1720,WAR,2024-03-18,2024-03-19,2024-03-19,Telephone,Despatched
SO-2024-01073,C1266,LIV,2024-03-18,2024-03-21,2024-03-18,Trade counter,Despatched
SO-2024-01074,C1821,LIV,2024-03-18,2024-03-20,2024-03-20,Account manager,Part despatched
SO-2024-01075,C1201,DAV,2024-03-19,2024-03-20,2024-03-19,Web,Despatched
SO-2024-01076,C1434,DAV,2024-03-19,2024-03-20,2024-03-19,Telephone,Part despatched
SO-2024-01077,C1143,DAV,2024-03-19,2024-03-21,2024-03-19,Telephone,Part despatched
SO-2024-01078,C1056,DAV,2024-03-19,2024-03-20,2024-03-19,Account manager,Part despatched
SO-2024-01079,C1936,DAV,2024-03-19,2024-03-21,2024-03-19,Web,Despatched
SO-2024-01080,C1143,DAV,2024-03-19,2024-03-22,2024-03-19,Web,Part despatched
SO-2024-01081,C1146,DAV,2024-03-19,2024-03-22,2024-03-19,Account manager,Part despatched
SO-2024-01082,C1447,DAV,2024-03-19,2024-03-20,2024-03-20,Web,Part despatched
SO-2024-01083,C1032,WAR,2024-03-19,2024-03-22,2024-03-19,Web,Despatched
SO-2024-01084,C1032,WAR,2024-03-19,2024-03-25,2024-03-20,Trade counter,Despatched
SO-2024-01085,C1398,WAR,2024-03-19,2024-03-22,2024-03-19,Account manager,Despatched
SO-2024-01086,C1243,WAR,2024-03-19,2024-03-25,2024-03-19,Trade counter,Part despatched
SO-2024-01087,C1017,WAR,2024-03-19,2024-03-20,2024-03-19,Web,Despatched
SO-2024-01088,C1454,WAR,2024-03-19,2024-03-25,2024-03-19,Account manager,Part despatched
SO-2024-01089,C1822,WAR,2024-03-19,2024-03-21,2024-03-20,Telephone,Part despatched
SO-2024-01090,C1634,LIV,2024-03-19,2024-03-22,2024-03-19,Trade counter,Despatched
SO-2024-01091,C1841,DAV,2024-03-20,2024-03-25,2024-03-20,Account manager,Despatched
SO-2024-01092,C1563,DAV,2024-03-20,2024-03-21,2024-03-20,Web,Despatched
SO-2024-01093,C1145,DAV,2024-03-20,2024-03-26,2024-03-20,Telephone,Part despatched
SO-2024-01094,C1114,DAV,2024-03-20,2024-03-22,2024-03-21,Telephone,Despatched
SO-2024-01095,C1610,DAV,2024-03-20,2024-03-22,2024-03-20,Web,Despatched
SO-2024-01096,C1366,DAV,2024-03-20,2024-03-22,2024-03-20,Trade counter,Part despatched
SO-2024-01097,C1802,WAR,2024-03-20,2024-03-25,2024-03-20,Telephone,Despatched
SO-2024-01098,C1948,WAR,2024-03-20,2024-03-21,2024-03-20,Account manager,Despatched
SO-2024-01099,C1651,WAR,2024-03-20,2024-03-25,2024-03-20,Trade counter,Despatched
SO-2024-01100,C1234,WAR,2024-03-20,2024-03-25,2024-03-20,Trade counter,Part despatched
SO-2024-01101,C1017,WAR,2024-03-20,2024-03-25,2024-03-20,Web,Despatched
SO-2024-01102,C1821,LIV,2024-03-20,2024-03-26,2024-03-25,Telephone,Despatched
SO-2024-01103,C1168,LIV,2024-03-20,2024-03-22,2024-03-20,Telephone,Part despatched
SO-2024-01104,C1563,DAV,2024-03-21,2024-03-22,2024-03-21,Trade counter,Part despatched
SO-2024-01105,C1145,DAV,2024-03-21,2024-03-26,2024-03-22,Web,Despatched
SO-2024-01106,C1521,DAV,2024-03-21,2024-03-26,2024-03-22,Telephone,Despatched
SO-2024-01107,C1587,DAV,2024-03-21,2024-03-22,2024-03-21,Trade counter,Despatched
SO-2024-01108,C1531,DAV,2024-03-21,2024-03-27,2024-03-22,Telephone,Despatched
SO-2024-01109,C1563,DAV,2024-03-21,2024-03-27,2024-03-22,Web,Despatched
SO-2024-01110,C1092,DAV,2024-03-21,2024-03-26,2024-03-21,Trade counter,Part despatched
SO-2024-01111,C1255,DAV,2024-03-21,2024-03-26,2024-03-21,Web,Part despatched
SO-2024-01112,C1354,DAV,2024-03-21,2024-03-22,2024-03-21,Telephone,Despatched
SO-2024-01113,C1042,DAV,2024-03-21,2024-03-22,2024-03-22,Telephone,Despatched
SO-2024-01114,C1447,DAV,2024-03-21,2024-03-26,2024-03-21,Trade counter,Part despatched
SO-2024-01115,C1194,DAV,2024-03-21,2024-03-27,2024-03-21,Telephone,Despatched
SO-2024-01116,C1728,DAV,2024-03-21,2024-03-27,2024-03-21,Account manager,Despatched
SO-2024-01117,C1568,WAR,2024-03-21,2024-03-26,2024-03-25,Trade counter,Despatched
SO-2024-01118,C1010,WAR,2024-03-21,2024-03-22,2024-03-22,Trade counter,Despatched
SO-2024-01119,C1844,WAR,2024-03-21,2024-03-26,2024-03-26,Web,Despatched
SO-2024-01120,C1032,WAR,2024-03-21,2024-03-27,2024-03-21,Telephone,Despatched
SO-2024-01121,C1234,WAR,2024-03-21,2024-03-27,2024-03-21,Web,Part despatched
SO-2024-01122,C1032,WAR,2024-03-21,2024-03-22,2024-03-21,Trade counter,Despatched
SO-2024-01123,C1948,WAR,2024-03-21,2024-03-27,2024-03-21,Trade counter,Despatched
SO-2024-01124,C1866,WAR,2024-03-21,2024-03-26,2024-03-21,Trade counter,Part despatched
SO-2024-01125,C1282,WAR,2024-03-21,2024-03-26,2024-03-22,Account manager,Despatched
SO-2024-01126,C1730,WAR,2024-03-21,2024-03-22,2024-03-21,Trade counter,Part despatched
SO-2024-01127,C1702,WAR,2024-03-21,2024-03-27,2024-03-21,Telephone,Despatched
SO-2024-01128,C1242,LIV,2024-03-21,2024-03-27,2024-03-21,Trade counter,Despatched
SO-2024-01129,C1160,LIV,2024-03-21,2024-03-25,2024-03-21,Trade counter,Despatched
SO-2024-01130,C1959,LIV,2024-03-21,2024-03-25,2024-03-22,Trade counter,Despatched
SO-2024-01131,C1447,DAV,2024-03-22,2024-03-27,2024-03-22,Web,Despatched
SO-2024-01132,C1184,DAV,2024-03-22,2024-03-26,2024-03-22,Account manager,Despatched
SO-2024-01133,C1977,DAV,2024-03-22,2024-03-28,2024-03-25,Trade counter,Part despatched
SO-2024-01134,C1367,DAV,2024-03-22,2024-03-26,2024-03-22,Account manager,Despatched
SO-2024-01135,C1479,DAV,2024-03-22,2024-03-25,2024-03-22,Account manager,Part despatched
SO-2024-01136,C1648,DAV,2024-03-22,2024-03-27,2024-03-25,Account manager,Part despatched
SO-2024-01137,C1211,DAV,2024-03-22,2024-03-27,2024-03-22,Telephone,Part despatched
SO-2024-01138,C1007,DAV,2024-03-22,2024-03-25,2024-03-22,Trade counter,Part despatched
SO-2024-01139,C1569,DAV,2024-03-22,2024-03-28,2024-03-25,Trade counter,Despatched
SO-2024-01140,C1563,DAV,2024-03-22,2024-03-25,2024-03-22,Trade counter,Part despatched
SO-2024-01141,C1447,DAV,2024-03-22,2024-03-27,2024-03-22,Trade counter,Part despatched
SO-2024-01142,C1866,WAR,2024-03-22,2024-03-27,2024-03-22,Web,Despatched
SO-2024-01143,C1264,WAR,2024-03-22,2024-03-26,2024-03-22,Account manager,Part despatched
SO-2024-01144,C1164,WAR,2024-03-22,2024-03-26,2024-03-22,Telephone,Part despatched
SO-2024-01145,C1207,WAR,2024-03-22,2024-03-26,2024-03-25,Trade counter,Part despatched
SO-2024-01146,C1001,WAR,2024-03-22,2024-03-26,2024-03-22,Trade counter,Despatched
SO-2024-01147,C1730,WAR,2024-03-22,2024-03-25,2024-03-22,Trade counter,Part despatched
SO-2024-01148,C1395,WAR,2024-03-22,2024-03-28,2024-03-22,Telephone,Despatched
SO-2024-01149,C1398,WAR,2024-03-22,2024-03-27,2024-03-25,Telephone,Despatched
SO-2024-01150,C1878,LIV,2024-03-22,2024-03-28,2024-03-22,Trade counter,Despatched
SO-2024-01151,C1723,LIV,2024-03-22,2024-03-27,2024-03-22,Account manager,Despatched
SO-2024-01152,C1936,DAV,2024-03-25,2024-03-28,2024-03-25,Web,Despatched
SO-2024-01153,C1426,DAV,2024-03-25,2024-03-26,2024-03-25,Telephone,Despatched
SO-2024-01154,C1143,DAV,2024-03-25,2024-04-02,2024-03-27,Telephone,Despatched
SO-2024-01155,C1056,DAV,2024-03-25,2024-03-28,2024-03-25,Trade counter,Part despatched
SO-2024-01156,C1299,DAV,2024-03-25,2024-04-02,2024-03-25,Trade counter,Despatched
SO-2024-01157,C1134,DAV,2024-03-25,2024-03-26,2024-03-25,Account manager,Part despatched
SO-2024-01158,C1554,DAV,2024-03-25,2024-03-28,2024-03-25,Telephone,Despatched
SO-2024-01159,C1114,DAV,2024-03-25,2024-03-27,2024-03-27,Trade counter,Despatched
SO-2024-01160,C1593,DAV,2024-03-25,2024-04-02,2024-03-25,Trade counter,Part despatched
SO-2024-01161,C1491,DAV,2024-03-25,2024-03-28,2024-03-25,Trade counter,Despatched
SO-2024-01162,C1429,DAV,2024-03-25,2024-03-27,2024-03-25,Telephone,Despatched
SO-2024-01163,C1078,DAV,2024-03-25,2024-04-02,2024-03-25,Telephone,Part despatched
SO-2024-01164,C1253,DAV,2024-03-25,2024-03-28,2024-03-25,Web,Despatched
SO-2024-01165,C1429,DAV,2024-03-25,2024-03-27,2024-03-28,Web,Part despatched
SO-2024-01166,C1646,DAV,2024-03-25,2024-03-26,2024-03-25,Account manager,Despatched
SO-2024-01167,C1264,WAR,2024-03-25,2024-04-02,2024-03-25,Trade counter,Despatched
SO-2024-01168,C1896,WAR,2024-03-25,2024-03-27,2024-03-25,Web,Despatched
SO-2024-01169,C1240,WAR,2024-03-25,2024-03-27,2024-03-25,Trade counter,Part despatched
SO-2024-01170,C1790,WAR,2024-03-25,2024-03-27,2024-03-25,Trade counter,Despatched
SO-2024-01171,C1157,WAR,2024-03-25,2024-03-27,2024-03-25,Telephone,Despatched
SO-2024-01172,C1168,LIV,2024-03-25,2024-03-27,2024-03-25,Telephone,Despatched
SO-2024-01173,C1299,DAV,2024-03-26,2024-04-03,2024-03-27,Web,Despatched
SO-2024-01174,C1704,DAV,2024-03-26,2024-03-27,2024-03-26,Telephone,Despatched
SO-2024-01175,C1367,DAV,2024-03-26,2024-03-28,2024-03-27,Telephone,Despatched
SO-2024-01176,C1646,DAV,2024-03-26,2024-03-27,2024-03-26,Account manager,Despatched
SO-2024-01177,C1800,DAV,2024-03-26,2024-04-03,2024-03-26,Telephone,Despatched
SO-2024-01178,C1875,DAV,2024-03-26,2024-04-02,2024-03-26,Trade counter,Part despatched
SO-2024-01179,C1636,DAV,2024-03-26,2024-04-02,2024-03-26,Trade counter,Part despatched
SO-2024-01180,C1195,DAV,2024-03-26,2024-03-27,2024-03-26,Web,Despatched
SO-2024-01181,C1940,DAV,2024-03-26,2024-04-03,2024-03-26,Telephone,Part despatched
SO-2024-01182,C1145,DAV,2024-03-26,2024-04-03,2024-03-26,Account manager,Despatched
SO-2024-01183,C1319,DAV,2024-03-26,2024-04-02,2024-03-27,Trade counter,Despatched
SO-2024-01184,C1734,DAV,2024-03-26,2024-04-03,2024-03-26,Account manager,Despatched
SO-2024-01185,C1437,DAV,2024-03-26,2024-04-02,2024-03-27,Telephone,Despatched
SO-2024-01186,C1145,DAV,2024-03-26,2024-04-03,2024-03-27,Trade counter,Despatched
SO-2024-01187,C1535,WAR,2024-03-26,2024-04-03,2024-03-26,Telephone,Despatched
SO-2024-01188,C1790,WAR,2024-03-26,2024-03-27,2024-03-26,Telephone,Despatched
SO-2024-01189,C1051,WAR,2024-03-26,2024-04-02,2024-03-26,Trade counter,Part despatched
SO-2024-01190,C1409,WAR,2024-03-26,2024-03-28,2024-03-28,Telephone,Despatched
SO-2024-01191,C1215,WAR,2024-03-26,2024-04-03,2024-03-27,Web,Part despatched
SO-2024-01192,C1391,WAR,2024-03-26,2024-03-27,2024-03-27,Trade counter,Despatched
SO-2024-01193,C1398,WAR,2024-03-26,2024-04-02,2024-03-26,Trade counter,Despatched
SO-2024-01194,C1057,WAR,2024-03-26,2024-04-02,2024-03-26,Account manager,Part despatched
SO-2024-01195,C1730,WAR,2024-03-26,2024-04-02,2024-03-26,Trade counter,Despatched
SO-2024-01196,C1033,LIV,2024-03-26,2024-04-02,2024-03-26,Telephone,Despatched
SO-2024-01197,C1975,LIV,2024-03-26,2024-03-27,2024-03-26,Telephone,Despatched
SO-2024-01198,C1305,LIV,2024-03-26,2024-03-27,2024-03-27,Trade counter,Part despatched
SO-2024-01199,C1371,DAV,2024-03-27,2024-04-02,2024-03-28,Account manager,Despatched
SO-2024-01200,C1307,DAV,2024-03-27,2024-04-03,2024-03-27,Web,Part despatched
SO-2024-01201,C1366,DAV,2024-03-27,2024-04-02,2024-03-28,Trade counter,Part despatched
SO-2024-01202,C1704,DAV,2024-03-27,2024-04-02,2024-03-27,Telephone,Despatched
SO-2024-01203,C1734,DAV,2024-03-27,2024-04-04,2024-03-27,Telephone,Despatched
SO-2024-01204,C1491,DAV,2024-03-27,2024-04-04,2024-03-27,Telephone,Part despatched
SO-2024-01205,C1078,DAV,2024-03-27,2024-03-28,2024-03-27,Account manager,Despatched
SO-2024-01206,C1940,DAV,2024-03-27,2024-04-03,2024-03-27,Web,Part despatched
SO-2024-01207,C1515,DAV,2024-03-27,2024-03-28,2024-03-27,Web,Part despatched
SO-2024-01208,C1535,WAR,2024-03-27,2024-04-02,2024-03-27,Account manager,Despatched
SO-2024-01209,C1182,WAR,2024-03-27,2024-03-28,2024-03-27,Trade counter,Despatched
SO-2024-01210,C1032,WAR,2024-03-27,2024-04-04,2024-03-27,Web,Despatched
SO-2024-01211,C1391,WAR,2024-03-27,2024-03-28,2024-03-28,Web,Part despatched
SO-2024-01212,C1032,WAR,2024-03-27,2024-04-04,2024-03-27,Trade counter,Part despatched
SO-2024-01213,C1768,LIV,2024-03-27,2024-04-04,2024-03-28,Trade counter,Despatched
SO-2024-01214,C1878,LIV,2024-03-27,2024-03-28,2024-04-02,Web,Despatched
SO-2024-01215,C1634,LIV,2024-03-27,2024-03-28,2024-03-28,Account manager,Part despatched
SO-2024-01216,C1447,DAV,2024-03-28,2024-04-05,2024-04-02,Web,Despatched
SO-2024-01217,C1201,DAV,2024-03-28,2024-04-03,2024-03-28,Trade counter,Despatched
SO-2024-01218,C1818,DAV,2024-03-28,2024-04-04,2024-03-28,Telephone,Part despatched
SO-2024-01219,C1648,DAV,2024-03-28,2024-04-05,2024-03-28,Trade counter,Despatched
SO-2024-01220,C1610,DAV,2024-03-28,2024-04-03,2024-03-28,Telephone,Despatched
SO-2024-01221,C1035,DAV,2024-03-28,2024-04-02,2024-04-02,Telephone,Despatched
SO-2024-01222,C1985,DAV,2024-03-28,2024-04-02,2024-04-02,Trade counter,Despatched
SO-2024-01223,C1097,DAV,2024-03-28,2024-04-02,2024-04-03,Telephone,Part despatched
SO-2024-01224,C1447,DAV,2024-03-28,2024-04-03,2024-04-04,Telephone,Despatched
SO-2024-01225,C1078,DAV,2024-03-28,2024-04-02,2024-03-28,Telephone,Despatched
SO-2024-01226,C1447,DAV,2024-03-28,2024-04-04,2024-03-28,Account manager,Despatched
SO-2024-01227,C1447,DAV,2024-03-28,2024-04-05,2024-03-28,Telephone,Part despatched
SO-2024-01228,C1007,DAV,2024-03-28,2024-04-03,2024-03-28,Trade counter,Part despatched
SO-2024-01229,C1447,DAV,2024-03-28,2024-04-02,2024-03-28,Account manager,Despatched
SO-2024-01230,C1366,DAV,2024-03-28,2024-04-04,2024-03-28,Telephone,Part despatched
SO-2024-01231,C1234,WAR,2024-03-28,2024-04-03,2024-04-02,Web,Despatched
SO-2024-01232,C1724,WAR,2024-03-28,2024-04-03,2024-04-04,Web,Despatched
SO-2024-01233,C1032,WAR,2024-03-28,2024-04-05,2024-04-02,Web,Part despatched
SO-2024-01234,C1560,WAR,2024-03-28,2024-04-05,2024-03-28,Web,Despatched
SO-2024-01235,C1057,WAR,2024-03-28,2024-04-04,2024-03-28,Account manager,Part despatched
SO-2024-01236,C1656,WAR,2024-03-28,2024-04-02,2024-03-28,Trade counter,Despatched
SO-2024-01237,C1790,WAR,2024-03-28,2024-04-02,2024-04-02,Telephone,Part despatched
SO-2024-01238,C1391,WAR,2024-03-28,2024-04-03,2024-03-28,Telephone,Despatched
SO-2024-01239,C1234,WAR,2024-03-28,2024-04-03,2024-04-03,Trade counter,Despatched
SO-2024-01240,C1057,WAR,2024-03-28,2024-04-04,2024-03-28,Trade counter,Despatched
SO-2024-01241,C1878,LIV,2024-03-28,2024-04-02,2024-03-28,Trade counter,Despatched
SO-2024-01242,C1607,LIV,2024-03-28,2024-04-03,2024-03-28,Account manager,Part despatched
SO-2024-01243,C1726,LIV,2024-03-28,2024-04-05,2024-03-28,Trade counter,Despatched
SO-2024-01244,C1429,DAV,2024-04-02,2024-04-04,2024-04-02,Telephone,Despatched
SO-2024-01245,C1708,DAV,2024-04-02,2024-04-03,2024-04-02,Account manager,Despatched
SO-2024-01246,C1299,DAV,2024-04-02,2024-04-05,2024-04-04,Web,Part despatched
SO-2024-01247,C1371,DAV,2024-04-02,2024-04-04,2024-04-03,Trade counter,Part despatched
SO-2024-01248,C1251,DAV,2024-04-02,2024-04-05,2024-04-03,Trade counter,Part despatched
SO-2024-01249,C1389,DAV,2024-04-02,2024-04-08,2024-04-02,Trade counter,Despatched
SO-2024-01250,C1429,DAV,2024-04-02,2024-04-03,2024-04-02,Telephone,Part despatched
SO-2024-01251,C1234,WAR,2024-04-02,2024-04-05,2024-04-02,Telephone,Despatched
SO-2024-01252,C1474,WAR,2024-04-02,2024-04-05,2024-04-02,Telephone,Despatched
SO-2024-01253,C1355,WAR,2024-04-02,2024-04-03,2024-04-04,Account manager,Despatched
SO-2024-01254,C1844,WAR,2024-04-02,2024-04-03,2024-04-02,Trade counter,Despatched
SO-2024-01255,C1032,WAR,2024-04-02,2024-04-05,2024-04-02,Trade counter,Part despatched
SO-2024-01256,C1988,WAR,2024-04-02,2024-04-04,2024-04-02,Trade counter,Part despatched
SO-2024-01257,C1085,LIV,2024-04-02,2024-04-05,2024-04-02,Trade counter,Despatched
SO-2024-01258,C1904,LIV,2024-04-02,2024-04-05,2024-04-02,Trade counter,Despatched
SO-2024-01259,C1098,DAV,2024-04-03,2024-04-08,2024-04-04,Trade counter,Part despatched
SO-2024-01260,C1515,DAV,2024-04-03,2024-04-09,2024-04-03,Web,Part despatched
SO-2024-01261,C1427,DAV,2024-04-03,2024-04-08,2024-04-03,Trade counter,Part despatched
SO-2024-01262,C1207,WAR,2024-04-03,2024-04-08,2024-04-03,Web,Part despatched
SO-2024-01263,C1051,WAR,2024-04-03,2024-04-04,2024-04-03,Trade counter,Despatched
SO-2024-01264,C1057,WAR,2024-04-03,2024-04-09,2024-04-03,Web,Part despatched
SO-2024-01265,C1844,WAR,2024-04-03,2024-04-08,2024-04-03,Telephone,Despatched
SO-2024-01266,C1844,WAR,2024-04-03,2024-04-09,2024-04-03,Trade counter,Despatched
SO-2024-01267,C1032,WAR,2024-04-03,2024-04-09,2024-04-03,Telephone,Despatched
SO-2024-01268,C1207,WAR,2024-04-03,2024-04-08,2024-04-03,Telephone,Part despatched
SO-2024-01269,C1821,LIV,2024-04-03,2024-04-05,2024-04-03,Telephone,Despatched
SO-2024-01270,C1830,DAV,2024-04-04,2024-04-09,2024-04-04,Trade counter,Despatched
SO-2024-01271,C1410,DAV,2024-04-04,2024-04-09,2024-04-04,Telephone,Despatched
SO-2024-01272,C1488,DAV,2024-04-04,2024-04-08,2024-04-04,Telephone,Despatched
SO-2024-01273,C1410,DAV,2024-04-04,2024-04-08,2024-04-04,Account manager,Despatched
SO-2024-01274,C1183,DAV,2024-04-04,2024-04-05,2024-04-04,Trade counter,Despatched
SO-2024-01275,C1235,DAV,2024-04-04,2024-04-09,2024-04-04,Telephone,Despatched
SO-2024-01276,C1429,DAV,2024-04-04,2024-04-09,2024-04-04,Account manager,Despatched
SO-2024-01277,C1145,DAV,2024-04-04,2024-04-09,2024-04-09,Web,Part despatched
SO-2024-01278,C1901,DAV,2024-04-04,2024-04-08,2024-04-04,Telephone,Part despatched
SO-2024-01279,C1194,DAV,2024-04-04,2024-04-05,2024-04-08,Telephone,Despatched
SO-2024-01280,C1114,DAV,2024-04-04,2024-04-05,2024-04-04,Telephone,Part despatched
SO-2024-01281,C1527,DAV,2024-04-04,2024-04-08,2024-04-04,Account manager,Despatched
SO-2024-01282,C1844,WAR,2024-04-04,2024-04-10,2024-04-04,Telephone,Despatched
SO-2024-01283,C1234,WAR,2024-04-04,2024-04-09,2024-04-04,Trade counter,Part despatched
SO-2024-01284,C1243,WAR,2024-04-04,2024-04-08,2024-04-04,Telephone,Despatched
SO-2024-01285,C1454,WAR,2024-04-04,2024-04-08,2024-04-04,Account manager,Despatched
SO-2024-01286,C1955,WAR,2024-04-04,2024-04-09,2024-04-04,Trade counter,Despatched
SO-2024-01287,C1558,WAR,2024-04-04,2024-04-09,2024-04-04,Trade counter,Despatched
SO-2024-01288,C1817,LIV,2024-04-04,2024-04-09,2024-04-04,Trade counter,Despatched
SO-2024-01289,C1723,LIV,2024-04-04,2024-04-10,2024-04-04,Account manager,Despatched
SO-2024-01290,C1634,LIV,2024-04-04,2024-04-10,2024-04-04,Telephone,Part despatched
SO-2024-01291,C1423,LIV,2024-04-04,2024-04-05,2024-04-05,Web,Despatched
SO-2024-01292,C1512,DAV,2024-04-05,2024-04-11,2024-04-05,Web,Despatched
SO-2024-01293,C1593,DAV,2024-04-05,2024-04-09,2024-04-05,Telephone,Part despatched
SO-2024-01294,C1888,DAV,2024-04-05,2024-04-08,2024-04-05,Telephone,Despatched
SO-2024-01295,C1084,DAV,2024-04-05,2024-04-08,2024-04-10,Telephone,Despatched
SO-2024-01296,C1035,DAV,2024-04-05,2024-04-10,2024-04-05,Account manager,Despatched
SO-2024-01297,C1931,DAV,2024-04-05,2024-04-11,2024-04-05,Telephone,Despatched
SO-2024-01298,C1447,DAV,2024-04-05,2024-04-08,2024-04-05,Trade counter,Despatched
SO-2024-01299,C1164,WAR,2024-04-05,2024-04-11,2024-04-05,Web,Despatched
SO-2024-01300,C1848,WAR,2024-04-05,2024-04-09,2024-04-05,Web,Despatched
SO-2024-01301,C1032,WAR,2024-04-05,2024-04-10,2024-04-05,Account manager,Despatched
SO-2024-01302,C1182,WAR,2024-04-05,2024-04-11,2024-04-05,Trade counter,Part despatched
SO-2024-01303,C1402,WAR,2024-04-05,2024-04-10,2024-04-05,Web,Part despatched
SO-2024-01304,C1032,WAR,2024-04-05,2024-04-11,2024-04-05,Trade counter,Despatched
SO-2024-01305,C1821,LIV,2024-04-05,2024-04-11,2024-04-05,Account manager,Despatched
SO-2024-01306,C1168,LIV,2024-04-05,2024-04-11,2024-04-08,Account manager,Despatched
SO-2024-01307,C1856,LIV,2024-04-05,2024-04-09,2024-04-05,Web,Despatched
SO-2024-01308,C1435,LIV,2024-04-05,2024-04-11,2024-04-05,Telephone,Despatched
SO-2024-01309,C1085,LIV,2024-04-05,2024-04-11,2024-04-05,Telephone,Despatched
SO-2024-01310,C1566,LIV,2024-04-05,2024-04-10,2024-04-09,Trade counter,Despatched
SO-2024-01311,C1110,DAV,2024-04-08,2024-04-11,2024-04-09,Web,Despatched
SO-2024-01312,C1881,DAV,2024-04-08,2024-04-09,2024-04-11,Telephone,Despatched
SO-2024-01313,C1278,DAV,2024-04-08,2024-04-10,2024-04-08,Telephone,Despatched
SO-2024-01314,C1563,DAV,2024-04-08,2024-04-11,2024-04-08,Account manager,Despatched
SO-2024-01315,C1209,DAV,2024-04-08,2024-04-10,2024-04-08,Telephone,Despatched
SO-2024-01316,C1367,DAV,2024-04-08,2024-04-12,2024-04-09,Web,Despatched
SO-2024-01317,C1092,DAV,2024-04-08,2024-04-11,2024-04-08,Trade counter,Despatched
SO-2024-01318,C1183,DAV,2024-04-08,2024-04-12,2024-04-08,Trade counter,Despatched
SO-2024-01319,C1515,DAV,2024-04-08,2024-04-12,2024-04-08,Telephone,Part despatched
SO-2024-01320,C1497,WAR,2024-04-08,2024-04-12,2024-04-08,Web,Despatched
SO-2024-01321,C1032,WAR,2024-04-08,2024-04-12,2024-04-08,Trade counter,Part despatched
SO-2024-01322,C1896,WAR,2024-04-08,2024-04-11,2024-04-11,Trade counter,Despatched
SO-2024-01323,C1535,WAR,2024-04-08,2024-04-10,2024-04-08,Web,Despatched
SO-2024-01324,C1955,WAR,2024-04-08,2024-04-12,2024-04-08,Web,Despatched
SO-2024-01325,C1866,WAR,2024-04-08,2024-04-11,2024-04-08,Trade counter,Despatched
SO-2024-01326,C1850,WAR,2024-04-08,2024-04-12,2024-04-09,Account manager,Despatched
SO-2024-01327,C1032,WAR,2024-04-08,2024-04-12,2024-04-08,Trade counter,Part despatched
SO-2024-01328,C1085,LIV,2024-04-08,2024-04-11,2024-04-08,Account manager,Despatched
SO-2024-01329,C1584,LIV,2024-04-08,2024-04-11,2024-04-08,Telephone,Part despatched
SO-2024-01330,C1856,LIV,2024-04-08,2024-04-11,2024-04-08,Trade counter,Despatched
SO-2024-01331,C1911,LIV,2024-04-08,2024-04-10,2024-04-10,Trade counter,Despatched
SO-2024-01332,C1878,LIV,2024-04-08,2024-04-09,2024-04-08,Account manager,Part despatched
SO-2024-01333,C1878,LIV,2024-04-08,2024-04-11,2024-04-08,Web,Despatched
SO-2024-01334,C1734,DAV,2024-04-09,2024-04-11,2024-04-09,Web,Despatched
SO-2024-01335,C1559,DAV,2024-04-09,2024-04-10,2024-04-09,Account manager,Despatched
SO-2024-01336,C1593,DAV,2024-04-09,2024-04-15,2024-04-09,Trade counter,Part despatched
SO-2024-01337,C1334,DAV,2024-04-09,2024-04-12,2024-04-09,Web,Despatched
SO-2024-01338,C1098,DAV,2024-04-09,2024-04-15,2024-04-09,Trade counter,Part despatched
SO-2024-01339,C1599,DAV,2024-04-09,2024-04-12,2024-04-09,Trade counter,Part despatched
SO-2024-01340,C1145,DAV,2024-04-09,2024-04-12,2024-04-10,Trade counter,Despatched
SO-2024-01341,C1429,DAV,2024-04-09,2024-04-10,2024-04-10,Telephone,Despatched
SO-2024-01342,C1613,DAV,2024-04-09,2024-04-11,2024-04-09,Telephone,Despatched
SO-2024-01343,C1366,DAV,2024-04-09,2024-04-11,2024-04-09,Account manager,Despatched
SO-2024-01344,C1482,WAR,2024-04-09,2024-04-10,2024-04-10,Trade counter,Despatched
SO-2024-01345,C1051,WAR,2024-04-09,2024-04-12,2024-04-09,Account manager,Part despatched
SO-2024-01346,C1243,WAR,2024-04-09,2024-04-12,2024-04-09,Account manager,Despatched
SO-2024-01347,C1896,WAR,2024-04-09,2024-04-10,2024-04-09,Telephone,Despatched
SO-2024-01348,C1730,WAR,2024-04-09,2024-04-10,2024-04-09,Web,Part despatched
SO-2024-01349,C1948,WAR,2024-04-09,2024-04-15,2024-04-11,Telephone,Despatched
SO-2024-01350,C1454,WAR,2024-04-09,2024-04-11,2024-04-09,Trade counter,Part despatched
SO-2024-01351,C1051,WAR,2024-04-09,2024-04-12,2024-04-09,Telephone,Despatched
SO-2024-01352,C1402,WAR,2024-04-09,2024-04-12,2024-04-09,Trade counter,Part despatched
SO-2024-01353,C1535,WAR,2024-04-09,2024-04-11,2024-04-09,Telephone,Despatched
SO-2024-01354,C1254,LIV,2024-04-09,2024-04-11,2024-04-09,Trade counter,Despatched
SO-2024-01355,C1038,LIV,2024-04-09,2024-04-10,,Trade counter,Cancelled
SO-2024-01356,C1422,LIV,2024-04-09,2024-04-15,2024-04-09,Web,Despatched
SO-2024-01357,C1159,LIV,2024-04-09,2024-04-15,2024-04-09,Telephone,Despatched
SO-2024-01358,C1194,DAV,2024-04-10,2024-04-15,2024-04-11,Web,Despatched
SO-2024-01359,C1176,DAV,2024-04-10,2024-04-11,2024-04-10,Web,Part despatched
SO-2024-01360,C1593,DAV,2024-04-10,2024-04-11,2024-04-10,Telephone,Despatched
SO-2024-01361,C1447,DAV,2024-04-10,2024-04-11,2024-04-10,Account manager,Despatched
SO-2024-01362,C1098,DAV,2024-04-10,2024-04-15,2024-04-10,Web,Despatched
SO-2024-01363,C1097,DAV,2024-04-10,2024-04-11,2024-04-11,Telephone,Despatched
SO-2024-01364,C1320,DAV,2024-04-10,2024-04-15,2024-04-10,Telephone,Part despatched
SO-2024-01365,C1468,DAV,2024-04-10,2024-04-16,2024-04-10,Telephone,Part despatched
SO-2024-01366,C1521,DAV,2024-04-10,2024-04-12,2024-04-10,Account manager,Despatched
SO-2024-01367,C1515,DAV,2024-04-10,2024-04-16,2024-04-10,Web,Despatched
SO-2024-01368,C1447,DAV,2024-04-10,2024-04-11,2024-04-10,Trade counter,Despatched
SO-2024-01369,C1340,DAV,2024-04-10,2024-04-15,2024-04-10,Telephone,Despatched
SO-2024-01370,C1211,DAV,2024-04-10,2024-04-16,2024-04-10,Account manager,Despatched
SO-2024-01371,C1056,DAV,2024-04-10,2024-04-16,2024-04-10,Account manager,Part despatched
SO-2024-01372,C1763,WAR,2024-04-10,2024-04-16,2024-04-10,Web,Despatched
SO-2024-01373,C1051,WAR,2024-04-10,2024-04-12,2024-04-10,Trade counter,Despatched
SO-2024-01374,C1032,WAR,2024-04-10,2024-04-16,2024-04-10,Trade counter,Part despatched
SO-2024-01375,C1032,WAR,2024-04-10,2024-04-11,2024-04-10,Telephone,Despatched
SO-2024-01376,C1964,LIV,2024-04-10,2024-04-16,2024-04-10,Web,Despatched
SO-2024-01377,C1900,LIV,2024-04-10,2024-04-16,2024-04-10,Web,Part despatched
SO-2024-01378,C1266,LIV,2024-04-10,2024-04-15,2024-04-10,Telephone,Despatched
SO-2024-01379,C1211,DAV,2024-04-11,2024-04-17,2024-04-11,Telephone,Despatched
SO-2024-01380,C1385,DAV,2024-04-11,2024-04-17,2024-04-11,Web,Despatched
SO-2024-01381,C1097,DAV,2024-04-11,2024-04-16,2024-04-15,Account manager,Despatched
SO-2024-01382,C1145,DAV,2024-04-11,2024-04-12,2024-04-11,Telephone,Part despatched
SO-2024-01383,C1307,DAV,2024-04-11,2024-04-16,2024-04-11,Account manager,Despatched
SO-2024-01384,C1728,DAV,2024-04-11,2024-04-17,2024-04-16,Trade counter,Despatched
SO-2024-01385,C1073,DAV,2024-04-11,2024-04-16,2024-04-12,Trade counter,Despatched
SO-2024-01386,C1270,DAV,2024-04-11,2024-04-16,2024-04-11,Trade counter,Despatched
SO-2024-01387,C1194,DAV,2024-04-11,2024-04-16,2024-04-11,Telephone,Part despatched
SO-2024-01388,C1593,DAV,2024-04-11,2024-04-17,2024-04-12,Web,Despatched
SO-2024-01389,C1447,DAV,2024-04-11,2024-04-12,2024-04-12,Trade counter,Despatched
SO-2024-01390,C1746,DAV,2024-04-11,2024-04-16,2024-04-11,Account manager,Despatched
SO-2024-01391,C1062,DAV,2024-04-11,2024-04-16,2024-04-15,Telephone,Despatched
SO-2024-01392,C1859,DAV,2024-04-11,2024-04-16,2024-04-11,Web,Despatched
SO-2024-01393,C1952,DAV,2024-04-11,2024-04-16,2024-04-11,Account manager,Despatched
SO-2024-01394,C1057,WAR,2024-04-11,2024-04-15,2024-04-11,Web,Despatched
SO-2024-01395,C1724,WAR,2024-04-11,2024-04-12,2024-04-11,Web,Despatched
SO-2024-01396,C1204,WAR,2024-04-11,2024-04-17,2024-04-11,Telephone,Despatched
SO-2024-01397,C1871,WAR,2024-04-11,2024-04-16,2024-04-11,Trade counter,Despatched
SO-2024-01398,C1032,WAR,2024-04-11,2024-04-17,2024-04-11,Trade counter,Part despatched
SO-2024-01399,C1435,LIV,2024-04-11,2024-04-12,2024-04-12,Trade counter,Despatched
SO-2024-01400,C1004,LIV,2024-04-11,2024-04-17,2024-04-16,Web,Despatched
SO-2024-01401,C1435,LIV,2024-04-11,2024-04-12,2024-04-11,Trade counter,Despatched
SO-2024-01402,C1900,LIV,2024-04-11,2024-04-12,2024-04-11,Web,Despatched
SO-2024-01403,C1432,LIV,2024-04-11,2024-04-12,2024-04-11,Web,Despatched
SO-2024-01404,C1109,LIV,2024-04-11,2024-04-12,2024-04-12,Telephone,Despatched
SO-2024-01405,C1959,LIV,2024-04-11,2024-04-16,2024-04-12,Telephone,Despatched
SO-2024-01406,C1607,LIV,2024-04-11,2024-04-17,2024-04-11,Web,Part despatched
SO-2024-01407,C1413,DAV,2024-04-12,2024-04-16,2024-04-12,Trade counter,Despatched
SO-2024-01408,C1251,DAV,2024-04-12,2024-04-17,2024-04-15,Telephone,Part despatched
SO-2024-01409,C1097,DAV,2024-04-12,2024-04-15,2024-04-12,Trade counter,Part despatched
SO-2024-01410,C1629,DAV,2024-04-12,2024-04-16,2024-04-16,Web,Despatched
SO-2024-01411,C1052,DAV,2024-04-12,2024-04-18,2024-04-12,Web,Despatched
SO-2024-01412,C1366,DAV,2024-04-12,2024-04-16,2024-04-12,Account manager,Part despatched
SO-2024-01413,C1098,DAV,2024-04-12,2024-04-15,2024-04-15,Telephone,Despatched
SO-2024-01414,C1062,DAV,2024-04-12,2024-04-16,2024-04-12,Telephone,Despatched
SO-2024-01415,C1593,DAV,2024-04-12,2024-04-17,2024-04-15,Trade counter,Despatched
SO-2024-01416,C1094,DAV,2024-04-12,2024-04-16,2024-04-12,Trade counter,Despatched
SO-2024-01417,C1032,WAR,2024-04-12,2024-04-18,2024-04-12,Telephone,Despatched
SO-2024-01418,C1243,WAR,2024-04-12,2024-04-16,2024-04-12,Web,Despatched
SO-2024-01419,C1032,WAR,2024-04-12,2024-04-15,2024-04-15,Telephone,Part despatched
SO-2024-01420,C1837,WAR,2024-04-12,2024-04-17,2024-04-12,Trade counter,Part despatched
SO-2024-01421,C1244,WAR,2024-04-12,2024-04-17,2024-04-12,Telephone,Despatched
SO-2024-01422,C1402,WAR,2024-04-12,2024-04-15,2024-04-15,Trade counter,Despatched
SO-2024-01423,C1032,WAR,2024-04-12,2024-04-17,2024-04-16,Web,Despatched
SO-2024-01424,C1379,LIV,2024-04-12,2024-04-15,2024-04-12,Trade counter,Part despatched
SO-2024-01425,C1004,LIV,2024-04-12,2024-04-18,2024-04-12,Account manager,Despatched
SO-2024-01426,C1366,DAV,2024-04-15,2024-04-17,2024-04-16,Account manager,Part despatched
SO-2024-01427,C1098,DAV,2024-04-15,2024-04-17,2024-04-15,Web,Despatched
SO-2024-01428,C1114,DAV,2024-04-15,2024-04-17,2024-04-17,Telephone,Despatched
SO-2024-01429,C1366,DAV,2024-04-15,2024-04-17,2024-04-16,Trade counter,Despatched
SO-2024-01430,C1389,DAV,2024-04-15,2024-04-17,2024-04-15,Web,Part despatched
SO-2024-01431,C1928,DAV,2024-04-15,2024-04-16,2024-04-17,Trade counter,Despatched
SO-2024-01432,C1447,DAV,2024-04-15,2024-04-17,2024-04-15,Telephone,Despatched
SO-2024-01433,C1201,DAV,2024-04-15,2024-04-18,2024-04-15,Web,Part despatched
SO-2024-01434,C1211,DAV,2024-04-15,2024-04-19,2024-04-15,Telephone,Part despatched
SO-2024-01435,C1366,DAV,2024-04-15,2024-04-19,2024-04-15,Telephone,Despatched
SO-2024-01436,C1554,DAV,2024-04-15,2024-04-19,2024-04-16,Trade counter,Despatched
SO-2024-01437,C1447,DAV,2024-04-15,2024-04-16,2024-04-15,Trade counter,Despatched
SO-2024-01438,C1882,DAV,2024-04-15,2024-04-17,2024-04-15,Telephone,Despatched
SO-2024-01439,C1656,WAR,2024-04-15,2024-04-17,2024-04-16,Telephone,Part despatched
SO-2024-01440,C1752,WAR,2024-04-15,2024-04-18,2024-04-15,Trade counter,Despatched
SO-2024-01441,C1010,WAR,2024-04-15,2024-04-18,2024-04-15,Account manager,Part despatched
SO-2024-01442,C1010,WAR,2024-04-15,2024-04-18,2024-04-17,Web,Despatched
SO-2024-01443,C1955,WAR,2024-04-15,2024-04-17,2024-04-15,Web,Despatched
SO-2024-01444,C1802,WAR,2024-04-15,2024-04-17,2024-04-15,Account manager,Part despatched
SO-2024-01445,C1871,WAR,2024-04-15,2024-04-17,2024-04-15,Trade counter,Despatched
SO-2024-01446,C1866,WAR,2024-04-15,2024-04-17,2024-04-15,Web,Part despatched
SO-2024-01447,C1254,LIV,2024-04-15,2024-04-16,2024-04-18,Web,Despatched
SO-2024-01448,C1941,LIV,2024-04-15,2024-04-19,2024-04-15,Telephone,Despatched
SO-2024-01449,C1357,LIV,2024-04-15,2024-04-19,2024-04-15,Trade counter,Despatched
SO-2024-01450,C1936,DAV,2024-04-16,2024-04-19,2024-04-17,Trade counter,Part despatched
SO-2024-01451,C1255,DAV,2024-04-16,2024-04-19,2024-04-16,Telephone,Despatched
SO-2024-01452,C1610,DAV,2024-04-16,2024-04-22,2024-04-16,Web,Despatched
SO-2024-01453,C1554,DAV,2024-04-16,2024-04-17,2024-04-17,Telephone,Despatched
SO-2024-01454,C1728,DAV,2024-04-16,2024-04-17,2024-04-16,Web,Despatched
SO-2024-01455,C1255,DAV,2024-04-16,2024-04-19,2024-04-16,Telephone,Despatched
SO-2024-01456,C1767,DAV,2024-04-16,2024-04-17,2024-04-16,Trade counter,Despatched
SO-2024-01457,C1429,DAV,2024-04-16,2024-04-17,2024-04-16,Telephone,Despatched
SO-2024-01458,C1145,DAV,2024-04-16,2024-04-17,2024-04-16,Telephone,Despatched
SO-2024-01459,C1790,WAR,2024-04-16,2024-04-17,2024-04-16,Web,Despatched
SO-2024-01460,C1730,WAR,2024-04-16,2024-04-19,2024-04-16,Trade counter,Despatched
SO-2024-01461,C1234,WAR,2024-04-16,2024-04-17,2024-04-16,Telephone,Despatched
SO-2024-01462,C1495,WAR,2024-04-16,2024-04-19,2024-04-16,Telephone,Part despatched
SO-2024-01463,C1802,WAR,2024-04-16,2024-04-22,2024-04-17,Trade counter,Despatched
SO-2024-01464,C1154,WAR,2024-04-16,2024-04-22,2024-04-16,Web,Despatched
SO-2024-01465,C1802,WAR,2024-04-16,2024-04-19,2024-04-16,Telephone,Despatched
SO-2024-01466,C1198,WAR,2024-04-16,2024-04-18,2024-04-16,Telephone,Despatched
SO-2024-01467,C1109,LIV,2024-04-16,2024-04-19,2024-04-16,Web,Despatched
SO-2024-01468,C1109,LIV,2024-04-16,2024-04-17,2024-04-18,Telephone,Despatched
SO-2024-01469,C1835,LIV,2024-04-16,2024-04-19,2024-04-17,Telephone,Despatched
SO-2024-01470,C1559,DAV,2024-04-17,2024-04-19,2024-04-22,Web,Despatched
SO-2024-01471,C1626,DAV,2024-04-17,2024-04-22,2024-04-17,Web,Despatched
SO-2024-01472,C1371,DAV,2024-04-17,2024-04-22,2024-04-18,Account manager,Despatched
SO-2024-01473,C1881,DAV,2024-04-17,2024-04-18,2024-04-19,Account manager,Despatched
SO-2024-01474,C1728,DAV,2024-04-17,2024-04-23,2024-04-17,Account manager,Despatched
SO-2024-01475,C1270,DAV,2024-04-17,2024-04-22,2024-04-17,Web,Part despatched
SO-2024-01476,C1728,DAV,2024-04-17,2024-04-19,2024-04-22,Trade counter,Despatched
SO-2024-01477,C1057,WAR,2024-04-17,2024-04-23,2024-04-17,Trade counter,Part despatched
SO-2024-01478,C1482,WAR,2024-04-17,2024-04-23,2024-04-17,Telephone,Despatched
SO-2024-01479,C1215,WAR,2024-04-17,2024-04-19,2024-04-22,Telephone,Part despatched
SO-2024-01480,C1948,WAR,2024-04-17,2024-04-19,2024-04-17,Trade counter,Despatched
SO-2024-01481,C1933,WAR,2024-04-17,2024-04-18,2024-04-17,Web,Despatched
SO-2024-01482,C1948,WAR,2024-04-17,2024-04-22,2024-04-18,Telephone,Despatched
SO-2024-01483,C1597,WAR,2024-04-17,2024-04-19,2024-04-17,Telephone,Despatched
SO-2024-01484,C1821,LIV,2024-04-17,2024-04-23,2024-04-17,Trade counter,Despatched
SO-2024-01485,C1607,LIV,2024-04-17,2024-04-22,2024-04-17,Telephone,Despatched
SO-2024-01486,C1098,DAV,2024-04-18,2024-04-19,2024-04-18,Telephone,Part despatched
SO-2024-01487,C1255,DAV,2024-04-18,2024-04-19,2024-04-18,Web,Despatched
SO-2024-01488,C1936,DAV,2024-04-18,2024-04-23,2024-04-18,Telephone,Despatched
SO-2024-01489,C1354,DAV,2024-04-18,2024-04-22,2024-04-18,Telephone,Despatched
SO-2024-01490,C1429,DAV,2024-04-18,2024-04-22,2024-04-18,Trade counter,Despatched
SO-2024-01491,C1078,DAV,2024-04-18,2024-04-23,2024-04-18,Trade counter,Part despatched
SO-2024-01492,C1563,DAV,2024-04-18,2024-04-19,2024-04-19,Telephone,Despatched
SO-2024-01493,C1211,DAV,2024-04-18,2024-04-24,2024-04-18,Trade counter,Despatched
SO-2024-01494,C1648,DAV,2024-04-18,2024-04-19,2024-04-18,Telephone,Despatched
SO-2024-01495,C1391,WAR,2024-04-18,2024-04-19,2024-04-19,Telephone,Despatched
SO-2024-01496,C1948,WAR,2024-04-18,2024-04-23,2024-04-18,Telephone,Despatched
SO-2024-01497,C1010,WAR,2024-04-18,2024-04-24,2024-04-18,Trade counter,Despatched
SO-2024-01498,C1955,WAR,2024-04-18,2024-04-24,2024-04-19,Web,Despatched
SO-2024-01499,C1215,WAR,2024-04-18,2024-04-22,2024-04-18,Telephone,Despatched
SO-2024-01500,C1075,WAR,2024-04-18,2024-04-24,2024-04-18,Trade counter,Despatched
SO-2024-01501,C1597,WAR,2024-04-18,2024-04-24,2024-04-22,Web,Despatched
SO-2024-01502,C1584,LIV,2024-04-18,2024-04-22,2024-04-22,Trade counter,Part despatched
SO-2024-01503,C1168,LIV,2024-04-18,2024-04-22,2024-04-18,Telephone,Despatched
SO-2024-01504,C1029,LIV,2024-04-18,2024-04-23,2024-04-18,Telephone,Part despatched
SO-2024-01505,C1168,LIV,2024-04-18,2024-04-23,2024-04-18,Web,Part despatched
SO-2024-01506,C1599,DAV,2024-04-19,2024-04-25,2024-04-19,Trade counter,Part despatched
SO-2024-01507,C1094,DAV,2024-04-19,2024-04-23,2024-04-19,Telephone,Despatched
SO-2024-01508,C1447,DAV,2024-04-19,2024-04-22,2024-04-19,Web,Part despatched
SO-2024-01509,C1447,DAV,2024-04-19,2024-04-23,2024-04-19,Web,Part despatched
SO-2024-01510,C1227,DAV,2024-04-19,2024-04-25,2024-04-19,Web,Despatched
SO-2024-01511,C1098,DAV,2024-04-19,2024-04-24,2024-04-23,Trade counter,Part despatched
SO-2024-01512,C1367,DAV,2024-04-19,2024-04-22,2024-04-19,Trade counter,Despatched
SO-2024-01513,C1593,DAV,2024-04-19,2024-04-25,2024-04-22,Web,Despatched
SO-2024-01514,C1366,DAV,2024-04-19,2024-04-23,2024-04-19,Trade counter,Part despatched
SO-2024-01515,C1610,DAV,2024-04-19,2024-04-22,2024-04-19,Web,Despatched
SO-2024-01516,C1234,WAR,2024-04-19,2024-04-23,2024-04-19,Account manager,Despatched
SO-2024-01517,C1032,WAR,2024-04-19,2024-04-24,2024-04-19,Web,Despatched
SO-2024-01518,C1234,WAR,2024-04-19,2024-04-23,2024-04-22,Web,Despatched
SO-2024-01519,C1651,WAR,2024-04-19,2024-04-23,2024-04-19,Trade counter,Part despatched
SO-2024-01520,C1730,WAR,2024-04-19,2024-04-25,2024-04-23,Trade counter,Part despatched
SO-2024-01521,C1948,WAR,2024-04-19,2024-04-22,2024-04-22,Telephone,Despatched
SO-2024-01522,C1441,WAR,2024-04-19,2024-04-24,2024-04-19,Trade counter,Despatched
SO-2024-01523,C1123,WAR,2024-04-19,2024-04-23,2024-04-19,Web,Part despatched
SO-2024-01524,C1168,LIV,2024-04-19,2024-04-25,2024-04-19,Telephone,Part despatched
SO-2024-01525,C1168,LIV,2024-04-19,2024-04-25,2024-04-19,Trade counter,Despatched
SO-2024-01526,C1085,LIV,2024-04-19,2024-04-23,2024-04-19,Telephone,Despatched
SO-2024-01527,C1429,DAV,2024-04-22,2024-04-24,2024-04-23,Web,Despatched
SO-2024-01528,C1468,DAV,2024-04-22,2024-04-24,2024-04-25,Telephone,Despatched
SO-2024-01529,C1554,DAV,2024-04-22,2024-04-24,2024-04-24,Account manager,Part despatched
SO-2024-01530,C1035,DAV,2024-04-22,2024-04-24,2024-04-24,Web,Despatched
SO-2024-01531,C1323,DAV,2024-04-22,2024-04-26,2024-04-22,Trade counter,Despatched
SO-2024-01532,C1521,DAV,2024-04-22,2024-04-24,2024-04-22,Web,Part despatched
SO-2024-01533,C1563,DAV,2024-04-22,2024-04-25,2024-04-22,Account manager,Despatched
SO-2024-01534,C1854,DAV,2024-04-22,2024-04-24,2024-04-23,Telephone,Part despatched
SO-2024-01535,C1486,DAV,2024-04-22,2024-04-24,2024-04-23,Telephone,Part despatched
SO-2024-01536,C1704,DAV,2024-04-22,2024-04-26,2024-04-22,Web,Despatched
SO-2024-01537,C1569,DAV,2024-04-22,2024-04-26,2024-04-25,Web,Despatched
SO-2024-01538,C1215,WAR,2024-04-22,2024-04-25,2024-04-23,Trade counter,Despatched
SO-2024-01539,C1215,WAR,2024-04-22,2024-04-24,2024-04-23,Trade counter,Despatched
SO-2024-01540,C1802,WAR,2024-04-22,2024-04-26,2024-04-23,Trade counter,Part despatched
SO-2024-01541,C1282,WAR,2024-04-22,2024-04-26,2024-04-22,Telephone,Despatched
SO-2024-01542,C1702,WAR,2024-04-22,2024-04-23,2024-04-22,Trade counter,Despatched
SO-2024-01543,C1723,LIV,2024-04-22,2024-04-26,2024-04-24,Telephone,Despatched
SO-2024-01544,C1389,DAV,2024-04-23,2024-04-29,2024-04-25,Web,Part despatched
SO-2024-01545,C1078,DAV,2024-04-23,2024-04-26,2024-04-23,Web,Despatched
SO-2024-01546,C1479,DAV,2024-04-23,2024-04-25,2024-04-24,Telephone,Despatched
SO-2024-01547,C1521,DAV,2024-04-23,2024-04-26,2024-04-23,Trade counter,Despatched
SO-2024-01548,C1830,DAV,2024-04-23,2024-04-25,2024-04-24,Telephone,Part despatched
SO-2024-01549,C1923,DAV,2024-04-23,2024-04-24,2024-04-23,Telephone,Despatched
SO-2024-01550,C1234,WAR,2024-04-23,2024-04-29,2024-04-23,Trade counter,Despatched
SO-2024-01551,C1464,WAR,2024-04-23,2024-04-24,2024-04-23,Telephone,Part despatched
SO-2024-01552,C1409,WAR,2024-04-23,2024-04-25,2024-04-23,Telephone,Despatched
SO-2024-01553,C1752,WAR,2024-04-23,2024-04-25,2024-04-25,Trade counter,Despatched
SO-2024-01554,C1055,WAR,2024-04-23,2024-04-26,2024-04-24,Account manager,Part despatched
SO-2024-01555,C1032,WAR,2024-04-23,2024-04-29,2024-04-23,Telephone,Part despatched
SO-2024-01556,C1266,LIV,2024-04-23,2024-04-29,2024-04-23,Trade counter,Part despatched
SO-2024-01557,C1159,LIV,2024-04-23,2024-04-29,2024-04-25,Trade counter,Despatched
SO-2024-01558,C1085,LIV,2024-04-23,2024-04-29,2024-04-23,Trade counter,Part despatched
SO-2024-01559,C1004,LIV,2024-04-23,2024-04-29,2024-04-23,Web,Despatched
SO-2024-01560,C1145,DAV,2024-04-24,2024-04-26,2024-04-24,Trade counter,Despatched
SO-2024-01561,C1320,DAV,2024-04-24,2024-04-25,2024-04-24,Trade counter,Despatched
SO-2024-01562,C1610,DAV,2024-04-24,2024-04-29,2024-04-25,Trade counter,Despatched
SO-2024-01563,C1936,DAV,2024-04-24,2024-04-26,2024-04-25,Trade counter,Despatched
SO-2024-01564,C1940,DAV,2024-04-24,2024-04-25,2024-04-24,Web,Despatched
SO-2024-01565,C1366,DAV,2024-04-24,2024-04-30,2024-04-24,Telephone,Part despatched
SO-2024-01566,C1512,DAV,2024-04-24,2024-04-30,2024-04-24,Trade counter,Part despatched
SO-2024-01567,C1447,DAV,2024-04-24,2024-04-29,2024-04-24,Web,Despatched
SO-2024-01568,C1007,DAV,2024-04-24,2024-04-29,2024-04-24,Trade counter,Despatched
SO-2024-01569,C1145,DAV,2024-04-24,2024-04-29,2024-04-25,Web,Despatched
SO-2024-01570,C1936,DAV,2024-04-24,2024-04-30,2024-04-24,Telephone,Despatched
SO-2024-01571,C1367,DAV,2024-04-24,2024-04-26,2024-04-24,Trade counter,Despatched
SO-2024-01572,C1875,DAV,2024-04-24,2024-04-25,2024-04-29,Telephone,Despatched
SO-2024-01573,C1398,WAR,2024-04-24,2024-04-26,2024-04-25,Telephone,Despatched
SO-2024-01574,C1207,WAR,2024-04-24,2024-04-30,2024-04-24,Web,Despatched
SO-2024-01575,C1900,LIV,2024-04-24,2024-04-30,2024-04-24,Trade counter,Despatched
SO-2024-01576,C1900,LIV,2024-04-24,2024-04-30,2024-04-24,Trade counter,Despatched
SO-2024-01577,C1600,LIV,2024-04-24,2024-04-25,2024-04-24,Web,Despatched
SO-2024-01578,C1432,LIV,2024-04-24,2024-04-25,2024-04-24,Web,Despatched
SO-2024-01579,C1599,DAV,2024-04-25,2024-04-29,2024-04-25,Telephone,Despatched
SO-2024-01580,C1098,DAV,2024-04-25,2024-04-30,2024-04-29,Telephone,Despatched
SO-2024-01581,C1479,DAV,2024-04-25,2024-05-01,2024-04-25,Telephone,Despatched
SO-2024-01582,C1007,DAV,2024-04-25,2024-04-26,2024-04-26,Account manager,Despatched
SO-2024-01583,C1375,DAV,2024-04-25,2024-05-01,2024-04-25,Account manager,Despatched
SO-2024-01584,C1234,WAR,2024-04-25,2024-05-01,2024-04-25,Telephone,Part despatched
SO-2024-01585,C1234,WAR,2024-04-25,2024-04-30,2024-04-25,Telephone,Despatched
SO-2024-01586,C1075,WAR,2024-04-25,2024-04-29,2024-04-25,Trade counter,Part despatched
SO-2024-01587,C1032,WAR,2024-04-25,2024-04-30,2024-04-25,Telephone,Part despatched
SO-2024-01588,C1750,WAR,2024-04-25,2024-05-01,2024-04-26,Telephone,Despatched
SO-2024-01589,C1581,WAR,2024-04-25,2024-04-30,2024-04-25,Web,Despatched
SO-2024-01590,C1085,LIV,2024-04-25,2024-04-30,2024-04-25,Web,Despatched
SO-2024-01591,C1366,DAV,2024-04-26,2024-05-01,2024-04-26,Trade counter,Part despatched
SO-2024-01592,C1447,DAV,2024-04-26,2024-05-01,2024-04-26,Account manager,Part despatched
SO-2024-01593,C1563,DAV,2024-04-26,2024-04-29,2024-04-26,Trade counter,Part despatched
SO-2024-01594,C1861,DAV,2024-04-26,2024-05-01,2024-04-26,Trade counter,Despatched
SO-2024-01595,C1089,DAV,2024-04-26,2024-04-30,2024-04-26,Trade counter,Despatched
SO-2024-01596,C1521,DAV,2024-04-26,2024-04-29,2024-04-26,Trade counter,Despatched
SO-2024-01597,C1955,WAR,2024-04-26,2024-04-29,2024-04-29,Account manager,Despatched
SO-2024-01598,C1651,WAR,2024-04-26,2024-04-30,2024-04-26,Telephone,Despatched
SO-2024-01599,C1001,WAR,2024-04-26,2024-04-29,2024-04-26,Account manager,Despatched
SO-2024-01600,C1464,WAR,2024-04-26,2024-04-30,2024-04-26,Web,Despatched
SO-2024-01601,C1872,WAR,2024-04-26,2024-05-01,2024-04-26,Account manager,Part despatched
SO-2024-01602,C1750,WAR,2024-04-26,2024-05-02,2024-04-29,Telephone,Despatched
SO-2024-01603,C1896,WAR,2024-04-26,2024-05-02,2024-04-26,Trade counter,Despatched
SO-2024-01604,C1911,LIV,2024-04-26,2024-04-29,2024-04-26,Account manager,Despatched
SO-2024-01605,C1821,LIV,2024-04-26,2024-05-01,2024-04-26,Trade counter,Despatched
SO-2024-01606,C1038,LIV,2024-04-26,2024-05-02,2024-05-01,Account manager,Despatched
SO-2024-01607,C1098,DAV,2024-04-29,2024-05-03,2024-04-29,Telephone,Despatched
SO-2024-01608,C1660,DAV,2024-04-29,2024-04-30,2024-04-29,Telephone,Despatched
SO-2024-01609,C1637,DAV,2024-04-29,2024-05-03,2024-04-29,Trade counter,Despatched
SO-2024-01610,C1447,DAV,2024-04-29,2024-04-30,2024-04-29,Trade counter,Part despatched
SO-2024-01611,C1434,DAV,2024-04-29,2024-05-01,2024-04-29,Telephone,Part despatched
SO-2024-01612,C1371,DAV,2024-04-29,2024-05-01,2024-04-29,Telephone,Part despatched
SO-2024-01613,C1211,DAV,2024-04-29,2024-05-01,2024-04-30,Web,Despatched
SO-2024-01614,C1610,DAV,2024-04-29,2024-04-30,2024-04-29,Telephone,Despatched
SO-2024-01615,C1366,DAV,2024-04-29,2024-05-02,2024-04-29,Telephone,Despatched
SO-2024-01616,C1936,DAV,2024-04-29,2024-05-01,2024-04-29,Telephone,Despatched
SO-2024-01617,C1145,DAV,2024-04-29,2024-05-02,2024-04-29,Telephone,Part despatched
SO-2024-01618,C1097,DAV,2024-04-29,2024-05-03,2024-04-29,Trade counter,Despatched
SO-2024-01619,C1854,DAV,2024-04-29,2024-05-01,2024-04-29,Trade counter,Part despatched
SO-2024-01620,C1515,DAV,2024-04-29,2024-05-01,2024-04-30,Trade counter,Despatched
SO-2024-01621,C1581,WAR,2024-04-29,2024-04-30,2024-04-29,Trade counter,Despatched
SO-2024-01622,C1208,WAR,2024-04-29,2024-05-01,2024-04-29,Telephone,Despatched
SO-2024-01623,C1234,WAR,2024-04-29,2024-04-30,2024-04-29,Trade counter,Despatched
SO-2024-01624,C1948,WAR,2024-04-29,2024-05-01,2024-04-30,Trade counter,Part despatched
SO-2024-01625,C1010,WAR,2024-04-29,2024-05-03,2024-04-29,Trade counter,Part despatched
SO-2024-01626,C1234,WAR,2024-04-29,2024-05-01,2024-05-01,Telephone,Despatched
SO-2024-01627,C1408,WAR,2024-04-29,2024-05-01,2024-04-29,Trade counter,Part despatched
SO-2024-01628,C1051,WAR,2024-04-29,2024-05-03,2024-04-29,Trade counter,Despatched
SO-2024-01629,C1051,WAR,2024-04-29,2024-04-30,2024-04-29,Account manager,Part despatched
SO-2024-01630,C1983,WAR,2024-04-29,2024-05-03,2024-04-29,Telephone,Part despatched
SO-2024-01631,C1168,LIV,2024-04-29,2024-05-02,2024-04-29,Telephone,Part despatched
SO-2024-01632,C1254,LIV,2024-04-29,2024-05-03,2024-04-29,Telephone,Despatched
SO-2024-01633,C1760,DAV,2024-04-30,2024-05-01,2024-04-30,Telephone,Despatched
SO-2024-01634,C1078,DAV,2024-04-30,2024-05-02,2024-04-30,Trade counter,Part despatched
SO-2024-01635,C1854,DAV,2024-04-30,2024-05-02,2024-05-01,Web,Despatched
SO-2024-01636,C1371,DAV,2024-04-30,2024-05-07,2024-04-30,Web,Despatched
SO-2024-01637,C1145,DAV,2024-04-30,2024-05-02,2024-04-30,Trade counter,Despatched
SO-2024-01638,C1531,DAV,2024-04-30,2024-05-02,2024-04-30,Telephone,Despatched
SO-2024-01639,C1795,DAV,2024-04-30,2024-05-01,2024-04-30,Web,Despatched
SO-2024-01640,C1734,DAV,2024-04-30,2024-05-01,2024-04-30,Trade counter,Part despatched
SO-2024-01641,C1429,DAV,2024-04-30,2024-05-02,2024-04-30,Web,Part despatched
SO-2024-01642,C1097,DAV,2024-04-30,2024-05-02,2024-05-01,Trade counter,Part despatched
SO-2024-01643,C1554,DAV,2024-04-30,2024-05-07,2024-04-30,Telephone,Despatched
SO-2024-01644,C1032,WAR,2024-04-30,2024-05-01,2024-04-30,Web,Despatched
SO-2024-01645,C1398,WAR,2024-04-30,2024-05-07,2024-04-30,Trade counter,Despatched
SO-2024-01646,C1085,LIV,2024-04-30,2024-05-07,2024-05-01,Web,Despatched
SO-2024-01647,C1728,DAV,2024-05-01,2024-05-03,2024-05-01,Telephone,Part despatched
SO-2024-01648,C1521,DAV,2024-05-01,2024-05-07,2024-05-03,Trade counter,Despatched
SO-2024-01649,C1610,DAV,2024-05-01,2024-05-07,2024-05-01,Trade counter,Despatched
SO-2024-01650,C1599,DAV,2024-05-01,2024-05-02,2024-05-02,Web,Despatched
SO-2024-01651,C1401,DAV,2024-05-01,2024-05-07,2024-05-01,Web,Part despatched
SO-2024-01652,C1145,DAV,2024-05-01,2024-05-03,2024-05-01,Telephone,Despatched
SO-2024-01653,C1704,DAV,2024-05-01,2024-05-03,2024-05-01,Web,Part despatched
SO-2024-01654,C1320,DAV,2024-05-01,2024-05-02,2024-05-01,Telephone,Despatched
SO-2024-01655,C1035,DAV,2024-05-01,2024-05-08,2024-05-01,Web,Part despatched
SO-2024-01656,C1585,DAV,2024-05-01,2024-05-02,2024-05-02,Web,Despatched
SO-2024-01657,C1434,DAV,2024-05-01,2024-05-08,2024-05-02,Web,Part despatched
SO-2024-01658,C1522,WAR,2024-05-01,2024-05-02,2024-05-01,Trade counter,Part despatched
SO-2024-01659,C1822,WAR,2024-05-01,2024-05-02,2024-05-01,Trade counter,Despatched
SO-2024-01660,C1051,WAR,2024-05-01,2024-05-07,2024-05-01,Web,Despatched
SO-2024-01661,C1802,WAR,2024-05-01,2024-05-07,2024-05-02,Web,Part despatched
SO-2024-01662,C1955,WAR,2024-05-01,2024-05-08,2024-05-03,Telephone,Despatched
SO-2024-01663,C1004,LIV,2024-05-01,2024-05-03,2024-05-01,Trade counter,Despatched
SO-2024-01664,C1333,LIV,2024-05-01,2024-05-08,2024-05-01,Account manager,Despatched
SO-2024-01665,C1168,LIV,2024-05-01,2024-05-03,2024-05-02,Trade counter,Despatched
SO-2024-01666,C1183,DAV,2024-05-02,2024-05-08,2024-05-02,Web,Despatched
SO-2024-01667,C1515,DAV,2024-05-02,2024-05-07,2024-05-02,Telephone,Part despatched
SO-2024-01668,C1800,DAV,2024-05-02,2024-05-09,2024-05-03,Trade counter,Despatched
SO-2024-01669,C1371,DAV,2024-05-02,2024-05-03,2024-05-02,Web,Despatched
SO-2024-01670,C1078,DAV,2024-05-02,2024-05-09,2024-05-03,Web,Despatched
SO-2024-01671,C1440,DAV,2024-05-02,2024-05-07,2024-05-03,Trade counter,Part despatched
SO-2024-01672,C1985,DAV,2024-05-02,2024-05-03,2024-05-02,Account manager,Despatched
SO-2024-01673,C1232,DAV,2024-05-02,2024-05-07,2024-05-02,Web,Despatched
SO-2024-01674,C1208,WAR,2024-05-02,2024-05-08,2024-05-02,Trade counter,Despatched
SO-2024-01675,C1955,WAR,2024-05-02,2024-05-08,2024-05-02,Web,Despatched
SO-2024-01676,C1790,WAR,2024-05-02,2024-05-03,2024-05-02,Telephone,Part despatched
SO-2024-01677,C1141,WAR,2024-05-02,2024-05-08,2024-05-03,Trade counter,Part despatched
SO-2024-01678,C1264,WAR,2024-05-02,2024-05-08,2024-05-02,Trade counter,Part despatched
SO-2024-01679,C1821,LIV,2024-05-02,2024-05-08,2024-05-02,Trade counter,Despatched
SO-2024-01680,C1435,LIV,2024-05-02,2024-05-08,2024-05-02,Telephone,Despatched
SO-2024-01681,C1760,DAV,2024-05-03,2024-05-07,2024-05-03,Web,Despatched
SO-2024-01682,C1227,DAV,2024-05-03,2024-05-07,2024-05-03,Web,Despatched
SO-2024-01683,C1270,DAV,2024-05-03,2024-05-08,2024-05-03,Telephone,Despatched
SO-2024-01684,C1429,DAV,2024-05-03,2024-05-10,2024-05-07,Web,Despatched
SO-2024-01685,C1531,DAV,2024-05-03,2024-05-10,2024-05-07,Web,Part despatched
SO-2024-01686,C1434,DAV,2024-05-03,2024-05-08,2024-05-03,Telephone,Part despatched
SO-2024-01687,C1559,DAV,2024-05-03,2024-05-09,2024-05-03,Telephone,Despatched
SO-2024-01688,C1366,DAV,2024-05-03,2024-05-07,2024-05-03,Telephone,Despatched
SO-2024-01689,C1094,DAV,2024-05-03,2024-05-07,2024-05-03,Trade counter,Despatched
SO-2024-01690,C1515,DAV,2024-05-03,2024-05-10,2024-05-03,Trade counter,Despatched
SO-2024-01691,C1679,WAR,2024-05-03,2024-05-10,2024-05-03,Web,Despatched
SO-2024-01692,C1207,WAR,2024-05-03,2024-05-07,2024-05-03,Account manager,Despatched
SO-2024-01693,C1349,WAR,2024-05-03,2024-05-08,2024-05-03,Web,Despatched
SO-2024-01694,C1460,WAR,2024-05-03,2024-05-09,2024-05-03,Web,Despatched
SO-2024-01695,C1264,WAR,2024-05-03,2024-05-09,2024-05-03,Web,Despatched
SO-2024-01696,C1911,LIV,2024-05-03,2024-05-09,2024-05-03,Account manager,Despatched
SO-2024-01697,C1705,LIV,2024-05-03,2024-05-07,2024-05-03,Account manager,Despatched
SO-2024-01698,C1669,DAV,2024-05-07,2024-05-13,2024-05-07,Telephone,Part despatched
SO-2024-01699,C1366,DAV,2024-05-07,2024-05-09,2024-05-07,Account manager,Despatched
SO-2024-01700,C1744,DAV,2024-05-07,2024-05-10,2024-05-07,Web,Despatched
SO-2024-01701,C1194,DAV,2024-05-07,2024-05-10,2024-05-08,Trade counter,Despatched
SO-2024-01702,C1559,DAV,2024-05-07,2024-05-09,2024-05-08,Web,Despatched
SO-2024-01703,C1971,DAV,2024-05-07,2024-05-10,2024-05-08,Telephone,Part despatched
SO-2024-01704,C1460,WAR,2024-05-07,2024-05-09,2024-05-07,Web,Despatched
SO-2024-01705,C1450,WAR,2024-05-07,2024-05-08,2024-05-07,Telephone,Despatched
SO-2024-01706,C1822,WAR,2024-05-07,2024-05-08,2024-05-07,Telephone,Part despatched
SO-2024-01707,C1560,WAR,2024-05-07,2024-05-08,2024-05-07,Web,Despatched
SO-2024-01708,C1802,WAR,2024-05-07,2024-05-08,2024-05-07,Web,Despatched
SO-2024-01709,C1230,WAR,2024-05-07,2024-05-13,2024-05-08,Telephone,Despatched
SO-2024-01710,C1790,WAR,2024-05-07,2024-05-10,2024-05-07,Telephone,Despatched
SO-2024-01711,C1871,WAR,2024-05-07,2024-05-09,2024-05-10,Telephone,Despatched
SO-2024-01712,C1821,LIV,2024-05-07,2024-05-13,2024-05-07,Web,Despatched
SO-2024-01713,C1964,LIV,2024-05-07,2024-05-08,2024-05-08,Trade counter,Despatched
SO-2024-01714,C1201,DAV,2024-05-08,2024-05-09,2024-05-10,Telephone,Despatched
SO-2024-01715,C1050,DAV,2024-05-08,2024-05-13,2024-05-10,Web,Despatched
SO-2024-01716,C1629,DAV,2024-05-08,2024-05-13,2024-05-10,Trade counter,Despatched
SO-2024-01717,C1515,DAV,2024-05-08,2024-05-13,2024-05-08,Telephone,Part despatched
SO-2024-01718,C1042,DAV,2024-05-08,2024-05-10,2024-05-08,Telephone,Despatched
SO-2024-01719,C1371,DAV,2024-05-08,2024-05-13,2024-05-08,Telephone,Despatched
SO-2024-01720,C1145,DAV,2024-05-08,2024-05-14,2024-05-08,Telephone,Despatched
SO-2024-01721,C1255,DAV,2024-05-08,2024-05-10,2024-05-09,Web,Despatched
SO-2024-01722,C1952,DAV,2024-05-08,2024-05-14,2024-05-09,Web,Despatched
SO-2024-01723,C1145,DAV,2024-05-08,2024-05-13,2024-05-08,Telephone,Despatched
SO-2024-01724,C1795,DAV,2024-05-08,2024-05-14,2024-05-08,Telephone,Part despatched
SO-2024-01725,C1032,WAR,2024-05-08,2024-05-14,,Trade counter,Cancelled
SO-2024-01726,C1848,WAR,2024-05-08,2024-05-13,2024-05-08,Telephone,Part despatched
SO-2024-01727,C1724,WAR,2024-05-08,2024-05-14,2024-05-08,Account manager,Despatched
SO-2024-01728,C1156,WAR,2024-05-08,2024-05-14,2024-05-10,Trade counter,Part despatched
SO-2024-01729,C1941,LIV,2024-05-08,2024-05-09,2024-05-09,Account manager,Despatched
SO-2024-01730,C1180,LIV,2024-05-08,2024-05-13,2024-05-08,Telephone,Despatched
SO-2024-01731,C1823,LIV,2024-05-08,2024-05-14,2024-05-08,Telephone,Despatched
SO-2024-01732,C1599,DAV,2024-05-09,2024-05-10,2024-05-09,Account manager,Despatched
SO-2024-01733,C1593,DAV,2024-05-09,2024-05-10,2024-05-09,Telephone,Despatched
SO-2024-01734,C1097,DAV,2024-05-09,2024-05-14,2024-05-09,Web,Despatched
SO-2024-01735,C1859,DAV,2024-05-09,2024-05-14,2024-05-09,Trade counter,Despatched
SO-2024-01736,C1639,DAV,2024-05-09,2024-05-14,2024-05-09,Telephone,Despatched
SO-2024-01737,C1311,DAV,2024-05-09,2024-05-14,2024-05-09,Telephone,Despatched
SO-2024-01738,C1211,DAV,2024-05-09,2024-05-15,2024-05-09,Trade counter,Despatched
SO-2024-01739,C1434,DAV,2024-05-09,2024-05-13,2024-05-09,Account manager,Despatched
SO-2024-01740,C1948,WAR,2024-05-09,2024-05-10,2024-05-09,Telephone,Despatched
SO-2024-01741,C1154,WAR,2024-05-09,2024-05-14,2024-05-09,Trade counter,Despatched
SO-2024-01742,C1398,WAR,2024-05-09,2024-05-10,2024-05-09,Web,Part despatched
SO-2024-01743,C1032,WAR,2024-05-09,2024-05-14,2024-05-14,Web,Part despatched
SO-2024-01744,C1802,WAR,2024-05-09,2024-05-13,2024-05-09,Web,Part despatched
SO-2024-01745,C1234,WAR,2024-05-09,2024-05-15,2024-05-09,Trade counter,Despatched
SO-2024-01746,C1209,DAV,2024-05-10,2024-05-14,2024-05-10,Web,Despatched
SO-2024-01747,C1385,DAV,2024-05-10,2024-05-13,2024-05-10,Trade counter,Despatched
SO-2024-01748,C1278,DAV,2024-05-10,2024-05-13,2024-05-10,Account manager,Despatched
SO-2024-01749,C1255,DAV,2024-05-10,2024-05-15,2024-05-10,Telephone,Despatched
SO-2024-01750,C1660,DAV,2024-05-10,2024-05-16,2024-05-10,Account manager,Despatched
SO-2024-01751,C1971,DAV,2024-05-10,2024-05-16,2024-05-10,Trade counter,Despatched
SO-2024-01752,C1599,DAV,2024-05-10,2024-05-15,2024-05-13,Web,Despatched
SO-2024-01753,C1948,WAR,2024-05-10,2024-05-16,2024-05-10,Web,Despatched
SO-2024-01754,C1831,WAR,2024-05-10,2024-05-15,2024-05-10,Telephone,Part despatched
SO-2024-01755,C1075,WAR,2024-05-10,2024-05-13,2024-05-13,Trade counter,Despatched
SO-2024-01756,C1581,WAR,2024-05-10,2024-05-14,2024-05-13,Trade counter,Despatched
SO-2024-01757,C1032,WAR,2024-05-10,2024-05-14,2024-05-10,Telephone,Despatched
SO-2024-01758,C1896,WAR,2024-05-10,2024-05-16,2024-05-10,Trade counter,Despatched
SO-2024-01759,C1844,WAR,2024-05-10,2024-05-16,2024-05-10,Web,Part despatched
SO-2024-01760,C1208,WAR,2024-05-10,2024-05-13,2024-05-14,Account manager,Part despatched
SO-2024-01761,C1822,WAR,2024-05-10,2024-05-13,2024-05-10,Trade counter,Despatched
SO-2024-01762,C1441,WAR,2024-05-10,2024-05-15,2024-05-14,Telephone,Despatched
SO-2024-01763,C1032,WAR,2024-05-10,2024-05-14,2024-05-10,Telephone,Despatched
SO-2024-01764,C1305,LIV,2024-05-10,2024-05-14,2024-05-10,Telephone,Despatched
SO-2024-01765,C1760,DAV,2024-05-13,2024-05-16,2024-05-13,Web,Despatched
SO-2024-01766,C1370,DAV,2024-05-13,2024-05-17,2024-05-13,Account manager,Despatched
SO-2024-01767,C1776,DAV,2024-05-13,2024-05-16,2024-05-16,Trade counter,Despatched
SO-2024-01768,C1901,DAV,2024-05-13,2024-05-17,2024-05-13,Telephone,Despatched
SO-2024-01769,C1114,DAV,2024-05-13,2024-05-15,2024-05-13,Trade counter,Despatched
SO-2024-01770,C1098,DAV,2024-05-13,2024-05-15,2024-05-13,Telephone,Despatched
SO-2024-01771,C1587,DAV,2024-05-13,2024-05-16,2024-05-14,Telephone,Despatched
SO-2024-01772,C1734,DAV,2024-05-13,2024-05-17,2024-05-13,Trade counter,Despatched
SO-2024-01773,C1872,WAR,2024-05-13,2024-05-14,2024-05-13,Telephone,Part despatched
SO-2024-01774,C1234,WAR,2024-05-13,2024-05-17,2024-05-13,Trade counter,Despatched
SO-2024-01775,C1558,WAR,2024-05-13,2024-05-17,2024-05-14,Telephone,Part despatched
SO-2024-01776,C1802,WAR,2024-05-13,2024-05-15,2024-05-13,Trade counter,Part despatched
SO-2024-01777,C1955,WAR,2024-05-13,2024-05-17,2024-05-14,Web,Despatched
SO-2024-01778,C1482,WAR,2024-05-13,2024-05-16,2024-05-13,Telephone,Despatched
SO-2024-01779,C1866,WAR,2024-05-13,2024-05-14,2024-05-15,Telephone,Part despatched
SO-2024-01780,C1495,WAR,2024-05-13,2024-05-15,2024-05-14,Trade counter,Despatched
SO-2024-01781,C1495,WAR,2024-05-13,2024-05-15,2024-05-13,Web,Despatched
SO-2024-01782,C1871,WAR,2024-05-13,2024-05-16,2024-05-14,Telephone,Despatched
SO-2024-01783,C1441,WAR,2024-05-13,2024-05-16,2024-05-14,Account manager,Despatched
SO-2024-01784,C1168,LIV,2024-05-13,2024-05-17,2024-05-13,Web,Despatched
SO-2024-01785,C1778,LIV,2024-05-13,2024-05-16,2024-05-14,Trade counter,Despatched
SO-2024-01786,C1835,LIV,2024-05-13,2024-05-14,2024-05-14,Telephone,Despatched
SO-2024-01787,C1435,LIV,2024-05-13,2024-05-16,2024-05-14,Trade counter,Part despatched
SO-2024-01788,C1821,LIV,2024-05-13,2024-05-16,2024-05-13,Telephone,Despatched
SO-2024-01789,C1160,LIV,2024-05-13,2024-05-16,2024-05-13,Trade counter,Despatched
SO-2024-01790,C1194,DAV,2024-05-14,2024-05-20,2024-05-14,Trade counter,Despatched
SO-2024-01791,C1276,DAV,2024-05-14,2024-05-20,2024-05-17,Web,Part despatched
SO-2024-01792,C1235,DAV,2024-05-14,2024-05-15,2024-05-14,Telephone,Despatched
SO-2024-01793,C1854,DAV,2024-05-14,2024-05-15,2024-05-14,Account manager,Despatched
SO-2024-01794,C1145,DAV,2024-05-14,2024-05-17,2024-05-15,Web,Despatched
SO-2024-01795,C1062,DAV,2024-05-14,2024-05-16,2024-05-14,Account manager,Despatched
SO-2024-01796,C1730,WAR,2024-05-14,2024-05-17,2024-05-14,Telephone,Despatched
SO-2024-01797,C1730,WAR,2024-05-14,2024-05-17,2024-05-14,Trade counter,Despatched
SO-2024-01798,C1702,WAR,2024-05-14,2024-05-17,2024-05-14,Telephone,Part despatched
SO-2024-01799,C1790,WAR,2024-05-14,2024-05-15,2024-05-14,Telephone,Despatched
SO-2024-01800,C1051,WAR,2024-05-14,2024-05-15,2024-05-14,Account manager,Part despatched
SO-2024-01801,C1651,WAR,2024-05-14,2024-05-20,2024-05-14,Account manager,Despatched
SO-2024-01802,C1948,WAR,2024-05-14,2024-05-16,2024-05-14,Trade counter,Part despatched
SO-2024-01803,C1422,LIV,2024-05-14,2024-05-16,2024-05-14,Trade counter,Despatched
SO-2024-01804,C1821,LIV,2024-05-14,2024-05-17,2024-05-14,Account manager,Despatched
SO-2024-01805,C1577,DAV,2024-05-15,2024-05-17,2024-05-15,Web,Despatched
SO-2024-01806,C1278,DAV,2024-05-15,2024-05-21,2024-05-20,Web,Part despatched
SO-2024-01807,C1407,DAV,2024-05-15,2024-05-20,2024-05-16,Telephone,Despatched
SO-2024-01808,C1133,DAV,2024-05-15,2024-05-21,2024-05-15,Web,Despatched
SO-2024-01809,C1682,DAV,2024-05-15,2024-05-21,2024-05-15,Trade counter,Despatched
SO-2024-01810,C1554,DAV,2024-05-15,2024-05-21,2024-05-16,Trade counter,Despatched
SO-2024-01811,C1599,DAV,2024-05-15,2024-05-17,2024-05-15,Web,Despatched
SO-2024-01812,C1407,DAV,2024-05-15,2024-05-16,2024-05-15,Trade counter,Despatched
SO-2024-01813,C1644,DAV,2024-05-15,2024-05-17,2024-05-15,Telephone,Part despatched
SO-2024-01814,C1724,WAR,2024-05-15,2024-05-20,2024-05-15,Trade counter,Despatched
SO-2024-01815,C1866,WAR,2024-05-15,2024-05-17,2024-05-15,Trade counter,Despatched
SO-2024-01816,C1790,WAR,2024-05-15,2024-05-17,2024-05-15,Web,Part despatched
SO-2024-01817,C1716,WAR,2024-05-15,2024-05-17,2024-05-15,Web,Part despatched
SO-2024-01818,C1558,WAR,2024-05-15,2024-05-20,2024-05-20,Web,Despatched
SO-2024-01819,C1032,WAR,2024-05-15,2024-05-21,2024-05-16,Telephone,Despatched
SO-2024-01820,C1716,WAR,2024-05-15,2024-05-21,2024-05-15,Telephone,Part despatched
SO-2024-01821,C1254,LIV,2024-05-15,2024-05-20,2024-05-15,Telephone,Despatched
SO-2024-01822,C1936,DAV,2024-05-16,2024-05-22,2024-05-17,Telephone,Despatched
SO-2024-01823,C1491,DAV,2024-05-16,2024-05-21,2024-05-17,Trade counter,Despatched
SO-2024-01824,C1035,DAV,2024-05-16,2024-05-17,2024-05-17,Telephone,Despatched
SO-2024-01825,C1734,DAV,2024-05-16,2024-05-22,2024-05-17,Telephone,Despatched
SO-2024-01826,C1563,DAV,2024-05-16,2024-05-17,2024-05-17,Web,Part despatched
SO-2024-01827,C1078,DAV,2024-05-16,2024-05-21,2024-05-16,Trade counter,Despatched
SO-2024-01828,C1748,DAV,2024-05-16,2024-05-21,2024-05-16,Telephone,Despatched
SO-2024-01829,C1078,DAV,2024-05-16,2024-05-17,2024-05-17,Telephone,Despatched
SO-2024-01830,C1209,DAV,2024-05-16,2024-05-22,2024-05-16,Web,Part despatched
SO-2024-01831,C1848,WAR,2024-05-16,2024-05-22,2024-05-16,Telephone,Part despatched
SO-2024-01832,C1234,WAR,2024-05-16,2024-05-21,2024-05-20,Trade counter,Despatched
SO-2024-01833,C1651,WAR,2024-05-16,2024-05-22,2024-05-21,Telephone,Part despatched
SO-2024-01834,C1264,WAR,2024-05-16,2024-05-22,2024-05-16,Account manager,Despatched
SO-2024-01835,C1430,LIV,2024-05-16,2024-05-20,2024-05-16,Trade counter,Despatched
SO-2024-01836,C1693,LIV,2024-05-16,2024-05-22,2024-05-16,Account manager,Part despatched
SO-2024-01837,C1268,LIV,2024-05-16,2024-05-20,2024-05-16,Web,Part despatched
SO-2024-01838,C1333,LIV,2024-05-16,2024-05-22,2024-05-17,Account manager,Despatched
SO-2024-01839,C1085,LIV,2024-05-16,2024-05-21,2024-05-16,Trade counter,Despatched
SO-2024-01840,C1300,DAV,2024-05-17,2024-05-23,2024-05-20,Account manager,Despatched
SO-2024-01841,C1728,DAV,2024-05-17,2024-05-21,2024-05-17,Trade counter,Despatched
SO-2024-01842,C1426,DAV,2024-05-17,2024-05-23,2024-05-17,Telephone,Part despatched
SO-2024-01843,C1098,DAV,2024-05-17,2024-05-23,2024-05-17,Telephone,Despatched
SO-2024-01844,C1563,DAV,2024-05-17,2024-05-23,2024-05-17,Trade counter,Despatched
SO-2024-01845,C1447,DAV,2024-05-17,2024-05-22,2024-05-17,Trade counter,Despatched
SO-2024-01846,C1447,DAV,2024-05-17,2024-05-21,2024-05-20,Telephone,Part despatched
SO-2024-01847,C1648,DAV,2024-05-17,2024-05-23,2024-05-20,Account manager,Despatched
SO-2024-01848,C1429,DAV,2024-05-17,2024-05-20,2024-05-20,Trade counter,Despatched
SO-2024-01849,C1051,WAR,2024-05-17,2024-05-20,2024-05-17,Telephone,Despatched
SO-2024-01850,C1234,WAR,2024-05-17,2024-05-23,2024-05-17,Telephone,Despatched
SO-2024-01851,C1948,WAR,2024-05-17,2024-05-23,2024-05-17,Web,Despatched
SO-2024-01852,C1215,WAR,2024-05-17,2024-05-21,2024-05-17,Account manager,Part despatched
SO-2024-01853,C1423,LIV,2024-05-17,2024-05-20,2024-05-17,Telephone,Despatched
SO-2024-01854,C1715,LIV,2024-05-17,2024-05-21,2024-05-17,Telephone,Despatched
SO-2024-01855,C1964,LIV,2024-05-17,2024-05-20,2024-05-17,Telephone,Despatched
SO-2024-01856,C1004,LIV,2024-05-17,2024-05-20,2024-05-17,Telephone,Despatched
SO-2024-01857,C1734,DAV,2024-05-20,2024-05-24,2024-05-20,Telephone,Despatched
SO-2024-01858,C1094,DAV,2024-05-20,2024-05-22,2024-05-20,Telephone,Part despatched
SO-2024-01859,C1299,DAV,2024-05-20,2024-05-22,2024-05-20,Telephone,Part despatched
SO-2024-01860,C1605,DAV,2024-05-20,2024-05-22,2024-05-21,Telephone,Despatched
SO-2024-01861,C1936,DAV,2024-05-20,2024-05-22,2024-05-20,Trade counter,Despatched
SO-2024-01862,C1521,DAV,2024-05-20,2024-05-22,2024-05-21,Account manager,Part despatched
SO-2024-01863,C1818,DAV,2024-05-20,2024-05-24,2024-05-21,Web,Despatched
SO-2024-01864,C1734,DAV,2024-05-20,2024-05-21,2024-05-20,Telephone,Despatched
SO-2024-01865,C1416,DAV,2024-05-20,2024-05-22,2024-05-20,Account manager,Despatched
SO-2024-01866,C1389,DAV,2024-05-20,2024-05-22,2024-05-20,Web,Despatched
SO-2024-01867,C1407,DAV,2024-05-20,2024-05-22,2024-05-21,Web,Despatched
SO-2024-01868,C1447,DAV,2024-05-20,2024-05-23,2024-05-20,Trade counter,Part despatched
SO-2024-01869,C1440,DAV,2024-05-20,2024-05-24,2024-05-20,Web,Despatched
SO-2024-01870,C1110,DAV,2024-05-20,2024-05-24,2024-05-20,Trade counter,Despatched
SO-2024-01871,C1335,DAV,2024-05-20,2024-05-21,2024-05-20,Web,Despatched
SO-2024-01872,C1610,DAV,2024-05-20,2024-05-23,2024-05-21,Web,Part despatched
SO-2024-01873,C1495,WAR,2024-05-20,2024-05-22,2024-05-20,Telephone,Despatched
SO-2024-01874,C1215,WAR,2024-05-20,2024-05-21,2024-05-21,Account manager,Despatched
SO-2024-01875,C1051,WAR,2024-05-20,2024-05-21,2024-05-20,Web,Despatched
SO-2024-01876,C1168,LIV,2024-05-20,2024-05-22,2024-05-21,Web,Despatched
SO-2024-01877,C1600,LIV,2024-05-20,2024-05-23,2024-05-21,Trade counter,Part despatched
SO-2024-01878,C1952,DAV,2024-05-21,2024-05-23,2024-05-22,Web,Despatched
SO-2024-01879,C1593,DAV,2024-05-21,2024-05-23,2024-05-21,Account manager,Part despatched
SO-2024-01880,C1447,DAV,2024-05-21,2024-05-23,2024-05-21,Account manager,Part despatched
SO-2024-01881,C1531,DAV,2024-05-21,2024-05-22,2024-05-21,Web,Despatched
SO-2024-01882,C1830,DAV,2024-05-21,2024-05-24,2024-05-21,Telephone,Despatched
SO-2024-01883,C1429,DAV,2024-05-21,2024-05-24,2024-05-21,Telephone,Despatched
SO-2024-01884,C1278,DAV,2024-05-21,2024-05-23,2024-05-21,Telephone,Despatched
SO-2024-01885,C1429,DAV,2024-05-21,2024-05-23,2024-05-22,Telephone,Despatched
SO-2024-01886,C1407,DAV,2024-05-21,2024-05-22,2024-05-21,Telephone,Despatched
SO-2024-01887,C1440,DAV,2024-05-21,2024-05-28,2024-05-22,Telephone,Part despatched
SO-2024-01888,C1447,DAV,2024-05-21,2024-05-28,2024-05-21,Telephone,Despatched
SO-2024-01889,C1790,WAR,2024-05-21,2024-05-28,2024-05-22,Telephone,Despatched
SO-2024-01890,C1234,WAR,2024-05-21,2024-05-24,2024-05-22,Web,Despatched
SO-2024-01891,C1581,WAR,2024-05-21,2024-05-23,2024-05-21,Telephone,Part despatched
SO-2024-01892,C1685,LIV,2024-05-21,2024-05-22,2024-05-23,Telephone,Despatched
SO-2024-01893,C1691,LIV,2024-05-21,2024-05-24,2024-05-21,Web,Despatched
SO-2024-01894,C1821,LIV,2024-05-21,2024-05-24,2024-05-21,Telephone,Despatched
SO-2024-01895,C1085,LIV,2024-05-21,2024-05-24,2024-05-21,Web,Despatched
SO-2024-01896,C1389,DAV,2024-05-22,2024-05-23,2024-05-23,Telephone,Despatched
SO-2024-01897,C1299,DAV,2024-05-22,2024-05-28,2024-05-23,Trade counter,Despatched
SO-2024-01898,C1795,DAV,2024-05-22,2024-05-29,2024-05-24,Trade counter,Part despatched
SO-2024-01899,C1593,DAV,2024-05-22,2024-05-28,2024-05-22,Telephone,Part despatched
SO-2024-01900,C1078,DAV,2024-05-22,2024-05-28,2024-05-22,Trade counter,Part despatched
SO-2024-01901,C1569,DAV,2024-05-22,2024-05-28,2024-05-22,Web,Despatched
SO-2024-01902,C1407,DAV,2024-05-22,2024-05-23,2024-05-23,Telephone,Despatched
SO-2024-01903,C1599,DAV,2024-05-22,2024-05-28,2024-05-22,Web,Despatched
SO-2024-01904,C1827,DAV,2024-05-22,2024-05-24,2024-05-28,Trade counter,Despatched
SO-2024-01905,C1521,DAV,2024-05-22,2024-05-23,2024-05-22,Telephone,Part despatched
SO-2024-01906,C1581,WAR,2024-05-22,2024-05-29,2024-05-22,Trade counter,Despatched
SO-2024-01907,C1234,WAR,2024-05-22,2024-05-29,2024-05-22,Trade counter,Despatched
SO-2024-01908,C1831,WAR,2024-05-22,2024-05-24,2024-05-24,Telephone,Despatched
SO-2024-01909,C1808,WAR,2024-05-22,2024-05-29,2024-05-22,Web,Despatched
SO-2024-01910,C1560,WAR,2024-05-22,2024-05-29,2024-05-22,Telephone,Despatched
SO-2024-01911,C1174,WAR,2024-05-22,2024-05-28,2024-05-23,Telephone,Despatched
SO-2024-01912,C1955,WAR,2024-05-22,2024-05-29,2024-05-23,Telephone,Despatched
SO-2024-01913,C1607,LIV,2024-05-22,2024-05-23,2024-05-22,Account manager,Despatched
SO-2024-01914,C1422,LIV,2024-05-22,2024-05-23,2024-05-23,Telephone,Despatched
SO-2024-01915,C1033,LIV,2024-05-22,2024-05-29,2024-05-22,Trade counter,Despatched
SO-2024-01916,C1255,DAV,2024-05-23,2024-05-29,2024-05-23,Trade counter,Despatched
SO-2024-01917,C1830,DAV,2024-05-23,2024-05-24,2024-05-23,Trade counter,Despatched
SO-2024-01918,C1335,DAV,2024-05-23,2024-05-28,2024-05-23,Web,Despatched
SO-2024-01919,C1290,DAV,2024-05-23,2024-05-24,2024-05-23,Web,Despatched
SO-2024-01920,C1335,DAV,2024-05-23,2024-05-30,2024-05-28,Trade counter,Despatched
SO-2024-01921,C1491,DAV,2024-05-23,2024-05-30,2024-05-23,Telephone,Part despatched
SO-2024-01922,C1739,DAV,2024-05-23,2024-05-30,2024-05-23,Web,Part despatched
SO-2024-01923,C1585,DAV,2024-05-23,2024-05-24,2024-05-23,Telephone,Despatched
SO-2024-01924,C1156,WAR,2024-05-23,2024-05-29,2024-05-24,Telephone,Part despatched
SO-2024-01925,C1460,WAR,2024-05-23,2024-05-29,2024-05-23,Telephone,Despatched
SO-2024-01926,C1450,WAR,2024-05-23,2024-05-28,2024-05-23,Trade counter,Despatched
SO-2024-01927,C1010,WAR,2024-05-23,2024-05-28,2024-05-28,Trade counter,Despatched
SO-2024-01928,C1802,WAR,2024-05-23,2024-05-28,2024-05-23,Trade counter,Part despatched
SO-2024-01929,C1391,WAR,2024-05-23,2024-05-24,2024-05-23,Web,Despatched
SO-2024-01930,C1168,LIV,2024-05-23,2024-05-29,2024-05-23,Trade counter,Despatched
SO-2024-01931,C1379,LIV,2024-05-23,2024-05-24,2024-05-23,Telephone,Despatched
SO-2024-01932,C1124,LIV,2024-05-23,2024-05-28,2024-05-23,Web,Despatched
SO-2024-01933,C1168,LIV,2024-05-23,2024-05-30,2024-05-23,Account manager,Despatched
SO-2024-01934,C1145,DAV,2024-05-24,2024-05-28,2024-05-28,Telephone,Despatched
SO-2024-01935,C1389,DAV,2024-05-24,2024-05-29,2024-05-24,Telephone,Despatched
SO-2024-01936,C1098,DAV,2024-05-24,2024-05-28,2024-05-24,Telephone,Despatched
SO-2024-01937,C1728,DAV,2024-05-24,2024-05-28,2024-05-28,Account manager,Part despatched
SO-2024-01938,C1599,DAV,2024-05-24,2024-05-28,2024-05-28,Trade counter,Despatched
SO-2024-01939,C1407,DAV,2024-05-24,2024-05-29,2024-05-28,Web,Despatched
SO-2024-01940,C1521,DAV,2024-05-24,2024-05-31,2024-05-24,Web,Despatched
SO-2024-01941,C1952,DAV,2024-05-24,2024-05-28,2024-05-24,Trade counter,Despatched
SO-2024-01942,C1632,DAV,2024-05-24,2024-05-28,2024-05-24,Trade counter,Despatched
SO-2024-01943,C1795,DAV,2024-05-24,2024-05-28,2024-05-28,Account manager,Despatched
SO-2024-01944,C1648,DAV,2024-05-24,2024-05-29,2024-05-24,Account manager,Despatched
SO-2024-01945,C1255,DAV,2024-05-24,2024-05-28,2024-05-24,Trade counter,Despatched
SO-2024-01946,C1366,DAV,2024-05-24,2024-05-30,2024-05-24,Account manager,Part despatched
SO-2024-01947,C1871,WAR,2024-05-24,2024-05-28,2024-05-24,Web,Despatched
SO-2024-01948,C1360,WAR,2024-05-24,2024-05-31,2024-05-24,Telephone,Part despatched
SO-2024-01949,C1535,WAR,2024-05-24,2024-05-30,2024-05-28,Telephone,Despatched
SO-2024-01950,C1174,WAR,2024-05-24,2024-05-31,2024-05-29,Web,Despatched
SO-2024-01951,C1581,WAR,2024-05-24,2024-05-29,2024-05-24,Account manager,Despatched
SO-2024-01952,C1160,LIV,2024-05-24,2024-05-30,2024-05-24,Account manager,Despatched
SO-2024-01953,C1371,DAV,2024-05-28,2024-05-30,2024-05-31,Web,Despatched
SO-2024-01954,C1307,DAV,2024-05-28,2024-05-31,2024-05-28,Web,Part despatched
SO-2024-01955,C1744,DAV,2024-05-28,2024-05-29,2024-05-28,Telephone,Despatched
SO-2024-01956,C1169,DAV,2024-05-28,2024-05-31,2024-05-28,Telephone,Despatched
SO-2024-01957,C1232,DAV,2024-05-28,2024-05-30,2024-05-28,Web,Despatched
SO-2024-01958,C1145,DAV,2024-05-28,2024-05-29,2024-05-28,Telephone,Despatched
SO-2024-01959,C1532,DAV,2024-05-28,2024-05-31,2024-05-28,Web,Despatched
SO-2024-01960,C1648,DAV,2024-05-28,2024-06-03,2024-05-28,Telephone,Part despatched
SO-2024-01961,C1671,WAR,2024-05-28,2024-05-30,2024-05-28,Telephone,Despatched
SO-2024-01962,C1844,WAR,2024-05-28,2024-05-31,2024-05-28,Telephone,Despatched
SO-2024-01963,C1057,WAR,2024-05-28,2024-06-03,2024-05-29,Trade counter,Part despatched
SO-2024-01964,C1032,WAR,2024-05-28,2024-06-03,2024-05-28,Web,Despatched
SO-2024-01965,C1821,LIV,2024-05-28,2024-05-29,2024-05-30,Trade counter,Part despatched
SO-2024-01966,C1957,LIV,2024-05-28,2024-05-30,2024-05-29,Web,Despatched
SO-2024-01967,C1607,LIV,2024-05-28,2024-05-30,2024-05-30,Telephone,Part despatched
SO-2024-01968,C1078,DAV,2024-05-29,2024-06-04,2024-05-29,Trade counter,Despatched
SO-2024-01969,C1145,DAV,2024-05-29,2024-06-04,2024-05-30,Telephone,Part despatched
SO-2024-01970,C1952,DAV,2024-05-29,2024-05-31,2024-05-29,Telephone,Despatched
SO-2024-01971,C1255,DAV,2024-05-29,2024-05-31,2024-05-30,Trade counter,Despatched
SO-2024-01972,C1145,DAV,2024-05-29,2024-06-03,2024-05-29,Telephone,Despatched
SO-2024-01973,C1613,DAV,2024-05-29,2024-05-31,2024-05-29,Account manager,Part despatched
SO-2024-01974,C1032,WAR,2024-05-29,2024-06-03,2024-05-31,Trade counter,Despatched
SO-2024-01975,C1215,WAR,2024-05-29,2024-06-04,2024-05-29,Trade counter,Despatched
SO-2024-01976,C1032,WAR,2024-05-29,2024-06-03,2024-05-29,Trade counter,Despatched
SO-2024-01977,C1402,WAR,2024-05-29,2024-06-04,2024-05-29,Account manager,Despatched
SO-2024-01978,C1730,WAR,2024-05-29,2024-05-31,2024-05-29,Trade counter,Despatched
SO-2024-01979,C1010,WAR,2024-05-29,2024-05-31,2024-05-29,Trade counter,Part despatched
SO-2024-01980,C1321,LIV,2024-05-29,2024-05-31,2024-05-29,Trade counter,Despatched
SO-2024-01981,C1821,LIV,2024-05-29,2024-06-04,2024-05-29,Trade counter,Despatched
SO-2024-01982,C1429,DAV,2024-05-30,2024-06-03,2024-05-30,Telephone,Part despatched
SO-2024-01983,C1035,DAV,2024-05-30,2024-06-04,2024-05-30,Account manager,Despatched
SO-2024-01984,C1007,DAV,2024-05-30,2024-05-31,2024-05-30,Account manager,Despatched
SO-2024-01985,C1593,DAV,2024-05-30,2024-06-04,2024-05-30,Web,Despatched
SO-2024-01986,C1830,DAV,2024-05-30,2024-06-05,2024-05-30,Trade counter,Despatched
SO-2024-01987,C1413,DAV,2024-05-30,2024-06-05,2024-05-31,Trade counter,Despatched
SO-2024-01988,C1515,DAV,2024-05-30,2024-05-31,2024-05-30,Trade counter,Part despatched
SO-2024-01989,C1802,WAR,2024-05-30,2024-06-04,2024-05-30,Web,Part despatched
SO-2024-01990,C1409,WAR,2024-05-30,2024-06-04,2024-05-30,Trade counter,Despatched
SO-2024-01991,C1495,WAR,2024-05-30,2024-06-03,2024-05-30,Telephone,Despatched
SO-2024-01992,C1215,WAR,2024-05-30,2024-06-04,2024-05-30,Web,Despatched
SO-2024-01993,C1802,WAR,2024-05-30,2024-06-04,2024-05-30,Account manager,Despatched
SO-2024-01994,C1591,WAR,2024-05-30,2024-06-03,2024-05-30,Trade counter,Part despatched
SO-2024-01995,C1395,WAR,2024-05-30,2024-06-03,2024-05-30,Trade counter,Part despatched
SO-2024-01996,C1032,WAR,2024-05-30,2024-06-05,2024-05-30,Telephone,Despatched
SO-2024-01997,C1835,LIV,2024-05-30,2024-06-03,,Web,Cancelled
SO-2024-01998,C1366,DAV,2024-05-31,2024-06-04,2024-05-31,Trade counter,Despatched
SO-2024-01999,C1184,DAV,2024-05-31,2024-06-05,2024-06-04,Trade counter,Despatched
SO-2024-02000,C1366,DAV,2024-05-31,2024-06-05,2024-05-31,Telephone,Despatched
SO-2024-02001,C1445,DAV,2024-05-31,2024-06-05,2024-05-31,Web,Despatched
SO-2024-02002,C1952,DAV,2024-05-31,2024-06-04,2024-05-31,Trade counter,Despatched
SO-2024-02003,C1442,DAV,2024-05-31,2024-06-04,2024-05-31,Telephone,Despatched
SO-2024-02004,C1563,DAV,2024-05-31,2024-06-06,2024-05-31,Account manager,Despatched
SO-2024-02005,C1882,DAV,2024-05-31,2024-06-03,2024-06-03,Trade counter,Part despatched
SO-2024-02006,C1215,WAR,2024-05-31,2024-06-03,2024-06-03,Telephone,Despatched
SO-2024-02007,C1495,WAR,2024-05-31,2024-06-06,2024-05-31,Trade counter,Despatched
SO-2024-02008,C1234,WAR,2024-05-31,2024-06-05,2024-05-31,Telephone,Despatched
SO-2024-02009,C1558,WAR,2024-05-31,2024-06-04,2024-05-31,Telephone,Part despatched
SO-2024-02010,C1441,WAR,2024-05-31,2024-06-03,2024-05-31,Account manager,Despatched
SO-2024-02011,C1896,WAR,2024-05-31,2024-06-03,2024-06-03,Trade counter,Despatched
SO-2024-02012,C1032,WAR,2024-05-31,2024-06-05,2024-05-31,Trade counter,Part despatched
SO-2024-02013,C1057,WAR,2024-05-31,2024-06-05,2024-05-31,Trade counter,Part despatched
SO-2024-02014,C1900,LIV,2024-05-31,2024-06-04,2024-05-31,Account manager,Despatched
SO-2024-02015,C1085,LIV,2024-05-31,2024-06-03,2024-05-31,Web,Despatched
SO-2024-02016,C1776,DAV,2024-06-03,2024-06-05,2024-06-03,Telephone,Despatched
SO-2024-02017,C1429,DAV,2024-06-03,2024-06-04,2024-06-03,Trade counter,Despatched
SO-2024-02018,C1928,DAV,2024-06-03,2024-06-06,2024-06-03,Account manager,Part despatched
SO-2024-02019,C1830,DAV,2024-06-03,2024-06-05,2024-06-04,Telephone,Part despatched
SO-2024-02020,C1097,DAV,2024-06-03,2024-06-05,2024-06-03,Telephone,Despatched
SO-2024-02021,C1143,DAV,2024-06-03,2024-06-04,2024-06-05,Web,Despatched
SO-2024-02022,C1097,DAV,2024-06-03,2024-06-06,2024-06-04,Trade counter,Part despatched
SO-2024-02023,C1255,DAV,2024-06-03,2024-06-04,2024-06-03,Trade counter,Part despatched
SO-2024-02024,C1320,DAV,2024-06-03,2024-06-07,2024-06-03,Trade counter,Part despatched
SO-2024-02025,C1875,DAV,2024-06-03,2024-06-04,2024-06-04,Account manager,Part despatched
SO-2024-02026,C1316,DAV,2024-06-03,2024-06-07,2024-06-03,Web,Despatched
SO-2024-02027,C1032,WAR,2024-06-03,2024-06-07,2024-06-04,Trade counter,Part despatched
SO-2024-02028,C1292,WAR,2024-06-03,2024-06-07,2024-06-03,Trade counter,Part despatched
SO-2024-02029,C1624,WAR,2024-06-03,2024-06-05,2024-06-03,Web,Despatched
SO-2024-02030,C1464,WAR,2024-06-03,2024-06-07,2024-06-03,Telephone,Part despatched
SO-2024-02031,C1460,WAR,2024-06-03,2024-06-07,2024-06-03,Web,Despatched
SO-2024-02032,C1844,WAR,2024-06-03,2024-06-07,2024-06-03,Trade counter,Despatched
SO-2024-02033,C1560,WAR,2024-06-03,2024-06-06,2024-06-03,Trade counter,Despatched
SO-2024-02034,C1450,WAR,2024-06-03,2024-06-04,2024-06-03,Trade counter,Despatched
SO-2024-02035,C1004,LIV,2024-06-03,2024-06-07,2024-06-03,Trade counter,Despatched
SO-2024-02036,C1715,LIV,2024-06-03,2024-06-07,2024-06-03,Account manager,Despatched
SO-2024-02037,C1951,LIV,2024-06-03,2024-06-06,2024-06-03,Account manager,Despatched
SO-2024-02038,C1435,LIV,2024-06-03,2024-06-07,2024-06-04,Telephone,Despatched
SO-2024-02039,C1429,DAV,2024-06-04,2024-06-05,2024-06-06,Web,Despatched
SO-2024-02040,C1587,DAV,2024-06-04,2024-06-05,2024-06-04,Trade counter,Despatched
SO-2024-02041,C1255,DAV,2024-06-04,2024-06-07,2024-06-05,Trade counter,Despatched
SO-2024-02042,C1276,DAV,2024-06-04,2024-06-05,2024-06-04,Trade counter,Despatched
SO-2024-02043,C1385,DAV,2024-06-04,2024-06-06,2024-06-06,Trade counter,Despatched
SO-2024-02044,C1366,DAV,2024-06-04,2024-06-05,2024-06-04,Web,Part despatched
SO-2024-02045,C1434,DAV,2024-06-04,2024-06-06,2024-06-05,Telephone,Part despatched
SO-2024-02046,C1138,DAV,2024-06-04,2024-06-05,2024-06-04,Telephone,Despatched
SO-2024-02047,C1593,DAV,2024-06-04,2024-06-07,2024-06-04,Trade counter,Part despatched
SO-2024-02048,C1521,DAV,2024-06-04,2024-06-06,2024-06-04,Trade counter,Despatched
SO-2024-02049,C1521,DAV,2024-06-04,2024-06-06,2024-06-04,Web,Despatched
SO-2024-02050,C1243,WAR,2024-06-04,2024-06-05,2024-06-04,Telephone,Despatched
SO-2024-02051,C1730,WAR,2024-06-04,2024-06-07,2024-06-04,Trade counter,Part despatched
SO-2024-02052,C1349,WAR,2024-06-04,2024-06-05,2024-06-05,Account manager,Despatched
SO-2024-02053,C1193,WAR,2024-06-04,2024-06-06,2024-06-04,Trade counter,Despatched
SO-2024-02054,C1032,WAR,2024-06-04,2024-06-06,2024-06-06,Web,Despatched
SO-2024-02055,C1234,WAR,2024-06-04,2024-06-05,2024-06-04,Telephone,Despatched
SO-2024-02056,C1950,WAR,2024-06-04,2024-06-06,2024-06-04,Trade counter,Despatched
SO-2024-02057,C1057,WAR,2024-06-04,2024-06-07,2024-06-04,Telephone,Despatched
SO-2024-02058,C1032,WAR,2024-06-04,2024-06-07,2024-06-04,Web,Part despatched
SO-2024-02059,C1821,LIV,2024-06-04,2024-06-07,2024-06-04,Web,Despatched
SO-2024-02060,C1194,DAV,2024-06-05,2024-06-10,2024-06-05,Account manager,Despatched
SO-2024-02061,C1901,DAV,2024-06-05,2024-06-07,2024-06-07,Trade counter,Part despatched
SO-2024-02062,C1145,DAV,2024-06-05,2024-06-11,2024-06-05,Trade counter,Part despatched
SO-2024-02063,C1145,DAV,2024-06-05,2024-06-07,2024-06-07,Telephone,Part despatched
SO-2024-02064,C1788,DAV,2024-06-05,2024-06-07,2024-06-05,Web,Despatched
SO-2024-02065,C1748,DAV,2024-06-05,2024-06-07,2024-06-06,Telephone,Despatched
SO-2024-02066,C1728,DAV,2024-06-05,2024-06-10,2024-06-05,Telephone,Despatched
SO-2024-02067,C1928,DAV,2024-06-05,2024-06-11,2024-06-05,Trade counter,Part despatched
SO-2024-02068,C1559,DAV,2024-06-05,2024-06-07,2024-06-05,Web,Despatched
SO-2024-02069,C1075,WAR,2024-06-05,2024-06-06,2024-06-06,Web,Part despatched
SO-2024-02070,C1055,WAR,2024-06-05,2024-06-10,2024-06-07,Telephone,Despatched
SO-2024-02071,C1560,WAR,2024-06-05,2024-06-11,2024-06-05,Web,Despatched
SO-2024-02072,C1730,WAR,2024-06-05,2024-06-06,2024-06-06,Telephone,Part despatched
SO-2024-02073,C1207,WAR,2024-06-05,2024-06-11,2024-06-05,Telephone,Despatched
SO-2024-02074,C1160,LIV,2024-06-05,2024-06-06,2024-06-06,Telephone,Despatched
SO-2024-02075,C1004,LIV,2024-06-05,2024-06-07,2024-06-05,Telephone,Despatched
SO-2024-02076,C1629,DAV,2024-06-06,2024-06-12,2024-06-07,Account manager,Despatched
SO-2024-02077,C1936,DAV,2024-06-06,2024-06-07,2024-06-06,Account manager,Despatched
SO-2024-02078,C1120,DAV,2024-06-06,2024-06-11,2024-06-06,Web,Part despatched
SO-2024-02079,C1319,DAV,2024-06-06,2024-06-11,2024-06-07,Account manager,Despatched
SO-2024-02080,C1881,DAV,2024-06-06,2024-06-11,2024-06-07,Trade counter,Despatched
SO-2024-02081,C1278,DAV,2024-06-06,2024-06-11,2024-06-06,Telephone,Despatched
SO-2024-02082,C1531,DAV,2024-06-06,2024-06-12,2024-06-06,Trade counter,Despatched
SO-2024-02083,C1802,WAR,2024-06-06,2024-06-10,2024-06-06,Telephone,Part despatched
SO-2024-02084,C1535,WAR,2024-06-06,2024-06-11,2024-06-07,Trade counter,Despatched
SO-2024-02085,C1948,WAR,2024-06-06,2024-06-11,2024-06-06,Telephone,Despatched
SO-2024-02086,C1802,WAR,2024-06-06,2024-06-07,2024-06-10,Account manager,Despatched
SO-2024-02087,C1215,WAR,2024-06-06,2024-06-12,2024-06-06,Trade counter,Despatched
SO-2024-02088,C1961,WAR,2024-06-06,2024-06-10,2024-06-06,Account manager,Part despatched
SO-2024-02089,C1713,WAR,2024-06-06,2024-06-11,2024-06-06,Telephone,Despatched
SO-2024-02090,C1853,LIV,2024-06-06,2024-06-11,2024-06-06,Trade counter,Despatched
SO-2024-02091,C1936,DAV,2024-06-07,2024-06-11,2024-06-07,Trade counter,Part despatched
SO-2024-02092,C1145,DAV,2024-06-07,2024-06-11,2024-06-12,Account manager,Despatched
SO-2024-02093,C1577,DAV,2024-06-07,2024-06-10,2024-06-07,Trade counter,Despatched
SO-2024-02094,C1895,DAV,2024-06-07,2024-06-13,2024-06-07,Telephone,Despatched
SO-2024-02095,C1447,DAV,2024-06-07,2024-06-12,2024-06-07,Web,Despatched
SO-2024-02096,C1050,DAV,2024-06-07,2024-06-13,2024-06-10,Telephone,Despatched
SO-2024-02097,C1366,DAV,2024-06-07,2024-06-11,2024-06-07,Account manager,Part despatched
SO-2024-02098,C1593,DAV,2024-06-07,2024-06-12,2024-06-07,Web,Despatched
SO-2024-02099,C1270,DAV,2024-06-07,2024-06-12,2024-06-07,Telephone,Despatched
SO-2024-02100,C1948,WAR,2024-06-07,2024-06-10,2024-06-07,Telephone,Despatched
SO-2024-02101,C1679,WAR,2024-06-07,2024-06-13,2024-06-07,Trade counter,Part despatched
SO-2024-02102,C1057,WAR,2024-06-07,2024-06-10,2024-06-11,Telephone,Part despatched
SO-2024-02103,C1464,WAR,2024-06-07,2024-06-11,2024-06-11,Trade counter,Part despatched
SO-2024-02104,C1160,LIV,2024-06-07,2024-06-12,2024-06-07,Trade counter,Despatched
SO-2024-02105,C1267,LIV,2024-06-07,2024-06-11,2024-06-12,Telephone,Despatched
SO-2024-02106,C1835,LIV,2024-06-07,2024-06-13,2024-06-07,Telephone,Despatched
SO-2024-02107,C1168,LIV,2024-06-07,2024-06-11,2024-06-07,Telephone,Despatched
SO-2024-02108,C1056,DAV,2024-06-10,2024-06-13,2024-06-10,Trade counter,Despatched
SO-2024-02109,C1563,DAV,2024-06-10,2024-06-14,2024-06-10,Trade counter,Part despatched
SO-2024-02110,C1300,DAV,2024-06-10,2024-06-11,2024-06-10,Trade counter,Despatched
SO-2024-02111,C1389,DAV,2024-06-10,2024-06-14,2024-06-10,Trade counter,Part despatched
SO-2024-02112,C1429,DAV,2024-06-10,2024-06-12,2024-06-10,Trade counter,Part despatched
SO-2024-02113,C1176,DAV,2024-06-10,2024-06-13,2024-06-10,Web,Despatched
SO-2024-02114,C1143,DAV,2024-06-10,2024-06-11,2024-06-10,Trade counter,Despatched
SO-2024-02115,C1366,DAV,2024-06-10,2024-06-12,2024-06-10,Web,Despatched
SO-2024-02116,C1637,DAV,2024-06-10,2024-06-13,2024-06-10,Trade counter,Despatched
SO-2024-02117,C1419,DAV,2024-06-10,2024-06-14,2024-06-10,Account manager,Despatched
SO-2024-02118,C1075,WAR,2024-06-10,2024-06-12,2024-06-10,Trade counter,Despatched
SO-2024-02119,C1032,WAR,2024-06-10,2024-06-14,2024-06-10,Telephone,Despatched
SO-2024-02120,C1656,WAR,2024-06-10,2024-06-13,2024-06-10,Telephone,Despatched
SO-2024-02121,C1001,WAR,2024-06-10,2024-06-14,2024-06-10,Telephone,Despatched
SO-2024-02122,C1215,WAR,2024-06-10,2024-06-12,2024-06-10,Account manager,Part despatched
SO-2024-02123,C1948,WAR,2024-06-10,2024-06-13,2024-06-10,Trade counter,Despatched
SO-2024-02124,C1032,WAR,2024-06-10,2024-06-11,2024-06-11,Telephone,Despatched
SO-2024-02125,C1159,LIV,2024-06-10,2024-06-14,2024-06-11,Trade counter,Despatched
SO-2024-02126,C1422,LIV,2024-06-10,2024-06-12,2024-06-11,Trade counter,Despatched
SO-2024-02127,C1168,LIV,2024-06-10,2024-06-12,2024-06-10,Trade counter,Despatched
SO-2024-02128,C1821,LIV,2024-06-10,2024-06-12,2024-06-11,Web,Despatched
SO-2024-02129,C1434,DAV,2024-06-11,2024-06-14,2024-06-11,Telephone,Part despatched
SO-2024-02130,C1056,DAV,2024-06-11,2024-06-12,2024-06-11,Account manager,Despatched
SO-2024-02131,C1648,DAV,2024-06-11,2024-06-13,2024-06-12,Web,Part despatched
SO-2024-02132,C1062,DAV,2024-06-11,2024-06-13,2024-06-11,Trade counter,Despatched
SO-2024-02133,C1094,DAV,2024-06-11,2024-06-12,2024-06-11,Trade counter,Despatched
SO-2024-02134,C1360,WAR,2024-06-11,2024-06-17,2024-06-12,Telephone,Despatched
SO-2024-02135,C1057,WAR,2024-06-11,2024-06-17,2024-06-11,Telephone,Despatched
SO-2024-02136,C1215,WAR,2024-06-11,2024-06-12,2024-06-11,Account manager,Despatched
SO-2024-02137,C1871,WAR,2024-06-11,2024-06-12,2024-06-12,Telephone,Despatched
SO-2024-02138,C1911,LIV,2024-06-11,2024-06-14,2024-06-12,Web,Part despatched
SO-2024-02139,C1778,LIV,2024-06-11,2024-06-14,2024-06-11,Web,Despatched
SO-2024-02140,C1685,LIV,2024-06-11,2024-06-17,2024-06-11,Telephone,Despatched
SO-2024-02141,C1146,DAV,2024-06-12,2024-06-14,2024-06-13,Trade counter,Part despatched
SO-2024-02142,C1728,DAV,2024-06-12,2024-06-14,2024-06-14,Trade counter,Despatched
SO-2024-02143,C1094,DAV,2024-06-12,2024-06-13,2024-06-12,Web,Despatched
SO-2024-02144,C1527,DAV,2024-06-12,2024-06-18,2024-06-13,Account manager,Despatched
SO-2024-02145,C1671,WAR,2024-06-12,2024-06-13,2024-06-13,Web,Despatched
SO-2024-02146,C1215,WAR,2024-06-12,2024-06-14,2024-06-12,Telephone,Despatched
SO-2024-02147,C1057,WAR,2024-06-12,2024-06-14,2024-06-12,Telephone,Despatched
SO-2024-02148,C1581,WAR,2024-06-12,2024-06-18,2024-06-13,Telephone,Despatched
SO-2024-02149,C1243,WAR,2024-06-12,2024-06-17,2024-06-12,Telephone,Despatched
SO-2024-02150,C1391,WAR,2024-06-12,2024-06-17,2024-06-12,Web,Part despatched
SO-2024-02151,C1802,WAR,2024-06-12,2024-06-18,2024-06-12,Telephone,Part despatched
SO-2024-02152,C1802,WAR,2024-06-12,2024-06-18,2024-06-12,Trade counter,Despatched
SO-2024-02153,C1157,WAR,2024-06-12,2024-06-13,2024-06-12,Web,Part despatched
SO-2024-02154,C1029,LIV,2024-06-12,2024-06-18,2024-06-12,Telephone,Part despatched
SO-2024-02155,C1435,LIV,2024-06-12,2024-06-17,2024-06-12,Trade counter,Despatched
SO-2024-02156,C1085,LIV,2024-06-12,2024-06-18,2024-06-13,Account manager,Despatched
SO-2024-02157,C1607,LIV,2024-06-12,2024-06-17,2024-06-12,Telephone,Despatched
SO-2024-02158,C1952,DAV,2024-06-13,2024-06-19,2024-06-13,Trade counter,Part despatched
SO-2024-02159,C1145,DAV,2024-06-13,2024-06-19,2024-06-13,Web,Part despatched
SO-2024-02160,C1372,DAV,2024-06-13,2024-06-17,2024-06-13,Trade counter,Part despatched
SO-2024-02161,C1947,DAV,2024-06-13,2024-06-17,2024-06-13,Trade counter,Despatched
SO-2024-02162,C1563,DAV,2024-06-13,2024-06-18,2024-06-14,Trade counter,Despatched
SO-2024-02163,C1078,DAV,2024-06-13,2024-06-14,2024-06-17,Trade counter,Part despatched
SO-2024-02164,C1389,DAV,2024-06-13,2024-06-17,2024-06-13,Telephone,Despatched
SO-2024-02165,C1795,DAV,2024-06-13,2024-06-18,2024-06-14,Web,Part despatched
SO-2024-02166,C1429,DAV,2024-06-13,2024-06-17,2024-06-13,Trade counter,Despatched
SO-2024-02167,C1032,WAR,2024-06-13,2024-06-14,2024-06-13,Trade counter,Part despatched
SO-2024-02168,C1948,WAR,2024-06-13,2024-06-18,2024-06-13,Telephone,Part despatched
SO-2024-02169,C1808,WAR,2024-06-13,2024-06-17,2024-06-13,Web,Despatched
SO-2024-02170,C1148,WAR,2024-06-13,2024-06-19,2024-06-13,Web,Despatched
SO-2024-02171,C1398,WAR,2024-06-13,2024-06-17,2024-06-17,Telephone,Part despatched
SO-2024-02172,C1584,LIV,2024-06-13,2024-06-17,2024-06-13,Account manager,Despatched
SO-2024-02173,C1168,LIV,2024-06-13,2024-06-14,2024-06-13,Trade counter,Part despatched
SO-2024-02174,C1823,LIV,2024-06-13,2024-06-14,2024-06-13,Trade counter,Part despatched
SO-2024-02175,C1038,LIV,2024-06-13,2024-06-17,2024-06-17,Trade counter,Despatched
SO-2024-02176,C1266,LIV,2024-06-13,2024-06-14,2024-06-14,Trade counter,Despatched
SO-2024-02177,C1521,DAV,2024-06-14,2024-06-17,2024-06-14,Trade counter,Part despatched
SO-2024-02178,C1429,DAV,2024-06-14,2024-06-18,2024-06-14,Telephone,Despatched
SO-2024-02179,C1637,DAV,2024-06-14,2024-06-19,2024-06-14,Telephone,Part despatched
SO-2024-02180,C1629,DAV,2024-06-14,2024-06-18,2024-06-18,Telephone,Part despatched
SO-2024-02181,C1050,DAV,2024-06-14,2024-06-19,2024-06-14,Telephone,Despatched
SO-2024-02182,C1201,DAV,2024-06-14,2024-06-19,2024-06-14,Trade counter,Despatched
SO-2024-02183,C1145,DAV,2024-06-14,2024-06-17,2024-06-17,Telephone,Part despatched
SO-2024-02184,C1952,DAV,2024-06-14,2024-06-17,2024-06-14,Trade counter,Despatched
SO-2024-02185,C1113,DAV,2024-06-14,2024-06-19,2024-06-18,Web,Despatched
SO-2024-02186,C1560,WAR,2024-06-14,2024-06-20,2024-06-14,Account manager,Despatched
SO-2024-02187,C1533,WAR,2024-06-14,2024-06-17,2024-06-14,Telephone,Despatched
SO-2024-02188,C1405,WAR,2024-06-14,2024-06-17,2024-06-14,Telephone,Despatched
SO-2024-02189,C1752,WAR,2024-06-14,2024-06-20,2024-06-17,Telephone,Part despatched
SO-2024-02190,C1321,LIV,2024-06-14,2024-06-19,2024-06-14,Trade counter,Despatched
SO-2024-02191,C1959,LIV,2024-06-14,2024-06-20,2024-06-14,Trade counter,Despatched
SO-2024-02192,C1004,LIV,2024-06-14,2024-06-18,2024-06-14,Trade counter,Despatched
SO-2024-02193,C1334,DAV,2024-06-17,2024-06-20,2024-06-17,Web,Part despatched
SO-2024-02194,C1120,DAV,2024-06-17,2024-06-19,2024-06-17,Account manager,Part despatched
SO-2024-02195,C1434,DAV,2024-06-17,2024-06-19,2024-06-19,Telephone,Part despatched
SO-2024-02196,C1413,DAV,2024-06-17,2024-06-18,2024-06-17,Account manager,Part despatched
SO-2024-02197,C1056,DAV,2024-06-17,2024-06-20,2024-06-18,Web,Part despatched
SO-2024-02198,C1471,DAV,2024-06-17,2024-06-20,2024-06-17,Account manager,Despatched
SO-2024-02199,C1141,WAR,2024-06-17,2024-06-19,2024-06-17,Trade counter,Part despatched
SO-2024-02200,C1355,WAR,2024-06-17,2024-06-18,2024-06-17,Telephone,Despatched
SO-2024-02201,C1234,WAR,2024-06-17,2024-06-20,2024-06-17,Telephone,Despatched
SO-2024-02202,C1535,WAR,2024-06-17,2024-06-18,2024-06-17,Telephone,Part despatched
SO-2024-02203,C1948,WAR,2024-06-17,2024-06-18,2024-06-17,Telephone,Despatched
SO-2024-02204,C1355,WAR,2024-06-17,2024-06-19,2024-06-18,Telephone,Despatched
SO-2024-02205,C1032,WAR,2024-06-17,2024-06-18,2024-06-17,Trade counter,Despatched
SO-2024-02206,C1057,WAR,2024-06-17,2024-06-20,2024-06-17,Account manager,Despatched
SO-2024-02207,C1634,LIV,2024-06-17,2024-06-20,2024-06-17,Web,Part despatched
SO-2024-02208,C1911,LIV,2024-06-17,2024-06-18,2024-06-17,Trade counter,Despatched
SO-2024-02209,C1268,LIV,2024-06-17,2024-06-19,2024-06-20,Telephone,Despatched
SO-2024-02210,C1605,DAV,2024-06-18,2024-06-24,2024-06-18,Account manager,Despatched
SO-2024-02211,C1447,DAV,2024-06-18,2024-06-19,2024-06-18,Trade counter,Despatched
SO-2024-02212,C1416,DAV,2024-06-18,2024-06-20,2024-06-20,Web,Despatched
SO-2024-02213,C1366,DAV,2024-06-18,2024-06-21,2024-06-18,Trade counter,Part despatched
SO-2024-02214,C1257,DAV,2024-06-18,2024-06-19,2024-06-19,Account manager,Despatched
SO-2024-02215,C1218,DAV,2024-06-18,2024-06-19,2024-06-20,Web,Part despatched
SO-2024-02216,C1133,DAV,2024-06-18,2024-06-19,2024-06-19,Telephone,Despatched
SO-2024-02217,C1585,DAV,2024-06-18,2024-06-19,2024-06-18,Telephone,Despatched
SO-2024-02218,C1559,DAV,2024-06-18,2024-06-19,2024-06-18,Trade counter,Despatched
SO-2024-02219,C1790,WAR,2024-06-18,2024-06-24,2024-06-18,Account manager,Despatched
SO-2024-02220,C1032,WAR,2024-06-18,2024-06-19,2024-06-19,Telephone,Despatched
SO-2024-02221,C1010,WAR,2024-06-18,2024-06-21,2024-06-19,Telephone,Part despatched
SO-2024-02222,C1844,WAR,2024-06-18,2024-06-19,2024-06-18,Telephone,Despatched
SO-2024-02223,C1266,LIV,2024-06-18,2024-06-20,2024-06-18,Trade counter,Despatched
SO-2024-02224,C1814,LIV,2024-06-18,2024-06-19,2024-06-20,Telephone,Despatched
SO-2024-02225,C1069,LIV,2024-06-18,2024-06-21,2024-06-19,Account manager,Despatched
SO-2024-02226,C1765,DAV,2024-06-19,2024-06-20,2024-06-19,Trade counter,Despatched
SO-2024-02227,C1367,DAV,2024-06-19,2024-06-21,2024-06-21,Telephone,Despatched
SO-2024-02228,C1201,DAV,2024-06-19,2024-06-20,2024-06-19,Account manager,Part despatched
SO-2024-02229,C1354,DAV,2024-06-19,2024-06-24,2024-06-20,Telephone,Despatched
SO-2024-02230,C1389,DAV,2024-06-19,2024-06-24,2024-06-20,Account manager,Despatched
SO-2024-02231,C1194,DAV,2024-06-19,2024-06-21,2024-06-19,Trade counter,Despatched
SO-2024-02232,C1262,DAV,2024-06-19,2024-06-25,2024-06-24,Web,Despatched
SO-2024-02233,C1372,DAV,2024-06-19,2024-06-20,2024-06-19,Telephone,Part despatched
SO-2024-02234,C1890,DAV,2024-06-19,2024-06-24,2024-06-19,Trade counter,Despatched
SO-2024-02235,C1434,DAV,2024-06-19,2024-06-21,2024-06-19,Trade counter,Despatched
SO-2024-02236,C1734,DAV,2024-06-19,2024-06-21,2024-06-19,Account manager,Part despatched
SO-2024-02237,C1508,WAR,2024-06-19,2024-06-20,2024-06-19,Trade counter,Despatched
SO-2024-02238,C1716,WAR,2024-06-19,2024-06-20,2024-06-19,Web,Part despatched
SO-2024-02239,C1724,WAR,2024-06-19,2024-06-20,2024-06-21,Web,Despatched
SO-2024-02240,C1032,WAR,2024-06-19,2024-06-21,2024-06-19,Web,Despatched
SO-2024-02241,C1844,WAR,2024-06-19,2024-06-21,2024-06-19,Telephone,Despatched
SO-2024-02242,C1026,WAR,2024-06-19,2024-06-21,2024-06-19,Account manager,Part despatched
SO-2024-02243,C1164,WAR,2024-06-19,2024-06-21,2024-06-19,Trade counter,Despatched
SO-2024-02244,C1687,LIV,2024-06-19,2024-06-25,2024-06-20,Trade counter,Part despatched
SO-2024-02245,C1881,DAV,2024-06-20,2024-06-25,2024-06-21,Telephone,Despatched
SO-2024-02246,C1320,DAV,2024-06-20,2024-06-25,2024-06-20,Telephone,Part despatched
SO-2024-02247,C1235,DAV,2024-06-20,2024-06-26,2024-06-21,Account manager,Despatched
SO-2024-02248,C1062,DAV,2024-06-20,2024-06-21,2024-06-20,Account manager,Despatched
SO-2024-02249,C1637,DAV,2024-06-20,2024-06-24,2024-06-20,Trade counter,Despatched
SO-2024-02250,C1232,DAV,2024-06-20,2024-06-21,2024-06-21,Telephone,Part despatched
SO-2024-02251,C1429,DAV,2024-06-20,2024-06-25,2024-06-20,Web,Part despatched
SO-2024-02252,C1629,DAV,2024-06-20,2024-06-21,2024-06-24,Telephone,Despatched
SO-2024-02253,C1385,DAV,2024-06-20,2024-06-25,2024-06-21,Trade counter,Despatched
SO-2024-02254,C1559,DAV,2024-06-20,2024-06-24,2024-06-21,Trade counter,Part despatched
SO-2024-02255,C1434,DAV,2024-06-20,2024-06-25,2024-06-20,Trade counter,Despatched
SO-2024-02256,C1354,DAV,2024-06-20,2024-06-21,2024-06-20,Trade counter,Despatched
SO-2024-02257,C1429,DAV,2024-06-20,2024-06-25,2024-06-20,Web,Part despatched
SO-2024-02258,C1047,WAR,2024-06-20,2024-06-25,2024-06-20,Web,Part despatched
SO-2024-02259,C1402,WAR,2024-06-20,2024-06-26,2024-06-21,Account manager,Despatched
SO-2024-02260,C1651,WAR,2024-06-20,2024-06-24,2024-06-20,Trade counter,Despatched
SO-2024-02261,C1535,WAR,2024-06-20,2024-06-21,2024-06-20,Telephone,Despatched
SO-2024-02262,C1234,WAR,2024-06-20,2024-06-24,2024-06-25,Trade counter,Despatched
SO-2024-02263,C1001,WAR,2024-06-20,2024-06-26,2024-06-20,Telephone,Despatched
SO-2024-02264,C1948,WAR,2024-06-20,2024-06-26,2024-06-20,Telephone,Despatched
SO-2024-02265,C1198,WAR,2024-06-20,2024-06-24,2024-06-21,Account manager,Despatched
SO-2024-02266,C1422,LIV,2024-06-20,2024-06-24,2024-06-20,Telephone,Despatched
SO-2024-02267,C1145,DAV,2024-06-21,2024-06-24,,Telephone,Cancelled
SO-2024-02268,C1734,DAV,2024-06-21,2024-06-24,2024-06-21,Trade counter,Part despatched
SO-2024-02269,C1050,DAV,2024-06-21,2024-06-24,2024-06-21,Telephone,Part despatched
SO-2024-02270,C1299,DAV,2024-06-21,2024-06-27,2024-06-26,Trade counter,Despatched
SO-2024-02271,C1512,DAV,2024-06-21,2024-06-27,2024-06-24,Telephone,Part despatched
SO-2024-02272,C1599,DAV,2024-06-21,2024-06-26,2024-06-21,Trade counter,Despatched
SO-2024-02273,C1593,DAV,2024-06-21,2024-06-24,2024-06-24,Trade counter,Part despatched
SO-2024-02274,C1563,DAV,2024-06-21,2024-06-25,2024-06-21,Telephone,Part despatched
SO-2024-02275,C1255,DAV,2024-06-21,2024-06-25,2024-06-24,Telephone,Despatched
SO-2024-02276,C1429,DAV,2024-06-21,2024-06-26,2024-06-21,Account manager,Despatched
SO-2024-02277,C1767,DAV,2024-06-21,2024-06-26,2024-06-21,Web,Part despatched
SO-2024-02278,C1234,WAR,2024-06-21,2024-06-25,2024-06-21,Telephone,Despatched
SO-2024-02279,C1885,WAR,2024-06-21,2024-06-27,2024-06-21,Web,Despatched
SO-2024-02280,C1032,WAR,2024-06-21,2024-06-26,2024-06-21,Web,Despatched
SO-2024-02281,C1346,WAR,2024-06-21,2024-06-24,2024-06-21,Telephone,Despatched
SO-2024-02282,C1656,WAR,2024-06-21,2024-06-24,2024-06-24,Account manager,Despatched
SO-2024-02283,C1967,WAR,2024-06-21,2024-06-26,2024-06-21,Account manager,Despatched
SO-2024-02284,C1802,WAR,2024-06-21,2024-06-25,2024-06-24,Telephone,Despatched
SO-2024-02285,C1182,WAR,2024-06-21,2024-06-24,2024-06-21,Telephone,Part despatched
SO-2024-02286,C1957,LIV,2024-06-21,2024-06-26,2024-06-21,Trade counter,Part despatched
SO-2024-02287,C1180,LIV,2024-06-21,2024-06-24,2024-06-24,Trade counter,Despatched
SO-2024-02288,C1856,LIV,2024-06-21,2024-06-25,2024-06-21,Telephone,Part despatched
SO-2024-02289,C1168,LIV,2024-06-21,2024-06-24,2024-06-24,Trade counter,Part despatched
SO-2024-02290,C1734,DAV,2024-06-24,2024-06-25,2024-06-24,Account manager,Despatched
SO-2024-02291,C1734,DAV,2024-06-24,2024-06-25,2024-06-24,Web,Despatched
SO-2024-02292,C1734,DAV,2024-06-24,2024-06-25,2024-06-24,Trade counter,Despatched
SO-2024-02293,C1639,DAV,2024-06-24,2024-06-28,2024-06-24,Web,Part despatched
SO-2024-02294,C1734,DAV,2024-06-24,2024-06-27,2024-06-25,Web,Despatched
SO-2024-02295,C1429,DAV,2024-06-24,2024-06-25,2024-06-25,Web,Despatched
SO-2024-02296,C1367,DAV,2024-06-24,2024-06-25,2024-06-24,Trade counter,Despatched
SO-2024-02297,C1276,DAV,2024-06-24,2024-06-27,2024-06-25,Trade counter,Part despatched
SO-2024-02298,C1429,DAV,2024-06-24,2024-06-26,2024-06-25,Web,Part despatched
SO-2024-02299,C1648,DAV,2024-06-24,2024-06-28,2024-06-24,Web,Despatched
SO-2024-02300,C1078,DAV,2024-06-24,2024-06-26,2024-06-26,Telephone,Despatched
SO-2024-02301,C1636,DAV,2024-06-24,2024-06-27,2024-06-25,Web,Despatched
SO-2024-02302,C1001,WAR,2024-06-24,2024-06-28,2024-06-24,Web,Part despatched
SO-2024-02303,C1896,WAR,2024-06-24,2024-06-26,2024-06-24,Web,Despatched
SO-2024-02304,C1702,WAR,2024-06-24,2024-06-26,2024-06-24,Web,Part despatched
SO-2024-02305,C1051,WAR,2024-06-24,2024-06-26,2024-06-24,Web,Despatched
SO-2024-02306,C1724,WAR,2024-06-24,2024-06-26,2024-06-24,Telephone,Despatched
SO-2024-02307,C1607,LIV,2024-06-24,2024-06-27,2024-06-24,Web,Despatched
SO-2024-02308,C1835,LIV,2024-06-24,2024-06-28,2024-06-25,Trade counter,Part despatched
SO-2024-02309,C1607,LIV,2024-06-24,2024-06-28,2024-06-24,Trade counter,Despatched
SO-2024-02310,C1911,LIV,2024-06-24,2024-06-26,2024-06-24,Trade counter,Despatched
SO-2024-02311,C1357,LIV,2024-06-24,2024-06-25,2024-06-25,Telephone,Despatched
SO-2024-02312,C1466,LIV,2024-06-24,2024-06-28,2024-06-24,Account manager,Despatched
SO-2024-02313,C1168,LIV,2024-06-24,2024-06-26,2024-06-24,Telephone,Part despatched
SO-2024-02314,C1878,LIV,2024-06-24,2024-06-28,2024-06-24,Account manager,Part despatched
SO-2024-02315,C1098,DAV,2024-06-25,2024-06-28,2024-06-25,Web,Part despatched
SO-2024-02316,C1145,DAV,2024-06-25,2024-07-01,2024-06-27,Telephone,Part despatched
SO-2024-02317,C1515,DAV,2024-06-25,2024-06-27,2024-06-26,Telephone,Despatched
SO-2024-02318,C1888,DAV,2024-06-25,2024-07-01,2024-06-26,Web,Despatched
SO-2024-02319,C1795,DAV,2024-06-25,2024-06-26,2024-06-26,Telephone,Despatched
SO-2024-02320,C1371,DAV,2024-06-25,2024-07-01,2024-06-26,Account manager,Despatched
SO-2024-02321,C1042,DAV,2024-06-25,2024-06-28,2024-06-25,Web,Despatched
SO-2024-02322,C1447,DAV,2024-06-25,2024-06-28,2024-06-26,Account manager,Despatched
SO-2024-02323,C1527,DAV,2024-06-25,2024-06-27,2024-06-25,Account manager,Part despatched
SO-2024-02324,C1434,DAV,2024-06-25,2024-06-28,2024-06-25,Telephone,Despatched
SO-2024-02325,C1492,WAR,2024-06-25,2024-06-26,2024-06-26,Telephone,Despatched
SO-2024-02326,C1948,WAR,2024-06-25,2024-06-26,2024-06-25,Telephone,Despatched
SO-2024-02327,C1051,WAR,2024-06-25,2024-06-28,2024-06-26,Trade counter,Despatched
SO-2024-02328,C1234,WAR,2024-06-25,2024-06-27,2024-06-25,Telephone,Part despatched
SO-2024-02329,C1702,WAR,2024-06-25,2024-07-01,2024-06-25,Telephone,Part despatched
SO-2024-02330,C1724,WAR,2024-06-25,2024-07-01,2024-06-27,Account manager,Part despatched
SO-2024-02331,C1651,WAR,2024-06-25,2024-06-27,2024-06-26,Trade counter,Despatched
SO-2024-02332,C1047,WAR,2024-06-25,2024-07-01,2024-06-25,Web,Despatched
SO-2024-02333,C1904,LIV,2024-06-25,2024-06-26,2024-06-26,Telephone,Despatched
SO-2024-02334,C1936,DAV,2024-06-26,2024-06-28,2024-06-27,Trade counter,Despatched
SO-2024-02335,C1445,DAV,2024-06-26,2024-07-02,2024-06-26,Telephone,Despatched
SO-2024-02336,C1194,DAV,2024-06-26,2024-06-28,2024-06-26,Web,Part despatched
SO-2024-02337,C1669,DAV,2024-06-26,2024-07-02,2024-06-28,Trade counter,Despatched
SO-2024-02338,C1482,WAR,2024-06-26,2024-07-02,2024-07-01,Web,Despatched
SO-2024-02339,C1495,WAR,2024-06-26,2024-06-28,2024-06-28,Web,Despatched
SO-2024-02340,C1752,WAR,2024-06-26,2024-06-27,2024-06-26,Telephone,Despatched
SO-2024-02341,C1234,WAR,2024-06-26,2024-07-01,2024-06-26,Web,Despatched
SO-2024-02342,C1360,WAR,2024-06-26,2024-06-28,2024-06-26,Web,Despatched
SO-2024-02343,C1724,WAR,2024-06-26,2024-07-01,2024-06-26,Account manager,Despatched
SO-2024-02344,C1207,WAR,2024-06-26,2024-07-02,2024-06-26,Telephone,Part despatched
SO-2024-02345,C1267,LIV,2024-06-26,2024-07-02,2024-06-26,Trade counter,Part despatched
SO-2024-02346,C1109,LIV,2024-06-26,2024-06-27,2024-07-01,Trade counter,Despatched
SO-2024-02347,C1278,DAV,2024-06-27,2024-07-03,2024-06-27,Web,Part despatched
SO-2024-02348,C1354,DAV,2024-06-27,2024-07-03,2024-06-27,Account manager,Part despatched
SO-2024-02349,C1354,DAV,2024-06-27,2024-06-28,2024-06-27,Telephone,Despatched
SO-2024-02350,C1605,DAV,2024-06-27,2024-07-01,2024-06-27,Telephone,Part despatched
SO-2024-02351,C1097,DAV,2024-06-27,2024-06-28,2024-06-27,Trade counter,Part despatched
SO-2024-02352,C1278,DAV,2024-06-27,2024-07-03,2024-06-27,Web,Part despatched
SO-2024-02353,C1389,DAV,2024-06-27,2024-07-02,2024-06-27,Telephone,Despatched
SO-2024-02354,C1089,DAV,2024-06-27,2024-07-03,2024-07-01,Trade counter,Despatched
SO-2024-02355,C1936,DAV,2024-06-27,2024-06-28,2024-06-27,Web,Despatched
SO-2024-02356,C1952,DAV,2024-06-27,2024-07-03,2024-06-27,Web,Part despatched
SO-2024-02357,C1094,DAV,2024-06-27,2024-07-01,2024-06-27,Trade counter,Part despatched
SO-2024-02358,C1249,DAV,2024-06-27,2024-07-03,2024-06-28,Trade counter,Despatched
SO-2024-02359,C1565,DAV,2024-06-27,2024-07-02,2024-06-27,Web,Despatched
SO-2024-02360,C1010,WAR,2024-06-27,2024-06-28,2024-06-28,Trade counter,Despatched
SO-2024-02361,C1392,WAR,2024-06-27,2024-06-28,2024-06-27,Account manager,Despatched
SO-2024-02362,C1750,WAR,2024-06-27,2024-07-03,2024-06-28,Telephone,Despatched
SO-2024-02363,C1871,WAR,2024-06-27,2024-07-03,2024-06-27,Telephone,Despatched
SO-2024-02364,C1848,WAR,2024-06-27,2024-07-03,2024-06-27,Trade counter,Despatched
SO-2024-02365,C1162,WAR,2024-06-27,2024-07-02,2024-06-27,Trade counter,Despatched
SO-2024-02366,C1032,WAR,2024-06-27,2024-07-01,2024-06-27,Trade counter,Despatched
SO-2024-02367,C1821,LIV,2024-06-27,2024-07-03,2024-06-27,Telephone,Part despatched
SO-2024-02368,C1900,LIV,2024-06-27,2024-06-28,2024-06-27,Telephone,Despatched
SO-2024-02369,C1821,LIV,2024-06-27,2024-07-01,2024-06-27,Trade counter,Despatched
SO-2024-02370,C1878,LIV,2024-06-27,2024-07-01,2024-06-27,Telephone,Despatched
SO-2024-02371,C1478,LIV,2024-06-27,2024-07-01,2024-06-28,Trade counter,Despatched
SO-2024-02372,C1599,DAV,2024-06-28,2024-07-01,2024-06-28,Account manager,Part despatched
SO-2024-02373,C1176,DAV,2024-06-28,2024-07-01,2024-06-28,Telephone,Part despatched
SO-2024-02374,C1776,DAV,2024-06-28,2024-07-03,2024-06-28,Telephone,Despatched
SO-2024-02375,C1366,DAV,2024-06-28,2024-07-03,2024-07-03,Trade counter,Despatched
SO-2024-02376,C1629,DAV,2024-06-28,2024-07-02,2024-07-01,Web,Part despatched
SO-2024-02377,C1335,DAV,2024-06-28,2024-07-01,2024-07-01,Account manager,Part despatched
SO-2024-02378,C1389,DAV,2024-06-28,2024-07-02,2024-06-28,Web,Despatched
SO-2024-02379,C1098,DAV,2024-06-28,2024-07-03,2024-06-28,Web,Part despatched
SO-2024-02380,C1563,DAV,2024-06-28,2024-07-03,2024-07-01,Trade counter,Despatched
SO-2024-02381,C1859,DAV,2024-06-28,2024-07-01,2024-06-28,Trade counter,Part despatched
SO-2024-02382,C1234,WAR,2024-06-28,2024-07-02,2024-06-28,Telephone,Despatched
SO-2024-02383,C1844,WAR,2024-06-28,2024-07-03,2024-06-28,Trade counter,Despatched
SO-2024-02384,C1535,WAR,2024-06-28,2024-07-02,2024-07-02,Account manager,Despatched
SO-2024-02385,C1391,WAR,2024-06-28,2024-07-03,2024-06-28,Telephone,Part despatched
SO-2024-02386,C1535,WAR,2024-06-28,2024-07-01,2024-06-28,Trade counter,Part despatched
SO-2024-02387,C1402,WAR,2024-06-28,2024-07-02,2024-07-01,Trade counter,Part despatched
SO-2024-02388,C1844,WAR,2024-06-28,2024-07-03,2024-06-28,Telephone,Despatched
SO-2024-02389,C1730,WAR,2024-06-28,2024-07-01,2024-06-28,Telephone,Despatched
SO-2024-02390,C1032,WAR,2024-06-28,2024-07-02,2024-06-28,Web,Part despatched
SO-2024-02391,C1038,LIV,2024-06-28,2024-07-02,2024-07-01,Telephone,Despatched
SO-2024-02392,C1085,LIV,2024-06-28,2024-07-01,2024-06-28,Trade counter,Part despatched
SO-2024-02393,C1821,LIV,2024-06-28,2024-07-04,2024-06-28,Web,Despatched
SO-2024-02394,C1430,LIV,2024-06-28,2024-07-01,2024-06-28,Web,Despatched
SO-2024-02395,C1168,LIV,2024-06-28,2024-07-04,2024-06-28,Web,Despatched
SO-2024-02396,C1572,DAV,2024-07-01,2024-07-04,2024-07-01,Trade counter,Despatched
SO-2024-02397,C1728,DAV,2024-07-01,2024-07-03,2024-07-04,Telephone,Part despatched
SO-2024-02398,C1278,DAV,2024-07-01,2024-07-04,2024-07-01,Telephone,Part despatched
SO-2024-02399,C1410,DAV,2024-07-01,2024-07-03,2024-07-02,Telephone,Despatched
SO-2024-02400,C1335,DAV,2024-07-01,2024-07-04,2024-07-02,Telephone,Despatched
SO-2024-02401,C1795,DAV,2024-07-01,2024-07-03,2024-07-03,Telephone,Part despatched
SO-2024-02402,C1307,DAV,2024-07-01,2024-07-04,2024-07-01,Trade counter,Despatched
SO-2024-02403,C1429,DAV,2024-07-01,2024-07-04,2024-07-01,Telephone,Part despatched
SO-2024-02404,C1563,DAV,2024-07-01,2024-07-05,2024-07-03,Trade counter,Despatched
SO-2024-02405,C1931,DAV,2024-07-01,2024-07-05,2024-07-03,Telephone,Despatched
SO-2024-02406,C1145,DAV,2024-07-01,2024-07-05,2024-07-01,Telephone,Despatched
SO-2024-02407,C1599,DAV,2024-07-01,2024-07-04,2024-07-04,Account manager,Part despatched
SO-2024-02408,C1032,WAR,2024-07-01,2024-07-05,2024-07-01,Web,Despatched
SO-2024-02409,C1057,WAR,2024-07-01,2024-07-05,2024-07-01,Telephone,Despatched
SO-2024-02410,C1454,WAR,2024-07-01,2024-07-02,2024-07-02,Telephone,Despatched
SO-2024-02411,C1032,WAR,2024-07-01,2024-07-05,2024-07-01,Telephone,Despatched
SO-2024-02412,C1075,WAR,2024-07-01,2024-07-05,2024-07-01,Trade counter,Despatched
SO-2024-02413,C1730,WAR,2024-07-01,2024-07-04,2024-07-01,Account manager,Part despatched
SO-2024-02414,C1330,BRS,2024-07-01,2024-07-03,2024-07-03,Web,Despatched
SO-2024-02415,C1659,BRS,2024-07-01,2024-07-03,2024-07-01,Telephone,Despatched
SO-2024-02416,C1147,BRS,2024-07-01,2024-07-02,2024-07-03,Account manager,Despatched
SO-2024-02417,C1379,LIV,2024-07-01,2024-07-05,2024-07-03,Trade counter,Despatched
SO-2024-02418,C1951,LIV,2024-07-01,2024-07-05,2024-07-01,Account manager,Part despatched
SO-2024-02419,C1911,LIV,2024-07-01,2024-07-05,2024-07-01,Trade counter,Part despatched
SO-2024-02420,C1145,DAV,2024-07-02,2024-07-04,2024-07-02,Telephone,Despatched
SO-2024-02421,C1372,DAV,2024-07-02,2024-07-03,2024-07-04,Account manager,Part despatched
SO-2024-02422,C1120,DAV,2024-07-02,2024-07-03,2024-07-02,Trade counter,Despatched
SO-2024-02423,C1052,DAV,2024-07-02,2024-07-03,2024-07-02,Trade counter,Part despatched
SO-2024-02424,C1145,DAV,2024-07-02,2024-07-04,2024-07-02,Telephone,Despatched
SO-2024-02425,C1389,DAV,2024-07-02,2024-07-03,2024-07-02,Telephone,Despatched
SO-2024-02426,C1296,DAV,2024-07-02,2024-07-05,2024-07-05,Trade counter,Despatched
SO-2024-02427,C1521,DAV,2024-07-02,2024-07-05,2024-07-05,Trade counter,Part despatched
SO-2024-02428,C1844,WAR,2024-07-02,2024-07-04,2024-07-02,Account manager,Despatched
SO-2024-02429,C1391,WAR,2024-07-02,2024-07-05,2024-07-02,Web,Part despatched
SO-2024-02430,C1051,WAR,2024-07-02,2024-07-08,2024-07-02,Trade counter,Part despatched
SO-2024-02431,C1498,BRS,2024-07-02,2024-07-08,2024-07-02,Web,Despatched
SO-2024-02432,C1463,BRS,2024-07-02,2024-07-03,2024-07-03,Telephone,Despatched
SO-2024-02433,C1338,BRS,2024-07-02,2024-07-03,2024-07-03,Telephone,Despatched
SO-2024-02434,C1180,LIV,2024-07-02,2024-07-03,2024-07-02,Trade counter,Despatched
SO-2024-02435,C1168,LIV,2024-07-02,2024-07-05,2024-07-02,Web,Despatched
SO-2024-02436,C1821,LIV,2024-07-02,2024-07-04,2024-07-02,Trade counter,Part despatched
SO-2024-02437,C1422,LIV,2024-07-02,2024-07-03,2024-07-02,Trade counter,Part despatched
SO-2024-02438,C1422,LIV,2024-07-02,2024-07-03,2024-07-03,Trade counter,Despatched
SO-2024-02439,C1861,DAV,2024-07-03,2024-07-04,2024-07-04,Web,Part despatched
SO-2024-02440,C1366,DAV,2024-07-03,2024-07-08,2024-07-03,Web,Part despatched
SO-2024-02441,C1940,DAV,2024-07-03,2024-07-08,2024-07-03,Account manager,Part despatched
SO-2024-02442,C1255,DAV,2024-07-03,2024-07-04,2024-07-08,Trade counter,Despatched
SO-2024-02443,C1143,DAV,2024-07-03,2024-07-08,2024-07-03,Telephone,Part despatched
SO-2024-02444,C1442,DAV,2024-07-03,2024-07-05,2024-07-04,Trade counter,Despatched
SO-2024-02445,C1644,DAV,2024-07-03,2024-07-08,2024-07-03,Trade counter,Despatched
SO-2024-02446,C1255,DAV,2024-07-03,2024-07-04,2024-07-04,Trade counter,Part despatched
SO-2024-02447,C1179,DAV,2024-07-03,2024-07-04,2024-07-03,Web,Despatched
SO-2024-02448,C1559,DAV,2024-07-03,2024-07-04,2024-07-03,Telephone,Despatched
SO-2024-02449,C1460,WAR,2024-07-03,2024-07-05,2024-07-03,Account manager,Part despatched
SO-2024-02450,C1844,WAR,2024-07-03,2024-07-04,2024-07-03,Telephone,Despatched
SO-2024-02451,C1659,BRS,2024-07-03,2024-07-08,2024-07-03,Account manager,Despatched
SO-2024-02452,C1907,BRS,2024-07-03,2024-07-05,2024-07-03,Trade counter,Despatched
SO-2024-02453,C1273,BRS,2024-07-03,2024-07-04,2024-07-03,Telephone,Despatched
SO-2024-02454,C1159,LIV,2024-07-03,2024-07-05,2024-07-03,Telephone,Part despatched
SO-2024-02455,C1898,DAV,2024-07-04,2024-07-09,2024-07-05,Account manager,Despatched
SO-2024-02456,C1145,DAV,2024-07-04,2024-07-09,2024-07-08,Telephone,Despatched
SO-2024-02457,C1290,DAV,2024-07-04,2024-07-05,2024-07-04,Trade counter,Part despatched
SO-2024-02458,C1563,DAV,2024-07-04,2024-07-09,2024-07-04,Telephone,Despatched
SO-2024-02459,C1255,DAV,2024-07-04,2024-07-10,2024-07-04,Web,Part despatched
SO-2024-02460,C1398,WAR,2024-07-04,2024-07-05,2024-07-05,Trade counter,Despatched
SO-2024-02461,C1402,WAR,2024-07-04,2024-07-09,2024-07-04,Telephone,Despatched
SO-2024-02462,C1057,WAR,2024-07-04,2024-07-08,2024-07-04,Web,Despatched
SO-2024-02463,C1803,LIV,2024-07-04,2024-07-10,2024-07-04,Telephone,Despatched
SO-2024-02464,C1478,LIV,2024-07-04,2024-07-10,2024-07-05,Trade counter,Despatched
SO-2024-02465,C1691,LIV,2024-07-04,2024-07-09,2024-07-04,Web,Despatched
SO-2024-02466,C1447,DAV,2024-07-05,2024-07-10,2024-07-08,Trade counter,Part despatched
SO-2024-02467,C1610,DAV,2024-07-05,2024-07-11,2024-07-05,Trade counter,Part despatched
SO-2024-02468,C1401,DAV,2024-07-05,2024-07-10,2024-07-05,Trade counter,Despatched
SO-2024-02469,C1593,DAV,2024-07-05,2024-07-08,2024-07-05,Trade counter,Despatched
SO-2024-02470,C1055,WAR,2024-07-05,2024-07-09,2024-07-05,Trade counter,Part despatched
SO-2024-02471,C1664,BRS,2024-07-05,2024-07-10,2024-07-05,Web,Despatched
SO-2024-02472,C1505,BRS,2024-07-05,2024-07-10,2024-07-05,Account manager,Despatched
SO-2024-02473,C1302,BRS,2024-07-05,2024-07-08,2024-07-05,Trade counter,Despatched
SO-2024-02474,C1783,BRS,2024-07-05,2024-07-09,2024-07-05,Web,Despatched
SO-2024-02475,C1687,LIV,2024-07-05,2024-07-09,2024-07-08,Telephone,Despatched
SO-2024-02476,C1566,LIV,2024-07-05,2024-07-09,2024-07-05,Telephone,Despatched
SO-2024-02477,C1878,LIV,2024-07-05,2024-07-10,2024-07-08,Trade counter,Despatched
SO-2024-02478,C1422,LIV,2024-07-05,2024-07-09,2024-07-08,Trade counter,Despatched
SO-2024-02479,C1512,DAV,2024-07-08,2024-07-11,2024-07-10,Telephone,Despatched
SO-2024-02480,C1563,DAV,2024-07-08,2024-07-12,2024-07-08,Telephone,Despatched
SO-2024-02481,C1316,DAV,2024-07-08,2024-07-09,2024-07-10,Web,Despatched
SO-2024-02482,C1952,DAV,2024-07-08,2024-07-11,2024-07-08,Telephone,Despatched
SO-2024-02483,C1636,DAV,2024-07-08,2024-07-11,2024-07-08,Trade counter,Despatched
SO-2024-02484,C1923,DAV,2024-07-08,2024-07-09,2024-07-09,Trade counter,Despatched
SO-2024-02485,C1419,DAV,2024-07-08,2024-07-12,2024-07-08,Telephone,Despatched
SO-2024-02486,C1127,DAV,2024-07-08,2024-07-11,2024-07-09,Telephone,Despatched
SO-2024-02487,C1032,WAR,2024-07-08,2024-07-11,2024-07-08,Trade counter,Despatched
SO-2024-02488,C1032,WAR,2024-07-08,2024-07-09,2024-07-09,Trade counter,Despatched
SO-2024-02489,C1264,WAR,2024-07-08,2024-07-11,2024-07-08,Telephone,Despatched
SO-2024-02490,C1773,BRS,2024-07-08,2024-07-09,2024-07-08,Trade counter,Despatched
SO-2024-02491,C1783,BRS,2024-07-08,2024-07-11,2024-07-09,Telephone,Despatched
SO-2024-02492,C1302,BRS,2024-07-08,2024-07-11,2024-07-08,Web,Despatched
SO-2024-02493,C1422,LIV,2024-07-08,2024-07-10,2024-07-08,Web,Despatched
SO-2024-02494,C1691,LIV,2024-07-08,2024-07-10,2024-07-08,Telephone,Part despatched
SO-2024-02495,C1821,LIV,2024-07-08,2024-07-11,2024-07-09,Telephone,Despatched
SO-2024-02496,C1299,DAV,2024-07-09,2024-07-10,2024-07-09,Trade counter,Despatched
SO-2024-02497,C1389,DAV,2024-07-09,2024-07-10,2024-07-09,Telephone,Despatched
SO-2024-02498,C1255,DAV,2024-07-09,2024-07-10,2024-07-09,Web,Despatched
SO-2024-02499,C1434,DAV,2024-07-09,2024-07-12,2024-07-10,Telephone,Despatched
SO-2024-02500,C1447,DAV,2024-07-09,2024-07-15,2024-07-09,Trade counter,Despatched
SO-2024-02501,C1413,DAV,2024-07-09,2024-07-12,2024-07-09,Web,Part despatched
SO-2024-02502,C1007,DAV,2024-07-09,2024-07-10,2024-07-10,Trade counter,Despatched
SO-2024-02503,C1728,DAV,2024-07-09,2024-07-10,2024-07-09,Trade counter,Despatched
SO-2024-02504,C1447,DAV,2024-07-09,2024-07-11,2024-07-09,Web,Despatched
SO-2024-02505,C1051,WAR,2024-07-09,2024-07-12,2024-07-10,Telephone,Despatched
SO-2024-02506,C1752,WAR,2024-07-09,2024-07-12,2024-07-09,Telephone,Part despatched
SO-2024-02507,C1059,WAR,2024-07-09,2024-07-11,2024-07-09,Trade counter,Despatched
SO-2024-02508,C1032,WAR,2024-07-09,2024-07-15,2024-07-09,Trade counter,Despatched
SO-2024-02509,C1338,BRS,2024-07-09,2024-07-12,2024-07-09,Telephone,Despatched
SO-2024-02510,C1907,BRS,2024-07-09,2024-07-11,2024-07-09,Trade counter,Despatched
SO-2024-02511,C1717,BRS,2024-07-09,2024-07-10,2024-07-11,Web,Part despatched
SO-2024-02512,C1212,BRS,2024-07-09,2024-07-11,2024-07-09,Telephone,Part despatched
SO-2024-02513,C1247,BRS,2024-07-09,2024-07-12,2024-07-09,Trade counter,Despatched
SO-2024-02514,C1941,LIV,2024-07-09,2024-07-12,2024-07-10,Trade counter,Part despatched
SO-2024-02515,C1911,LIV,2024-07-09,2024-07-15,2024-07-09,Trade counter,Despatched
SO-2024-02516,C1904,LIV,2024-07-09,2024-07-11,2024-07-11,Telephone,Despatched
SO-2024-02517,C1437,DAV,2024-07-10,2024-07-12,2024-07-15,Telephone,Despatched
SO-2024-02518,C1632,DAV,2024-07-10,2024-07-11,2024-07-10,Telephone,Despatched
SO-2024-02519,C1389,DAV,2024-07-10,2024-07-15,2024-07-10,Trade counter,Despatched
SO-2024-02520,C1563,DAV,2024-07-10,2024-07-15,2024-07-10,Web,Part despatched
SO-2024-02521,C1376,WAR,2024-07-10,2024-07-12,2024-07-10,Trade counter,Part despatched
SO-2024-02522,C1398,WAR,2024-07-10,2024-07-11,2024-07-10,Trade counter,Part despatched
SO-2024-02523,C1107,BRS,2024-07-10,2024-07-16,2024-07-10,Telephone,Despatched
SO-2024-02524,C1382,BRS,2024-07-10,2024-07-16,2024-07-10,Account manager,Despatched
SO-2024-02525,C1033,LIV,2024-07-10,2024-07-11,2024-07-10,Account manager,Despatched
SO-2024-02526,C1168,LIV,2024-07-10,2024-07-16,2024-07-10,Telephone,Despatched
SO-2024-02527,C1124,LIV,2024-07-10,2024-07-11,2024-07-10,Trade counter,Despatched
SO-2024-02528,C1856,LIV,2024-07-10,2024-07-12,2024-07-12,Telephone,Despatched
SO-2024-02529,C1821,LIV,2024-07-10,2024-07-11,2024-07-10,Telephone,Despatched
SO-2024-02530,C1401,DAV,2024-07-11,2024-07-17,2024-07-11,Web,Despatched
SO-2024-02531,C1827,DAV,2024-07-11,2024-07-15,2024-07-11,Telephone,Despatched
SO-2024-02532,C1795,DAV,2024-07-11,2024-07-12,2024-07-11,Web,Part despatched
SO-2024-02533,C1278,DAV,2024-07-11,2024-07-12,2024-07-11,Trade counter,Despatched
SO-2024-02534,C1094,DAV,2024-07-11,2024-07-12,2024-07-11,Web,Part despatched
SO-2024-02535,C1559,DAV,2024-07-11,2024-07-12,2024-07-11,Trade counter,Part despatched
SO-2024-02536,C1952,DAV,2024-07-11,2024-07-17,2024-07-11,Telephone,Despatched
SO-2024-02537,C1593,DAV,2024-07-11,2024-07-15,2024-07-11,Telephone,Despatched
SO-2024-02538,C1255,DAV,2024-07-11,2024-07-12,2024-07-11,Telephone,Despatched
SO-2024-02539,C1931,DAV,2024-07-11,2024-07-12,2024-07-11,Trade counter,Despatched
SO-2024-02540,C1032,WAR,2024-07-11,2024-07-17,2024-07-11,Telephone,Despatched
SO-2024-02541,C1055,WAR,2024-07-11,2024-07-15,2024-07-15,Trade counter,Despatched
SO-2024-02542,C1051,WAR,2024-07-11,2024-07-16,2024-07-12,Telephone,Despatched
SO-2024-02543,C1518,BRS,2024-07-11,2024-07-17,2024-07-11,Trade counter,Despatched
SO-2024-02544,C1664,BRS,2024-07-11,2024-07-17,2024-07-11,Trade counter,Despatched
SO-2024-02545,C1040,BRS,2024-07-11,2024-07-17,2024-07-11,Account manager,Despatched
SO-2024-02546,C1338,BRS,2024-07-11,2024-07-12,2024-07-11,Trade counter,Despatched
SO-2024-02547,C1374,BRS,2024-07-11,2024-07-16,2024-07-12,Web,Despatched
SO-2024-02548,C1379,LIV,2024-07-11,2024-07-16,2024-07-12,Trade counter,Despatched
SO-2024-02549,C1423,LIV,2024-07-11,2024-07-16,2024-07-15,Trade counter,Despatched
SO-2024-02550,C1085,LIV,2024-07-11,2024-07-12,2024-07-11,Telephone,Despatched
SO-2024-02551,C1821,LIV,2024-07-11,2024-07-15,2024-07-11,Trade counter,Part despatched
SO-2024-02552,C1426,DAV,2024-07-12,2024-07-15,2024-07-12,Trade counter,Despatched
SO-2024-02553,C1549,DAV,2024-07-12,2024-07-16,2024-07-12,Trade counter,Despatched
SO-2024-02554,C1447,DAV,2024-07-12,2024-07-17,2024-07-17,Telephone,Despatched
SO-2024-02555,C1098,DAV,2024-07-12,2024-07-16,2024-07-12,Web,Despatched
SO-2024-02556,C1366,DAV,2024-07-12,2024-07-15,2024-07-17,Account manager,Despatched
SO-2024-02557,C1366,DAV,2024-07-12,2024-07-18,2024-07-12,Telephone,Despatched
SO-2024-02558,C1011,DAV,2024-07-12,2024-07-15,2024-07-16,Trade counter,Despatched
SO-2024-02559,C1234,WAR,2024-07-12,2024-07-17,2024-07-15,Telephone,Despatched
SO-2024-02560,C1057,WAR,2024-07-12,2024-07-18,2024-07-12,Trade counter,Despatched
SO-2024-02561,C1243,WAR,2024-07-12,2024-07-17,2024-07-12,Trade counter,Despatched
SO-2024-02562,C1450,WAR,2024-07-12,2024-07-17,2024-07-15,Telephone,Despatched
SO-2024-02563,C1656,WAR,2024-07-12,2024-07-18,2024-07-12,Account manager,Part despatched
SO-2024-02564,C1733,BRS,2024-07-12,2024-07-15,2024-07-12,Trade counter,Despatched
SO-2024-02565,C1338,BRS,2024-07-12,2024-07-18,2024-07-12,Telephone,Despatched
SO-2024-02566,C1004,LIV,2024-07-12,2024-07-18,2024-07-12,Web,Despatched
SO-2024-02567,C1211,DAV,2024-07-15,2024-07-17,2024-07-17,Telephone,Despatched
SO-2024-02568,C1781,DAV,2024-07-15,2024-07-19,2024-07-15,Account manager,Despatched
SO-2024-02569,C1366,DAV,2024-07-15,2024-07-16,2024-07-16,Account manager,Part despatched
SO-2024-02570,C1366,DAV,2024-07-15,2024-07-16,2024-07-15,Web,Despatched
SO-2024-02571,C1447,DAV,2024-07-15,2024-07-19,2024-07-15,Account manager,Despatched
SO-2024-02572,C1255,DAV,2024-07-15,2024-07-17,2024-07-18,Web,Part despatched
SO-2024-02573,C1440,DAV,2024-07-15,2024-07-16,2024-07-15,Telephone,Part despatched
SO-2024-02574,C1218,DAV,2024-07-15,2024-07-18,2024-07-15,Web,Despatched
SO-2024-02575,C1479,DAV,2024-07-15,2024-07-16,2024-07-15,Telephone,Part despatched
SO-2024-02576,C1648,DAV,2024-07-15,2024-07-19,2024-07-15,Web,Part despatched
SO-2024-02577,C1429,DAV,2024-07-15,2024-07-18,2024-07-15,Trade counter,Despatched
SO-2024-02578,C1960,WAR,2024-07-15,2024-07-17,2024-07-15,Account manager,Despatched
SO-2024-02579,C1208,WAR,2024-07-15,2024-07-17,2024-07-15,Trade counter,Despatched
SO-2024-02580,C1730,WAR,2024-07-15,2024-07-18,2024-07-15,Trade counter,Part despatched
SO-2024-02581,C1713,WAR,2024-07-15,2024-07-19,2024-07-15,Telephone,Despatched
SO-2024-02582,C1866,WAR,2024-07-15,2024-07-18,2024-07-15,Telephone,Despatched
SO-2024-02583,C1948,WAR,2024-07-15,2024-07-17,2024-07-15,Telephone,Part despatched
SO-2024-02584,C1234,WAR,2024-07-15,2024-07-17,2024-07-15,Web,Despatched
SO-2024-02585,C1501,BRS,2024-07-15,2024-07-16,2024-07-15,Trade counter,Despatched
SO-2024-02586,C1387,BRS,2024-07-15,2024-07-19,2024-07-16,Web,Despatched
SO-2024-02587,C1874,BRS,2024-07-15,2024-07-16,2024-07-15,Telephone,Despatched
SO-2024-02588,C1501,BRS,2024-07-15,2024-07-19,2024-07-15,Trade counter,Despatched
SO-2024-02589,C1302,BRS,2024-07-15,2024-07-18,2024-07-16,Trade counter,Despatched
SO-2024-02590,C1247,BRS,2024-07-15,2024-07-16,2024-07-15,Web,Despatched
SO-2024-02591,C1878,LIV,2024-07-15,2024-07-16,2024-07-16,Web,Despatched
SO-2024-02592,C1168,LIV,2024-07-15,2024-07-17,2024-07-15,Account manager,Despatched
SO-2024-02593,C1693,LIV,2024-07-15,2024-07-16,2024-07-15,Telephone,Despatched
SO-2024-02594,C1085,LIV,2024-07-15,2024-07-18,2024-07-15,Account manager,Despatched
SO-2024-02595,C1321,LIV,2024-07-15,2024-07-19,2024-07-15,Trade counter,Despatched
SO-2024-02596,C1085,LIV,2024-07-15,2024-07-17,2024-07-15,Web,Part despatched
SO-2024-02597,C1632,DAV,2024-07-16,2024-07-17,2024-07-17,Account manager,Despatched
SO-2024-02598,C1299,DAV,2024-07-16,2024-07-22,2024-07-16,Telephone,Part despatched
SO-2024-02599,C1744,DAV,2024-07-16,2024-07-19,2024-07-16,Web,Part despatched
SO-2024-02600,C1669,DAV,2024-07-16,2024-07-19,2024-07-16,Trade counter,Part despatched
SO-2024-02601,C1366,DAV,2024-07-16,2024-07-19,2024-07-17,Telephone,Despatched
SO-2024-02602,C1056,DAV,2024-07-16,2024-07-22,2024-07-17,Telephone,Despatched
SO-2024-02603,C1251,DAV,2024-07-16,2024-07-22,2024-07-16,Telephone,Despatched
SO-2024-02604,C1521,DAV,2024-07-16,2024-07-19,2024-07-16,Telephone,Part despatched
SO-2024-02605,C1563,DAV,2024-07-16,2024-07-18,2024-07-17,Trade counter,Part despatched
SO-2024-02606,C1593,DAV,2024-07-16,2024-07-22,2024-07-16,Telephone,Despatched
SO-2024-02607,C1097,DAV,2024-07-16,2024-07-19,2024-07-16,Telephone,Part despatched
SO-2024-02608,C1094,DAV,2024-07-16,2024-07-17,2024-07-16,Account manager,Part despatched
SO-2024-02609,C1104,DAV,2024-07-16,2024-07-22,2024-07-16,Trade counter,Part despatched
SO-2024-02610,C1194,DAV,2024-07-16,2024-07-18,2024-07-18,Account manager,Part despatched
SO-2024-02611,C1355,WAR,2024-07-16,2024-07-17,2024-07-16,Trade counter,Despatched
SO-2024-02612,C1806,WAR,2024-07-16,2024-07-17,2024-07-16,Telephone,Part despatched
SO-2024-02613,C1398,WAR,2024-07-16,2024-07-18,2024-07-16,Telephone,Despatched
SO-2024-02614,C1234,WAR,2024-07-16,2024-07-19,2024-07-17,Telephone,Part despatched
SO-2024-02615,C1475,BRS,2024-07-16,2024-07-19,2024-07-16,Account manager,Despatched
SO-2024-02616,C1328,BRS,2024-07-16,2024-07-19,2024-07-16,Web,Despatched
SO-2024-02617,C1343,BRS,2024-07-16,2024-07-19,2024-07-16,Telephone,Despatched
SO-2024-02618,C1258,BRS,2024-07-16,2024-07-18,2024-07-17,Web,Despatched
SO-2024-02619,C1659,BRS,2024-07-16,2024-07-18,2024-07-17,Trade counter,Despatched
SO-2024-02620,C1541,BRS,2024-07-16,2024-07-17,2024-07-16,Account manager,Despatched
SO-2024-02621,C1387,BRS,2024-07-16,2024-07-18,2024-07-16,Account manager,Despatched
SO-2024-02622,C1338,BRS,2024-07-16,2024-07-22,2024-07-17,Web,Despatched
SO-2024-02623,C1302,BRS,2024-07-16,2024-07-17,2024-07-16,Web,Despatched
SO-2024-02624,C1498,BRS,2024-07-16,2024-07-18,2024-07-17,Telephone,Despatched
SO-2024-02625,C1338,BRS,2024-07-16,2024-07-19,2024-07-16,Telephone,Despatched
SO-2024-02626,C1475,BRS,2024-07-16,2024-07-22,2024-07-17,Trade counter,Despatched
SO-2024-02627,C1333,LIV,2024-07-16,2024-07-22,2024-07-16,Trade counter,Despatched
SO-2024-02628,C1253,DAV,2024-07-17,2024-07-22,2024-07-17,Trade counter,Despatched
SO-2024-02629,C1599,DAV,2024-07-17,2024-07-22,2024-07-17,Account manager,Despatched
SO-2024-02630,C1270,DAV,2024-07-17,2024-07-19,2024-07-19,Telephone,Despatched
SO-2024-02631,C1323,DAV,2024-07-17,2024-07-18,2024-07-17,Trade counter,Despatched
SO-2024-02632,C1447,DAV,2024-07-17,2024-07-22,2024-07-17,Telephone,Despatched
SO-2024-02633,C1681,DAV,2024-07-17,2024-07-23,2024-07-17,Account manager,Despatched
SO-2024-02634,C1211,DAV,2024-07-17,2024-07-22,2024-07-17,Web,Despatched
SO-2024-02635,C1750,WAR,2024-07-17,2024-07-23,2024-07-17,Account manager,Part despatched
SO-2024-02636,C1234,WAR,2024-07-17,2024-07-18,2024-07-17,Telephone,Despatched
SO-2024-02637,C1207,WAR,2024-07-17,2024-07-23,2024-07-17,Account manager,Part despatched
SO-2024-02638,C1339,BRS,2024-07-17,2024-07-18,2024-07-18,Web,Despatched
SO-2024-02639,C1697,BRS,2024-07-17,2024-07-19,2024-07-17,Telephone,Part despatched
SO-2024-02640,C1338,BRS,2024-07-17,2024-07-18,2024-07-17,Telephone,Despatched
SO-2024-02641,C1715,LIV,2024-07-17,2024-07-22,2024-07-18,Trade counter,Despatched
SO-2024-02642,C1941,LIV,2024-07-17,2024-07-22,2024-07-17,Trade counter,Despatched
SO-2024-02643,C1818,DAV,2024-07-18,2024-07-23,2024-07-18,Web,Despatched
SO-2024-02644,C1335,DAV,2024-07-18,2024-07-24,2024-07-18,Account manager,Despatched
SO-2024-02645,C1143,DAV,2024-07-18,2024-07-19,2024-07-18,Trade counter,Despatched
SO-2024-02646,C1708,DAV,2024-07-18,2024-07-23,2024-07-19,Trade counter,Part despatched
SO-2024-02647,C1859,DAV,2024-07-18,2024-07-24,2024-07-18,Account manager,Despatched
SO-2024-02648,C1201,DAV,2024-07-18,2024-07-23,2024-07-18,Web,Despatched
SO-2024-02649,C1145,DAV,2024-07-18,2024-07-23,2024-07-18,Telephone,Despatched
SO-2024-02650,C1138,DAV,2024-07-18,2024-07-19,2024-07-18,Telephone,Despatched
SO-2024-02651,C1015,DAV,2024-07-18,2024-07-19,2024-07-18,Telephone,Despatched
SO-2024-02652,C1844,WAR,2024-07-18,2024-07-22,2024-07-18,Trade counter,Despatched
SO-2024-02653,C1234,WAR,2024-07-18,2024-07-22,2024-07-18,Trade counter,Despatched
SO-2024-02654,C1619,BRS,2024-07-18,2024-07-24,2024-07-18,Telephone,Despatched
SO-2024-02655,C1578,BRS,2024-07-18,2024-07-19,2024-07-22,Telephone,Part despatched
SO-2024-02656,C1619,BRS,2024-07-18,2024-07-19,2024-07-18,Telephone,Despatched
SO-2024-02657,C1475,BRS,2024-07-18,2024-07-19,2024-07-18,Web,Despatched
SO-2024-02658,C1666,LIV,2024-07-18,2024-07-22,2024-07-18,Telephone,Part despatched
SO-2024-02659,C1160,LIV,2024-07-18,2024-07-24,2024-07-23,Web,Despatched
SO-2024-02660,C1835,LIV,2024-07-18,2024-07-23,2024-07-18,Telephone,Despatched
SO-2024-02661,C1159,LIV,2024-07-18,2024-07-19,2024-07-18,Account manager,Despatched
SO-2024-02662,C1691,LIV,2024-07-18,2024-07-23,2024-07-19,Web,Despatched
SO-2024-02663,C1743,DAV,2024-07-19,2024-07-25,2024-07-23,Telephone,Despatched
SO-2024-02664,C1278,DAV,2024-07-19,2024-07-23,2024-07-19,Web,Despatched
SO-2024-02665,C1447,DAV,2024-07-19,2024-07-25,2024-07-22,Telephone,Despatched
SO-2024-02666,C1728,DAV,2024-07-19,2024-07-25,2024-07-23,Web,Despatched
SO-2024-02667,C1734,DAV,2024-07-19,2024-07-23,2024-07-22,Trade counter,Despatched
SO-2024-02668,C1952,DAV,2024-07-19,2024-07-23,2024-07-19,Telephone,Despatched
SO-2024-02669,C1189,DAV,2024-07-19,2024-07-22,2024-07-19,Web,Despatched
SO-2024-02670,C1728,DAV,2024-07-19,2024-07-24,2024-07-19,Account manager,Despatched
SO-2024-02671,C1290,DAV,2024-07-19,2024-07-23,2024-07-19,Account manager,Despatched
SO-2024-02672,C1078,DAV,2024-07-19,2024-07-24,2024-07-19,Web,Despatched
SO-2024-02673,C1236,DAV,2024-07-19,2024-07-23,2024-07-19,Telephone,Despatched
SO-2024-02674,C1822,WAR,2024-07-19,2024-07-25,2024-07-19,Telephone,Despatched
SO-2024-02675,C1398,WAR,2024-07-19,2024-07-25,2024-07-22,Web,Part despatched
SO-2024-02676,C1866,WAR,2024-07-19,2024-07-23,2024-07-19,Telephone,Part despatched
SO-2024-02677,C1505,BRS,2024-07-19,2024-07-25,2024-07-19,Telephone,Despatched
SO-2024-02678,C1238,BRS,2024-07-19,2024-07-22,2024-07-19,Trade counter,Despatched
SO-2024-02679,C1697,BRS,2024-07-19,2024-07-23,2024-07-19,Account manager,Part despatched
SO-2024-02680,C1338,BRS,2024-07-19,2024-07-24,2024-07-19,Account manager,Despatched
SO-2024-02681,C1697,BRS,2024-07-19,2024-07-24,2024-07-19,Trade counter,Part despatched
SO-2024-02682,C1422,LIV,2024-07-19,2024-07-24,2024-07-23,Telephone,Despatched
SO-2024-02683,C1004,LIV,2024-07-19,2024-07-25,2024-07-19,Account manager,Despatched
SO-2024-02684,C1370,DAV,2024-07-22,2024-07-24,2024-07-22,Web,Despatched
SO-2024-02685,C1931,DAV,2024-07-22,2024-07-24,2024-07-22,Trade counter,Despatched
SO-2024-02686,C1648,DAV,2024-07-22,2024-07-25,2024-07-22,Telephone,Part despatched
SO-2024-02687,C1270,DAV,2024-07-22,2024-07-25,2024-07-23,Web,Part despatched
SO-2024-02688,C1800,DAV,2024-07-22,2024-07-24,2024-07-22,Telephone,Part despatched
SO-2024-02689,C1437,DAV,2024-07-22,2024-07-24,2024-07-23,Trade counter,Despatched
SO-2024-02690,C1936,DAV,2024-07-22,2024-07-25,2024-07-22,Account manager,Despatched
SO-2024-02691,C1830,DAV,2024-07-22,2024-07-26,2024-07-22,Telephone,Despatched
SO-2024-02692,C1145,DAV,2024-07-22,2024-07-26,2024-07-24,Trade counter,Part despatched
SO-2024-02693,C1189,DAV,2024-07-22,2024-07-25,2024-07-22,Account manager,Part despatched
SO-2024-02694,C1848,WAR,2024-07-22,2024-07-23,2024-07-22,Account manager,Despatched
SO-2024-02695,C1391,WAR,2024-07-22,2024-07-25,2024-07-22,Telephone,Part despatched
SO-2024-02696,C1234,WAR,2024-07-22,2024-07-23,2024-07-22,Account manager,Despatched
SO-2024-02697,C1871,WAR,2024-07-22,2024-07-23,2024-07-22,Telephone,Despatched
SO-2024-02698,C1398,WAR,2024-07-22,2024-07-25,2024-07-22,Telephone,Despatched
SO-2024-02699,C1171,BRS,2024-07-22,2024-07-24,2024-07-22,Trade counter,Despatched
SO-2024-02700,C1475,BRS,2024-07-22,2024-07-23,2024-07-23,Account manager,Despatched
SO-2024-02701,C1115,BRS,2024-07-22,2024-07-25,2024-07-22,Telephone,Despatched
SO-2024-02702,C1339,BRS,2024-07-22,2024-07-25,2024-07-23,Web,Despatched
SO-2024-02703,C1518,BRS,2024-07-22,2024-07-26,2024-07-23,Trade counter,Despatched
SO-2024-02704,C1600,LIV,2024-07-22,2024-07-23,2024-07-22,Trade counter,Despatched
SO-2024-02705,C1038,LIV,2024-07-22,2024-07-24,2024-07-22,Trade counter,Despatched
SO-2024-02706,C1821,LIV,2024-07-22,2024-07-25,2024-07-22,Telephone,Despatched
SO-2024-02707,C1778,LIV,2024-07-22,2024-07-26,2024-07-22,Trade counter,Part despatched
SO-2024-02708,C1145,DAV,2024-07-23,2024-07-29,2024-07-23,Trade counter,Despatched
SO-2024-02709,C1491,DAV,2024-07-23,2024-07-25,2024-07-23,Web,Despatched
SO-2024-02710,C1569,DAV,2024-07-23,2024-07-26,2024-07-23,Trade counter,Despatched
SO-2024-02711,C1610,DAV,2024-07-23,2024-07-26,2024-07-24,Web,Despatched
SO-2024-02712,C1296,DAV,2024-07-23,2024-07-26,2024-07-23,Trade counter,Despatched
SO-2024-02713,C1366,DAV,2024-07-23,2024-07-26,2024-07-23,Web,Despatched
SO-2024-02714,C1830,DAV,2024-07-23,2024-07-24,2024-07-23,Telephone,Part despatched
SO-2024-02715,C1928,DAV,2024-07-23,2024-07-29,2024-07-25,Trade counter,Despatched
SO-2024-02716,C1752,WAR,2024-07-23,2024-07-26,2024-07-23,Trade counter,Despatched
SO-2024-02717,C1790,WAR,2024-07-23,2024-07-26,2024-07-24,Trade counter,Part despatched
SO-2024-02718,C1057,WAR,2024-07-23,2024-07-24,2024-07-23,Telephone,Despatched
SO-2024-02719,C1831,WAR,2024-07-23,2024-07-24,2024-07-23,Trade counter,Despatched
SO-2024-02720,C1697,BRS,2024-07-23,2024-07-25,2024-07-24,Trade counter,Despatched
SO-2024-02721,C1411,BRS,2024-07-23,2024-07-29,2024-07-23,Web,Despatched
SO-2024-02722,C1294,BRS,2024-07-23,2024-07-24,2024-07-23,Account manager,Despatched
SO-2024-02723,C1697,BRS,2024-07-23,2024-07-26,2024-07-23,Web,Despatched
SO-2024-02724,C1475,BRS,2024-07-23,2024-07-25,2024-07-23,Account manager,Part despatched
SO-2024-02725,C1697,BRS,2024-07-23,2024-07-29,2024-07-23,Account manager,Part despatched
SO-2024-02726,C1697,BRS,2024-07-23,2024-07-26,2024-07-23,Telephone,Despatched
SO-2024-02727,C1168,LIV,2024-07-23,2024-07-25,2024-07-23,Trade counter,Part despatched
SO-2024-02728,C1607,LIV,2024-07-23,2024-07-24,2024-07-23,Telephone,Despatched
SO-2024-02729,C1357,LIV,2024-07-23,2024-07-25,2024-07-23,Telephone,Despatched
SO-2024-02730,C1767,DAV,2024-07-24,2024-07-25,2024-07-24,Telephone,Despatched
SO-2024-02731,C1227,DAV,2024-07-24,2024-07-25,2024-07-25,Telephone,Despatched
SO-2024-02732,C1145,DAV,2024-07-24,2024-07-25,2024-07-24,Web,Part despatched
SO-2024-02733,C1251,DAV,2024-07-24,2024-07-30,2024-07-25,Telephone,Despatched
SO-2024-02734,C1367,DAV,2024-07-24,2024-07-29,2024-07-24,Web,Despatched
SO-2024-02735,C1299,DAV,2024-07-24,2024-07-26,2024-07-24,Account manager,Despatched
SO-2024-02736,C1335,DAV,2024-07-24,2024-07-25,2024-07-24,Telephone,Despatched
SO-2024-02737,C1508,WAR,2024-07-24,2024-07-26,2024-07-24,Telephone,Despatched
SO-2024-02738,C1837,WAR,2024-07-24,2024-07-30,2024-07-24,Account manager,Despatched
SO-2024-02739,C1051,WAR,2024-07-24,2024-07-25,2024-07-24,Telephone,Despatched
SO-2024-02740,C1574,LIV,2024-07-24,2024-07-26,2024-07-24,Account manager,Despatched
SO-2024-02741,C1160,LIV,2024-07-24,2024-07-25,2024-07-25,Trade counter,Despatched
SO-2024-02742,C1270,DAV,2024-07-25,2024-07-30,2024-07-25,Trade counter,Despatched
SO-2024-02743,C1145,DAV,2024-07-25,2024-07-31,2024-07-25,Telephone,Despatched
SO-2024-02744,C1734,DAV,2024-07-25,2024-07-29,2024-07-25,Trade counter,Despatched
SO-2024-02745,C1559,DAV,2024-07-25,2024-07-30,2024-07-25,Telephone,Despatched
SO-2024-02746,C1278,DAV,2024-07-25,2024-07-26,2024-07-26,Trade counter,Despatched
SO-2024-02747,C1255,DAV,2024-07-25,2024-07-29,2024-07-25,Account manager,Despatched
SO-2024-02748,C1928,DAV,2024-07-25,2024-07-29,2024-07-25,Account manager,Despatched
SO-2024-02749,C1859,DAV,2024-07-25,2024-07-30,2024-07-29,Web,Despatched
SO-2024-02750,C1253,DAV,2024-07-25,2024-07-29,2024-07-25,Web,Despatched
SO-2024-02751,C1827,DAV,2024-07-25,2024-07-30,2024-07-25,Trade counter,Part despatched
SO-2024-02752,C1123,WAR,2024-07-25,2024-07-26,2024-07-25,Telephone,Part despatched
SO-2024-02753,C1535,WAR,2024-07-25,2024-07-30,2024-07-25,Trade counter,Despatched
SO-2024-02754,C1724,WAR,2024-07-25,2024-07-26,2024-07-25,Telephone,Despatched
SO-2024-02755,C1822,WAR,2024-07-25,2024-07-29,2024-07-29,Trade counter,Despatched
SO-2024-02756,C1533,WAR,2024-07-25,2024-07-26,2024-07-26,Account manager,Part despatched
SO-2024-02757,C1664,BRS,2024-07-25,2024-07-31,2024-07-25,Account manager,Despatched
SO-2024-02758,C1147,BRS,2024-07-25,2024-07-31,2024-07-26,Telephone,Despatched
SO-2024-02759,C1659,BRS,2024-07-25,2024-07-29,2024-07-25,Web,Despatched
SO-2024-02760,C1168,LIV,2024-07-25,2024-07-31,2024-07-25,Telephone,Despatched
SO-2024-02761,C1821,LIV,2024-07-25,2024-07-30,2024-07-25,Trade counter,Despatched
SO-2024-02762,C1478,LIV,2024-07-25,2024-07-29,2024-07-25,Account manager,Despatched
SO-2024-02763,C1340,DAV,2024-07-26,2024-07-31,2024-07-26,Trade counter,Despatched
SO-2024-02764,C1593,DAV,2024-07-26,2024-07-30,2024-07-26,Telephone,Part despatched
SO-2024-02765,C1767,DAV,2024-07-26,2024-07-31,2024-07-29,Web,Despatched
SO-2024-02766,C1734,DAV,2024-07-26,2024-07-29,2024-07-29,Telephone,Part despatched
SO-2024-02767,C1429,DAV,2024-07-26,2024-08-01,2024-07-26,Telephone,Despatched
SO-2024-02768,C1936,DAV,2024-07-26,2024-07-29,2024-07-30,Web,Despatched
SO-2024-02769,C1193,WAR,2024-07-26,2024-08-01,2024-07-26,Telephone,Despatched
SO-2024-02770,C1032,WAR,2024-07-26,2024-07-29,2024-07-26,Trade counter,Despatched
SO-2024-02771,C1346,WAR,2024-07-26,2024-07-30,2024-07-30,Telephone,Part despatched
SO-2024-02772,C1032,WAR,2024-07-26,2024-08-01,2024-07-26,Trade counter,Despatched
SO-2024-02773,C1752,WAR,2024-07-26,2024-07-29,2024-07-26,Telephone,Despatched
SO-2024-02774,C1075,WAR,2024-07-26,2024-08-01,2024-07-30,Trade counter,Despatched
SO-2024-02775,C1757,BRS,2024-07-26,2024-07-31,2024-07-26,Web,Despatched
SO-2024-02776,C1247,BRS,2024-07-26,2024-07-29,2024-07-26,Trade counter,Despatched
SO-2024-02777,C1247,BRS,2024-07-26,2024-08-01,2024-07-30,Web,Part despatched
SO-2024-02778,C1501,BRS,2024-07-26,2024-07-31,2024-07-26,Trade counter,Despatched
SO-2024-02779,C1033,LIV,2024-07-26,2024-07-31,2024-07-26,Web,Part despatched
SO-2024-02780,C1168,LIV,2024-07-26,2024-07-31,2024-07-26,Trade counter,Despatched
SO-2024-02781,C1109,LIV,2024-07-26,2024-07-30,2024-07-26,Account manager,Despatched
SO-2024-02782,C1321,LIV,2024-07-26,2024-07-30,2024-07-26,Telephone,Despatched
SO-2024-02783,C1194,DAV,2024-07-29,2024-07-31,2024-07-29,Web,Despatched
SO-2024-02784,C1073,DAV,2024-07-29,2024-08-01,2024-07-31,Trade counter,Despatched
SO-2024-02785,C1262,DAV,2024-07-29,2024-08-01,2024-07-30,Account manager,Despatched
SO-2024-02786,C1429,DAV,2024-07-29,2024-08-01,2024-07-29,Telephone,Despatched
SO-2024-02787,C1429,DAV,2024-07-29,2024-07-30,2024-07-30,Trade counter,Despatched
SO-2024-02788,C1227,DAV,2024-07-29,2024-07-30,2024-07-30,Web,Despatched
SO-2024-02789,C1097,DAV,2024-07-29,2024-08-02,2024-07-30,Web,Despatched
SO-2024-02790,C1402,WAR,2024-07-29,2024-08-02,2024-07-29,Trade counter,Despatched
SO-2024-02791,C1026,WAR,2024-07-29,2024-08-02,2024-07-29,Trade counter,Despatched
SO-2024-02792,C1215,WAR,2024-07-29,2024-08-01,2024-07-29,Trade counter,Part despatched
SO-2024-02793,C1656,WAR,2024-07-29,2024-08-02,2024-07-29,Trade counter,Despatched
SO-2024-02794,C1948,WAR,2024-07-29,2024-08-02,2024-07-30,Web,Despatched
SO-2024-02795,C1338,BRS,2024-07-29,2024-08-02,2024-07-29,Trade counter,Despatched
SO-2024-02796,C1697,BRS,2024-07-29,2024-07-31,2024-07-29,Account manager,Part despatched
SO-2024-02797,C1505,BRS,2024-07-29,2024-07-30,2024-07-29,Trade counter,Despatched
SO-2024-02798,C1321,LIV,2024-07-29,2024-08-02,2024-07-31,Telephone,Despatched
SO-2024-02799,C1559,DAV,2024-07-30,2024-07-31,2024-08-01,Trade counter,Despatched
SO-2024-02800,C1632,DAV,2024-07-30,2024-08-05,2024-07-30,Trade counter,Part despatched
SO-2024-02801,C1299,DAV,2024-07-30,2024-08-02,2024-07-31,Web,Despatched
SO-2024-02802,C1669,DAV,2024-07-30,2024-08-01,2024-07-30,Trade counter,Despatched
SO-2024-02803,C1644,DAV,2024-07-30,2024-08-02,2024-07-30,Trade counter,Despatched
SO-2024-02804,C1610,DAV,2024-07-30,2024-07-31,2024-07-31,Trade counter,Despatched
SO-2024-02805,C1936,DAV,2024-07-30,2024-08-02,2024-07-30,Telephone,Despatched
SO-2024-02806,C1669,DAV,2024-07-30,2024-07-31,2024-07-31,Telephone,Part despatched
SO-2024-02807,C1651,WAR,2024-07-30,2024-08-05,2024-07-30,Telephone,Despatched
SO-2024-02808,C1948,WAR,2024-07-30,2024-07-31,2024-07-30,Account manager,Despatched
SO-2024-02809,C1010,WAR,2024-07-30,2024-07-31,,Telephone,Cancelled
SO-2024-02810,C1757,BRS,2024-07-30,2024-08-02,2024-07-30,Web,Part despatched
SO-2024-02811,C1238,BRS,2024-07-30,2024-08-01,2024-07-30,Trade counter,Despatched
SO-2024-02812,C1374,BRS,2024-07-30,2024-08-05,2024-07-31,Account manager,Despatched
SO-2024-02813,C1085,LIV,2024-07-30,2024-08-01,2024-07-31,Telephone,Part despatched
SO-2024-02814,C1319,DAV,2024-07-31,2024-08-01,2024-07-31,Web,Despatched
SO-2024-02815,C1133,DAV,2024-07-31,2024-08-02,2024-07-31,Trade counter,Despatched
SO-2024-02816,C1389,DAV,2024-07-31,2024-08-06,2024-07-31,Account manager,Despatched
SO-2024-02817,C1235,DAV,2024-07-31,2024-08-06,2024-08-02,Telephone,Despatched
SO-2024-02818,C1637,DAV,2024-07-31,2024-08-05,2024-08-01,Trade counter,Despatched
SO-2024-02819,C1928,DAV,2024-07-31,2024-08-06,2024-08-01,Trade counter,Despatched
SO-2024-02820,C1563,DAV,2024-07-31,2024-08-02,2024-08-02,Telephone,Despatched
SO-2024-02821,C1194,DAV,2024-07-31,2024-08-05,2024-08-01,Web,Despatched
SO-2024-02822,C1145,DAV,2024-07-31,2024-08-05,2024-08-01,Telephone,Despatched
SO-2024-02823,C1032,WAR,2024-07-31,2024-08-02,2024-07-31,Trade counter,Despatched
SO-2024-02824,C1032,WAR,2024-07-31,2024-08-02,2024-07-31,Web,Part despatched
SO-2024-02825,C1590,BRS,2024-07-31,2024-08-05,2024-07-31,Web,Despatched
SO-2024-02826,C1338,BRS,2024-07-31,2024-08-01,2024-08-05,Telephone,Despatched
SO-2024-02827,C1147,BRS,2024-07-31,2024-08-01,2024-07-31,Account manager,Despatched
SO-2024-02828,C1435,LIV,2024-07-31,2024-08-05,2024-07-31,Telephone,Despatched
SO-2024-02829,C1600,LIV,2024-07-31,2024-08-01,2024-08-01,Trade counter,Despatched
SO-2024-02830,C1160,LIV,2024-07-31,2024-08-06,2024-07-31,Telephone,Despatched
SO-2024-02831,C1666,LIV,2024-07-31,2024-08-06,2024-07-31,Account manager,Despatched
SO-2024-02832,C1841,DAV,2024-08-01,2024-08-02,2024-08-02,Web,Despatched
SO-2024-02833,C1429,DAV,2024-08-01,2024-08-06,2024-08-01,Trade counter,Despatched
SO-2024-02834,C1270,DAV,2024-08-01,2024-08-05,2024-08-01,Account manager,Despatched
SO-2024-02835,C1299,DAV,2024-08-01,2024-08-02,2024-08-05,Telephone,Despatched
SO-2024-02836,C1145,DAV,2024-08-01,2024-08-06,2024-08-01,Telephone,Despatched
SO-2024-02837,C1429,DAV,2024-08-01,2024-08-02,2024-08-01,Telephone,Despatched
SO-2024-02838,C1429,DAV,2024-08-01,2024-08-07,2024-08-01,Account manager,Despatched
SO-2024-02839,C1795,DAV,2024-08-01,2024-08-07,2024-08-01,Web,Despatched
SO-2024-02840,C1282,WAR,2024-08-01,2024-08-07,2024-08-01,Account manager,Despatched
SO-2024-02841,C1948,WAR,2024-08-01,2024-08-07,2024-08-01,Telephone,Despatched
SO-2024-02842,C1546,BRS,2024-08-01,2024-08-02,2024-08-01,Account manager,Part despatched
SO-2024-02843,C1726,LIV,2024-08-01,2024-08-05,2024-08-02,Web,Despatched
SO-2024-02844,C1168,LIV,2024-08-01,2024-08-02,2024-08-01,Telephone,Despatched
SO-2024-02845,C1607,LIV,2024-08-01,2024-08-05,2024-08-01,Web,Despatched
SO-2024-02846,C1124,LIV,2024-08-01,2024-08-06,2024-08-01,Trade counter,Despatched
SO-2024-02847,C1094,DAV,2024-08-02,2024-08-07,2024-08-02,Telephone,Despatched
SO-2024-02848,C1232,DAV,2024-08-02,2024-08-07,2024-08-02,Telephone,Part despatched
SO-2024-02849,C1120,DAV,2024-08-02,2024-08-05,2024-08-02,Web,Part despatched
SO-2024-02850,C1145,DAV,2024-08-02,2024-08-06,2024-08-02,Account manager,Despatched
SO-2024-02851,C1563,DAV,2024-08-02,2024-08-08,2024-08-02,Web,Despatched
SO-2024-02852,C1104,DAV,2024-08-02,2024-08-07,2024-08-07,Trade counter,Despatched
SO-2024-02853,C1734,DAV,2024-08-02,2024-08-05,2024-08-02,Web,Despatched
SO-2024-02854,C1563,DAV,2024-08-02,2024-08-06,2024-08-02,Account manager,Part despatched
SO-2024-02855,C1646,DAV,2024-08-02,2024-08-08,2024-08-02,Telephone,Despatched
SO-2024-02856,C1234,WAR,2024-08-02,2024-08-08,2024-08-02,Telephone,Despatched
SO-2024-02857,C1051,WAR,2024-08-02,2024-08-07,2024-08-05,Account manager,Despatched
SO-2024-02858,C1802,WAR,2024-08-02,2024-08-05,2024-08-02,Telephone,Part despatched
SO-2024-02859,C1051,WAR,2024-08-02,2024-08-06,2024-08-02,Web,Despatched
SO-2024-02860,C1402,WAR,2024-08-02,2024-08-06,2024-08-02,Account manager,Despatched
SO-2024-02861,C1234,WAR,2024-08-02,2024-08-08,2024-08-05,Trade counter,Despatched
SO-2024-02862,C1154,WAR,2024-08-02,2024-08-06,2024-08-02,Telephone,Despatched
SO-2024-02863,C1785,BRS,2024-08-02,2024-08-08,2024-08-02,Account manager,Part despatched
SO-2024-02864,C1475,BRS,2024-08-02,2024-08-07,2024-08-02,Account manager,Despatched
SO-2024-02865,C1911,LIV,2024-08-02,2024-08-05,2024-08-02,Trade counter,Despatched
SO-2024-02866,C1050,DAV,2024-08-05,2024-08-06,2024-08-05,Telephone,Despatched
SO-2024-02867,C1599,DAV,2024-08-05,2024-08-08,2024-08-05,Trade counter,Despatched
SO-2024-02868,C1278,DAV,2024-08-05,2024-08-09,2024-08-06,Trade counter,Despatched
SO-2024-02869,C1234,WAR,2024-08-05,2024-08-09,2024-08-05,Telephone,Despatched
SO-2024-02870,C1474,WAR,2024-08-05,2024-08-09,2024-08-05,Trade counter,Despatched
SO-2024-02871,C1948,WAR,2024-08-05,2024-08-06,2024-08-05,Trade counter,Despatched
SO-2024-02872,C1402,WAR,2024-08-05,2024-08-09,2024-08-05,Account manager,Part despatched
SO-2024-02873,C1032,WAR,2024-08-05,2024-08-06,2024-08-05,Trade counter,Despatched
SO-2024-02874,C1475,BRS,2024-08-05,2024-08-08,2024-08-05,Account manager,Despatched
SO-2024-02875,C1741,BRS,2024-08-05,2024-08-06,2024-08-06,Telephone,Despatched
SO-2024-02876,C1944,BRS,2024-08-05,2024-08-08,2024-08-05,Trade counter,Part despatched
SO-2024-02877,C1109,LIV,2024-08-05,2024-08-07,2024-08-06,Telephone,Despatched
SO-2024-02878,C1985,DAV,2024-08-06,2024-08-08,2024-08-06,Telephone,Part despatched
SO-2024-02879,C1940,DAV,2024-08-06,2024-08-07,2024-08-06,Telephone,Despatched
SO-2024-02880,C1145,DAV,2024-08-06,2024-08-07,2024-08-07,Trade counter,Despatched
SO-2024-02881,C1800,DAV,2024-08-06,2024-08-09,2024-08-06,Trade counter,Despatched
SO-2024-02882,C1593,DAV,2024-08-06,2024-08-12,2024-08-07,Telephone,Despatched
SO-2024-02883,C1776,DAV,2024-08-06,2024-08-12,2024-08-08,Telephone,Despatched
SO-2024-02884,C1366,DAV,2024-08-06,2024-08-12,2024-08-06,Web,Part despatched
SO-2024-02885,C1848,WAR,2024-08-06,2024-08-12,2024-08-06,Telephone,Despatched
SO-2024-02886,C1360,WAR,2024-08-06,2024-08-08,2024-08-06,Trade counter,Despatched
SO-2024-02887,C1773,BRS,2024-08-06,2024-08-12,2024-08-08,Telephone,Despatched
SO-2024-02888,C1697,BRS,2024-08-06,2024-08-07,2024-08-06,Web,Despatched
SO-2024-02889,C1151,BRS,2024-08-06,2024-08-09,2024-08-06,Web,Despatched
SO-2024-02890,C1659,BRS,2024-08-06,2024-08-07,2024-08-06,Telephone,Despatched
SO-2024-02891,C1975,LIV,2024-08-06,2024-08-07,2024-08-06,Account manager,Despatched
SO-2024-02892,C1856,LIV,2024-08-06,2024-08-08,2024-08-07,Web,Despatched
SO-2024-02893,C1803,LIV,2024-08-06,2024-08-12,2024-08-06,Telephone,Part despatched
SO-2024-02894,C1109,LIV,2024-08-06,2024-08-08,2024-08-06,Trade counter,Part despatched
SO-2024-02895,C1366,DAV,2024-08-07,2024-08-13,2024-08-12,Telephone,Despatched
SO-2024-02896,C1367,DAV,2024-08-07,2024-08-13,2024-08-07,Telephone,Despatched
SO-2024-02897,C1320,DAV,2024-08-07,2024-08-13,2024-08-07,Trade counter,Despatched
SO-2024-02898,C1656,WAR,2024-08-07,2024-08-09,2024-08-08,Telephone,Despatched
SO-2024-02899,C1697,BRS,2024-08-07,2024-08-12,2024-08-07,Trade counter,Despatched
SO-2024-02900,C1475,BRS,2024-08-07,2024-08-09,2024-08-07,Account manager,Despatched
SO-2024-02901,C1107,BRS,2024-08-07,2024-08-08,2024-08-12,Web,Despatched
SO-2024-02902,C1352,BRS,2024-08-07,2024-08-09,2024-08-07,Account manager,Part despatched
SO-2024-02903,C1212,BRS,2024-08-07,2024-08-08,2024-08-07,Trade counter,Part despatched
SO-2024-02904,C1435,LIV,2024-08-07,2024-08-09,2024-08-08,Telephone,Despatched
SO-2024-02905,C1078,DAV,2024-08-08,2024-08-12,2024-08-08,Telephone,Despatched
SO-2024-02906,C1491,DAV,2024-08-08,2024-08-13,2024-08-08,Trade counter,Despatched
SO-2024-02907,C1232,DAV,2024-08-08,2024-08-09,2024-08-08,Trade counter,Despatched
SO-2024-02908,C1066,DAV,2024-08-08,2024-08-14,2024-08-09,Trade counter,Despatched
SO-2024-02909,C1795,DAV,2024-08-08,2024-08-13,2024-08-08,Account manager,Despatched
SO-2024-02910,C1366,DAV,2024-08-08,2024-08-14,2024-08-09,Trade counter,Despatched
SO-2024-02911,C1988,WAR,2024-08-08,2024-08-14,2024-08-08,Telephone,Despatched
SO-2024-02912,C1376,WAR,2024-08-08,2024-08-12,2024-08-08,Web,Despatched
SO-2024-02913,C1948,WAR,2024-08-08,2024-08-09,2024-08-13,Telephone,Despatched
SO-2024-02914,C1948,WAR,2024-08-08,2024-08-12,2024-08-09,Trade counter,Despatched
SO-2024-02915,C1346,WAR,2024-08-08,2024-08-09,2024-08-08,Telephone,Despatched
SO-2024-02916,C1032,WAR,2024-08-08,2024-08-09,2024-08-09,Account manager,Part despatched
SO-2024-02917,C1790,WAR,2024-08-08,2024-08-14,2024-08-08,Web,Despatched
SO-2024-02918,C1140,BRS,2024-08-08,2024-08-14,2024-08-09,Trade counter,Part despatched
SO-2024-02919,C1578,BRS,2024-08-08,2024-08-13,2024-08-08,Telephone,Despatched
SO-2024-02920,C1128,LIV,2024-08-08,2024-08-14,2024-08-09,Trade counter,Part despatched
SO-2024-02921,C1693,LIV,2024-08-08,2024-08-14,2024-08-08,Trade counter,Despatched
SO-2024-02922,C1357,LIV,2024-08-08,2024-08-14,2024-08-08,Trade counter,Part despatched
SO-2024-02923,C1911,LIV,2024-08-08,2024-08-13,2024-08-08,Trade counter,Despatched
SO-2024-02924,C1305,LIV,2024-08-08,2024-08-12,2024-08-09,Trade counter,Despatched
SO-2024-02925,C1085,LIV,2024-08-08,2024-08-12,2024-08-08,Telephone,Part despatched
SO-2024-02926,C1693,LIV,2024-08-08,2024-08-12,2024-08-08,Account manager,Despatched
SO-2024-02927,C1566,LIV,2024-08-08,2024-08-14,2024-08-08,Account manager,Despatched
SO-2024-02928,C1479,DAV,2024-08-09,2024-08-12,2024-08-12,Telephone,Despatched
SO-2024-02929,C1066,DAV,2024-08-09,2024-08-14,2024-08-09,Telephone,Despatched
SO-2024-02930,C1790,WAR,2024-08-09,2024-08-15,2024-08-09,Web,Despatched
SO-2024-02931,C1790,WAR,2024-08-09,2024-08-15,2024-08-09,Trade counter,Despatched
SO-2024-02932,C1408,WAR,2024-08-09,2024-08-12,2024-08-09,Trade counter,Despatched
SO-2024-02933,C1844,WAR,2024-08-09,2024-08-12,2024-08-12,Web,Part despatched
SO-2024-02934,C1032,WAR,2024-08-09,2024-08-15,2024-08-09,Trade counter,Despatched
SO-2024-02935,C1697,BRS,2024-08-09,2024-08-13,2024-08-14,Trade counter,Despatched
SO-2024-02936,C1115,BRS,2024-08-09,2024-08-14,2024-08-09,Trade counter,Despatched
SO-2024-02937,C1338,BRS,2024-08-09,2024-08-13,2024-08-09,Web,Part despatched
SO-2024-02938,C1821,LIV,2024-08-09,2024-08-15,2024-08-13,Telephone,Part despatched
SO-2024-02939,C1085,LIV,2024-08-09,2024-08-12,2024-08-09,Trade counter,Despatched
SO-2024-02940,C1434,DAV,2024-08-12,2024-08-15,2024-08-13,Web,Part despatched
SO-2024-02941,C1194,DAV,2024-08-12,2024-08-13,2024-08-12,Trade counter,Despatched
SO-2024-02942,C1486,DAV,2024-08-12,2024-08-13,2024-08-12,Trade counter,Despatched
SO-2024-02943,C1610,DAV,2024-08-12,2024-08-15,2024-08-13,Trade counter,Despatched
SO-2024-02944,C1610,DAV,2024-08-12,2024-08-15,2024-08-13,Trade counter,Despatched
SO-2024-02945,C1133,DAV,2024-08-12,2024-08-16,2024-08-12,Trade counter,Despatched
SO-2024-02946,C1795,DAV,2024-08-12,2024-08-16,2024-08-12,Telephone,Despatched
SO-2024-02947,C1372,DAV,2024-08-12,2024-08-15,2024-08-13,Web,Part despatched
SO-2024-02948,C1389,DAV,2024-08-12,2024-08-15,2024-08-13,Account manager,Despatched
SO-2024-02949,C1367,DAV,2024-08-12,2024-08-15,2024-08-12,Trade counter,Despatched
SO-2024-02950,C1078,DAV,2024-08-12,2024-08-15,2024-08-13,Trade counter,Despatched
SO-2024-02951,C1850,WAR,2024-08-12,2024-08-16,2024-08-13,Telephone,Despatched
SO-2024-02952,C1032,WAR,2024-08-12,2024-08-15,2024-08-15,Account manager,Despatched
SO-2024-02953,C1026,WAR,2024-08-12,2024-08-14,2024-08-12,Trade counter,Despatched
SO-2024-02954,C1040,BRS,2024-08-12,2024-08-14,2024-08-12,Telephone,Despatched
SO-2024-02955,C1338,BRS,2024-08-12,2024-08-13,2024-08-12,Telephone,Part despatched
SO-2024-02956,C1071,BRS,2024-08-12,2024-08-16,2024-08-12,Telephone,Part despatched
SO-2024-02957,C1159,LIV,2024-08-12,2024-08-14,2024-08-12,Trade counter,Despatched
SO-2024-02958,C1693,LIV,2024-08-12,2024-08-14,2024-08-14,Telephone,Despatched
SO-2024-02959,C1685,LIV,2024-08-12,2024-08-13,2024-08-12,Telephone,Part despatched
SO-2024-02960,C1835,LIV,2024-08-12,2024-08-13,2024-08-12,Telephone,Despatched
SO-2024-02961,C1666,LIV,2024-08-12,2024-08-13,2024-08-12,Account manager,Despatched
SO-2024-02962,C1941,LIV,2024-08-12,2024-08-13,2024-08-14,Telephone,Part despatched
SO-2024-02963,C1577,DAV,2024-08-13,2024-08-19,2024-08-13,Telephone,Despatched
SO-2024-02964,C1410,DAV,2024-08-13,2024-08-19,2024-08-13,Telephone,Despatched
SO-2024-02965,C1632,DAV,2024-08-13,2024-08-14,2024-08-13,Telephone,Despatched
SO-2024-02966,C1133,DAV,2024-08-13,2024-08-15,2024-08-13,Trade counter,Despatched
SO-2024-02967,C1486,DAV,2024-08-13,2024-08-14,2024-08-13,Web,Despatched
SO-2024-02968,C1232,DAV,2024-08-13,2024-08-14,2024-08-13,Telephone,Despatched
SO-2024-02969,C1278,DAV,2024-08-13,2024-08-16,2024-08-15,Web,Despatched
SO-2024-02970,C1827,DAV,2024-08-13,2024-08-19,2024-08-13,Web,Despatched
SO-2024-02971,C1767,DAV,2024-08-13,2024-08-16,2024-08-14,Trade counter,Despatched
SO-2024-02972,C1441,WAR,2024-08-13,2024-08-15,2024-08-13,Web,Part despatched
SO-2024-02973,C1247,BRS,2024-08-13,2024-08-14,2024-08-13,Trade counter,Despatched
SO-2024-02974,C1463,BRS,2024-08-13,2024-08-15,2024-08-15,Telephone,Despatched
SO-2024-02975,C1785,BRS,2024-08-13,2024-08-16,2024-08-13,Web,Despatched
SO-2024-02976,C1697,BRS,2024-08-13,2024-08-19,2024-08-15,Trade counter,Despatched
SO-2024-02977,C1423,LIV,2024-08-13,2024-08-15,2024-08-15,Account manager,Part despatched
SO-2024-02978,C1278,DAV,2024-08-14,2024-08-20,2024-08-14,Telephone,Despatched
SO-2024-02979,C1278,DAV,2024-08-14,2024-08-15,2024-08-14,Web,Despatched
SO-2024-02980,C1251,DAV,2024-08-14,2024-08-20,2024-08-15,Telephone,Part despatched
SO-2024-02981,C1599,DAV,2024-08-14,2024-08-15,2024-08-14,Web,Despatched
SO-2024-02982,C1179,DAV,2024-08-14,2024-08-15,2024-08-14,Account manager,Despatched
SO-2024-02983,C1078,DAV,2024-08-14,2024-08-19,2024-08-14,Account manager,Despatched
SO-2024-02984,C1366,DAV,2024-08-14,2024-08-20,2024-08-15,Account manager,Part despatched
SO-2024-02985,C1512,DAV,2024-08-14,2024-08-20,2024-08-14,Web,Despatched
SO-2024-02986,C1790,WAR,2024-08-14,2024-08-20,2024-08-15,Telephone,Part despatched
SO-2024-02987,C1783,BRS,2024-08-14,2024-08-20,2024-08-14,Web,Despatched
SO-2024-02988,C1619,BRS,2024-08-14,2024-08-20,2024-08-16,Trade counter,Part despatched
SO-2024-02989,C1835,LIV,2024-08-14,2024-08-20,2024-08-19,Web,Despatched
SO-2024-02990,C1168,LIV,2024-08-14,2024-08-16,2024-08-14,Trade counter,Despatched
SO-2024-02991,C1636,DAV,2024-08-15,2024-08-19,2024-08-15,Web,Despatched
SO-2024-02992,C1479,DAV,2024-08-15,2024-08-21,2024-08-16,Telephone,Despatched
SO-2024-02993,C1767,DAV,2024-08-15,2024-08-16,2024-08-15,Web,Despatched
SO-2024-02994,C1236,DAV,2024-08-15,2024-08-19,2024-08-16,Trade counter,Despatched
SO-2024-02995,C1007,DAV,2024-08-15,2024-08-16,2024-08-15,Telephone,Despatched
SO-2024-02996,C1035,DAV,2024-08-15,2024-08-16,2024-08-15,Trade counter,Despatched
SO-2024-02997,C1593,DAV,2024-08-15,2024-08-19,2024-08-15,Telephone,Despatched
SO-2024-02998,C1098,DAV,2024-08-15,2024-08-21,2024-08-15,Trade counter,Part despatched
SO-2024-02999,C1744,DAV,2024-08-15,2024-08-19,2024-08-16,Web,Despatched
SO-2024-03000,C1563,DAV,2024-08-15,2024-08-19,2024-08-15,Web,Despatched
SO-2024-03001,C1554,DAV,2024-08-15,2024-08-20,2024-08-16,Telephone,Despatched
SO-2024-03002,C1110,DAV,2024-08-15,2024-08-16,2024-08-15,Telephone,Despatched
SO-2024-03003,C1395,WAR,2024-08-15,2024-08-20,2024-08-15,Web,Despatched
SO-2024-03004,C1034,WAR,2024-08-15,2024-08-21,2024-08-15,Telephone,Despatched
SO-2024-03005,C1391,WAR,2024-08-15,2024-08-20,2024-08-15,Trade counter,Despatched
SO-2024-03006,C1813,BRS,2024-08-15,2024-08-21,2024-08-15,Telephone,Part despatched
SO-2024-03007,C1975,LIV,2024-08-15,2024-08-16,2024-08-15,Web,Despatched
SO-2024-03008,C1803,LIV,2024-08-15,2024-08-20,2024-08-16,Web,Despatched
SO-2024-03009,C1168,LIV,2024-08-15,2024-08-19,2024-08-15,Trade counter,Part despatched
SO-2024-03010,C1194,DAV,2024-08-16,2024-08-20,2024-08-19,Web,Part despatched
SO-2024-03011,C1734,DAV,2024-08-16,2024-08-19,2024-08-16,Web,Part despatched
SO-2024-03012,C1120,DAV,2024-08-16,2024-08-22,2024-08-16,Trade counter,Part despatched
SO-2024-03013,C1278,DAV,2024-08-16,2024-08-20,2024-08-16,Web,Despatched
SO-2024-03014,C1015,DAV,2024-08-16,2024-08-22,2024-08-19,Web,Despatched
SO-2024-03015,C1276,DAV,2024-08-16,2024-08-20,2024-08-16,Telephone,Despatched
SO-2024-03016,C1898,DAV,2024-08-16,2024-08-22,2024-08-16,Trade counter,Despatched
SO-2024-03017,C1447,DAV,2024-08-16,2024-08-19,2024-08-16,Trade counter,Despatched
SO-2024-03018,C1802,WAR,2024-08-16,2024-08-21,2024-08-16,Trade counter,Despatched
SO-2024-03019,C1568,WAR,2024-08-16,2024-08-22,2024-08-16,Account manager,Despatched
SO-2024-03020,C1802,WAR,2024-08-16,2024-08-19,2024-08-21,Web,Despatched
SO-2024-03021,C1844,WAR,2024-08-16,2024-08-21,2024-08-19,Trade counter,Despatched
SO-2024-03022,C1057,WAR,2024-08-16,2024-08-22,2024-08-16,Telephone,Despatched
SO-2024-03023,C1156,WAR,2024-08-16,2024-08-21,2024-08-16,Trade counter,Despatched
SO-2024-03024,C1057,WAR,2024-08-16,2024-08-22,2024-08-16,Account manager,Despatched
SO-2024-03025,C1870,BRS,2024-08-16,2024-08-21,2024-08-19,Trade counter,Part despatched
SO-2024-03026,C1664,BRS,2024-08-16,2024-08-19,2024-08-16,Telephone,Despatched
SO-2024-03027,C1557,BRS,2024-08-16,2024-08-19,2024-08-20,Trade counter,Part despatched
SO-2024-03028,C1505,BRS,2024-08-16,2024-08-22,2024-08-16,Web,Part despatched
SO-2024-03029,C1004,LIV,2024-08-16,2024-08-19,2024-08-16,Trade counter,Despatched
SO-2024-03030,C1760,DAV,2024-08-19,2024-08-23,2024-08-19,Telephone,Despatched
SO-2024-03031,C1447,DAV,2024-08-19,2024-08-20,2024-08-22,Trade counter,Despatched
SO-2024-03032,C1593,DAV,2024-08-19,2024-08-22,2024-08-19,Telephone,Despatched
SO-2024-03033,C1531,DAV,2024-08-19,2024-08-21,2024-08-20,Web,Despatched
SO-2024-03034,C1145,DAV,2024-08-19,2024-08-22,2024-08-19,Web,Despatched
SO-2024-03035,C1335,DAV,2024-08-19,2024-08-20,2024-08-19,Web,Despatched
SO-2024-03036,C1032,WAR,2024-08-19,2024-08-21,2024-08-19,Telephone,Despatched
SO-2024-03037,C1844,WAR,2024-08-19,2024-08-21,2024-08-19,Account manager,Part despatched
SO-2024-03038,C1081,WAR,2024-08-19,2024-08-22,2024-08-20,Trade counter,Despatched
SO-2024-03039,C1950,WAR,2024-08-19,2024-08-21,2024-08-19,Account manager,Part despatched
SO-2024-03040,C1001,WAR,2024-08-19,2024-08-20,2024-08-19,Telephone,Despatched
SO-2024-03041,C1032,WAR,2024-08-19,2024-08-21,2024-08-20,Account manager,Despatched
SO-2024-03042,C1164,WAR,2024-08-19,2024-08-21,2024-08-20,Web,Despatched
SO-2024-03043,C1234,WAR,2024-08-19,2024-08-22,2024-08-19,Trade counter,Despatched
SO-2024-03044,C1659,BRS,2024-08-19,2024-08-20,2024-08-19,Web,Part despatched
SO-2024-03045,C1330,BRS,2024-08-19,2024-08-22,2024-08-19,Telephone,Part despatched
SO-2024-03046,C1518,BRS,2024-08-19,2024-08-20,2024-08-19,Web,Part despatched
SO-2024-03047,C1168,LIV,2024-08-19,2024-08-23,2024-08-20,Web,Despatched
SO-2024-03048,C1422,LIV,2024-08-19,2024-08-23,2024-08-19,Trade counter,Despatched
SO-2024-03049,C1605,DAV,2024-08-20,2024-08-23,2024-08-20,Web,Despatched
SO-2024-03050,C1145,DAV,2024-08-20,2024-08-23,2024-08-20,Trade counter,Despatched
SO-2024-03051,C1830,DAV,2024-08-20,2024-08-27,2024-08-20,Web,Part despatched
SO-2024-03052,C1765,DAV,2024-08-20,2024-08-22,2024-08-20,Account manager,Despatched
SO-2024-03053,C1201,DAV,2024-08-20,2024-08-22,2024-08-20,Web,Despatched
SO-2024-03054,C1366,DAV,2024-08-20,2024-08-22,2024-08-22,Account manager,Despatched
SO-2024-03055,C1447,DAV,2024-08-20,2024-08-21,2024-08-20,Telephone,Part despatched
SO-2024-03056,C1402,WAR,2024-08-20,2024-08-22,2024-08-20,Telephone,Despatched
SO-2024-03057,C1713,WAR,2024-08-20,2024-08-23,2024-08-20,Telephone,Despatched
SO-2024-03058,C1948,WAR,2024-08-20,2024-08-22,2024-08-20,Telephone,Part despatched
SO-2024-03059,C1065,BRS,2024-08-20,2024-08-23,2024-08-20,Account manager,Despatched
SO-2024-03060,C1697,BRS,2024-08-20,2024-08-21,2024-08-20,Trade counter,Part despatched
SO-2024-03061,C1741,BRS,2024-08-20,2024-08-27,2024-08-20,Trade counter,Part despatched
SO-2024-03062,C1328,BRS,2024-08-20,2024-08-22,2024-08-20,Trade counter,Part despatched
SO-2024-03063,C1338,BRS,2024-08-20,2024-08-22,2024-08-20,Telephone,Despatched
SO-2024-03064,C1379,LIV,2024-08-20,2024-08-27,2024-08-20,Trade counter,Despatched
SO-2024-03065,C1704,DAV,2024-08-21,2024-08-23,2024-08-23,Account manager,Despatched
SO-2024-03066,C1278,DAV,2024-08-21,2024-08-23,2024-08-21,Telephone,Part despatched
SO-2024-03067,C1276,DAV,2024-08-21,2024-08-22,2024-08-21,Trade counter,Despatched
SO-2024-03068,C1255,DAV,2024-08-21,2024-08-22,2024-08-21,Account manager,Despatched
SO-2024-03069,C1145,DAV,2024-08-21,2024-08-28,2024-08-21,Trade counter,Despatched
SO-2024-03070,C1366,DAV,2024-08-21,2024-08-23,2024-08-21,Web,Despatched
SO-2024-03071,C1320,DAV,2024-08-21,2024-08-27,2024-08-22,Web,Despatched
SO-2024-03072,C1610,DAV,2024-08-21,2024-08-22,2024-08-21,Telephone,Despatched
SO-2024-03073,C1593,DAV,2024-08-21,2024-08-28,2024-08-21,Account manager,Despatched
SO-2024-03074,C1848,WAR,2024-08-21,2024-08-27,2024-08-21,Telephone,Despatched
SO-2024-03075,C1866,WAR,2024-08-21,2024-08-23,2024-08-21,Trade counter,Despatched
SO-2024-03076,C1802,WAR,2024-08-21,2024-08-27,2024-08-21,Trade counter,Despatched
SO-2024-03077,C1535,WAR,2024-08-21,2024-08-28,2024-08-21,Telephone,Part despatched
SO-2024-03078,C1656,WAR,2024-08-21,2024-08-27,2024-08-21,Trade counter,Despatched
SO-2024-03079,C1702,WAR,2024-08-21,2024-08-27,2024-08-21,Trade counter,Despatched
SO-2024-03080,C1844,WAR,2024-08-21,2024-08-28,2024-08-21,Web,Despatched
SO-2024-03081,C1156,WAR,2024-08-21,2024-08-23,2024-08-21,Trade counter,Despatched
SO-2024-03082,C1238,BRS,2024-08-21,2024-08-22,2024-08-21,Trade counter,Despatched
SO-2024-03083,C1374,BRS,2024-08-21,2024-08-23,2024-08-21,Telephone,Part despatched
SO-2024-03084,C1915,BRS,2024-08-21,2024-08-23,2024-08-23,Telephone,Part despatched
SO-2024-03085,C1697,BRS,2024-08-21,2024-08-22,2024-08-21,Trade counter,Despatched
SO-2024-03086,C1785,BRS,2024-08-21,2024-08-22,2024-08-21,Trade counter,Despatched
SO-2024-03087,C1266,LIV,2024-08-21,2024-08-23,2024-08-23,Telephone,Despatched
SO-2024-03088,C1422,LIV,2024-08-21,2024-08-28,2024-08-21,Web,Despatched
SO-2024-03089,C1821,LIV,2024-08-21,2024-08-22,2024-08-22,Telephone,Despatched
SO-2024-03090,C1078,DAV,2024-08-22,2024-08-27,2024-08-22,Account manager,Despatched
SO-2024-03091,C1577,DAV,2024-08-22,2024-08-23,2024-08-22,Trade counter,Despatched
SO-2024-03092,C1676,DAV,2024-08-22,2024-08-27,2024-08-27,Trade counter,Despatched
SO-2024-03093,C1971,DAV,2024-08-22,2024-08-23,2024-08-22,Trade counter,Despatched
SO-2024-03094,C1366,DAV,2024-08-22,2024-08-29,2024-08-22,Telephone,Despatched
SO-2024-03095,C1593,DAV,2024-08-22,2024-08-27,2024-08-23,Trade counter,Part despatched
SO-2024-03096,C1409,WAR,2024-08-22,2024-08-29,2024-08-22,Telephone,Despatched
SO-2024-03097,C1244,WAR,2024-08-22,2024-08-28,2024-08-22,Web,Despatched
SO-2024-03098,C1032,WAR,2024-08-22,2024-08-23,2024-08-22,Trade counter,Despatched
SO-2024-03099,C1591,WAR,2024-08-22,2024-08-23,2024-08-23,Trade counter,Despatched
SO-2024-03100,C1032,WAR,2024-08-22,2024-08-29,2024-08-23,Trade counter,Despatched
SO-2024-03101,C1151,BRS,2024-08-22,2024-08-29,2024-08-27,Telephone,Part despatched
SO-2024-03102,C1212,BRS,2024-08-22,2024-08-28,2024-08-23,Telephone,Part despatched
SO-2024-03103,C1659,BRS,2024-08-22,2024-08-23,2024-08-22,Telephone,Despatched
SO-2024-03104,C1107,BRS,2024-08-22,2024-08-23,2024-08-23,Trade counter,Despatched
SO-2024-03105,C1266,LIV,2024-08-22,2024-08-29,2024-08-22,Account manager,Part despatched
SO-2024-03106,C1145,DAV,2024-08-23,2024-08-29,2024-08-27,Web,Despatched
SO-2024-03107,C1593,DAV,2024-08-23,2024-08-27,2024-08-23,Account manager,Despatched
SO-2024-03108,C1255,DAV,2024-08-23,2024-08-28,2024-08-27,Web,Part despatched
SO-2024-03109,C1593,DAV,2024-08-23,2024-08-30,2024-08-23,Telephone,Part despatched
SO-2024-03110,C1398,WAR,2024-08-23,2024-08-28,2024-08-23,Telephone,Despatched
SO-2024-03111,C1560,WAR,2024-08-23,2024-08-29,2024-08-23,Web,Despatched
SO-2024-03112,C1057,WAR,2024-08-23,2024-08-30,2024-08-27,Telephone,Despatched
SO-2024-03113,C1234,WAR,2024-08-23,2024-08-29,2024-08-23,Web,Despatched
SO-2024-03114,C1346,WAR,2024-08-23,2024-08-27,2024-08-23,Trade counter,Despatched
SO-2024-03115,C1193,WAR,2024-08-23,2024-08-30,2024-08-23,Web,Despatched
SO-2024-03116,C1557,BRS,2024-08-23,2024-08-28,2024-08-28,Trade counter,Despatched
SO-2024-03117,C1247,BRS,2024-08-23,2024-08-28,2024-08-23,Account manager,Despatched
SO-2024-03118,C1038,LIV,2024-08-23,2024-08-27,2024-08-27,Account manager,Part despatched
SO-2024-03119,C1266,LIV,2024-08-23,2024-08-27,2024-08-23,Telephone,Despatched
SO-2024-03120,C1254,LIV,2024-08-23,2024-08-27,2024-08-28,Telephone,Despatched
SO-2024-03121,C1803,LIV,2024-08-23,2024-08-27,2024-08-28,Telephone,Despatched
SO-2024-03122,C1372,DAV,2024-08-27,2024-08-29,2024-08-28,Account manager,Part despatched
SO-2024-03123,C1795,DAV,2024-08-27,2024-09-02,2024-08-27,Web,Despatched
SO-2024-03124,C1098,DAV,2024-08-27,2024-08-28,2024-08-27,Trade counter,Despatched
SO-2024-03125,C1767,DAV,2024-08-27,2024-09-02,2024-08-27,Trade counter,Despatched
SO-2024-03126,C1827,DAV,2024-08-27,2024-08-29,2024-08-27,Account manager,Despatched
SO-2024-03127,C1398,WAR,2024-08-27,2024-08-28,2024-08-28,Trade counter,Despatched
SO-2024-03128,C1822,WAR,2024-08-27,2024-09-02,2024-08-29,Trade counter,Despatched
SO-2024-03129,C1871,WAR,2024-08-27,2024-08-28,2024-08-27,Trade counter,Despatched
SO-2024-03130,C1950,WAR,2024-08-27,2024-08-30,2024-08-28,Trade counter,Despatched
SO-2024-03131,C1338,BRS,2024-08-27,2024-08-30,2024-08-27,Telephone,Part despatched
SO-2024-03132,C1874,BRS,2024-08-27,2024-08-28,2024-08-27,Trade counter,Despatched
SO-2024-03133,C1374,BRS,2024-08-27,2024-09-02,2024-08-29,Telephone,Part despatched
SO-2024-03134,C1046,BRS,2024-08-27,2024-09-02,2024-08-27,Telephone,Despatched
SO-2024-03135,C1333,LIV,2024-08-27,2024-08-30,2024-08-27,Web,Despatched
SO-2024-03136,C1160,LIV,2024-08-27,2024-08-29,2024-08-27,Telephone,Despatched
SO-2024-03137,C1168,LIV,2024-08-27,2024-08-29,2024-08-27,Telephone,Despatched
SO-2024-03138,C1254,LIV,2024-08-27,2024-08-28,2024-08-27,Trade counter,Part despatched
SO-2024-03139,C1366,DAV,2024-08-28,2024-09-02,2024-08-28,Trade counter,Part despatched
SO-2024-03140,C1145,DAV,2024-08-28,2024-08-29,2024-08-29,Telephone,Despatched
SO-2024-03141,C1255,DAV,2024-08-28,2024-08-29,2024-08-28,Account manager,Despatched
SO-2024-03142,C1440,DAV,2024-08-28,2024-09-02,2024-08-28,Web,Despatched
SO-2024-03143,C1800,DAV,2024-08-28,2024-08-29,2024-08-30,Web,Despatched
SO-2024-03144,C1227,DAV,2024-08-28,2024-09-02,2024-08-29,Web,Despatched
SO-2024-03145,C1597,WAR,2024-08-28,2024-08-29,2024-08-29,Account manager,Despatched
SO-2024-03146,C1871,WAR,2024-08-28,2024-08-30,2024-08-28,Trade counter,Despatched
SO-2024-03147,C1581,WAR,2024-08-28,2024-08-29,2024-08-28,Web,Despatched
SO-2024-03148,C1802,WAR,2024-08-28,2024-08-30,2024-08-28,Telephone,Despatched
SO-2024-03149,C1343,BRS,2024-08-28,2024-09-02,2024-08-28,Account manager,Despatched
SO-2024-03150,C1674,BRS,2024-08-28,2024-09-02,2024-09-02,Trade counter,Despatched
SO-2024-03151,C1382,BRS,2024-08-28,2024-08-29,2024-08-28,Telephone,Despatched
SO-2024-03152,C1726,LIV,2024-08-28,2024-08-30,2024-08-28,Trade counter,Part despatched
SO-2024-03153,C1693,LIV,2024-08-28,2024-09-02,2024-08-28,Telephone,Despatched
SO-2024-03154,C1366,DAV,2024-08-29,2024-08-30,2024-08-29,Telephone,Part despatched
SO-2024-03155,C1143,DAV,2024-08-29,2024-09-04,2024-08-30,Trade counter,Despatched
SO-2024-03156,C1587,DAV,2024-08-29,2024-09-04,2024-08-29,Trade counter,Despatched
SO-2024-03157,C1512,DAV,2024-08-29,2024-09-02,2024-08-29,Telephone,Despatched
SO-2024-03158,C1928,DAV,2024-08-29,2024-09-04,2024-08-29,Trade counter,Part despatched
SO-2024-03159,C1800,DAV,2024-08-29,2024-09-03,2024-09-02,Telephone,Despatched
SO-2024-03160,C1094,DAV,2024-08-29,2024-08-30,2024-08-29,Trade counter,Despatched
SO-2024-03161,C1440,DAV,2024-08-29,2024-09-04,2024-09-02,Account manager,Despatched
SO-2024-03162,C1032,WAR,2024-08-29,2024-09-03,2024-08-29,Account manager,Despatched
SO-2024-03163,C1402,WAR,2024-08-29,2024-09-04,2024-08-29,Web,Despatched
SO-2024-03164,C1081,WAR,2024-08-29,2024-09-02,2024-08-29,Web,Despatched
SO-2024-03165,C1822,WAR,2024-08-29,2024-09-03,2024-08-29,Trade counter,Despatched
SO-2024-03166,C1558,WAR,2024-08-29,2024-09-04,2024-08-30,Trade counter,Despatched
SO-2024-03167,C1338,BRS,2024-08-29,2024-09-03,2024-08-30,Web,Part despatched
SO-2024-03168,C1258,BRS,2024-08-29,2024-08-30,2024-08-30,Telephone,Despatched
SO-2024-03169,C1085,LIV,2024-08-29,2024-09-03,2024-08-29,Trade counter,Despatched
SO-2024-03170,C1911,LIV,2024-08-29,2024-09-04,2024-08-29,Account manager,Despatched
SO-2024-03171,C1085,LIV,2024-08-29,2024-08-30,2024-08-29,Telephone,Despatched
SO-2024-03172,C1470,DAV,2024-08-30,2024-09-05,2024-09-02,Trade counter,Despatched
SO-2024-03173,C1563,DAV,2024-08-30,2024-09-02,2024-09-04,Trade counter,Despatched
SO-2024-03174,C1184,DAV,2024-08-30,2024-09-03,2024-08-30,Account manager,Despatched
SO-2024-03175,C1521,DAV,2024-08-30,2024-09-04,2024-08-30,Telephone,Despatched
SO-2024-03176,C1971,DAV,2024-08-30,2024-09-03,2024-08-30,Web,Despatched
SO-2024-03177,C1094,DAV,2024-08-30,2024-09-03,2024-09-03,Web,Part despatched
SO-2024-03178,C1354,DAV,2024-08-30,2024-09-04,2024-08-30,Account manager,Despatched
SO-2024-03179,C1389,DAV,2024-08-30,2024-09-03,2024-08-30,Trade counter,Despatched
SO-2024-03180,C1078,DAV,2024-08-30,2024-09-03,2024-08-30,Trade counter,Despatched
SO-2024-03181,C1032,WAR,2024-08-30,2024-09-04,2024-08-30,Trade counter,Part despatched
SO-2024-03182,C1204,WAR,2024-08-30,2024-09-03,2024-09-04,Telephone,Despatched
SO-2024-03183,C1730,WAR,2024-08-30,2024-09-05,2024-09-03,Trade counter,Despatched
SO-2024-03184,C1207,WAR,2024-08-30,2024-09-03,2024-09-02,Telephone,Despatched
SO-2024-03185,C1518,BRS,2024-08-30,2024-09-05,2024-08-30,Trade counter,Despatched
SO-2024-03186,C1115,BRS,2024-08-30,2024-09-04,2024-09-04,Web,Despatched
SO-2024-03187,C1821,LIV,2024-08-30,2024-09-04,2024-08-30,Telephone,Despatched
SO-2024-03188,C1821,LIV,2024-08-30,2024-09-03,2024-08-30,Trade counter,Despatched
SO-2024-03189,C1715,LIV,2024-08-30,2024-09-03,2024-08-30,Telephone,Despatched
SO-2024-03190,C1856,LIV,2024-08-30,2024-09-05,2024-09-03,Trade counter,Despatched
SO-2024-03191,C1447,DAV,2024-09-02,2024-09-03,2024-09-03,Trade counter,Despatched
SO-2024-03192,C1491,DAV,2024-09-02,2024-09-03,2024-09-03,Telephone,Despatched
SO-2024-03193,C1098,DAV,2024-09-02,2024-09-06,2024-09-02,Trade counter,Despatched
SO-2024-03194,C1366,DAV,2024-09-02,2024-09-03,2024-09-03,Telephone,Despatched
SO-2024-03195,C1426,DAV,2024-09-02,2024-09-04,2024-09-05,Account manager,Despatched
SO-2024-03196,C1335,DAV,2024-09-02,2024-09-06,2024-09-03,Trade counter,Despatched
SO-2024-03197,C1078,DAV,2024-09-02,2024-09-06,2024-09-03,Trade counter,Part despatched
SO-2024-03198,C1470,DAV,2024-09-02,2024-09-06,2024-09-02,Trade counter,Despatched
SO-2024-03199,C1936,DAV,2024-09-02,2024-09-03,2024-09-04,Web,Despatched
SO-2024-03200,C1255,DAV,2024-09-02,2024-09-05,2024-09-02,Trade counter,Despatched
SO-2024-03201,C1429,DAV,2024-09-02,2024-09-03,2024-09-02,Trade counter,Despatched
SO-2024-03202,C1713,WAR,2024-09-02,2024-09-04,2024-09-02,Telephone,Despatched
SO-2024-03203,C1156,WAR,2024-09-02,2024-09-06,2024-09-02,Account manager,Part despatched
SO-2024-03204,C1374,BRS,2024-09-02,2024-09-06,2024-09-03,Account manager,Despatched
SO-2024-03205,C1247,BRS,2024-09-02,2024-09-05,2024-09-02,Account manager,Part despatched
SO-2024-03206,C1029,LIV,2024-09-02,2024-09-05,2024-09-02,Web,Despatched
SO-2024-03207,C1566,LIV,2024-09-02,2024-09-03,2024-09-02,Telephone,Despatched
SO-2024-03208,C1685,LIV,2024-09-02,2024-09-04,2024-09-02,Telephone,Despatched
SO-2024-03209,C1904,LIV,2024-09-02,2024-09-03,2024-09-02,Trade counter,Despatched
SO-2024-03210,C1878,LIV,2024-09-02,2024-09-05,2024-09-04,Trade counter,Despatched
SO-2024-03211,C1821,LIV,2024-09-02,2024-09-03,2024-09-02,Web,Despatched
SO-2024-03212,C1512,DAV,2024-09-03,2024-09-04,2024-09-03,Trade counter,Part despatched
SO-2024-03213,C1145,DAV,2024-09-03,2024-09-09,2024-09-04,Trade counter,Part despatched
SO-2024-03214,C1744,DAV,2024-09-03,2024-09-04,2024-09-04,Trade counter,Despatched
SO-2024-03215,C1593,DAV,2024-09-03,2024-09-04,2024-09-03,Trade counter,Despatched
SO-2024-03216,C1734,DAV,2024-09-03,2024-09-05,2024-09-06,Trade counter,Despatched
SO-2024-03217,C1371,DAV,2024-09-03,2024-09-04,2024-09-03,Trade counter,Despatched
SO-2024-03218,C1010,WAR,2024-09-03,2024-09-06,2024-09-03,Telephone,Despatched
SO-2024-03219,C1051,WAR,2024-09-03,2024-09-09,2024-09-03,Trade counter,Part despatched
SO-2024-03220,C1182,WAR,2024-09-03,2024-09-05,2024-09-03,Trade counter,Despatched
SO-2024-03221,C1955,WAR,2024-09-03,2024-09-04,2024-09-03,Web,Despatched
SO-2024-03222,C1215,WAR,2024-09-03,2024-09-06,2024-09-03,Web,Part despatched
SO-2024-03223,C1032,WAR,2024-09-03,2024-09-04,2024-09-03,Trade counter,Despatched
SO-2024-03224,C1273,BRS,2024-09-03,2024-09-04,2024-09-03,Trade counter,Despatched
SO-2024-03225,C1339,BRS,2024-09-03,2024-09-04,2024-09-04,Telephone,Despatched
SO-2024-03226,C1343,BRS,2024-09-03,2024-09-06,2024-09-04,Telephone,Part despatched
SO-2024-03227,C1085,LIV,2024-09-03,2024-09-04,2024-09-03,Account manager,Despatched
SO-2024-03228,C1666,LIV,2024-09-03,2024-09-06,2024-09-03,Telephone,Despatched
SO-2024-03229,C1085,LIV,2024-09-03,2024-09-05,2024-09-03,Trade counter,Despatched
SO-2024-03230,C1379,LIV,2024-09-03,2024-09-04,2024-09-03,Telephone,Part despatched
SO-2024-03231,C1964,LIV,2024-09-03,2024-09-05,2024-09-03,Web,Despatched
SO-2024-03232,C1168,LIV,2024-09-03,2024-09-05,2024-09-03,Account manager,Despatched
SO-2024-03233,C1270,DAV,2024-09-04,2024-09-05,2024-09-05,Telephone,Despatched
SO-2024-03234,C1184,DAV,2024-09-04,2024-09-05,2024-09-04,Trade counter,Despatched
SO-2024-03235,C1389,DAV,2024-09-04,2024-09-09,2024-09-04,Trade counter,Despatched
SO-2024-03236,C1563,DAV,2024-09-04,2024-09-06,2024-09-06,Telephone,Part despatched
SO-2024-03237,C1767,DAV,2024-09-04,2024-09-09,2024-09-04,Telephone,Despatched
SO-2024-03238,C1089,DAV,2024-09-04,2024-09-10,2024-09-04,Web,Despatched
SO-2024-03239,C1032,WAR,2024-09-04,2024-09-06,2024-09-06,Trade counter,Despatched
SO-2024-03240,C1656,WAR,2024-09-04,2024-09-05,2024-09-04,Trade counter,Despatched
SO-2024-03241,C1651,WAR,2024-09-04,2024-09-05,2024-09-04,Telephone,Despatched
SO-2024-03242,C1785,BRS,2024-09-04,2024-09-10,2024-09-04,Trade counter,Despatched
SO-2024-03243,C1915,BRS,2024-09-04,2024-09-09,2024-09-04,Telephone,Despatched
SO-2024-03244,C1501,BRS,2024-09-04,2024-09-05,2024-09-04,Telephone,Part despatched
SO-2024-03245,C1546,BRS,2024-09-04,2024-09-05,2024-09-04,Account manager,Part despatched
SO-2024-03246,C1357,LIV,2024-09-04,2024-09-06,2024-09-06,Account manager,Despatched
SO-2024-03247,C1085,LIV,2024-09-04,2024-09-06,2024-09-05,Trade counter,Despatched
SO-2024-03248,C1357,LIV,2024-09-04,2024-09-06,2024-09-04,Telephone,Part despatched
SO-2024-03249,C1739,DAV,2024-09-05,2024-09-09,2024-09-09,Trade counter,Part despatched
SO-2024-03250,C1145,DAV,2024-09-05,2024-09-06,2024-09-05,Telephone,Despatched
SO-2024-03251,C1728,DAV,2024-09-05,2024-09-06,2024-09-06,Telephone,Despatched
SO-2024-03252,C1563,DAV,2024-09-05,2024-09-09,2024-09-05,Web,Despatched
SO-2024-03253,C1211,DAV,2024-09-05,2024-09-10,2024-09-05,Trade counter,Despatched
SO-2024-03254,C1299,DAV,2024-09-05,2024-09-11,2024-09-06,Telephone,Despatched
SO-2024-03255,C1599,DAV,2024-09-05,2024-09-11,2024-09-05,Account manager,Despatched
SO-2024-03256,C1189,DAV,2024-09-05,2024-09-09,2024-09-05,Web,Despatched
SO-2024-03257,C1492,WAR,2024-09-05,2024-09-09,2024-09-06,Trade counter,Despatched
SO-2024-03258,C1460,WAR,2024-09-05,2024-09-09,2024-09-05,Trade counter,Despatched
SO-2024-03259,C1750,WAR,2024-09-05,2024-09-09,2024-09-05,Trade counter,Despatched
SO-2024-03260,C1376,WAR,2024-09-05,2024-09-06,2024-09-06,Telephone,Despatched
SO-2024-03261,C1955,WAR,2024-09-05,2024-09-10,2024-09-06,Trade counter,Despatched
SO-2024-03262,C1374,BRS,2024-09-05,2024-09-11,2024-09-05,Telephone,Part despatched
SO-2024-03263,C1115,BRS,2024-09-05,2024-09-11,2024-09-06,Trade counter,Part despatched
SO-2024-03264,C1212,BRS,2024-09-05,2024-09-11,2024-09-05,Telephone,Despatched
SO-2024-03265,C1435,LIV,2024-09-05,2024-09-11,2024-09-05,Trade counter,Despatched
SO-2024-03266,C1559,DAV,2024-09-06,2024-09-11,2024-09-06,Account manager,Despatched
SO-2024-03267,C1447,DAV,2024-09-06,2024-09-09,2024-09-06,Telephone,Despatched
SO-2024-03268,C1593,DAV,2024-09-06,2024-09-09,2024-09-06,Web,Despatched
SO-2024-03269,C1354,DAV,2024-09-06,2024-09-09,2024-09-06,Telephone,Despatched
SO-2024-03270,C1218,DAV,2024-09-06,2024-09-10,2024-09-06,Web,Despatched
SO-2024-03271,C1971,DAV,2024-09-06,2024-09-10,2024-09-06,Trade counter,Despatched
SO-2024-03272,C1928,DAV,2024-09-06,2024-09-11,2024-09-06,Telephone,Despatched
SO-2024-03273,C1094,DAV,2024-09-06,2024-09-09,2024-09-09,Telephone,Despatched
SO-2024-03274,C1078,DAV,2024-09-06,2024-09-12,2024-09-06,Web,Despatched
SO-2024-03275,C1120,DAV,2024-09-06,2024-09-09,2024-09-06,Trade counter,Despatched
SO-2024-03276,C1398,WAR,2024-09-06,2024-09-11,2024-09-06,Telephone,Despatched
SO-2024-03277,C1386,WAR,2024-09-06,2024-09-12,2024-09-10,Trade counter,Despatched
SO-2024-03278,C1156,WAR,2024-09-06,2024-09-09,2024-09-09,Telephone,Despatched
SO-2024-03279,C1871,WAR,2024-09-06,2024-09-11,2024-09-06,Trade counter,Despatched
SO-2024-03280,C1157,WAR,2024-09-06,2024-09-11,2024-09-10,Trade counter,Despatched
SO-2024-03281,C1730,WAR,2024-09-06,2024-09-12,2024-09-06,Trade counter,Despatched
SO-2024-03282,C1346,WAR,2024-09-06,2024-09-09,2024-09-06,Account manager,Despatched
SO-2024-03283,C1498,BRS,2024-09-06,2024-09-11,2024-09-11,Trade counter,Part despatched
SO-2024-03284,C1115,BRS,2024-09-06,2024-09-12,2024-09-06,Web,Despatched
SO-2024-03285,C1343,BRS,2024-09-06,2024-09-09,2024-09-06,Web,Part despatched
SO-2024-03286,C1247,BRS,2024-09-06,2024-09-10,2024-09-06,Trade counter,Despatched
SO-2024-03287,C1659,BRS,2024-09-06,2024-09-09,2024-09-09,Telephone,Part despatched
SO-2024-03288,C1212,BRS,2024-09-06,2024-09-11,2024-09-06,Trade counter,Part despatched
SO-2024-03289,C1941,LIV,2024-09-06,2024-09-11,2024-09-09,Trade counter,Part despatched
SO-2024-03290,C1478,LIV,2024-09-06,2024-09-12,2024-09-09,Telephone,Part despatched
SO-2024-03291,C1085,LIV,2024-09-06,2024-09-09,2024-09-06,Trade counter,Part despatched
SO-2024-03292,C1626,DAV,2024-09-09,2024-09-12,2024-09-10,Web,Despatched
SO-2024-03293,C1146,DAV,2024-09-09,2024-09-13,2024-09-12,Telephone,Despatched
SO-2024-03294,C1270,DAV,2024-09-09,2024-09-12,2024-09-09,Trade counter,Despatched
SO-2024-03295,C1563,DAV,2024-09-09,2024-09-13,2024-09-09,Telephone,Despatched
SO-2024-03296,C1050,DAV,2024-09-09,2024-09-11,2024-09-09,Telephone,Part despatched
SO-2024-03297,C1977,DAV,2024-09-09,2024-09-10,2024-09-09,Telephone,Despatched
SO-2024-03298,C1211,DAV,2024-09-09,2024-09-13,2024-09-12,Web,Despatched
SO-2024-03299,C1183,DAV,2024-09-09,2024-09-11,2024-09-09,Web,Despatched
SO-2024-03300,C1184,DAV,2024-09-09,2024-09-13,2024-09-09,Trade counter,Part despatched
SO-2024-03301,C1924,WAR,2024-09-09,2024-09-11,2024-09-09,Telephone,Despatched
SO-2024-03302,C1402,WAR,2024-09-09,2024-09-13,2024-09-09,Web,Part despatched
SO-2024-03303,C1032,WAR,2024-09-09,2024-09-11,2024-09-09,Trade counter,Despatched
SO-2024-03304,C1215,WAR,2024-09-09,2024-09-10,2024-09-09,Trade counter,Despatched
SO-2024-03305,C1222,LIV,2024-09-09,2024-09-13,2024-09-09,Telephone,Part despatched
SO-2024-03306,C1821,LIV,2024-09-09,2024-09-10,2024-09-09,Trade counter,Despatched
SO-2024-03307,C1911,LIV,2024-09-09,2024-09-13,2024-09-10,Trade counter,Part despatched
SO-2024-03308,C1160,LIV,2024-09-09,2024-09-11,2024-09-09,Telephone,Despatched
SO-2024-03309,C1478,LIV,2024-09-09,2024-09-11,2024-09-09,Trade counter,Despatched
SO-2024-03310,C1739,DAV,2024-09-10,2024-09-11,2024-09-10,Web,Despatched
SO-2024-03311,C1871,WAR,2024-09-10,2024-09-16,2024-09-12,Telephone,Despatched
SO-2024-03312,C1679,WAR,2024-09-10,2024-09-13,2024-09-10,Telephone,Despatched
SO-2024-03313,C1492,WAR,2024-09-10,2024-09-16,2024-09-12,Account manager,Despatched
SO-2024-03314,C1338,BRS,2024-09-10,2024-09-12,2024-09-10,Account manager,Despatched
SO-2024-03315,C1343,BRS,2024-09-10,2024-09-12,2024-09-10,Telephone,Part despatched
SO-2024-03316,C1422,LIV,2024-09-10,2024-09-16,2024-09-11,Telephone,Despatched
SO-2024-03317,C1114,DAV,2024-09-11,2024-09-12,2024-09-11,Telephone,Despatched
SO-2024-03318,C1728,DAV,2024-09-11,2024-09-13,2024-09-11,Web,Despatched
SO-2024-03319,C1255,DAV,2024-09-11,2024-09-12,2024-09-11,Telephone,Despatched
SO-2024-03320,C1251,DAV,2024-09-11,2024-09-13,2024-09-13,Account manager,Despatched
SO-2024-03321,C1253,DAV,2024-09-11,2024-09-17,2024-09-11,Trade counter,Despatched
SO-2024-03322,C1234,WAR,2024-09-11,2024-09-12,2024-09-11,Telephone,Part despatched
SO-2024-03323,C1790,WAR,2024-09-11,2024-09-13,2024-09-13,Web,Despatched
SO-2024-03324,C1208,WAR,2024-09-11,2024-09-13,2024-09-11,Web,Despatched
SO-2024-03325,C1352,BRS,2024-09-11,2024-09-17,2024-09-11,Account manager,Despatched
SO-2024-03326,C1757,BRS,2024-09-11,2024-09-13,2024-09-11,Telephone,Part despatched
SO-2024-03327,C1343,BRS,2024-09-11,2024-09-13,2024-09-11,Web,Part despatched
SO-2024-03328,C1302,BRS,2024-09-11,2024-09-17,2024-09-12,Account manager,Part despatched
SO-2024-03329,C1821,LIV,2024-09-11,2024-09-17,2024-09-11,Telephone,Part despatched
SO-2024-03330,C1795,DAV,2024-09-12,2024-09-16,2024-09-12,Trade counter,Despatched
SO-2024-03331,C1734,DAV,2024-09-12,2024-09-18,2024-09-12,Trade counter,Despatched
SO-2024-03332,C1270,DAV,2024-09-12,2024-09-18,2024-09-12,Web,Despatched
SO-2024-03333,C1429,DAV,2024-09-12,2024-09-17,2024-09-12,Web,Despatched
SO-2024-03334,C1827,DAV,2024-09-12,2024-09-13,2024-09-12,Web,Despatched
SO-2024-03335,C1515,DAV,2024-09-12,2024-09-13,2024-09-12,Web,Despatched
SO-2024-03336,C1227,DAV,2024-09-12,2024-09-16,2024-09-12,Account manager,Despatched
SO-2024-03337,C1844,WAR,2024-09-12,2024-09-13,2024-09-12,Web,Despatched
SO-2024-03338,C1032,WAR,2024-09-12,2024-09-18,2024-09-12,Trade counter,Despatched
SO-2024-03339,C1215,WAR,2024-09-12,2024-09-16,2024-09-12,Web,Despatched
SO-2024-03340,C1391,WAR,2024-09-12,2024-09-13,2024-09-13,Telephone,Despatched
SO-2024-03341,C1664,BRS,2024-09-12,2024-09-17,2024-09-12,Telephone,Part despatched
SO-2024-03342,C1475,BRS,2024-09-12,2024-09-16,2024-09-13,Web,Despatched
SO-2024-03343,C1302,BRS,2024-09-12,2024-09-17,2024-09-16,Web,Part despatched
SO-2024-03344,C1463,BRS,2024-09-12,2024-09-18,2024-09-12,Web,Despatched
SO-2024-03345,C1160,LIV,2024-09-12,2024-09-17,2024-09-12,Account manager,Despatched
SO-2024-03346,C1038,LIV,2024-09-12,2024-09-13,2024-09-16,Web,Despatched
SO-2024-03347,C1168,LIV,2024-09-12,2024-09-18,2024-09-12,Trade counter,Despatched
SO-2024-03348,C1435,LIV,2024-09-12,2024-09-18,2024-09-16,Account manager,Part despatched
SO-2024-03349,C1379,LIV,2024-09-12,2024-09-13,2024-09-12,Telephone,Despatched
SO-2024-03350,C1078,DAV,2024-09-13,2024-09-19,2024-09-13,Web,Despatched
SO-2024-03351,C1952,DAV,2024-09-13,2024-09-17,2024-09-13,Trade counter,Despatched
SO-2024-03352,C1255,DAV,2024-09-13,2024-09-16,2024-09-13,Trade counter,Despatched
SO-2024-03353,C1179,DAV,2024-09-13,2024-09-19,2024-09-16,Account manager,Despatched
SO-2024-03354,C1340,DAV,2024-09-13,2024-09-18,2024-09-13,Telephone,Despatched
SO-2024-03355,C1802,WAR,2024-09-13,2024-09-18,2024-09-13,Web,Despatched
SO-2024-03356,C1831,WAR,2024-09-13,2024-09-17,2024-09-17,Trade counter,Despatched
SO-2024-03357,C1844,WAR,2024-09-13,2024-09-18,2024-09-16,Telephone,Despatched
SO-2024-03358,C1844,WAR,2024-09-13,2024-09-17,2024-09-13,Telephone,Despatched
SO-2024-03359,C1207,WAR,2024-09-13,2024-09-19,2024-09-16,Account manager,Despatched
SO-2024-03360,C1454,WAR,2024-09-13,2024-09-17,2024-09-13,Trade counter,Despatched
SO-2024-03361,C1044,BRS,2024-09-13,2024-09-18,2024-09-13,Trade counter,Despatched
SO-2024-03362,C1085,LIV,2024-09-13,2024-09-16,2024-09-13,Account manager,Despatched
SO-2024-03363,C1685,LIV,2024-09-13,2024-09-19,2024-09-17,Trade counter,Despatched
SO-2024-03364,C1357,LIV,2024-09-13,2024-09-18,2024-09-13,Account manager,Despatched
SO-2024-03365,C1743,DAV,2024-09-16,2024-09-17,2024-09-16,Account manager,Despatched
SO-2024-03366,C1468,DAV,2024-09-16,2024-09-20,2024-09-16,Account manager,Despatched
SO-2024-03367,C1270,DAV,2024-09-16,2024-09-17,2024-09-16,Trade counter,Despatched
SO-2024-03368,C1278,DAV,2024-09-16,2024-09-20,2024-09-16,Trade counter,Despatched
SO-2024-03369,C1385,DAV,2024-09-16,2024-09-17,2024-09-16,Trade counter,Despatched
SO-2024-03370,C1648,DAV,2024-09-16,2024-09-19,2024-09-17,Web,Despatched
SO-2024-03371,C1366,DAV,2024-09-16,2024-09-19,2024-09-17,Trade counter,Despatched
SO-2024-03372,C1133,DAV,2024-09-16,2024-09-17,2024-09-17,Trade counter,Despatched
SO-2024-03373,C1194,DAV,2024-09-16,2024-09-20,2024-09-16,Telephone,Despatched
SO-2024-03374,C1841,DAV,2024-09-16,2024-09-17,2024-09-16,Web,Part despatched
SO-2024-03375,C1928,DAV,2024-09-16,2024-09-17,2024-09-17,Telephone,Part despatched
SO-2024-03376,C1515,DAV,2024-09-16,2024-09-17,2024-09-16,Web,Despatched
SO-2024-03377,C1679,WAR,2024-09-16,2024-09-19,2024-09-16,Web,Despatched
SO-2024-03378,C1806,WAR,2024-09-16,2024-09-19,2024-09-16,Trade counter,Despatched
SO-2024-03379,C1454,WAR,2024-09-16,2024-09-20,2024-09-16,Telephone,Despatched
SO-2024-03380,C1032,WAR,2024-09-16,2024-09-20,2024-09-16,Telephone,Despatched
SO-2024-03381,C1115,BRS,2024-09-16,2024-09-18,2024-09-18,Web,Part despatched
SO-2024-03382,C1697,BRS,2024-09-16,2024-09-17,2024-09-16,Account manager,Despatched
SO-2024-03383,C1557,BRS,2024-09-16,2024-09-17,2024-09-16,Account manager,Despatched
SO-2024-03384,C1374,BRS,2024-09-16,2024-09-19,2024-09-16,Telephone,Despatched
SO-2024-03385,C1475,BRS,2024-09-16,2024-09-19,2024-09-16,Telephone,Despatched
SO-2024-03386,C1343,BRS,2024-09-16,2024-09-18,2024-09-17,Account manager,Despatched
SO-2024-03387,C1693,LIV,2024-09-16,2024-09-19,2024-09-16,Telephone,Despatched
SO-2024-03388,C1435,LIV,2024-09-16,2024-09-17,2024-09-16,Trade counter,Despatched
SO-2024-03389,C1004,LIV,2024-09-16,2024-09-18,2024-09-16,Telephone,Despatched
SO-2024-03390,C1038,LIV,2024-09-16,2024-09-19,2024-09-19,Account manager,Despatched
SO-2024-03391,C1648,DAV,2024-09-17,2024-09-18,2024-09-17,Telephone,Despatched
SO-2024-03392,C1372,DAV,2024-09-17,2024-09-20,2024-09-17,Web,Despatched
SO-2024-03393,C1235,DAV,2024-09-17,2024-09-23,2024-09-17,Web,Despatched
SO-2024-03394,C1971,DAV,2024-09-17,2024-09-19,2024-09-17,Telephone,Despatched
SO-2024-03395,C1372,DAV,2024-09-17,2024-09-20,2024-09-17,Account manager,Despatched
SO-2024-03396,C1441,WAR,2024-09-17,2024-09-19,2024-09-18,Trade counter,Despatched
SO-2024-03397,C1651,WAR,2024-09-17,2024-09-18,2024-09-17,Trade counter,Despatched
SO-2024-03398,C1244,WAR,2024-09-17,2024-09-18,2024-09-17,Telephone,Despatched
SO-2024-03399,C1141,WAR,2024-09-17,2024-09-20,2024-09-17,Trade counter,Despatched
SO-2024-03400,C1234,WAR,2024-09-17,2024-09-20,2024-09-18,Web,Despatched
SO-2024-03401,C1032,WAR,2024-09-17,2024-09-18,2024-09-19,Trade counter,Part despatched
SO-2024-03402,C1010,WAR,2024-09-17,2024-09-19,2024-09-17,Telephone,Despatched
SO-2024-03403,C1802,WAR,2024-09-17,2024-09-19,2024-09-19,Trade counter,Despatched
SO-2024-03404,C1597,WAR,2024-09-17,2024-09-20,2024-09-17,Web,Despatched
SO-2024-03405,C1501,BRS,2024-09-17,2024-09-19,2024-09-20,Telephone,Part despatched
SO-2024-03406,C1343,BRS,2024-09-17,2024-09-18,2024-09-17,Telephone,Despatched
SO-2024-03407,C1212,BRS,2024-09-17,2024-09-23,2024-09-17,Telephone,Part despatched
SO-2024-03408,C1411,BRS,2024-09-17,2024-09-23,2024-09-17,Web,Despatched
SO-2024-03409,C1357,LIV,2024-09-17,2024-09-23,2024-09-17,Trade counter,Despatched
SO-2024-03410,C1004,LIV,2024-09-17,2024-09-20,2024-09-17,Trade counter,Despatched
SO-2024-03411,C1321,LIV,2024-09-17,2024-09-19,2024-09-17,Web,Despatched
SO-2024-03412,C1429,DAV,2024-09-18,2024-09-19,2024-09-20,Telephone,Despatched
SO-2024-03413,C1323,DAV,2024-09-18,2024-09-20,2024-09-19,Web,Despatched
SO-2024-03414,C1429,DAV,2024-09-18,2024-09-23,2024-09-18,Web,Despatched
SO-2024-03415,C1739,DAV,2024-09-18,2024-09-19,2024-09-18,Telephone,Despatched
SO-2024-03416,C1255,DAV,2024-09-18,2024-09-19,2024-09-20,Account manager,Despatched
SO-2024-03417,C1491,DAV,2024-09-18,2024-09-24,2024-09-18,Telephone,Despatched
SO-2024-03418,C1434,DAV,2024-09-18,2024-09-24,2024-09-18,Telephone,Despatched
SO-2024-03419,C1057,WAR,2024-09-18,2024-09-24,2024-09-18,Trade counter,Despatched
SO-2024-03420,C1535,WAR,2024-09-18,2024-09-19,2024-09-18,Trade counter,Despatched
SO-2024-03421,C1032,WAR,2024-09-18,2024-09-19,2024-09-18,Trade counter,Despatched
SO-2024-03422,C1402,WAR,2024-09-18,2024-09-24,2024-09-18,Telephone,Despatched
SO-2024-03423,C1450,WAR,2024-09-18,2024-09-23,2024-09-20,Trade counter,Despatched
SO-2024-03424,C1343,BRS,2024-09-18,2024-09-23,2024-09-18,Trade counter,Part despatched
SO-2024-03425,C1258,BRS,2024-09-18,2024-09-20,2024-09-18,Trade counter,Part despatched
SO-2024-03426,C1294,BRS,2024-09-18,2024-09-19,2024-09-18,Telephone,Part despatched
SO-2024-03427,C1167,BRS,2024-09-18,2024-09-20,2024-09-18,Web,Part despatched
SO-2024-03428,C1435,LIV,2024-09-18,2024-09-24,2024-09-18,Telephone,Despatched
SO-2024-03429,C1892,LIV,2024-09-18,2024-09-23,2024-09-18,Account manager,Despatched
SO-2024-03430,C1607,LIV,2024-09-18,2024-09-19,2024-09-19,Web,Part despatched
SO-2024-03431,C1062,DAV,2024-09-19,2024-09-23,2024-09-20,Trade counter,Despatched
SO-2024-03432,C1429,DAV,2024-09-19,2024-09-24,2024-09-19,Trade counter,Despatched
SO-2024-03433,C1563,DAV,2024-09-19,2024-09-25,2024-09-19,Trade counter,Despatched
SO-2024-03434,C1078,DAV,2024-09-19,2024-09-24,2024-09-20,Telephone,Despatched
SO-2024-03435,C1429,DAV,2024-09-19,2024-09-20,2024-09-20,Web,Despatched
SO-2024-03436,C1052,DAV,2024-09-19,2024-09-20,2024-09-19,Trade counter,Part despatched
SO-2024-03437,C1389,DAV,2024-09-19,2024-09-20,2024-09-19,Trade counter,Despatched
SO-2024-03438,C1841,DAV,2024-09-19,2024-09-25,2024-09-20,Telephone,Despatched
SO-2024-03439,C1875,DAV,2024-09-19,2024-09-20,2024-09-19,Telephone,Despatched
SO-2024-03440,C1971,DAV,2024-09-19,2024-09-25,2024-09-19,Telephone,Despatched
SO-2024-03441,C1299,DAV,2024-09-19,2024-09-23,2024-09-20,Telephone,Despatched
SO-2024-03442,C1948,WAR,2024-09-19,2024-09-25,2024-09-19,Telephone,Despatched
SO-2024-03443,C1215,WAR,2024-09-19,2024-09-24,2024-09-20,Account manager,Part despatched
SO-2024-03444,C1346,WAR,2024-09-19,2024-09-24,2024-09-20,Trade counter,Despatched
SO-2024-03445,C1730,WAR,2024-09-19,2024-09-20,2024-09-20,Trade counter,Despatched
SO-2024-03446,C1557,BRS,2024-09-19,2024-09-25,2024-09-23,Account manager,Despatched
SO-2024-03447,C1212,BRS,2024-09-19,2024-09-20,2024-09-19,Web,Despatched
SO-2024-03448,C1238,BRS,2024-09-19,2024-09-24,2024-09-20,Telephone,Part despatched
SO-2024-03449,C1970,BRS,2024-09-19,2024-09-23,2024-09-20,Telephone,Part despatched
SO-2024-03450,C1107,BRS,2024-09-19,2024-09-20,2024-09-19,Account manager,Part despatched
SO-2024-03451,C1339,BRS,2024-09-19,2024-09-25,2024-09-19,Web,Part despatched
SO-2024-03452,C1691,LIV,2024-09-19,2024-09-24,2024-09-19,Telephone,Despatched
SO-2024-03453,C1299,DAV,2024-09-20,2024-09-24,2024-09-20,Account manager,Despatched
SO-2024-03454,C1739,DAV,2024-09-20,2024-09-24,2024-09-20,Account manager,Despatched
SO-2024-03455,C1468,DAV,2024-09-20,2024-09-24,2024-09-23,Trade counter,Despatched
SO-2024-03456,C1746,DAV,2024-09-20,2024-09-23,2024-09-20,Telephone,Despatched
SO-2024-03457,C1194,DAV,2024-09-20,2024-09-26,2024-09-23,Account manager,Part despatched
SO-2024-03458,C1864,DAV,2024-09-20,2024-09-26,2024-09-23,Trade counter,Despatched
SO-2024-03459,C1299,DAV,2024-09-20,2024-09-26,2024-09-20,Trade counter,Despatched
SO-2024-03460,C1936,DAV,2024-09-20,2024-09-25,2024-09-20,Trade counter,Despatched
SO-2024-03461,C1429,DAV,2024-09-20,2024-09-23,2024-09-20,Web,Despatched
SO-2024-03462,C1495,WAR,2024-09-20,2024-09-26,2024-09-20,Trade counter,Despatched
SO-2024-03463,C1057,WAR,2024-09-20,2024-09-24,2024-09-23,Trade counter,Despatched
SO-2024-03464,C1238,BRS,2024-09-20,2024-09-24,2024-09-20,Web,Despatched
SO-2024-03465,C1674,BRS,2024-09-20,2024-09-23,2024-09-20,Web,Part despatched
SO-2024-03466,C1044,BRS,2024-09-20,2024-09-25,2024-09-20,Account manager,Part despatched
SO-2024-03467,C1541,BRS,2024-09-20,2024-09-26,2024-09-23,Web,Despatched
SO-2024-03468,C1659,BRS,2024-09-20,2024-09-24,2024-09-23,Trade counter,Despatched
SO-2024-03469,C1212,BRS,2024-09-20,2024-09-26,2024-09-20,Web,Despatched
SO-2024-03470,C1379,LIV,2024-09-20,2024-09-23,2024-09-20,Trade counter,Despatched
SO-2024-03471,C1423,LIV,2024-09-20,2024-09-26,2024-09-20,Account manager,Despatched
SO-2024-03472,C1928,DAV,2024-09-23,2024-09-26,2024-09-23,Telephone,Despatched
SO-2024-03473,C1940,DAV,2024-09-23,2024-09-24,2024-09-23,Web,Part despatched
SO-2024-03474,C1952,DAV,2024-09-23,2024-09-24,2024-09-23,Trade counter,Despatched
SO-2024-03475,C1429,DAV,2024-09-23,2024-09-27,2024-09-23,Trade counter,Despatched
SO-2024-03476,C1211,DAV,2024-09-23,2024-09-26,2024-09-25,Trade counter,Despatched
SO-2024-03477,C1098,DAV,2024-09-23,2024-09-24,2024-09-23,Telephone,Despatched
SO-2024-03478,C1032,WAR,2024-09-23,2024-09-25,2024-09-23,Trade counter,Despatched
SO-2024-03479,C1234,WAR,2024-09-23,2024-09-26,2024-09-23,Web,Despatched
SO-2024-03480,C1558,WAR,2024-09-23,2024-09-27,2024-09-23,Telephone,Despatched
SO-2024-03481,C1441,WAR,2024-09-23,2024-09-27,2024-09-23,Telephone,Despatched
SO-2024-03482,C1785,BRS,2024-09-23,2024-09-24,2024-09-23,Trade counter,Part despatched
SO-2024-03483,C1785,BRS,2024-09-23,2024-09-24,2024-09-26,Account manager,Part despatched
SO-2024-03484,C1339,BRS,2024-09-23,2024-09-25,2024-09-24,Web,Despatched
SO-2024-03485,C1693,LIV,2024-09-23,2024-09-27,2024-09-24,Web,Despatched
SO-2024-03486,C1160,LIV,2024-09-23,2024-09-27,2024-09-23,Trade counter,Despatched
SO-2024-03487,C1120,DAV,2024-09-24,2024-09-26,2024-09-24,Account manager,Despatched
SO-2024-03488,C1366,DAV,2024-09-24,2024-09-30,2024-09-24,Trade counter,Despatched
SO-2024-03489,C1898,DAV,2024-09-24,2024-09-26,2024-09-24,Account manager,Despatched
SO-2024-03490,C1734,DAV,2024-09-24,2024-09-27,2024-09-24,Web,Despatched
SO-2024-03491,C1554,DAV,2024-09-24,2024-09-26,2024-09-24,Trade counter,Despatched
SO-2024-03492,C1133,DAV,2024-09-24,2024-09-25,2024-09-24,Trade counter,Part despatched
SO-2024-03493,C1189,DAV,2024-09-24,2024-09-26,2024-09-25,Trade counter,Despatched
SO-2024-03494,C1346,WAR,2024-09-24,2024-09-27,2024-09-25,Web,Despatched
SO-2024-03495,C1405,WAR,2024-09-24,2024-09-30,2024-09-24,Account manager,Despatched
SO-2024-03496,C1032,WAR,2024-09-24,2024-09-30,2024-09-24,Trade counter,Despatched
SO-2024-03497,C1338,BRS,2024-09-24,2024-09-27,2024-09-24,Telephone,Part despatched
SO-2024-03498,C1382,BRS,2024-09-24,2024-09-30,2024-09-26,Trade counter,Part despatched
SO-2024-03499,C1557,BRS,2024-09-24,2024-09-25,2024-09-24,Web,Part despatched
SO-2024-03500,C1435,LIV,2024-09-24,2024-09-25,2024-09-26,Web,Despatched
SO-2024-03501,C1856,LIV,2024-09-24,2024-09-25,2024-09-25,Trade counter,Despatched
SO-2024-03502,C1299,DAV,2024-09-25,2024-10-01,2024-09-26,Account manager,Despatched
SO-2024-03503,C1776,DAV,2024-09-25,2024-09-26,2024-09-25,Web,Despatched
SO-2024-03504,C1300,DAV,2024-09-25,2024-10-01,2024-09-25,Telephone,Despatched
SO-2024-03505,C1563,DAV,2024-09-25,2024-09-30,2024-09-25,Web,Part despatched
SO-2024-03506,C1218,DAV,2024-09-25,2024-09-30,2024-09-27,Telephone,Despatched
SO-2024-03507,C1429,DAV,2024-09-25,2024-10-01,2024-09-25,Telephone,Part despatched
SO-2024-03508,C1078,DAV,2024-09-25,2024-10-01,2024-09-25,Telephone,Despatched
SO-2024-03509,C1299,DAV,2024-09-25,2024-10-01,2024-09-25,Telephone,Despatched
SO-2024-03510,C1515,DAV,2024-09-25,2024-09-30,2024-09-26,Telephone,Despatched
SO-2024-03511,C1952,DAV,2024-09-25,2024-10-01,2024-09-25,Trade counter,Despatched
SO-2024-03512,C1162,WAR,2024-09-25,2024-09-26,2024-09-26,Account manager,Despatched
SO-2024-03513,C1398,WAR,2024-09-25,2024-10-01,2024-09-26,Web,Despatched
SO-2024-03514,C1560,WAR,2024-09-25,2024-10-01,2024-09-25,Telephone,Despatched
SO-2024-03515,C1243,WAR,2024-09-25,2024-10-01,2024-09-27,Trade counter,Despatched
SO-2024-03516,C1839,WAR,2024-09-25,2024-10-01,2024-09-25,Trade counter,Despatched
SO-2024-03517,C1051,WAR,2024-09-25,2024-09-26,2024-09-25,Telephone,Despatched
SO-2024-03518,C1055,WAR,2024-09-25,2024-10-01,2024-09-25,Telephone,Despatched
SO-2024-03519,C1659,BRS,2024-09-25,2024-10-01,2024-09-25,Telephone,Despatched
SO-2024-03520,C1697,BRS,2024-09-25,2024-10-01,2024-09-25,Account manager,Part despatched
SO-2024-03521,C1107,BRS,2024-09-25,2024-09-27,2024-09-25,Telephone,Part despatched
SO-2024-03522,C1085,LIV,2024-09-25,2024-09-26,2024-09-25,Account manager,Despatched
SO-2024-03523,C1821,LIV,2024-09-25,2024-09-30,2024-09-25,Telephone,Despatched
SO-2024-03524,C1290,DAV,2024-09-26,2024-09-30,2024-09-26,Trade counter,Despatched
SO-2024-03525,C1201,DAV,2024-09-26,2024-09-30,2024-09-26,Account manager,Despatched
SO-2024-03526,C1429,DAV,2024-09-26,2024-09-30,2024-09-26,Web,Part despatched
SO-2024-03527,C1551,DAV,2024-09-26,2024-09-30,2024-09-26,Telephone,Despatched
SO-2024-03528,C1097,DAV,2024-09-26,2024-09-30,2024-09-26,Web,Part despatched
SO-2024-03529,C1955,WAR,2024-09-26,2024-10-02,2024-09-26,Web,Despatched
SO-2024-03530,C1032,WAR,2024-09-26,2024-10-01,2024-09-26,Trade counter,Part despatched
SO-2024-03531,C1912,WAR,2024-09-26,2024-10-01,2024-09-27,Web,Despatched
SO-2024-03532,C1398,WAR,2024-09-26,2024-10-01,2024-09-27,Telephone,Despatched
SO-2024-03533,C1460,WAR,2024-09-26,2024-10-01,2024-09-26,Trade counter,Part despatched
SO-2024-03534,C1844,WAR,2024-09-26,2024-09-27,2024-09-27,Telephone,Part despatched
SO-2024-03535,C1238,BRS,2024-09-26,2024-10-01,2024-09-30,Account manager,Part despatched
SO-2024-03536,C1697,BRS,2024-09-26,2024-09-27,2024-09-26,Web,Despatched
SO-2024-03537,C1147,BRS,2024-09-26,2024-09-30,2024-09-26,Account manager,Despatched
SO-2024-03538,C1339,BRS,2024-09-26,2024-09-27,2024-09-26,Trade counter,Part despatched
SO-2024-03539,C1379,LIV,2024-09-26,2024-10-02,2024-09-26,Telephone,Part despatched
SO-2024-03540,C1676,DAV,2024-09-27,2024-10-02,2024-09-27,Telephone,Part despatched
SO-2024-03541,C1744,DAV,2024-09-27,2024-09-30,2024-09-30,Trade counter,Despatched
SO-2024-03542,C1888,DAV,2024-09-27,2024-10-02,2024-09-27,Trade counter,Despatched
SO-2024-03543,C1366,DAV,2024-09-27,2024-10-03,2024-09-27,Telephone,Despatched
SO-2024-03544,C1971,DAV,2024-09-27,2024-10-02,2024-09-27,Account manager,Despatched
SO-2024-03545,C1255,DAV,2024-09-27,2024-10-03,2024-09-27,Telephone,Despatched
SO-2024-03546,C1057,WAR,2024-09-27,2024-10-01,2024-10-01,Web,Despatched
SO-2024-03547,C1075,WAR,2024-09-27,2024-10-02,2024-09-27,Account manager,Part despatched
SO-2024-03548,C1047,WAR,2024-09-27,2024-10-01,2024-09-30,Trade counter,Despatched
SO-2024-03549,C1790,WAR,2024-09-27,2024-10-03,2024-09-30,Trade counter,Despatched
SO-2024-03550,C1501,BRS,2024-09-27,2024-10-03,2024-09-27,Trade counter,Part despatched
SO-2024-03551,C1741,BRS,2024-09-27,2024-09-30,2024-10-01,Trade counter,Despatched
SO-2024-03552,C1590,BRS,2024-09-27,2024-10-03,2024-09-27,Telephone,Part despatched
SO-2024-03553,C1044,BRS,2024-09-27,2024-10-01,2024-09-27,Account manager,Despatched
SO-2024-03554,C1258,BRS,2024-09-27,2024-09-30,2024-09-30,Web,Despatched
SO-2024-03555,C1674,BRS,2024-09-27,2024-10-03,2024-10-01,Telephone,Despatched
SO-2024-03556,C1900,LIV,2024-09-27,2024-10-03,2024-09-30,Web,Despatched
SO-2024-03557,C1634,LIV,2024-09-27,2024-10-02,2024-09-27,Telephone,Despatched
SO-2024-03558,C1131,LIV,2024-09-27,2024-10-03,2024-09-27,Telephone,Part despatched
SO-2024-03559,C1085,LIV,2024-09-27,2024-10-03,2024-10-02,Account manager,Despatched
SO-2024-03560,C1389,DAV,2024-09-30,2024-10-02,2024-10-01,Trade counter,Despatched
SO-2024-03561,C1145,DAV,2024-09-30,2024-10-02,2024-09-30,Account manager,Despatched
SO-2024-03562,C1760,DAV,2024-09-30,2024-10-02,2024-09-30,Account manager,Part despatched
SO-2024-03563,C1760,DAV,2024-09-30,2024-10-01,2024-09-30,Web,Part despatched
SO-2024-03564,C1765,DAV,2024-09-30,2024-10-01,2024-10-02,Web,Despatched
SO-2024-03565,C1795,DAV,2024-09-30,2024-10-03,2024-10-01,Telephone,Despatched
SO-2024-03566,C1479,DAV,2024-09-30,2024-10-03,2024-09-30,Web,Despatched
SO-2024-03567,C1818,DAV,2024-09-30,2024-10-02,2024-09-30,Trade counter,Despatched
SO-2024-03568,C1032,WAR,2024-09-30,2024-10-02,2024-09-30,Telephone,Part despatched
SO-2024-03569,C1933,WAR,2024-09-30,2024-10-02,2024-10-01,Telephone,Despatched
SO-2024-03570,C1352,BRS,2024-09-30,2024-10-04,2024-10-03,Account manager,Part despatched
SO-2024-03571,C1338,BRS,2024-09-30,2024-10-02,,Web,Cancelled
SO-2024-03572,C1674,BRS,2024-09-30,2024-10-04,2024-09-30,Telephone,Part despatched
SO-2024-03573,C1107,BRS,2024-09-30,2024-10-02,2024-10-01,Trade counter,Part despatched
SO-2024-03574,C1147,BRS,2024-09-30,2024-10-04,2024-10-01,Trade counter,Despatched
SO-2024-03575,C1505,BRS,2024-09-30,2024-10-01,2024-10-02,Trade counter,Despatched
SO-2024-03576,C1268,LIV,2024-09-30,2024-10-02,2024-10-01,Web,Despatched
SO-2024-03577,C1823,LIV,2024-09-30,2024-10-01,2024-10-02,Trade counter,Despatched
SO-2024-03578,C1335,DAV,2024-10-01,2024-10-03,2024-10-01,Telephone,Despatched
SO-2024-03579,C1307,DAV,2024-10-01,2024-10-04,2024-10-01,Web,Despatched
SO-2024-03580,C1468,DAV,2024-10-01,2024-10-07,2024-10-01,Telephone,Despatched
SO-2024-03581,C1218,DAV,2024-10-01,2024-10-07,2024-10-01,Trade counter,Despatched
SO-2024-03582,C1440,DAV,2024-10-01,2024-10-04,2024-10-03,Trade counter,Despatched
SO-2024-03583,C1447,DAV,2024-10-01,2024-10-02,2024-10-01,Telephone,Part despatched
SO-2024-03584,C1194,DAV,2024-10-01,2024-10-02,2024-10-01,Web,Part despatched
SO-2024-03585,C1429,DAV,2024-10-01,2024-10-04,2024-10-03,Telephone,Part despatched
SO-2024-03586,C1143,DAV,2024-10-01,2024-10-07,2024-10-01,Telephone,Despatched
SO-2024-03587,C1622,DAV,2024-10-01,2024-10-07,2024-10-01,Web,Part despatched
SO-2024-03588,C1802,WAR,2024-10-01,2024-10-03,2024-10-03,Web,Despatched
SO-2024-03589,C1651,WAR,2024-10-01,2024-10-03,2024-10-02,Trade counter,Despatched
SO-2024-03590,C1702,WAR,2024-10-01,2024-10-02,2024-10-01,Account manager,Despatched
SO-2024-03591,C1522,WAR,2024-10-01,2024-10-04,2024-10-01,Account manager,Despatched
SO-2024-03592,C1234,WAR,2024-10-01,2024-10-04,2024-10-01,Trade counter,Despatched
SO-2024-03593,C1802,WAR,2024-10-01,2024-10-03,2024-10-02,Trade counter,Part despatched
SO-2024-03594,C1170,WAR,2024-10-01,2024-10-04,2024-10-01,Trade counter,Despatched
SO-2024-03595,C1360,WAR,2024-10-01,2024-10-04,2024-10-01,Account manager,Despatched
SO-2024-03596,C1659,BRS,2024-10-01,2024-10-04,2024-10-01,Web,Part despatched
SO-2024-03597,C1659,BRS,2024-10-01,2024-10-07,2024-10-02,Trade counter,Despatched
SO-2024-03598,C1785,BRS,2024-10-01,2024-10-04,2024-10-01,Trade counter,Despatched
SO-2024-03599,C1107,BRS,2024-10-01,2024-10-02,2024-10-02,Account manager,Despatched
SO-2024-03600,C1339,BRS,2024-10-01,2024-10-03,2024-10-02,Telephone,Despatched
SO-2024-03601,C1033,LIV,2024-10-01,2024-10-02,2024-10-01,Telephone,Despatched
SO-2024-03602,C1422,LIV,2024-10-01,2024-10-03,2024-10-04,Telephone,Despatched
SO-2024-03603,C1422,LIV,2024-10-01,2024-10-04,2024-10-01,Telephone,Despatched
SO-2024-03604,C1078,DAV,2024-10-02,2024-10-07,2024-10-02,Account manager,Despatched
SO-2024-03605,C1278,DAV,2024-10-02,2024-10-07,2024-10-02,Trade counter,Despatched
SO-2024-03606,C1255,DAV,2024-10-02,2024-10-03,2024-10-02,Account manager,Despatched
SO-2024-03607,C1191,DAV,2024-10-02,2024-10-03,2024-10-02,Trade counter,Part despatched
SO-2024-03608,C1587,DAV,2024-10-02,2024-10-04,2024-10-02,Telephone,Part despatched
SO-2024-03609,C1429,DAV,2024-10-02,2024-10-04,2024-10-02,Trade counter,Part despatched
SO-2024-03610,C1648,DAV,2024-10-02,2024-10-07,2024-10-02,Telephone,Despatched
SO-2024-03611,C1790,WAR,2024-10-02,2024-10-03,2024-10-02,Trade counter,Despatched
SO-2024-03612,C1581,WAR,2024-10-02,2024-10-03,2024-10-02,Telephone,Part despatched
SO-2024-03613,C1051,WAR,2024-10-02,2024-10-03,2024-10-07,Trade counter,Despatched
SO-2024-03614,C1955,WAR,2024-10-02,2024-10-07,2024-10-02,Telephone,Despatched
SO-2024-03615,C1866,WAR,2024-10-02,2024-10-03,2024-10-03,Trade counter,Despatched
SO-2024-03616,C1141,WAR,2024-10-02,2024-10-03,2024-10-04,Trade counter,Despatched
SO-2024-03617,C1157,WAR,2024-10-02,2024-10-08,2024-10-03,Web,Part despatched
SO-2024-03618,C1247,BRS,2024-10-02,2024-10-03,2024-10-02,Trade counter,Despatched
SO-2024-03619,C1505,BRS,2024-10-02,2024-10-04,2024-10-02,Web,Despatched
SO-2024-03620,C1044,BRS,2024-10-02,2024-10-04,2024-10-02,Trade counter,Despatched
SO-2024-03621,C1578,BRS,2024-10-02,2024-10-08,2024-10-02,Web,Despatched
SO-2024-03622,C1422,LIV,2024-10-02,2024-10-04,2024-10-03,Web,Despatched
SO-2024-03623,C1085,LIV,2024-10-02,2024-10-04,2024-10-02,Web,Despatched
SO-2024-03624,C1401,DAV,2024-10-03,2024-10-09,2024-10-03,Trade counter,Despatched
SO-2024-03625,C1211,DAV,2024-10-03,2024-10-08,2024-10-03,Telephone,Part despatched
SO-2024-03626,C1882,DAV,2024-10-03,2024-10-04,2024-10-03,Telephone,Despatched
SO-2024-03627,C1468,DAV,2024-10-03,2024-10-04,2024-10-03,Telephone,Despatched
SO-2024-03628,C1985,DAV,2024-10-03,2024-10-04,2024-10-03,Web,Despatched
SO-2024-03629,C1610,DAV,2024-10-03,2024-10-04,2024-10-03,Web,Part despatched
SO-2024-03630,C1936,DAV,2024-10-03,2024-10-04,2024-10-03,Trade counter,Despatched
SO-2024-03631,C1744,DAV,2024-10-03,2024-10-08,2024-10-03,Account manager,Despatched
SO-2024-03632,C1217,DAV,2024-10-03,2024-10-04,2024-10-03,Trade counter,Part despatched
SO-2024-03633,C1201,DAV,2024-10-03,2024-10-08,2024-10-03,Telephone,Despatched
SO-2024-03634,C1593,DAV,2024-10-03,2024-10-07,2024-10-04,Trade counter,Part despatched
SO-2024-03635,C1429,DAV,2024-10-03,2024-10-07,2024-10-03,Trade counter,Despatched
SO-2024-03636,C1366,DAV,2024-10-03,2024-10-07,2024-10-04,Trade counter,Despatched
SO-2024-03637,C1512,DAV,2024-10-03,2024-10-07,2024-10-03,Account manager,Despatched
SO-2024-03638,C1831,WAR,2024-10-03,2024-10-07,,Web,Cancelled
SO-2024-03639,C1955,WAR,2024-10-03,2024-10-07,2024-10-03,Trade counter,Despatched
SO-2024-03640,C1355,WAR,2024-10-03,2024-10-04,2024-10-03,Web,Despatched
SO-2024-03641,C1032,WAR,2024-10-03,2024-10-09,2024-10-04,Account manager,Despatched
SO-2024-03642,C1724,WAR,2024-10-03,2024-10-04,2024-10-03,Trade counter,Despatched
SO-2024-03643,C1659,BRS,2024-10-03,2024-10-09,2024-10-03,Trade counter,Part despatched
SO-2024-03644,C1664,BRS,2024-10-03,2024-10-07,2024-10-03,Telephone,Despatched
SO-2024-03645,C1304,BRS,2024-10-03,2024-10-07,2024-10-03,Telephone,Part despatched
SO-2024-03646,C1330,BRS,2024-10-03,2024-10-08,2024-10-03,Account manager,Despatched
SO-2024-03647,C1071,BRS,2024-10-03,2024-10-09,2024-10-03,Web,Despatched
SO-2024-03648,C1374,BRS,2024-10-03,2024-10-07,2024-10-03,Trade counter,Despatched
SO-2024-03649,C1131,LIV,2024-10-03,2024-10-08,2024-10-03,Telephone,Despatched
SO-2024-03650,C1004,LIV,2024-10-03,2024-10-04,2024-10-03,Telephone,Despatched
SO-2024-03651,C1372,DAV,2024-10-04,2024-10-07,2024-10-07,Telephone,Part despatched
SO-2024-03652,C1881,DAV,2024-10-04,2024-10-09,2024-10-04,Telephone,Despatched
SO-2024-03653,C1187,DAV,2024-10-04,2024-10-07,2024-10-04,Account manager,Despatched
SO-2024-03654,C1888,DAV,2024-10-04,2024-10-10,2024-10-04,Telephone,Despatched
SO-2024-03655,C1521,DAV,2024-10-04,2024-10-08,2024-10-07,Web,Despatched
SO-2024-03656,C1447,DAV,2024-10-04,2024-10-08,2024-10-04,Trade counter,Despatched
SO-2024-03657,C1145,DAV,2024-10-04,2024-10-10,2024-10-04,Web,Despatched
SO-2024-03658,C1145,DAV,2024-10-04,2024-10-07,2024-10-04,Telephone,Despatched
SO-2024-03659,C1092,DAV,2024-10-04,2024-10-09,2024-10-04,Account manager,Despatched
SO-2024-03660,C1157,WAR,2024-10-04,2024-10-08,2024-10-04,Trade counter,Part despatched
SO-2024-03661,C1871,WAR,2024-10-04,2024-10-09,2024-10-07,Trade counter,Part despatched
SO-2024-03662,C1215,WAR,2024-10-04,2024-10-10,2024-10-04,Telephone,Despatched
SO-2024-03663,C1988,WAR,2024-10-04,2024-10-07,2024-10-07,Trade counter,Despatched
SO-2024-03664,C1123,WAR,2024-10-04,2024-10-07,2024-10-07,Web,Despatched
SO-2024-03665,C1234,WAR,2024-10-04,2024-10-09,2024-10-04,Trade counter,Despatched
SO-2024-03666,C1501,BRS,2024-10-04,2024-10-10,2024-10-08,Web,Despatched
SO-2024-03667,C1463,BRS,2024-10-04,2024-10-10,2024-10-04,Web,Part despatched
SO-2024-03668,C1578,BRS,2024-10-04,2024-10-09,2024-10-04,Telephone,Part despatched
SO-2024-03669,C1258,BRS,2024-10-04,2024-10-09,2024-10-04,Telephone,Part despatched
SO-2024-03670,C1664,BRS,2024-10-04,2024-10-10,2024-10-04,Trade counter,Despatched
SO-2024-03671,C1330,BRS,2024-10-04,2024-10-08,2024-10-04,Telephone,Part despatched
SO-2024-03672,C1147,BRS,2024-10-04,2024-10-10,2024-10-04,Telephone,Despatched
SO-2024-03673,C1160,LIV,2024-10-04,2024-10-09,2024-10-04,Telephone,Despatched
SO-2024-03674,C1726,LIV,2024-10-04,2024-10-09,2024-10-04,Web,Despatched
SO-2024-03675,C1911,LIV,2024-10-04,2024-10-10,2024-10-04,Trade counter,Despatched
SO-2024-03676,C1168,LIV,2024-10-04,2024-10-08,2024-10-04,Telephone,Despatched
SO-2024-03677,C1821,LIV,2024-10-04,2024-10-07,2024-10-04,Telephone,Despatched
SO-2024-03678,C1821,LIV,2024-10-04,2024-10-07,2024-10-07,Telephone,Despatched
SO-2024-03679,C1648,DAV,2024-10-07,2024-10-11,2024-10-07,Telephone,Despatched
SO-2024-03680,C1366,DAV,2024-10-07,2024-10-08,2024-10-08,Web,Despatched
SO-2024-03681,C1447,DAV,2024-10-07,2024-10-08,2024-10-09,Web,Part despatched
SO-2024-03682,C1371,DAV,2024-10-07,2024-10-08,2024-10-07,Trade counter,Despatched
SO-2024-03683,C1366,DAV,2024-10-07,2024-10-11,2024-10-08,Web,Despatched
SO-2024-03684,C1429,DAV,2024-10-07,2024-10-11,2024-10-09,Web,Despatched
SO-2024-03685,C1057,WAR,2024-10-07,2024-10-11,2024-10-07,Trade counter,Part despatched
SO-2024-03686,C1597,WAR,2024-10-07,2024-10-08,2024-10-07,Account manager,Despatched
SO-2024-03687,C1234,WAR,2024-10-07,2024-10-08,2024-10-07,Telephone,Despatched
SO-2024-03688,C1215,WAR,2024-10-07,2024-10-10,2024-10-08,Web,Part despatched
SO-2024-03689,C1702,WAR,2024-10-07,2024-10-11,2024-10-07,Web,Despatched
SO-2024-03690,C1032,WAR,2024-10-07,2024-10-08,2024-10-07,Web,Part despatched
SO-2024-03691,C1948,WAR,2024-10-07,2024-10-11,2024-10-07,Account manager,Despatched
SO-2024-03692,C1988,WAR,2024-10-07,2024-10-11,2024-10-07,Telephone,Despatched
SO-2024-03693,C1234,WAR,2024-10-07,2024-10-08,2024-10-07,Account manager,Despatched
SO-2024-03694,C1328,BRS,2024-10-07,2024-10-09,2024-10-07,Account manager,Part despatched
SO-2024-03695,C1382,BRS,2024-10-07,2024-10-09,2024-10-09,Web,Part despatched
SO-2024-03696,C1870,BRS,2024-10-07,2024-10-10,2024-10-07,Web,Despatched
SO-2024-03697,C1501,BRS,2024-10-07,2024-10-11,2024-10-07,Trade counter,Despatched
SO-2024-03698,C1659,BRS,2024-10-07,2024-10-08,2024-10-07,Telephone,Despatched
SO-2024-03699,C1566,LIV,2024-10-07,2024-10-08,2024-10-07,Trade counter,Despatched
SO-2024-03700,C1160,LIV,2024-10-07,2024-10-09,2024-10-07,Trade counter,Despatched
SO-2024-03701,C1892,LIV,2024-10-07,2024-10-10,2024-10-08,Telephone,Despatched
SO-2024-03702,C1267,LIV,2024-10-07,2024-10-08,2024-10-07,Telephone,Despatched
SO-2024-03703,C1056,DAV,2024-10-08,2024-10-14,2024-10-09,Trade counter,Part despatched
SO-2024-03704,C1145,DAV,2024-10-08,2024-10-10,2024-10-08,Trade counter,Despatched
SO-2024-03705,C1447,DAV,2024-10-08,2024-10-14,2024-10-08,Web,Despatched
SO-2024-03706,C1145,DAV,2024-10-08,2024-10-09,2024-10-08,Trade counter,Part despatched
SO-2024-03707,C1410,DAV,2024-10-08,2024-10-10,2024-10-08,Trade counter,Part despatched
SO-2024-03708,C1089,DAV,2024-10-08,2024-10-10,2024-10-08,Trade counter,Despatched
SO-2024-03709,C1191,DAV,2024-10-08,2024-10-11,2024-10-09,Trade counter,Part despatched
SO-2024-03710,C1092,DAV,2024-10-08,2024-10-14,2024-10-10,Telephone,Despatched
SO-2024-03711,C1084,DAV,2024-10-08,2024-10-11,2024-10-08,Trade counter,Despatched
SO-2024-03712,C1141,WAR,2024-10-08,2024-10-10,2024-10-08,Telephone,Despatched
SO-2024-03713,C1578,BRS,2024-10-08,2024-10-10,2024-10-09,Trade counter,Part despatched
SO-2024-03714,C1338,BRS,2024-10-08,2024-10-09,2024-10-08,Account manager,Despatched
SO-2024-03715,C1168,LIV,2024-10-08,2024-10-11,2024-10-08,Trade counter,Despatched
SO-2024-03716,C1254,LIV,2024-10-08,2024-10-11,2024-10-09,Web,Despatched
SO-2024-03717,C1255,DAV,2024-10-09,2024-10-10,2024-10-09,Web,Despatched
SO-2024-03718,C1447,DAV,2024-10-09,2024-10-11,2024-10-09,Trade counter,Despatched
SO-2024-03719,C1728,DAV,2024-10-09,2024-10-15,2024-10-09,Telephone,Despatched
SO-2024-03720,C1447,DAV,2024-10-09,2024-10-14,2024-10-09,Trade counter,Despatched
SO-2024-03721,C1366,DAV,2024-10-09,2024-10-10,2024-10-10,Trade counter,Despatched
SO-2024-03722,C1133,DAV,2024-10-09,2024-10-14,2024-10-09,Trade counter,Despatched
SO-2024-03723,C1354,DAV,2024-10-09,2024-10-14,2024-10-09,Account manager,Despatched
SO-2024-03724,C1204,WAR,2024-10-09,2024-10-11,2024-10-09,Trade counter,Despatched
SO-2024-03725,C1495,WAR,2024-10-09,2024-10-14,2024-10-10,Trade counter,Part despatched
SO-2024-03726,C1866,WAR,2024-10-09,2024-10-10,2024-10-10,Account manager,Despatched
SO-2024-03727,C1051,WAR,2024-10-09,2024-10-10,2024-10-09,Account manager,Despatched
SO-2024-03728,C1010,WAR,2024-10-09,2024-10-10,2024-10-10,Trade counter,Despatched
SO-2024-03729,C1802,WAR,2024-10-09,2024-10-14,2024-10-10,Telephone,Despatched
SO-2024-03730,C1343,BRS,2024-10-09,2024-10-14,2024-10-09,Telephone,Part despatched
SO-2024-03731,C1115,BRS,2024-10-09,2024-10-14,2024-10-10,Trade counter,Despatched
SO-2024-03732,C1423,LIV,2024-10-09,2024-10-10,2024-10-09,Telephone,Despatched
SO-2024-03733,C1160,LIV,2024-10-09,2024-10-10,2024-10-09,Trade counter,Despatched
SO-2024-03734,C1430,LIV,2024-10-09,2024-10-14,2024-10-09,Trade counter,Despatched
SO-2024-03735,C1267,LIV,2024-10-09,2024-10-15,2024-10-09,Web,Despatched
SO-2024-03736,C1437,DAV,2024-10-10,2024-10-16,2024-10-11,Telephone,Despatched
SO-2024-03737,C1434,DAV,2024-10-10,2024-10-15,2024-10-14,Telephone,Despatched
SO-2024-03738,C1452,DAV,2024-10-10,2024-10-11,2024-10-10,Trade counter,Despatched
SO-2024-03739,C1429,DAV,2024-10-10,2024-10-14,2024-10-10,Telephone,Despatched
SO-2024-03740,C1744,DAV,2024-10-10,2024-10-11,2024-10-10,Trade counter,Despatched
SO-2024-03741,C1728,DAV,2024-10-10,2024-10-15,2024-10-10,Trade counter,Part despatched
SO-2024-03742,C1255,DAV,2024-10-10,2024-10-16,2024-10-11,Trade counter,Part despatched
SO-2024-03743,C1094,DAV,2024-10-10,2024-10-14,2024-10-11,Trade counter,Despatched
SO-2024-03744,C1447,DAV,2024-10-10,2024-10-16,2024-10-10,Trade counter,Despatched
SO-2024-03745,C1035,DAV,2024-10-10,2024-10-16,2024-10-10,Web,Despatched
SO-2024-03746,C1871,WAR,2024-10-10,2024-10-14,2024-10-10,Trade counter,Part despatched
SO-2024-03747,C1051,WAR,2024-10-10,2024-10-11,2024-10-11,Telephone,Part despatched
SO-2024-03748,C1148,WAR,2024-10-10,2024-10-15,2024-10-10,Trade counter,Despatched
SO-2024-03749,C1790,WAR,2024-10-10,2024-10-15,2024-10-10,Trade counter,Despatched
SO-2024-03750,C1376,WAR,2024-10-10,2024-10-16,2024-10-14,Trade counter,Despatched
SO-2024-03751,C1844,WAR,2024-10-10,2024-10-15,2024-10-10,Telephone,Despatched
SO-2024-03752,C1402,WAR,2024-10-10,2024-10-14,2024-10-14,Trade counter,Despatched
SO-2024-03753,C1051,WAR,2024-10-10,2024-10-14,2024-10-10,Trade counter,Despatched
SO-2024-03754,C1659,BRS,2024-10-10,2024-10-15,2024-10-10,Web,Part despatched
SO-2024-03755,C1697,BRS,2024-10-10,2024-10-16,2024-10-10,Telephone,Despatched
SO-2024-03756,C1475,BRS,2024-10-10,2024-10-11,2024-10-10,Web,Part despatched
SO-2024-03757,C1374,BRS,2024-10-10,2024-10-14,2024-10-10,Telephone,Despatched
SO-2024-03758,C1505,BRS,2024-10-10,2024-10-14,2024-10-11,Account manager,Despatched
SO-2024-03759,C1422,LIV,2024-10-10,2024-10-11,2024-10-10,Trade counter,Despatched
SO-2024-03760,C1085,LIV,2024-10-10,2024-10-14,2024-10-10,Trade counter,Despatched
SO-2024-03761,C1694,LIV,2024-10-10,2024-10-11,2024-10-10,Account manager,Despatched
SO-2024-03762,C1787,DAV,2024-10-11,2024-10-17,2024-10-14,Trade counter,Despatched
SO-2024-03763,C1389,DAV,2024-10-11,2024-10-16,2024-10-11,Trade counter,Part despatched
SO-2024-03764,C1110,DAV,2024-10-11,2024-10-16,2024-10-16,Trade counter,Part despatched
SO-2024-03765,C1145,DAV,2024-10-11,2024-10-17,2024-10-11,Web,Despatched
SO-2024-03766,C1521,DAV,2024-10-11,2024-10-16,2024-10-11,Telephone,Despatched
SO-2024-03767,C1215,WAR,2024-10-11,2024-10-16,2024-10-14,Web,Despatched
SO-2024-03768,C1450,WAR,2024-10-11,2024-10-16,2024-10-11,Trade counter,Despatched
SO-2024-03769,C1081,WAR,2024-10-11,2024-10-15,2024-10-14,Trade counter,Despatched
SO-2024-03770,C1821,LIV,2024-10-11,2024-10-14,2024-10-11,Trade counter,Despatched
SO-2024-03771,C1022,LIV,2024-10-11,2024-10-16,2024-10-11,Telephone,Despatched
SO-2024-03772,C1878,LIV,2024-10-11,2024-10-15,2024-10-11,Trade counter,Despatched
SO-2024-03773,C1607,LIV,2024-10-11,2024-10-15,2024-10-14,Telephone,Despatched
SO-2024-03774,C1319,DAV,2024-10-14,2024-10-16,2024-10-14,Trade counter,Despatched
SO-2024-03775,C1488,DAV,2024-10-14,2024-10-18,2024-10-14,Web,Part despatched
SO-2024-03776,C1201,DAV,2024-10-14,2024-10-15,2024-10-16,Trade counter,Despatched
SO-2024-03777,C1704,DAV,2024-10-14,2024-10-15,2024-10-14,Web,Despatched
SO-2024-03778,C1078,DAV,2024-10-14,2024-10-16,2024-10-14,Web,Part despatched
SO-2024-03779,C1479,DAV,2024-10-14,2024-10-15,2024-10-15,Telephone,Despatched
SO-2024-03780,C1194,DAV,2024-10-14,2024-10-15,2024-10-15,Web,Despatched
SO-2024-03781,C1952,DAV,2024-10-14,2024-10-18,,Trade counter,Cancelled
SO-2024-03782,C1278,DAV,2024-10-14,2024-10-18,2024-10-15,Trade counter,Despatched
SO-2024-03783,C1802,WAR,2024-10-14,2024-10-18,2024-10-17,Account manager,Despatched
SO-2024-03784,C1402,WAR,2024-10-14,2024-10-17,2024-10-14,Telephone,Despatched
SO-2024-03785,C1750,WAR,2024-10-14,2024-10-18,2024-10-14,Trade counter,Despatched
SO-2024-03786,C1032,WAR,2024-10-14,2024-10-16,2024-10-16,Telephone,Despatched
SO-2024-03787,C1802,WAR,2024-10-14,2024-10-16,2024-10-14,Web,Despatched
SO-2024-03788,C1463,BRS,2024-10-14,2024-10-18,2024-10-14,Telephone,Despatched
SO-2024-03789,C1505,BRS,2024-10-14,2024-10-16,2024-10-15,Trade counter,Despatched
SO-2024-03790,C1619,BRS,2024-10-14,2024-10-17,2024-10-17,Telephone,Despatched
SO-2024-03791,C1242,LIV,2024-10-14,2024-10-15,2024-10-14,Telephone,Despatched
SO-2024-03792,C1255,DAV,2024-10-15,2024-10-17,2024-10-15,Web,Despatched
SO-2024-03793,C1194,DAV,2024-10-15,2024-10-16,2024-10-16,Trade counter,Despatched
SO-2024-03794,C1429,DAV,2024-10-15,2024-10-18,2024-10-16,Telephone,Part despatched
SO-2024-03795,C1255,DAV,2024-10-15,2024-10-21,2024-10-15,Trade counter,Part despatched
SO-2024-03796,C1532,DAV,2024-10-15,2024-10-18,2024-10-16,Web,Despatched
SO-2024-03797,C1232,DAV,2024-10-15,2024-10-17,2024-10-15,Trade counter,Despatched
SO-2024-03798,C1114,DAV,2024-10-15,2024-10-21,2024-10-15,Web,Despatched
SO-2024-03799,C1648,DAV,2024-10-15,2024-10-21,2024-10-15,Telephone,Despatched
SO-2024-03800,C1492,WAR,2024-10-15,2024-10-16,2024-10-16,Trade counter,Despatched
SO-2024-03801,C1522,WAR,2024-10-15,2024-10-17,2024-10-15,Account manager,Part despatched
SO-2024-03802,C1051,WAR,2024-10-15,2024-10-17,2024-10-15,Trade counter,Despatched
SO-2024-03803,C1215,WAR,2024-10-15,2024-10-16,2024-10-15,Telephone,Despatched
SO-2024-03804,C1032,WAR,2024-10-15,2024-10-21,2024-10-15,Trade counter,Despatched
SO-2024-03805,C1302,BRS,2024-10-15,2024-10-21,2024-10-16,Telephone,Despatched
SO-2024-03806,C1773,BRS,2024-10-15,2024-10-18,2024-10-15,Web,Despatched
SO-2024-03807,C1259,BRS,2024-10-15,2024-10-16,2024-10-16,Telephone,Despatched
SO-2024-03808,C1453,BRS,2024-10-15,2024-10-17,2024-10-15,Trade counter,Despatched
SO-2024-03809,C1085,LIV,2024-10-15,2024-10-18,2024-10-15,Trade counter,Despatched
SO-2024-03810,C1168,LIV,2024-10-15,2024-10-17,2024-10-15,Trade counter,Despatched
SO-2024-03811,C1422,LIV,2024-10-15,2024-10-21,2024-10-15,Telephone,Despatched
SO-2024-03812,C1795,DAV,2024-10-16,2024-10-17,2024-10-17,Account manager,Despatched
SO-2024-03813,C1704,DAV,2024-10-16,2024-10-21,2024-10-16,Telephone,Despatched
SO-2024-03814,C1734,DAV,2024-10-16,2024-10-21,2024-10-17,Telephone,Despatched
SO-2024-03815,C1734,DAV,2024-10-16,2024-10-17,2024-10-18,Account manager,Despatched
SO-2024-03816,C1744,DAV,2024-10-16,2024-10-21,2024-10-16,Trade counter,Part despatched
SO-2024-03817,C1133,DAV,2024-10-16,2024-10-17,2024-10-18,Telephone,Part despatched
SO-2024-03818,C1682,DAV,2024-10-16,2024-10-17,2024-10-16,Trade counter,Despatched
SO-2024-03819,C1389,DAV,2024-10-16,2024-10-21,2024-10-16,Trade counter,Despatched
SO-2024-03820,C1299,DAV,2024-10-16,2024-10-21,2024-10-17,Telephone,Despatched
SO-2024-03821,C1464,WAR,2024-10-16,2024-10-22,2024-10-16,Telephone,Despatched
SO-2024-03822,C1032,WAR,2024-10-16,2024-10-22,2024-10-16,Telephone,Despatched
SO-2024-03823,C1346,WAR,2024-10-16,2024-10-21,2024-10-16,Trade counter,Despatched
SO-2024-03824,C1156,WAR,2024-10-16,2024-10-21,2024-10-16,Telephone,Part despatched
SO-2024-03825,C1475,BRS,2024-10-16,2024-10-17,2024-10-16,Web,Despatched
SO-2024-03826,C1273,BRS,2024-10-16,2024-10-18,2024-10-16,Account manager,Despatched
SO-2024-03827,C1168,LIV,2024-10-16,2024-10-18,2024-10-16,Web,Part despatched
SO-2024-03828,C1817,LIV,2024-10-16,2024-10-22,2024-10-17,Telephone,Part despatched
SO-2024-03829,C1366,DAV,2024-10-17,2024-10-18,2024-10-17,Telephone,Despatched
SO-2024-03830,C1201,DAV,2024-10-17,2024-10-23,,Trade counter,Cancelled
SO-2024-03831,C1593,DAV,2024-10-17,2024-10-22,2024-10-21,Trade counter,Part despatched
SO-2024-03832,C1429,DAV,2024-10-17,2024-10-22,2024-10-17,Trade counter,Despatched
SO-2024-03833,C1599,DAV,2024-10-17,2024-10-21,2024-10-17,Trade counter,Despatched
SO-2024-03834,C1434,DAV,2024-10-17,2024-10-22,2024-10-18,Telephone,Despatched
SO-2024-03835,C1146,DAV,2024-10-17,2024-10-18,2024-10-17,Trade counter,Despatched
SO-2024-03836,C1985,DAV,2024-10-17,2024-10-21,2024-10-17,Trade counter,Despatched
SO-2024-03837,C1593,DAV,2024-10-17,2024-10-23,2024-10-18,Trade counter,Despatched
SO-2024-03838,C1669,DAV,2024-10-17,2024-10-23,2024-10-17,Telephone,Despatched
SO-2024-03839,C1145,DAV,2024-10-17,2024-10-23,2024-10-17,Web,Despatched
SO-2024-03840,C1057,WAR,2024-10-17,2024-10-23,2024-10-17,Web,Despatched
SO-2024-03841,C1790,WAR,2024-10-17,2024-10-23,2024-10-17,Trade counter,Part despatched
SO-2024-03842,C1057,WAR,2024-10-17,2024-10-18,2024-10-18,Account manager,Despatched
SO-2024-03843,C1535,WAR,2024-10-17,2024-10-18,2024-10-17,Web,Despatched
SO-2024-03844,C1624,WAR,2024-10-17,2024-10-18,2024-10-17,Trade counter,Despatched
SO-2024-03845,C1326,WAR,2024-10-17,2024-10-22,2024-10-17,Trade counter,Despatched
SO-2024-03846,C1115,BRS,2024-10-17,2024-10-22,2024-10-21,Trade counter,Despatched
SO-2024-03847,C1212,BRS,2024-10-17,2024-10-18,2024-10-18,Telephone,Despatched
SO-2024-03848,C1435,LIV,2024-10-17,2024-10-18,2024-10-21,Account manager,Despatched
SO-2024-03849,C1566,LIV,2024-10-17,2024-10-18,2024-10-17,Trade counter,Despatched
SO-2024-03850,C1429,DAV,2024-10-18,2024-10-23,2024-10-18,Web,Despatched
SO-2024-03851,C1767,DAV,2024-10-18,2024-10-24,2024-10-18,Web,Despatched
SO-2024-03852,C1235,DAV,2024-10-18,2024-10-21,2024-10-23,Trade counter,Despatched
SO-2024-03853,C1191,DAV,2024-10-18,2024-10-24,2024-10-18,Web,Despatched
SO-2024-03854,C1366,DAV,2024-10-18,2024-10-21,2024-10-18,Telephone,Despatched
SO-2024-03855,C1215,WAR,2024-10-18,2024-10-24,2024-10-21,Telephone,Part despatched
SO-2024-03856,C1148,WAR,2024-10-18,2024-10-23,2024-10-18,Trade counter,Part despatched
SO-2024-03857,C1871,WAR,2024-10-18,2024-10-22,2024-10-18,Telephone,Despatched
SO-2024-03858,C1808,WAR,2024-10-18,2024-10-22,2024-10-18,Trade counter,Despatched
SO-2024-03859,C1790,WAR,2024-10-18,2024-10-23,2024-10-18,Trade counter,Part despatched
SO-2024-03860,C1141,WAR,2024-10-18,2024-10-22,2024-10-21,Telephone,Despatched
SO-2024-03861,C1578,BRS,2024-10-18,2024-10-22,2024-10-18,Trade counter,Despatched
SO-2024-03862,C1071,BRS,2024-10-18,2024-10-23,2024-10-18,Web,Part despatched
SO-2024-03863,C1466,LIV,2024-10-18,2024-10-23,2024-10-22,Web,Despatched
SO-2024-03864,C1379,LIV,2024-10-18,2024-10-21,2024-10-18,Account manager,Despatched
SO-2024-03865,C1447,DAV,2024-10-21,2024-10-22,2024-10-21,Web,Part despatched
SO-2024-03866,C1429,DAV,2024-10-21,2024-10-23,2024-10-21,Trade counter,Despatched
SO-2024-03867,C1486,DAV,2024-10-21,2024-10-25,2024-10-21,Web,Despatched
SO-2024-03868,C1104,DAV,2024-10-21,2024-10-24,2024-10-21,Telephone,Despatched
SO-2024-03869,C1416,DAV,2024-10-21,2024-10-25,2024-10-22,Web,Despatched
SO-2024-03870,C1936,DAV,2024-10-21,2024-10-22,2024-10-21,Trade counter,Despatched
SO-2024-03871,C1702,WAR,2024-10-21,2024-10-23,2024-10-22,Telephone,Part despatched
SO-2024-03872,C1702,WAR,2024-10-21,2024-10-25,2024-10-21,Telephone,Despatched
SO-2024-03873,C1215,WAR,2024-10-21,2024-10-23,2024-10-22,Telephone,Part despatched
SO-2024-03874,C1464,WAR,2024-10-21,2024-10-23,2024-10-21,Trade counter,Part despatched
SO-2024-03875,C1234,WAR,2024-10-21,2024-10-24,2024-10-21,Telephone,Despatched
SO-2024-03876,C1848,WAR,2024-10-21,2024-10-22,2024-10-21,Trade counter,Despatched
SO-2024-03877,C1961,WAR,2024-10-21,2024-10-25,2024-10-21,Web,Despatched
SO-2024-03878,C1360,WAR,2024-10-21,2024-10-22,2024-10-21,Account manager,Despatched
SO-2024-03879,C1581,WAR,2024-10-21,2024-10-23,2024-10-21,Trade counter,Part despatched
SO-2024-03880,C1151,BRS,2024-10-21,2024-10-25,2024-10-21,Telephone,Part despatched
SO-2024-03881,C1302,BRS,2024-10-21,2024-10-23,2024-10-21,Telephone,Despatched
SO-2024-03882,C1674,BRS,2024-10-21,2024-10-25,2024-10-21,Trade counter,Part despatched
SO-2024-03883,C1167,BRS,2024-10-21,2024-10-22,2024-10-21,Account manager,Despatched
SO-2024-03884,C1785,BRS,2024-10-21,2024-10-22,2024-10-21,Web,Despatched
SO-2024-03885,C1374,BRS,2024-10-21,2024-10-22,2024-10-21,Web,Despatched
SO-2024-03886,C1821,LIV,2024-10-21,2024-10-25,2024-10-22,Web,Despatched
SO-2024-03887,C1936,DAV,2024-10-22,2024-10-28,2024-10-22,Telephone,Despatched
SO-2024-03888,C1734,DAV,2024-10-22,2024-10-24,2024-10-25,Web,Despatched
SO-2024-03889,C1429,DAV,2024-10-22,2024-10-24,2024-10-22,Web,Despatched
SO-2024-03890,C1593,DAV,2024-10-22,2024-10-23,2024-10-23,Telephone,Despatched
SO-2024-03891,C1078,DAV,2024-10-22,2024-10-28,2024-10-22,Telephone,Despatched
SO-2024-03892,C1194,DAV,2024-10-22,2024-10-23,2024-10-22,Telephone,Despatched
SO-2024-03893,C1841,DAV,2024-10-22,2024-10-23,2024-10-22,Telephone,Despatched
SO-2024-03894,C1201,DAV,2024-10-22,2024-10-23,2024-10-22,Trade counter,Despatched
SO-2024-03895,C1201,DAV,2024-10-22,2024-10-24,2024-10-24,Telephone,Despatched
SO-2024-03896,C1098,DAV,2024-10-22,2024-10-23,2024-10-22,Telephone,Despatched
SO-2024-03897,C1515,DAV,2024-10-22,2024-10-24,2024-10-22,Web,Despatched
SO-2024-03898,C1032,WAR,2024-10-22,2024-10-28,2024-10-22,Trade counter,Despatched
SO-2024-03899,C1001,WAR,2024-10-22,2024-10-28,2024-10-22,Web,Despatched
SO-2024-03900,C1802,WAR,2024-10-22,2024-10-25,2024-10-22,Web,Part despatched
SO-2024-03901,C1475,BRS,2024-10-22,2024-10-28,2024-10-22,Trade counter,Despatched
SO-2024-03902,C1343,BRS,2024-10-22,2024-10-25,2024-10-24,Telephone,Despatched
SO-2024-03903,C1238,BRS,2024-10-22,2024-10-23,2024-10-22,Trade counter,Despatched
SO-2024-03904,C1773,BRS,2024-10-22,2024-10-28,2024-10-22,Telephone,Despatched
SO-2024-03905,C1578,BRS,2024-10-22,2024-10-23,2024-10-24,Web,Part despatched
SO-2024-03906,C1159,LIV,2024-10-22,2024-10-28,2024-10-22,Telephone,Despatched
SO-2024-03907,C1574,LIV,2024-10-22,2024-10-25,2024-10-23,Telephone,Part despatched
SO-2024-03908,C1007,DAV,2024-10-23,2024-10-24,2024-10-23,Web,Despatched
SO-2024-03909,C1366,DAV,2024-10-23,2024-10-25,2024-10-23,Telephone,Despatched
SO-2024-03910,C1335,DAV,2024-10-23,2024-10-25,2024-10-25,Trade counter,Despatched
SO-2024-03911,C1035,DAV,2024-10-23,2024-10-28,2024-10-28,Telephone,Despatched
SO-2024-03912,C1559,DAV,2024-10-23,2024-10-29,2024-10-23,Telephone,Despatched
SO-2024-03913,C1035,DAV,2024-10-23,2024-10-24,2024-10-23,Account manager,Part despatched
SO-2024-03914,C1512,DAV,2024-10-23,2024-10-24,2024-10-23,Trade counter,Despatched
SO-2024-03915,C1730,WAR,2024-10-23,2024-10-28,2024-10-23,Web,Despatched
SO-2024-03916,C1051,WAR,2024-10-23,2024-10-28,2024-10-24,Web,Despatched
SO-2024-03917,C1057,WAR,2024-10-23,2024-10-24,2024-10-24,Web,Part despatched
SO-2024-03918,C1475,BRS,2024-10-23,2024-10-25,2024-10-25,Account manager,Part despatched
SO-2024-03919,C1659,BRS,2024-10-23,2024-10-29,2024-10-23,Trade counter,Despatched
SO-2024-03920,C1168,LIV,2024-10-23,2024-10-29,2024-10-23,Trade counter,Despatched
SO-2024-03921,C1685,LIV,2024-10-23,2024-10-28,2024-10-23,Trade counter,Despatched
SO-2024-03922,C1821,LIV,2024-10-23,2024-10-28,2024-10-23,Telephone,Despatched
SO-2024-03923,C1422,LIV,2024-10-23,2024-10-25,2024-10-23,Telephone,Part despatched
SO-2024-03924,C1114,DAV,2024-10-24,2024-10-30,2024-10-24,Telephone,Despatched
SO-2024-03925,C1767,DAV,2024-10-24,2024-10-28,2024-10-24,Account manager,Despatched
SO-2024-03926,C1255,DAV,2024-10-24,2024-10-28,2024-10-25,Account manager,Despatched
SO-2024-03927,C1255,DAV,2024-10-24,2024-10-29,2024-10-25,Web,Despatched
SO-2024-03928,C1626,DAV,2024-10-24,2024-10-25,2024-10-24,Telephone,Despatched
SO-2024-03929,C1098,DAV,2024-10-24,2024-10-28,2024-10-24,Trade counter,Despatched
SO-2024-03930,C1366,DAV,2024-10-24,2024-10-28,2024-10-29,Web,Despatched
SO-2024-03931,C1385,DAV,2024-10-24,2024-10-25,2024-10-24,Web,Despatched
SO-2024-03932,C1798,DAV,2024-10-24,2024-10-25,2024-10-25,Trade counter,Despatched
SO-2024-03933,C1728,DAV,2024-10-24,2024-10-28,,Telephone,Cancelled
SO-2024-03934,C1110,DAV,2024-10-24,2024-10-29,2024-10-24,Web,Despatched
SO-2024-03935,C1032,WAR,2024-10-24,2024-10-30,2024-10-24,Trade counter,Despatched
SO-2024-03936,C1802,WAR,2024-10-24,2024-10-30,2024-10-24,Trade counter,Despatched
SO-2024-03937,C1866,WAR,2024-10-24,2024-10-28,2024-10-24,Telephone,Part despatched
SO-2024-03938,C1896,WAR,2024-10-24,2024-10-29,2024-10-24,Telephone,Part despatched
SO-2024-03939,C1010,WAR,2024-10-24,2024-10-30,2024-10-24,Telephone,Part despatched
SO-2024-03940,C1026,WAR,2024-10-24,2024-10-28,2024-10-29,Telephone,Despatched
SO-2024-03941,C1405,WAR,2024-10-24,2024-10-29,2024-10-24,Trade counter,Despatched
SO-2024-03942,C1355,WAR,2024-10-24,2024-10-29,2024-10-24,Trade counter,Despatched
SO-2024-03943,C1115,BRS,2024-10-24,2024-10-30,2024-10-25,Telephone,Despatched
SO-2024-03944,C1085,LIV,2024-10-24,2024-10-30,2024-10-28,Telephone,Part despatched
SO-2024-03945,C1693,LIV,2024-10-24,2024-10-28,2024-10-24,Telephone,Despatched
SO-2024-03946,C1168,LIV,2024-10-24,2024-10-29,2024-10-24,Telephone,Despatched
SO-2024-03947,C1821,LIV,2024-10-24,2024-10-25,2024-10-25,Telephone,Despatched
SO-2024-03948,C1760,DAV,2024-10-25,2024-10-29,2024-10-30,Account manager,Despatched
SO-2024-03949,C1145,DAV,2024-10-25,2024-10-31,2024-10-25,Trade counter,Despatched
SO-2024-03950,C1629,DAV,2024-10-25,2024-10-30,2024-10-28,Telephone,Part despatched
SO-2024-03951,C1276,DAV,2024-10-25,2024-10-29,2024-10-25,Telephone,Despatched
SO-2024-03952,C1389,DAV,2024-10-25,2024-10-29,2024-10-25,Trade counter,Despatched
SO-2024-03953,C1078,DAV,2024-10-25,2024-10-30,2024-10-25,Account manager,Despatched
SO-2024-03954,C1484,DAV,2024-10-25,2024-10-30,2024-10-28,Trade counter,Despatched
SO-2024-03955,C1593,DAV,2024-10-25,2024-10-31,2024-10-25,Web,Despatched
SO-2024-03956,C1113,DAV,2024-10-25,2024-10-29,2024-10-29,Telephone,Despatched
SO-2024-03957,C1270,DAV,2024-10-25,2024-10-29,2024-10-25,Telephone,Despatched
SO-2024-03958,C1078,DAV,2024-10-25,2024-10-30,2024-10-25,Web,Despatched
SO-2024-03959,C1227,DAV,2024-10-25,2024-10-28,2024-10-25,Trade counter,Part despatched
SO-2024-03960,C1839,WAR,2024-10-25,2024-10-29,2024-10-25,Telephone,Despatched
SO-2024-03961,C1051,WAR,2024-10-25,2024-10-30,2024-10-25,Account manager,Despatched
SO-2024-03962,C1032,WAR,2024-10-25,2024-10-29,2024-10-25,Account manager,Despatched
SO-2024-03963,C1730,WAR,2024-10-25,2024-10-31,2024-10-28,Telephone,Despatched
SO-2024-03964,C1702,WAR,2024-10-25,2024-10-30,2024-10-28,Trade counter,Part despatched
SO-2024-03965,C1948,WAR,2024-10-25,2024-10-30,2024-10-25,Trade counter,Part despatched
SO-2024-03966,C1844,WAR,2024-10-25,2024-10-31,2024-10-28,Web,Despatched
SO-2024-03967,C1352,BRS,2024-10-25,2024-10-29,2024-10-25,Trade counter,Part despatched
SO-2024-03968,C1212,BRS,2024-10-25,2024-10-28,2024-10-29,Trade counter,Despatched
SO-2024-03969,C1212,BRS,2024-10-25,2024-10-30,2024-10-25,Telephone,Part despatched
SO-2024-03970,C1659,BRS,2024-10-25,2024-10-28,2024-10-29,Web,Despatched
SO-2024-03971,C1238,BRS,2024-10-25,2024-10-29,2024-10-25,Account manager,Part despatched
SO-2024-03972,C1379,LIV,2024-10-25,2024-10-29,2024-10-25,Telephone,Part despatched
SO-2024-03973,C1168,LIV,2024-10-25,2024-10-31,2024-10-25,Web,Despatched
SO-2024-03974,C1038,LIV,2024-10-25,2024-10-30,2024-10-28,Web,Despatched
SO-2024-03975,C1168,LIV,2024-10-25,2024-10-30,2024-10-28,Web,Despatched
SO-2024-03976,C1357,LIV,2024-10-25,2024-10-29,2024-10-25,Telephone,Despatched
SO-2024-03977,C1145,DAV,2024-10-28,2024-11-01,2024-10-28,Trade counter,Despatched
SO-2024-03978,C1593,DAV,2024-10-28,2024-11-01,2024-10-28,Telephone,Part despatched
SO-2024-03979,C1447,DAV,2024-10-28,2024-10-31,2024-10-28,Account manager,Despatched
SO-2024-03980,C1371,DAV,2024-10-28,2024-10-31,2024-10-28,Trade counter,Despatched
SO-2024-03981,C1143,DAV,2024-10-28,2024-10-31,2024-10-28,Trade counter,Despatched
SO-2024-03982,C1613,DAV,2024-10-28,2024-10-29,2024-10-28,Web,Despatched
SO-2024-03983,C1323,DAV,2024-10-28,2024-11-01,2024-10-28,Account manager,Part despatched
SO-2024-03984,C1447,DAV,2024-10-28,2024-10-30,2024-10-29,Trade counter,Despatched
SO-2024-03985,C1010,WAR,2024-10-28,2024-10-29,2024-10-28,Trade counter,Despatched
SO-2024-03986,C1402,WAR,2024-10-28,2024-10-29,2024-10-28,Telephone,Despatched
SO-2024-03987,C1844,WAR,2024-10-28,2024-10-31,2024-10-28,Trade counter,Despatched
SO-2024-03988,C1752,WAR,2024-10-28,2024-10-29,2024-10-28,Telephone,Despatched
SO-2024-03989,C1001,WAR,2024-10-28,2024-10-29,2024-10-28,Trade counter,Part despatched
SO-2024-03990,C1051,WAR,2024-10-28,2024-10-30,2024-10-29,Trade counter,Part despatched
SO-2024-03991,C1010,WAR,2024-10-28,2024-11-01,2024-10-29,Telephone,Despatched
SO-2024-03992,C1844,WAR,2024-10-28,2024-11-01,2024-10-28,Telephone,Despatched
SO-2024-03993,C1147,BRS,2024-10-28,2024-10-30,2024-10-28,Trade counter,Despatched
SO-2024-03994,C1741,BRS,2024-10-28,2024-10-30,2024-10-28,Account manager,Part despatched
SO-2024-03995,C1168,LIV,2024-10-28,2024-11-01,2024-10-28,Trade counter,Despatched
SO-2024-03996,C1835,LIV,2024-10-28,2024-10-31,2024-10-30,Trade counter,Despatched
SO-2024-03997,C1526,LIV,2024-10-28,2024-11-01,2024-10-28,Account manager,Despatched
SO-2024-03998,C1821,LIV,2024-10-28,2024-10-31,2024-10-29,Telephone,Despatched
SO-2024-03999,C1941,LIV,2024-10-28,2024-10-29,2024-10-28,Telephone,Part despatched
SO-2024-04000,C1249,DAV,2024-10-29,2024-11-01,2024-10-30,Telephone,Despatched
SO-2024-04001,C1447,DAV,2024-10-29,2024-10-30,2024-10-30,Web,Despatched
SO-2024-04002,C1648,DAV,2024-10-29,2024-10-30,2024-10-30,Web,Despatched
SO-2024-04003,C1440,DAV,2024-10-29,2024-10-30,2024-10-29,Trade counter,Despatched
SO-2024-04004,C1882,DAV,2024-10-29,2024-11-04,2024-10-30,Telephone,Despatched
SO-2024-04005,C1734,DAV,2024-10-29,2024-10-31,2024-10-30,Telephone,Despatched
SO-2024-04006,C1032,WAR,2024-10-29,2024-11-04,2024-10-29,Account manager,Despatched
SO-2024-04007,C1101,WAR,2024-10-29,2024-10-30,2024-10-29,Trade counter,Part despatched
SO-2024-04008,C1032,WAR,2024-10-29,2024-10-30,2024-10-29,Account manager,Despatched
SO-2024-04009,C1724,WAR,2024-10-29,2024-10-31,2024-10-29,Account manager,Part despatched
SO-2024-04010,C1234,WAR,2024-10-29,2024-11-04,2024-10-30,Telephone,Part despatched
SO-2024-04011,C1032,WAR,2024-10-29,2024-11-04,2024-10-29,Web,Part despatched
SO-2024-04012,C1026,WAR,2024-10-29,2024-11-04,2024-10-29,Account manager,Part despatched
SO-2024-04013,C1844,WAR,2024-10-29,2024-11-04,2024-10-30,Web,Despatched
SO-2024-04014,C1264,WAR,2024-10-29,2024-11-04,2024-10-29,Web,Despatched
SO-2024-04015,C1713,WAR,2024-10-29,2024-10-30,2024-10-29,Trade counter,Part despatched
SO-2024-04016,C1411,BRS,2024-10-29,2024-11-01,2024-10-29,Telephone,Despatched
SO-2024-04017,C1212,BRS,2024-10-29,2024-10-30,2024-10-29,Web,Part despatched
SO-2024-04018,C1168,LIV,2024-10-29,2024-10-31,2024-10-31,Telephone,Part despatched
SO-2024-04019,C1685,LIV,2024-10-29,2024-11-04,2024-10-30,Trade counter,Despatched
SO-2024-04020,C1435,LIV,2024-10-29,2024-11-04,2024-10-29,Trade counter,Despatched
SO-2024-04021,C1366,DAV,2024-10-30,2024-10-31,2024-10-31,Telephone,Despatched
SO-2024-04022,C1120,DAV,2024-10-30,2024-11-05,2024-10-30,Web,Despatched
SO-2024-04023,C1389,DAV,2024-10-30,2024-11-05,2024-10-30,Web,Despatched
SO-2024-04024,C1554,DAV,2024-10-30,2024-10-31,2024-10-30,Trade counter,Part despatched
SO-2024-04025,C1940,DAV,2024-10-30,2024-11-01,2024-10-31,Telephone,Despatched
SO-2024-04026,C1610,DAV,2024-10-30,2024-11-01,2024-10-30,Telephone,Despatched
SO-2024-04027,C1728,DAV,2024-10-30,2024-10-31,2024-10-30,Web,Despatched
SO-2024-04028,C1244,WAR,2024-10-30,2024-11-01,2024-10-30,Web,Part despatched
SO-2024-04029,C1844,WAR,2024-10-30,2024-11-05,2024-10-30,Account manager,Despatched
SO-2024-04030,C1010,WAR,2024-10-30,2024-11-04,2024-11-01,Account manager,Despatched
SO-2024-04031,C1697,BRS,2024-10-30,2024-11-04,2024-10-30,Trade counter,Despatched
SO-2024-04032,C1541,BRS,2024-10-30,2024-10-31,2024-10-30,Telephone,Despatched
SO-2024-04033,C1697,BRS,2024-10-30,2024-11-05,2024-10-30,Trade counter,Despatched
SO-2024-04034,C1697,BRS,2024-10-30,2024-10-31,2024-10-30,Trade counter,Despatched
SO-2024-04035,C1382,BRS,2024-10-30,2024-10-31,2024-10-30,Trade counter,Despatched
SO-2024-04036,C1258,BRS,2024-10-30,2024-11-01,2024-10-31,Telephone,Despatched
SO-2024-04037,C1254,LIV,2024-10-30,2024-11-04,2024-11-04,Telephone,Despatched
SO-2024-04038,C1321,LIV,2024-10-30,2024-11-04,2024-10-30,Trade counter,Despatched
SO-2024-04039,C1168,LIV,2024-10-30,2024-11-04,2024-10-31,Telephone,Despatched
SO-2024-04040,C1300,DAV,2024-10-31,2024-11-06,2024-10-31,Trade counter,Part despatched
SO-2024-04041,C1367,DAV,2024-10-31,2024-11-01,2024-10-31,Trade counter,Despatched
SO-2024-04042,C1078,DAV,2024-10-31,2024-11-05,2024-11-04,Account manager,Despatched
SO-2024-04043,C1521,DAV,2024-10-31,2024-11-06,2024-10-31,Trade counter,Despatched
SO-2024-04044,C1850,WAR,2024-10-31,2024-11-06,2024-10-31,Trade counter,Despatched
SO-2024-04045,C1533,WAR,2024-10-31,2024-11-05,2024-10-31,Telephone,Despatched
SO-2024-04046,C1215,WAR,2024-10-31,2024-11-05,2024-11-01,Trade counter,Part despatched
SO-2024-04047,C1395,WAR,2024-10-31,2024-11-01,2024-11-04,Web,Despatched
SO-2024-04048,C1047,WAR,2024-10-31,2024-11-01,2024-10-31,Telephone,Despatched
SO-2024-04049,C1791,BRS,2024-10-31,2024-11-06,2024-10-31,Trade counter,Part despatched
SO-2024-04050,C1044,BRS,2024-10-31,2024-11-05,2024-11-01,Telephone,Part despatched
SO-2024-04051,C1715,LIV,2024-10-31,2024-11-06,2024-10-31,Account manager,Despatched
SO-2024-04052,C1168,LIV,2024-10-31,2024-11-01,2024-10-31,Telephone,Despatched
SO-2024-04053,C1878,LIV,2024-10-31,2024-11-04,2024-11-01,Trade counter,Despatched
SO-2024-04054,C1227,DAV,2024-11-01,2024-11-06,2024-11-04,Trade counter,Part despatched
SO-2024-04055,C1429,DAV,2024-11-01,2024-11-04,2024-11-05,Web,Despatched
SO-2024-04056,C1319,DAV,2024-11-01,2024-11-06,2024-11-01,Account manager,Despatched
SO-2024-04057,C1593,DAV,2024-11-01,2024-11-04,2024-11-01,Telephone,Despatched
SO-2024-04058,C1183,DAV,2024-11-01,2024-11-06,2024-11-05,Telephone,Part despatched
SO-2024-04059,C1227,DAV,2024-11-01,2024-11-05,2024-11-05,Trade counter,Despatched
SO-2024-04060,C1597,WAR,2024-11-01,2024-11-07,2024-11-01,Account manager,Despatched
SO-2024-04061,C1802,WAR,2024-11-01,2024-11-05,2024-11-01,Telephone,Part despatched
SO-2024-04062,C1193,WAR,2024-11-01,2024-11-05,2024-11-01,Telephone,Despatched
SO-2024-04063,C1147,BRS,2024-11-01,2024-11-05,2024-11-04,Telephone,Despatched
SO-2024-04064,C1212,BRS,2024-11-01,2024-11-07,2024-11-04,Account manager,Despatched
SO-2024-04065,C1697,BRS,2024-11-01,2024-11-05,2024-11-01,Web,Part despatched
SO-2024-04066,C1044,BRS,2024-11-01,2024-11-06,2024-11-01,Telephone,Part despatched
SO-2024-04067,C1835,LIV,2024-11-01,2024-11-05,2024-11-04,Web,Despatched
SO-2024-04068,C1109,LIV,2024-11-01,2024-11-06,2024-11-01,Trade counter,Despatched
SO-2024-04069,C1168,LIV,2024-11-01,2024-11-07,2024-11-05,Web,Despatched
SO-2024-04070,C1004,LIV,2024-11-01,2024-11-07,2024-11-01,Trade counter,Despatched
SO-2024-04071,C1168,LIV,2024-11-01,2024-11-04,2024-11-01,Web,Despatched
SO-2024-04072,C1366,DAV,2024-11-04,2024-11-07,2024-11-04,Telephone,Despatched
SO-2024-04073,C1734,DAV,2024-11-04,2024-11-05,2024-11-05,Trade counter,Despatched
SO-2024-04074,C1629,DAV,2024-11-04,2024-11-06,2024-11-04,Web,Despatched
SO-2024-04075,C1728,DAV,2024-11-04,2024-11-08,2024-11-07,Trade counter,Despatched
SO-2024-04076,C1447,DAV,2024-11-04,2024-11-05,2024-11-06,Account manager,Despatched
SO-2024-04077,C1032,WAR,2024-11-04,2024-11-07,2024-11-04,Account manager,Part despatched
SO-2024-04078,C1207,WAR,2024-11-04,2024-11-08,2024-11-05,Web,Despatched
SO-2024-04079,C1844,WAR,2024-11-04,2024-11-07,2024-11-04,Trade counter,Despatched
SO-2024-04080,C1395,WAR,2024-11-04,2024-11-08,2024-11-04,Trade counter,Despatched
SO-2024-04081,C1802,WAR,2024-11-04,2024-11-07,2024-11-04,Web,Despatched
SO-2024-04082,C1151,BRS,2024-11-04,2024-11-06,2024-11-04,Account manager,Despatched
SO-2024-04083,C1379,LIV,2024-11-04,2024-11-08,2024-11-07,Telephone,Despatched
SO-2024-04084,C1422,LIV,2024-11-04,2024-11-08,2024-11-04,Telephone,Despatched
SO-2024-04085,C1835,LIV,2024-11-04,2024-11-05,2024-11-06,Telephone,Despatched
SO-2024-04086,C1422,LIV,2024-11-04,2024-11-08,2024-11-04,Web,Despatched
SO-2024-04087,C1098,DAV,2024-11-05,2024-11-07,2024-11-06,Web,Despatched
SO-2024-04088,C1094,DAV,2024-11-05,2024-11-07,2024-11-05,Trade counter,Part despatched
SO-2024-04089,C1089,DAV,2024-11-05,2024-11-07,2024-11-05,Trade counter,Despatched
SO-2024-04090,C1092,DAV,2024-11-05,2024-11-08,2024-11-05,Account manager,Part despatched
SO-2024-04091,C1094,DAV,2024-11-05,2024-11-08,2024-11-05,Account manager,Despatched
SO-2024-04092,C1890,DAV,2024-11-05,2024-11-07,2024-11-06,Web,Despatched
SO-2024-04093,C1179,DAV,2024-11-05,2024-11-06,2024-11-06,Trade counter,Despatched
SO-2024-04094,C1440,DAV,2024-11-05,2024-11-07,2024-11-05,Telephone,Despatched
SO-2024-04095,C1145,DAV,2024-11-05,2024-11-07,2024-11-05,Trade counter,Despatched
SO-2024-04096,C1367,DAV,2024-11-05,2024-11-08,2024-11-05,Telephone,Despatched
SO-2024-04097,C1441,WAR,2024-11-05,2024-11-06,2024-11-06,Telephone,Despatched
SO-2024-04098,C1948,WAR,2024-11-05,2024-11-11,2024-11-05,Telephone,Despatched
SO-2024-04099,C1402,WAR,2024-11-05,2024-11-07,2024-11-05,Account manager,Part despatched
SO-2024-04100,C1948,WAR,2024-11-05,2024-11-07,2024-11-05,Trade counter,Despatched
SO-2024-04101,C1215,WAR,2024-11-05,2024-11-08,2024-11-05,Telephone,Part despatched
SO-2024-04102,C1839,WAR,2024-11-05,2024-11-07,2024-11-05,Trade counter,Despatched
SO-2024-04103,C1871,WAR,2024-11-05,2024-11-07,2024-11-05,Trade counter,Despatched
SO-2024-04104,C1724,WAR,2024-11-05,2024-11-08,2024-11-05,Trade counter,Part despatched
SO-2024-04105,C1664,BRS,2024-11-05,2024-11-08,2024-11-05,Telephone,Despatched
SO-2024-04106,C1785,BRS,2024-11-05,2024-11-07,2024-11-05,Trade counter,Despatched
SO-2024-04107,C1546,BRS,2024-11-05,2024-11-06,2024-11-05,Telephone,Despatched
SO-2024-04108,C1939,BRS,2024-11-05,2024-11-07,2024-11-05,Telephone,Despatched
SO-2024-04109,C1071,BRS,2024-11-05,2024-11-07,2024-11-05,Trade counter,Despatched
SO-2024-04110,C1785,BRS,2024-11-05,2024-11-07,2024-11-05,Telephone,Despatched
SO-2024-04111,C1557,BRS,2024-11-05,2024-11-07,2024-11-05,Web,Despatched
SO-2024-04112,C1607,LIV,2024-11-05,2024-11-08,2024-11-05,Trade counter,Despatched
SO-2024-04113,C1584,LIV,2024-11-05,2024-11-07,2024-11-05,Trade counter,Despatched
SO-2024-04114,C1610,DAV,2024-11-06,2024-11-07,2024-11-06,Telephone,Despatched
SO-2024-04115,C1270,DAV,2024-11-06,2024-11-12,2024-11-06,Telephone,Despatched
SO-2024-04116,C1410,DAV,2024-11-06,2024-11-12,2024-11-06,Trade counter,Despatched
SO-2024-04117,C1895,DAV,2024-11-06,2024-11-11,2024-11-07,Trade counter,Despatched
SO-2024-04118,C1257,DAV,2024-11-06,2024-11-07,2024-11-06,Telephone,Despatched
SO-2024-04119,C1419,DAV,2024-11-06,2024-11-11,2024-11-06,Telephone,Part despatched
SO-2024-04120,C1447,DAV,2024-11-06,2024-11-11,2024-11-06,Trade counter,Part despatched
SO-2024-04121,C1426,DAV,2024-11-06,2024-11-11,2024-11-06,Telephone,Despatched
SO-2024-04122,C1521,DAV,2024-11-06,2024-11-07,2024-11-06,Web,Part despatched
SO-2024-04123,C1700,DAV,2024-11-06,2024-11-12,2024-11-08,Telephone,Despatched
SO-2024-04124,C1447,DAV,2024-11-06,2024-11-07,2024-11-07,Trade counter,Despatched
SO-2024-04125,C1734,DAV,2024-11-06,2024-11-07,2024-11-06,Telephone,Despatched
SO-2024-04126,C1933,WAR,2024-11-06,2024-11-11,2024-11-06,Telephone,Despatched
SO-2024-04127,C1844,WAR,2024-11-06,2024-11-11,2024-11-11,Trade counter,Part despatched
SO-2024-04128,C1535,WAR,2024-11-06,2024-11-12,2024-11-08,Trade counter,Despatched
SO-2024-04129,C1234,WAR,2024-11-06,2024-11-07,2024-11-06,Trade counter,Despatched
SO-2024-04130,C1243,WAR,2024-11-06,2024-11-07,2024-11-06,Trade counter,Despatched
SO-2024-04131,C1505,BRS,2024-11-06,2024-11-08,2024-11-06,Account manager,Despatched
SO-2024-04132,C1578,BRS,2024-11-06,2024-11-07,2024-11-06,Trade counter,Despatched
SO-2024-04133,C1247,BRS,2024-11-06,2024-11-08,2024-11-06,Web,Part despatched
SO-2024-04134,C1525,BRS,2024-11-06,2024-11-07,2024-11-06,Telephone,Despatched
SO-2024-04135,C1302,BRS,2024-11-06,2024-11-07,2024-11-06,Telephone,Part despatched
SO-2024-04136,C1791,BRS,2024-11-06,2024-11-11,2024-11-06,Web,Part despatched
SO-2024-04137,C1065,BRS,2024-11-06,2024-11-07,2024-11-07,Telephone,Part despatched
SO-2024-04138,C1338,BRS,2024-11-06,2024-11-11,2024-11-06,Web,Despatched
SO-2024-04139,C1959,LIV,2024-11-06,2024-11-07,2024-11-06,Account manager,Despatched
SO-2024-04140,C1663,LIV,2024-11-06,2024-11-12,2024-11-07,Telephone,Despatched
SO-2024-04141,C1422,LIV,2024-11-06,2024-11-11,2024-11-08,Trade counter,Despatched
SO-2024-04142,C1370,DAV,2024-11-07,2024-11-11,2024-11-08,Telephone,Part despatched
SO-2024-04143,C1110,DAV,2024-11-07,2024-11-08,2024-11-07,Telephone,Despatched
SO-2024-04144,C1097,DAV,2024-11-07,2024-11-12,2024-11-07,Web,Despatched
SO-2024-04145,C1194,DAV,2024-11-07,2024-11-08,2024-11-08,Trade counter,Part despatched
SO-2024-04146,C1035,DAV,2024-11-07,2024-11-12,2024-11-07,Telephone,Despatched
SO-2024-04147,C1389,DAV,2024-11-07,2024-11-11,2024-11-08,Trade counter,Despatched
SO-2024-04148,C1078,DAV,2024-11-07,2024-11-12,2024-11-07,Trade counter,Despatched
SO-2024-04149,C1335,DAV,2024-11-07,2024-11-13,2024-11-08,Telephone,Despatched
SO-2024-04150,C1176,DAV,2024-11-07,2024-11-12,2024-11-08,Trade counter,Part despatched
SO-2024-04151,C1434,DAV,2024-11-07,2024-11-11,2024-11-07,Account manager,Despatched
SO-2024-04152,C1371,DAV,2024-11-07,2024-11-13,2024-11-07,Trade counter,Despatched
SO-2024-04153,C1034,WAR,2024-11-07,2024-11-13,2024-11-07,Telephone,Part despatched
SO-2024-04154,C1790,WAR,2024-11-07,2024-11-11,2024-11-07,Trade counter,Despatched
SO-2024-04155,C1090,WAR,2024-11-07,2024-11-13,2024-11-08,Web,Despatched
SO-2024-04156,C1581,WAR,2024-11-07,2024-11-13,2024-11-11,Account manager,Despatched
SO-2024-04157,C1026,WAR,2024-11-07,2024-11-11,2024-11-11,Web,Despatched
SO-2024-04158,C1234,WAR,2024-11-07,2024-11-12,2024-11-11,Trade counter,Part despatched
SO-2024-04159,C1244,WAR,2024-11-07,2024-11-12,2024-11-07,Trade counter,Despatched
SO-2024-04160,C1010,WAR,2024-11-07,2024-11-13,2024-11-08,Trade counter,Part despatched
SO-2024-04161,C1234,WAR,2024-11-07,2024-11-12,2024-11-07,Account manager,Despatched
SO-2024-04162,C1338,BRS,2024-11-07,2024-11-11,2024-11-07,Telephone,Despatched
SO-2024-04163,C1044,BRS,2024-11-07,2024-11-12,2024-11-07,Telephone,Part despatched
SO-2024-04164,C1793,BRS,2024-11-07,2024-11-11,2024-11-07,Trade counter,Part despatched
SO-2024-04165,C1659,BRS,2024-11-07,2024-11-08,2024-11-11,Trade counter,Despatched
SO-2024-04166,C1911,LIV,2024-11-07,2024-11-08,2024-11-07,Web,Despatched
SO-2024-04167,C1357,LIV,2024-11-07,2024-11-08,2024-11-07,Trade counter,Despatched
SO-2024-04168,C1821,LIV,2024-11-07,2024-11-13,2024-11-07,Web,Despatched
SO-2024-04169,C1422,LIV,2024-11-07,2024-11-12,2024-11-08,Account manager,Despatched
SO-2024-04170,C1168,LIV,2024-11-07,2024-11-11,2024-11-08,Trade counter,Despatched
SO-2024-04171,C1321,LIV,2024-11-07,2024-11-13,2024-11-07,Trade counter,Part despatched
SO-2024-04172,C1821,LIV,2024-11-07,2024-11-13,2024-11-08,Account manager,Despatched
SO-2024-04173,C1422,LIV,2024-11-07,2024-11-12,2024-11-07,Web,Despatched
SO-2024-04174,C1085,LIV,2024-11-07,2024-11-08,2024-11-07,Telephone,Despatched
SO-2024-04175,C1584,LIV,2024-11-07,2024-11-11,2024-11-12,Trade counter,Despatched
SO-2024-04176,C1085,LIV,2024-11-07,2024-11-11,2024-11-07,Telephone,Despatched
SO-2024-04177,C1447,DAV,2024-11-08,2024-11-11,2024-11-08,Trade counter,Part despatched
SO-2024-04178,C1429,DAV,2024-11-08,2024-11-11,2024-11-08,Web,Despatched
SO-2024-04179,C1440,DAV,2024-11-08,2024-11-13,2024-11-13,Telephone,Despatched
SO-2024-04180,C1255,DAV,2024-11-08,2024-11-12,2024-11-08,Account manager,Despatched
SO-2024-04181,C1429,DAV,2024-11-08,2024-11-11,2024-11-08,Account manager,Part despatched
SO-2024-04182,C1194,DAV,2024-11-08,2024-11-12,2024-11-08,Telephone,Despatched
SO-2024-04183,C1278,DAV,2024-11-08,2024-11-11,2024-11-11,Web,Despatched
SO-2024-04184,C1596,DAV,2024-11-08,2024-11-13,2024-11-08,Telephone,Despatched
SO-2024-04185,C1262,DAV,2024-11-08,2024-11-14,2024-11-08,Trade counter,Despatched
SO-2024-04186,C1882,DAV,2024-11-08,2024-11-14,2024-11-12,Telephone,Despatched
SO-2024-04187,C1123,WAR,2024-11-08,2024-11-14,2024-11-12,Telephone,Despatched
SO-2024-04188,C1101,WAR,2024-11-08,2024-11-13,2024-11-08,Telephone,Despatched
SO-2024-04189,C1724,WAR,2024-11-08,2024-11-11,2024-11-08,Trade counter,Despatched
SO-2024-04190,C1752,WAR,2024-11-08,2024-11-11,2024-11-12,Account manager,Despatched
SO-2024-04191,C1475,BRS,2024-11-08,2024-11-12,2024-11-08,Web,Despatched
SO-2024-04192,C1505,BRS,2024-11-08,2024-11-14,2024-11-12,Trade counter,Despatched
SO-2024-04193,C1757,BRS,2024-11-08,2024-11-12,2024-11-08,Trade counter,Part despatched
SO-2024-04194,C1212,BRS,2024-11-08,2024-11-11,2024-11-13,Web,Part despatched
SO-2024-04195,C1723,LIV,2024-11-08,2024-11-13,2024-11-11,Web,Despatched
SO-2024-04196,C1878,LIV,2024-11-08,2024-11-11,2024-11-08,Web,Despatched
SO-2024-04197,C1085,LIV,2024-11-08,2024-11-11,2024-11-08,Trade counter,Despatched
SO-2024-04198,C1821,LIV,2024-11-08,2024-11-12,2024-11-11,Telephone,Despatched
SO-2024-04199,C1159,LIV,2024-11-08,2024-11-14,2024-11-08,Trade counter,Despatched
SO-2024-04200,C1422,LIV,2024-11-08,2024-11-14,2024-11-08,Telephone,Despatched
SO-2024-04201,C1319,DAV,2024-11-11,2024-11-12,2024-11-13,Telephone,Despatched
SO-2024-04202,C1366,DAV,2024-11-11,2024-11-15,2024-11-12,Trade counter,Part despatched
SO-2024-04203,C1859,DAV,2024-11-11,2024-11-14,2024-11-11,Trade counter,Despatched
SO-2024-04204,C1971,DAV,2024-11-11,2024-11-14,2024-11-11,Web,Despatched
SO-2024-04205,C1527,DAV,2024-11-11,2024-11-15,2024-11-11,Web,Despatched
SO-2024-04206,C1278,DAV,2024-11-11,2024-11-12,2024-11-12,Web,Despatched
SO-2024-04207,C1389,DAV,2024-11-11,2024-11-15,2024-11-12,Trade counter,Despatched
SO-2024-04208,C1734,DAV,2024-11-11,2024-11-15,2024-11-11,Web,Despatched
SO-2024-04209,C1299,DAV,2024-11-11,2024-11-14,2024-11-11,Web,Despatched
SO-2024-04210,C1300,DAV,2024-11-11,2024-11-15,2024-11-12,Telephone,Despatched
SO-2024-04211,C1482,WAR,2024-11-11,2024-11-12,2024-11-11,Telephone,Despatched
SO-2024-04212,C1896,WAR,2024-11-11,2024-11-14,2024-11-12,Telephone,Despatched
SO-2024-04213,C1282,WAR,2024-11-11,2024-11-15,2024-11-12,Telephone,Despatched
SO-2024-04214,C1017,WAR,2024-11-11,2024-11-14,2024-11-11,Web,Despatched
SO-2024-04215,C1032,WAR,2024-11-11,2024-11-15,2024-11-11,Telephone,Despatched
SO-2024-04216,C1538,WAR,2024-11-11,2024-11-14,2024-11-12,Trade counter,Despatched
SO-2024-04217,C1896,WAR,2024-11-11,2024-11-14,2024-11-11,Telephone,Despatched
SO-2024-04218,C1198,WAR,2024-11-11,2024-11-12,2024-11-11,Trade counter,Despatched
SO-2024-04219,C1651,WAR,2024-11-11,2024-11-15,2024-11-12,Account manager,Despatched
SO-2024-04220,C1474,WAR,2024-11-11,2024-11-13,2024-11-11,Telephone,Part despatched
SO-2024-04221,C1212,BRS,2024-11-11,2024-11-14,2024-11-11,Telephone,Part despatched
SO-2024-04222,C1697,BRS,2024-11-11,2024-11-13,2024-11-11,Trade counter,Part despatched
SO-2024-04223,C1212,BRS,2024-11-11,2024-11-14,2024-11-11,Web,Despatched
SO-2024-04224,C1697,BRS,2024-11-11,2024-11-13,2024-11-11,Telephone,Part despatched
SO-2024-04225,C1463,BRS,2024-11-11,2024-11-14,2024-11-11,Telephone,Despatched
SO-2024-04226,C1352,BRS,2024-11-11,2024-11-14,2024-11-11,Telephone,Part despatched
SO-2024-04227,C1501,BRS,2024-11-11,2024-11-14,2024-11-12,Account manager,Despatched
SO-2024-04228,C1171,BRS,2024-11-11,2024-11-15,2024-11-12,Account manager,Despatched
SO-2024-04229,C1374,BRS,2024-11-11,2024-11-12,2024-11-12,Trade counter,Despatched
SO-2024-04230,C1085,LIV,2024-11-11,2024-11-13,2024-11-11,Account manager,Despatched
SO-2024-04231,C1432,LIV,2024-11-11,2024-11-15,2024-11-12,Telephone,Despatched
SO-2024-04232,C1835,LIV,2024-11-11,2024-11-12,2024-11-12,Telephone,Despatched
SO-2024-04233,C1085,LIV,2024-11-11,2024-11-15,2024-11-14,Telephone,Despatched
SO-2024-04234,C1168,LIV,2024-11-11,2024-11-13,2024-11-11,Trade counter,Part despatched
SO-2024-04235,C1038,LIV,2024-11-11,2024-11-15,2024-11-11,Telephone,Despatched
SO-2024-04236,C1321,LIV,2024-11-11,2024-11-12,2024-11-11,Telephone,Despatched
SO-2024-04237,C1795,DAV,2024-11-12,2024-11-18,2024-11-12,Account manager,Part despatched
SO-2024-04238,C1372,DAV,2024-11-12,2024-11-18,2024-11-14,Web,Despatched
SO-2024-04239,C1367,DAV,2024-11-12,2024-11-15,2024-11-13,Web,Despatched
SO-2024-04240,C1648,DAV,2024-11-12,2024-11-15,2024-11-12,Trade counter,Despatched
SO-2024-04241,C1209,DAV,2024-11-12,2024-11-13,2024-11-12,Telephone,Despatched
SO-2024-04242,C1145,DAV,2024-11-12,2024-11-18,2024-11-12,Trade counter,Despatched
SO-2024-04243,C1278,DAV,2024-11-12,2024-11-13,2024-11-13,Account manager,Despatched
SO-2024-04244,C1599,DAV,2024-11-12,2024-11-14,2024-11-12,Telephone,Despatched
SO-2024-04245,C1890,DAV,2024-11-12,2024-11-14,2024-11-12,Account manager,Despatched
SO-2024-04246,C1162,WAR,2024-11-12,2024-11-15,2024-11-13,Trade counter,Part despatched
SO-2024-04247,C1533,WAR,2024-11-12,2024-11-18,2024-11-13,Trade counter,Despatched
SO-2024-04248,C1730,WAR,2024-11-12,2024-11-18,2024-11-12,Telephone,Despatched
SO-2024-04249,C1822,WAR,2024-11-12,2024-11-18,2024-11-12,Web,Despatched
SO-2024-04250,C1164,WAR,2024-11-12,2024-11-18,2024-11-13,Telephone,Part despatched
SO-2024-04251,C1156,WAR,2024-11-12,2024-11-15,2024-11-12,Web,Part despatched
SO-2024-04252,C1560,WAR,2024-11-12,2024-11-14,2024-11-13,Trade counter,Part despatched
SO-2024-04253,C1730,WAR,2024-11-12,2024-11-13,2024-11-13,Telephone,Despatched
SO-2024-04254,C1950,WAR,2024-11-12,2024-11-15,2024-11-12,Web,Despatched
SO-2024-04255,C1167,BRS,2024-11-12,2024-11-15,2024-11-13,Web,Part despatched
SO-2024-04256,C1374,BRS,2024-11-12,2024-11-14,2024-11-13,Trade counter,Part despatched
SO-2024-04257,C1044,BRS,2024-11-12,2024-11-18,2024-11-12,Account manager,Part despatched
SO-2024-04258,C1498,BRS,2024-11-12,2024-11-18,2024-11-12,Web,Despatched
SO-2024-04259,C1557,BRS,2024-11-12,2024-11-14,2024-11-12,Telephone,Despatched
SO-2024-04260,C1557,BRS,2024-11-12,2024-11-13,2024-11-12,Telephone,Part despatched
SO-2024-04261,C1785,BRS,2024-11-12,2024-11-15,2024-11-12,Web,Part despatched
SO-2024-04262,C1817,LIV,2024-11-12,2024-11-14,2024-11-12,Trade counter,Despatched
SO-2024-04263,C1160,LIV,2024-11-12,2024-11-15,2024-11-12,Account manager,Despatched
SO-2024-04264,C1607,LIV,2024-11-12,2024-11-15,2024-11-13,Telephone,Despatched
SO-2024-04265,C1663,LIV,2024-11-12,2024-11-14,2024-11-12,Telephone,Despatched
SO-2024-04266,C1430,LIV,2024-11-12,2024-11-18,2024-11-12,Telephone,Despatched
SO-2024-04267,C1321,LIV,2024-11-12,2024-11-14,2024-11-13,Trade counter,Despatched
SO-2024-04268,C1145,DAV,2024-11-13,2024-11-15,2024-11-13,Trade counter,Despatched
SO-2024-04269,C1255,DAV,2024-11-13,2024-11-18,2024-11-13,Web,Despatched
SO-2024-04270,C1491,DAV,2024-11-13,2024-11-19,2024-11-13,Trade counter,Despatched
SO-2024-04271,C1240,WAR,2024-11-13,2024-11-15,2024-11-13,Account manager,Part despatched
SO-2024-04272,C1591,WAR,2024-11-13,2024-11-19,2024-11-13,Telephone,Despatched
SO-2024-04273,C1497,WAR,2024-11-13,2024-11-15,2024-11-13,Telephone,Despatched
SO-2024-04274,C1844,WAR,2024-11-13,2024-11-18,2024-11-13,Trade counter,Part despatched
SO-2024-04275,C1346,WAR,2024-11-13,2024-11-15,2024-11-13,Trade counter,Despatched
SO-2024-04276,C1802,WAR,2024-11-13,2024-11-15,2024-11-13,Trade counter,Part despatched
SO-2024-04277,C1785,BRS,2024-11-13,2024-11-19,2024-11-13,Telephone,Part despatched
SO-2024-04278,C1578,BRS,2024-11-13,2024-11-15,2024-11-15,Account manager,Part despatched
SO-2024-04279,C1238,BRS,2024-11-13,2024-11-15,2024-11-14,Telephone,Part despatched
SO-2024-04280,C1600,LIV,2024-11-13,2024-11-15,2024-11-13,Telephone,Despatched
SO-2024-04281,C1835,LIV,2024-11-13,2024-11-14,2024-11-13,Web,Despatched
SO-2024-04282,C1778,LIV,2024-11-13,2024-11-19,2024-11-13,Trade counter,Despatched
SO-2024-04283,C1728,DAV,2024-11-14,2024-11-19,2024-11-14,Web,Part despatched
SO-2024-04284,C1881,DAV,2024-11-14,2024-11-19,2024-11-14,Trade counter,Despatched
SO-2024-04285,C1798,DAV,2024-11-14,2024-11-18,2024-11-18,Web,Despatched
SO-2024-04286,C1898,DAV,2024-11-14,2024-11-19,2024-11-14,Telephone,Despatched
SO-2024-04287,C1985,DAV,2024-11-14,2024-11-18,2024-11-14,Telephone,Despatched
SO-2024-04288,C1207,WAR,2024-11-14,2024-11-18,2024-11-14,Telephone,Despatched
SO-2024-04289,C1259,BRS,2024-11-14,2024-11-19,2024-11-14,Telephone,Despatched
SO-2024-04290,C1659,BRS,2024-11-14,2024-11-20,2024-11-14,Telephone,Despatched
SO-2024-04291,C1697,BRS,2024-11-14,2024-11-19,2024-11-14,Telephone,Part despatched
SO-2024-04292,C1024,LIV,2024-11-14,2024-11-18,2024-11-14,Trade counter,Despatched
SO-2024-04293,C1478,LIV,2024-11-14,2024-11-15,2024-11-19,Trade counter,Part despatched
SO-2024-04294,C1531,DAV,2024-11-15,2024-11-18,2024-11-15,Trade counter,Despatched
SO-2024-04295,C1194,DAV,2024-11-15,2024-11-18,2024-11-18,Trade counter,Despatched
SO-2024-04296,C1429,DAV,2024-11-15,2024-11-20,2024-11-15,Telephone,Despatched
SO-2024-04297,C1270,DAV,2024-11-15,2024-11-19,2024-11-15,Web,Part despatched
SO-2024-04298,C1728,DAV,2024-11-15,2024-11-21,2024-11-15,Trade counter,Despatched
SO-2024-04299,C1201,DAV,2024-11-15,2024-11-18,2024-11-15,Web,Despatched
SO-2024-04300,C1354,DAV,2024-11-15,2024-11-21,2024-11-19,Account manager,Despatched
SO-2024-04301,C1218,DAV,2024-11-15,2024-11-21,2024-11-18,Web,Despatched
SO-2024-04302,C1419,DAV,2024-11-15,2024-11-20,2024-11-15,Telephone,Despatched
SO-2024-04303,C1278,DAV,2024-11-15,2024-11-19,2024-11-20,Web,Despatched
SO-2024-04304,C1460,WAR,2024-11-15,2024-11-18,2024-11-18,Telephone,Despatched
SO-2024-04305,C1955,WAR,2024-11-15,2024-11-19,2024-11-15,Web,Despatched
SO-2024-04306,C1032,WAR,2024-11-15,2024-11-20,2024-11-18,Telephone,Despatched
SO-2024-04307,C1032,WAR,2024-11-15,2024-11-19,2024-11-18,Account manager,Despatched
SO-2024-04308,C1215,WAR,2024-11-15,2024-11-21,2024-11-15,Trade counter,Despatched
SO-2024-04309,C1724,WAR,2024-11-15,2024-11-19,2024-11-15,Trade counter,Part despatched
SO-2024-04310,C1398,WAR,2024-11-15,2024-11-21,2024-11-15,Web,Despatched
SO-2024-04311,C1207,WAR,2024-11-15,2024-11-19,2024-11-15,Telephone,Despatched
SO-2024-04312,C1243,WAR,2024-11-15,2024-11-18,2024-11-15,Trade counter,Despatched
SO-2024-04313,C1391,WAR,2024-11-15,2024-11-18,2024-11-18,Trade counter,Part despatched
SO-2024-04314,C1174,WAR,2024-11-15,2024-11-20,2024-11-18,Trade counter,Despatched
SO-2024-04315,C1010,WAR,2024-11-15,2024-11-20,2024-11-15,Trade counter,Part despatched
SO-2024-04316,C1139,BRS,2024-11-15,2024-11-21,2024-11-18,Telephone,Despatched
SO-2024-04317,C1065,BRS,2024-11-15,2024-11-21,2024-11-15,Web,Part despatched
SO-2024-04318,C1115,BRS,2024-11-15,2024-11-19,2024-11-19,Account manager,Part despatched
SO-2024-04319,C1578,BRS,2024-11-15,2024-11-18,2024-11-19,Account manager,Part despatched
SO-2024-04320,C1044,BRS,2024-11-15,2024-11-19,2024-11-18,Account manager,Despatched
SO-2024-04321,C1033,LIV,2024-11-15,2024-11-21,2024-11-15,Trade counter,Part despatched
SO-2024-04322,C1835,LIV,2024-11-15,2024-11-19,2024-11-15,Trade counter,Despatched
SO-2024-04323,C1333,LIV,2024-11-15,2024-11-20,2024-11-18,Trade counter,Despatched
SO-2024-04324,C1078,DAV,2024-11-18,2024-11-22,2024-11-18,Account manager,Part despatched
SO-2024-04325,C1767,DAV,2024-11-18,2024-11-21,2024-11-18,Trade counter,Despatched
SO-2024-04326,C1413,DAV,2024-11-18,2024-11-19,2024-11-18,Web,Part despatched
SO-2024-04327,C1447,DAV,2024-11-18,2024-11-19,2024-11-18,Telephone,Part despatched
SO-2024-04328,C1389,DAV,2024-11-18,2024-11-22,2024-11-18,Trade counter,Despatched
SO-2024-04329,C1940,DAV,2024-11-18,2024-11-21,2024-11-19,Trade counter,Despatched
SO-2024-04330,C1371,DAV,2024-11-18,2024-11-22,2024-11-18,Web,Part despatched
SO-2024-04331,C1734,DAV,2024-11-18,2024-11-19,2024-11-18,Web,Despatched
SO-2024-04332,C1426,DAV,2024-11-18,2024-11-19,2024-11-18,Telephone,Despatched
SO-2024-04333,C1104,DAV,2024-11-18,2024-11-22,2024-11-18,Telephone,Despatched
SO-2024-04334,C1767,DAV,2024-11-18,2024-11-21,2024-11-19,Trade counter,Despatched
SO-2024-04335,C1948,WAR,2024-11-18,2024-11-21,2024-11-19,Web,Despatched
SO-2024-04336,C1349,WAR,2024-11-18,2024-11-21,2024-11-18,Telephone,Despatched
SO-2024-04337,C1101,WAR,2024-11-18,2024-11-22,2024-11-19,Web,Part despatched
SO-2024-04338,C1164,WAR,2024-11-18,2024-11-20,2024-11-18,Trade counter,Despatched
SO-2024-04339,C1395,WAR,2024-11-18,2024-11-20,2024-11-18,Web,Despatched
SO-2024-04340,C1831,WAR,2024-11-18,2024-11-20,2024-11-18,Web,Part despatched
SO-2024-04341,C1831,WAR,2024-11-18,2024-11-22,2024-11-18,Telephone,Despatched
SO-2024-04342,C1659,BRS,2024-11-18,2024-11-21,2024-11-18,Trade counter,Despatched
SO-2024-04343,C1501,BRS,2024-11-18,2024-11-19,2024-11-19,Account manager,Despatched
SO-2024-04344,C1422,LIV,2024-11-18,2024-11-22,2024-11-18,Web,Despatched
SO-2024-04345,C1168,LIV,2024-11-18,2024-11-22,2024-11-18,Trade counter,Despatched
SO-2024-04346,C1821,LIV,2024-11-18,2024-11-22,2024-11-18,Account manager,Despatched
SO-2024-04347,C1255,DAV,2024-11-19,2024-11-25,2024-11-19,Web,Despatched
SO-2024-04348,C1078,DAV,2024-11-19,2024-11-25,2024-11-19,Telephone,Despatched
SO-2024-04349,C1447,DAV,2024-11-19,2024-11-25,2024-11-19,Trade counter,Despatched
SO-2024-04350,C1371,DAV,2024-11-19,2024-11-20,2024-11-19,Trade counter,Despatched
SO-2024-04351,C1176,DAV,2024-11-19,2024-11-21,2024-11-19,Account manager,Despatched
SO-2024-04352,C1947,DAV,2024-11-19,2024-11-25,2024-11-20,Account manager,Despatched
SO-2024-04353,C1484,DAV,2024-11-19,2024-11-25,2024-11-19,Trade counter,Part despatched
SO-2024-04354,C1610,DAV,2024-11-19,2024-11-21,2024-11-19,Trade counter,Despatched
SO-2024-04355,C1032,WAR,2024-11-19,2024-11-20,2024-11-20,Trade counter,Despatched
SO-2024-04356,C1010,WAR,2024-11-19,2024-11-25,2024-11-19,Trade counter,Despatched
SO-2024-04357,C1409,WAR,2024-11-19,2024-11-21,2024-11-19,Web,Despatched
SO-2024-04358,C1243,WAR,2024-11-19,2024-11-22,2024-11-20,Telephone,Despatched
SO-2024-04359,C1115,BRS,2024-11-19,2024-11-20,2024-11-20,Telephone,Despatched
SO-2024-04360,C1505,BRS,2024-11-19,2024-11-20,2024-11-19,Web,Part despatched
SO-2024-04361,C1374,BRS,2024-11-19,2024-11-20,2024-11-19,Trade counter,Despatched
SO-2024-04362,C1338,BRS,2024-11-19,2024-11-25,2024-11-19,Telephone,Despatched
SO-2024-04363,C1085,LIV,2024-11-19,2024-11-25,2024-11-19,Trade counter,Despatched
SO-2024-04364,C1941,LIV,2024-11-19,2024-11-22,2024-11-21,Web,Despatched
SO-2024-04365,C1422,LIV,2024-11-19,2024-11-21,2024-11-19,Telephone,Part despatched
SO-2024-04366,C1634,LIV,2024-11-19,2024-11-22,2024-11-19,Trade counter,Part despatched
SO-2024-04367,C1835,LIV,2024-11-19,2024-11-25,2024-11-19,Account manager,Despatched
SO-2024-04368,C1270,DAV,2024-11-20,2024-11-25,2024-11-21,Telephone,Despatched
SO-2024-04369,C1482,WAR,2024-11-20,2024-11-26,2024-11-20,Trade counter,Part despatched
SO-2024-04370,C1802,WAR,2024-11-20,2024-11-25,2024-11-20,Web,Part despatched
SO-2024-04371,C1032,WAR,2024-11-20,2024-11-26,2024-11-20,Web,Despatched
SO-2024-04372,C1581,WAR,2024-11-20,2024-11-25,2024-11-20,Telephone,Part despatched
SO-2024-04373,C1724,WAR,2024-11-20,2024-11-25,2024-11-20,Telephone,Despatched
SO-2024-04374,C1783,BRS,2024-11-20,2024-11-25,2024-11-20,Trade counter,Despatched
SO-2024-04375,C1071,BRS,2024-11-20,2024-11-22,2024-11-20,Trade counter,Part despatched
SO-2024-04376,C1044,BRS,2024-11-20,2024-11-22,2024-11-22,Telephone,Despatched
SO-2024-04377,C1715,LIV,2024-11-20,2024-11-21,2024-11-20,Telephone,Despatched
SO-2024-04378,C1145,DAV,2024-11-21,2024-11-25,2024-11-21,Trade counter,Despatched
SO-2024-04379,C1367,DAV,2024-11-21,2024-11-26,2024-11-21,Account manager,Despatched
SO-2024-04380,C1145,DAV,2024-11-21,2024-11-27,2024-11-21,Web,Despatched
SO-2024-04381,C1599,DAV,2024-11-21,2024-11-22,2024-11-21,Web,Despatched
SO-2024-04382,C1323,DAV,2024-11-21,2024-11-27,2024-11-22,Trade counter,Part despatched
SO-2024-04383,C1367,DAV,2024-11-21,2024-11-26,2024-11-21,Trade counter,Despatched
SO-2024-04384,C1928,DAV,2024-11-21,2024-11-26,2024-11-21,Account manager,Despatched
SO-2024-04385,C1187,DAV,2024-11-21,2024-11-25,,Telephone,Cancelled
SO-2024-04386,C1802,WAR,2024-11-21,2024-11-22,2024-11-21,Telephone,Despatched
SO-2024-04387,C1955,WAR,2024-11-21,2024-11-25,2024-11-22,Telephone,Despatched
SO-2024-04388,C1790,WAR,2024-11-21,2024-11-26,2024-11-22,Web,Part despatched
SO-2024-04389,C1355,WAR,2024-11-21,2024-11-27,2024-11-21,Telephone,Despatched
SO-2024-04390,C1207,WAR,2024-11-21,2024-11-26,2024-11-21,Account manager,Despatched
SO-2024-04391,C1578,BRS,2024-11-21,2024-11-22,2024-11-21,Telephone,Part despatched
SO-2024-04392,C1800,DAV,2024-11-22,2024-11-27,2024-11-22,Web,Despatched
SO-2024-04393,C1442,DAV,2024-11-22,2024-11-25,2024-11-22,Web,Despatched
SO-2024-04394,C1977,DAV,2024-11-22,2024-11-25,2024-11-22,Account manager,Despatched
SO-2024-04395,C1429,DAV,2024-11-22,2024-11-25,2024-11-22,Telephone,Part despatched
SO-2024-04396,C1426,DAV,2024-11-22,2024-11-27,2024-11-22,Telephone,Despatched
SO-2024-04397,C1447,DAV,2024-11-22,2024-11-26,2024-11-22,Account manager,Despatched
SO-2024-04398,C1354,DAV,2024-11-22,2024-11-27,2024-11-25,Telephone,Part despatched
SO-2024-04399,C1335,DAV,2024-11-22,2024-11-25,2024-11-22,Trade counter,Despatched
SO-2024-04400,C1145,DAV,2024-11-22,2024-11-28,2024-11-22,Web,Despatched
SO-2024-04401,C1278,DAV,2024-11-22,2024-11-28,2024-11-25,Trade counter,Despatched
SO-2024-04402,C1695,DAV,2024-11-22,2024-11-25,2024-11-22,Trade counter,Despatched
SO-2024-04403,C1442,DAV,2024-11-22,2024-11-27,2024-11-22,Web,Despatched
SO-2024-04404,C1979,DAV,2024-11-22,2024-11-28,2024-11-22,Trade counter,Despatched
SO-2024-04405,C1234,WAR,2024-11-22,2024-11-28,2024-11-22,Telephone,Part despatched
SO-2024-04406,C1558,WAR,2024-11-22,2024-11-26,2024-11-26,Trade counter,Despatched
SO-2024-04407,C1896,WAR,2024-11-22,2024-11-25,2024-11-25,Telephone,Part despatched
SO-2024-04408,C1164,WAR,2024-11-22,2024-11-28,2024-11-22,Trade counter,Despatched
SO-2024-04409,C1234,WAR,2024-11-22,2024-11-27,2024-11-22,Telephone,Part despatched
SO-2024-04410,C1848,WAR,2024-11-22,2024-11-25,2024-11-22,Telephone,Despatched
SO-2024-04411,C1044,BRS,2024-11-22,2024-11-27,2024-11-26,Trade counter,Part despatched
SO-2024-04412,C1302,BRS,2024-11-22,2024-11-27,2024-11-22,Telephone,Part despatched
SO-2024-04413,C1374,BRS,2024-11-22,2024-11-27,2024-11-22,Trade counter,Despatched
SO-2024-04414,C1557,BRS,2024-11-22,2024-11-25,2024-11-22,Telephone,Despatched
SO-2024-04415,C1900,LIV,2024-11-22,2024-11-27,2024-11-22,Account manager,Despatched
SO-2024-04416,C1478,LIV,2024-11-22,2024-11-25,2024-11-22,Web,Despatched
SO-2024-04417,C1900,LIV,2024-11-22,2024-11-27,2024-11-25,Trade counter,Despatched
SO-2024-04418,C1299,DAV,2024-11-25,2024-11-26,2024-11-25,Telephone,Despatched
SO-2024-04419,C1255,DAV,2024-11-25,2024-11-26,2024-11-26,Telephone,Despatched
SO-2024-04420,C1632,DAV,2024-11-25,2024-11-28,2024-11-25,Trade counter,Despatched
SO-2024-04421,C1098,DAV,2024-11-25,2024-11-27,2024-11-25,Trade counter,Despatched
SO-2024-04422,C1881,DAV,2024-11-25,2024-11-26,2024-11-25,Trade counter,Part despatched
SO-2024-04423,C1676,DAV,2024-11-25,2024-11-28,2024-11-26,Trade counter,Despatched
SO-2024-04424,C1479,DAV,2024-11-25,2024-11-27,2024-11-25,Telephone,Despatched
SO-2024-04425,C1316,DAV,2024-11-25,2024-11-29,2024-11-26,Web,Part despatched
SO-2024-04426,C1290,DAV,2024-11-25,2024-11-26,2024-11-25,Trade counter,Despatched
SO-2024-04427,C1569,DAV,2024-11-25,2024-11-27,2024-11-25,Account manager,Despatched
SO-2024-04428,C1051,WAR,2024-11-25,2024-11-26,2024-11-26,Telephone,Despatched
SO-2024-04429,C1051,WAR,2024-11-25,2024-11-29,2024-11-25,Trade counter,Part despatched
SO-2024-04430,C1215,WAR,2024-11-25,2024-11-27,2024-11-26,Web,Part despatched
SO-2024-04431,C1535,WAR,2024-11-25,2024-11-27,2024-11-25,Telephone,Despatched
SO-2024-04432,C1051,WAR,2024-11-25,2024-11-27,2024-11-25,Trade counter,Part despatched
SO-2024-04433,C1674,BRS,2024-11-25,2024-11-29,2024-11-25,Telephone,Despatched
SO-2024-04434,C1343,BRS,2024-11-25,2024-11-29,2024-11-25,Web,Despatched
SO-2024-04435,C1659,BRS,2024-11-25,2024-11-27,2024-11-25,Telephone,Part despatched
SO-2024-04436,C1131,LIV,2024-11-25,2024-11-27,2024-11-25,Trade counter,Despatched
SO-2024-04437,C1168,LIV,2024-11-25,2024-11-26,2024-11-25,Web,Despatched
SO-2024-04438,C1085,LIV,2024-11-25,2024-11-28,2024-11-25,Account manager,Despatched
SO-2024-04439,C1563,DAV,2024-11-26,2024-11-29,2024-11-26,Telephone,Part despatched
SO-2024-04440,C1429,DAV,2024-11-26,2024-11-27,2024-11-27,Trade counter,Part despatched
SO-2024-04441,C1078,DAV,2024-11-26,2024-11-28,2024-11-26,Telephone,Despatched
SO-2024-04442,C1035,DAV,2024-11-26,2024-11-27,2024-11-27,Web,Despatched
SO-2024-04443,C1491,DAV,2024-11-26,2024-11-29,2024-11-27,Web,Despatched
SO-2024-04444,C1841,DAV,2024-11-26,2024-11-28,2024-11-26,Web,Part despatched
SO-2024-04445,C1802,WAR,2024-11-26,2024-11-28,2024-11-27,Web,Part despatched
SO-2024-04446,C1960,WAR,2024-11-26,2024-11-27,2024-11-26,Telephone,Part despatched
SO-2024-04447,C1032,WAR,2024-11-26,2024-11-28,2024-11-26,Trade counter,Part despatched
SO-2024-04448,C1837,WAR,2024-11-26,2024-11-28,2024-11-26,Account manager,Part despatched
SO-2024-04449,C1915,BRS,2024-11-26,2024-12-02,2024-11-26,Web,Despatched
SO-2024-04450,C1475,BRS,2024-11-26,2024-11-27,2024-11-26,Account manager,Part despatched
SO-2024-04451,C1659,BRS,2024-11-26,2024-11-29,2024-11-26,Trade counter,Despatched
SO-2024-04452,C1044,BRS,2024-11-26,2024-11-28,2024-11-26,Trade counter,Despatched
SO-2024-04453,C1044,BRS,2024-11-26,2024-11-28,2024-11-27,Account manager,Part despatched
SO-2024-04454,C1115,BRS,2024-11-26,2024-11-27,2024-11-27,Trade counter,Despatched
SO-2024-04455,C1168,LIV,2024-11-26,2024-11-28,2024-11-26,Trade counter,Despatched
SO-2024-04456,C1566,LIV,2024-11-26,2024-12-02,2024-11-27,Web,Despatched
SO-2024-04457,C1435,LIV,2024-11-26,2024-11-27,2024-11-26,Telephone,Despatched
SO-2024-04458,C1372,DAV,2024-11-27,2024-12-03,2024-11-27,Telephone,Despatched
SO-2024-04459,C1563,DAV,2024-11-27,2024-11-28,2024-11-27,Trade counter,Despatched
SO-2024-04460,C1335,DAV,2024-11-27,2024-12-03,2024-11-27,Web,Despatched
SO-2024-04461,C1593,DAV,2024-11-27,2024-11-28,2024-11-27,Telephone,Despatched
SO-2024-04462,C1434,DAV,2024-11-27,2024-11-29,2024-11-27,Trade counter,Despatched
SO-2024-04463,C1211,DAV,2024-11-27,2024-12-03,2024-11-27,Trade counter,Part despatched
SO-2024-04464,C1734,DAV,2024-11-27,2024-12-02,2024-11-29,Telephone,Despatched
SO-2024-04465,C1050,DAV,2024-11-27,2024-12-02,2024-11-27,Trade counter,Despatched
SO-2024-04466,C1407,DAV,2024-11-27,2024-11-28,2024-11-28,Telephone,Despatched
SO-2024-04467,C1075,WAR,2024-11-27,2024-11-28,2024-11-27,Telephone,Despatched
SO-2024-04468,C1831,WAR,2024-11-27,2024-11-28,2024-11-27,Trade counter,Despatched
SO-2024-04469,C1264,WAR,2024-11-27,2024-11-28,2024-11-27,Trade counter,Despatched
SO-2024-04470,C1234,WAR,2024-11-27,2024-12-03,2024-11-29,Web,Part despatched
SO-2024-04471,C1402,WAR,2024-11-27,2024-11-28,2024-11-27,Telephone,Part despatched
SO-2024-04472,C1802,WAR,2024-11-27,2024-12-02,2024-11-27,Trade counter,Despatched
SO-2024-04473,C1844,WAR,2024-11-27,2024-11-28,2024-11-28,Trade counter,Despatched
SO-2024-04474,C1238,BRS,2024-11-27,2024-12-03,2024-11-27,Telephone,Part despatched
SO-2024-04475,C1258,BRS,2024-11-27,2024-11-28,2024-11-27,Trade counter,Part despatched
SO-2024-04476,C1659,BRS,2024-11-27,2024-11-28,2024-11-27,Telephone,Part despatched
SO-2024-04477,C1659,BRS,2024-11-27,2024-12-03,2024-11-29,Telephone,Despatched
SO-2024-04478,C1904,LIV,2024-11-27,2024-12-03,2024-11-27,Telephone,Despatched
SO-2024-04479,C1296,DAV,2024-11-28,2024-11-29,2024-11-28,Telephone,Despatched
SO-2024-04480,C1094,DAV,2024-11-28,2024-12-03,2024-11-28,Web,Despatched
SO-2024-04481,C1145,DAV,2024-11-28,2024-12-02,2024-12-02,Trade counter,Part despatched
SO-2024-04482,C1479,DAV,2024-11-28,2024-12-04,2024-11-28,Web,Part despatched
SO-2024-04483,C1078,DAV,2024-11-28,2024-11-29,2024-11-28,Trade counter,Despatched
SO-2024-04484,C1084,DAV,2024-11-28,2024-12-02,2024-11-28,Web,Despatched
SO-2024-04485,C1255,DAV,2024-11-28,2024-11-29,2024-11-28,Trade counter,Despatched
SO-2024-04486,C1790,WAR,2024-11-28,2024-12-03,2024-11-29,Account manager,Despatched
SO-2024-04487,C1730,WAR,2024-11-28,2024-12-03,2024-12-03,Trade counter,Despatched
SO-2024-04488,C1057,WAR,2024-11-28,2024-12-03,2024-11-28,Trade counter,Despatched
SO-2024-04489,C1234,WAR,2024-11-28,2024-12-03,2024-11-28,Telephone,Despatched
SO-2024-04490,C1697,BRS,2024-11-28,2024-12-04,2024-11-28,Telephone,Despatched
SO-2024-04491,C1343,BRS,2024-11-28,2024-12-04,2024-11-28,Telephone,Part despatched
SO-2024-04492,C1128,LIV,2024-11-28,2024-11-29,2024-11-29,Trade counter,Despatched
SO-2024-04493,C1423,LIV,2024-11-28,2024-12-03,2024-11-28,Web,Part despatched
SO-2024-04494,C1821,LIV,2024-11-28,2024-11-29,2024-11-28,Trade counter,Despatched
SO-2024-04495,C1429,DAV,2024-11-29,2024-12-05,2024-11-29,Telephone,Part despatched
SO-2024-04496,C1143,DAV,2024-11-29,2024-12-04,2024-11-29,Trade counter,Despatched
SO-2024-04497,C1320,DAV,2024-11-29,2024-12-05,2024-12-02,Trade counter,Part despatched
SO-2024-04498,C1447,DAV,2024-11-29,2024-12-02,2024-11-29,Trade counter,Despatched
SO-2024-04499,C1682,DAV,2024-11-29,2024-12-04,2024-11-29,Telephone,Despatched
SO-2024-04500,C1419,DAV,2024-11-29,2024-12-02,2024-11-29,Telephone,Despatched
SO-2024-04501,C1098,DAV,2024-11-29,2024-12-05,2024-11-29,Trade counter,Despatched
SO-2024-04502,C1120,DAV,2024-11-29,2024-12-05,2024-11-29,Trade counter,Despatched
SO-2024-04503,C1748,DAV,2024-11-29,2024-12-02,2024-11-29,Trade counter,Despatched
SO-2024-04504,C1593,DAV,2024-11-29,2024-12-05,2024-12-02,Trade counter,Despatched
SO-2024-04505,C1491,DAV,2024-11-29,2024-12-02,2024-11-29,Trade counter,Despatched
SO-2024-04506,C1056,DAV,2024-11-29,2024-12-04,2024-11-29,Telephone,Despatched
SO-2024-04507,C1255,DAV,2024-11-29,2024-12-03,2024-12-03,Trade counter,Despatched
SO-2024-04508,C1052,DAV,2024-11-29,2024-12-02,2024-12-04,Telephone,Despatched
SO-2024-04509,C1760,DAV,2024-11-29,2024-12-02,2024-11-29,Trade counter,Despatched
SO-2024-04510,C1521,DAV,2024-11-29,2024-12-03,2024-12-02,Telephone,Despatched
SO-2024-04511,C1376,WAR,2024-11-29,2024-12-04,2024-12-02,Telephone,Part despatched
SO-2024-04512,C1402,WAR,2024-11-29,2024-12-05,2024-11-29,Trade counter,Despatched
SO-2024-04513,C1032,WAR,2024-11-29,2024-12-04,2024-11-29,Account manager,Part despatched
SO-2024-04514,C1032,WAR,2024-11-29,2024-12-03,2024-11-29,Telephone,Part despatched
SO-2024-04515,C1055,WAR,2024-11-29,2024-12-05,2024-11-29,Account manager,Despatched
SO-2024-04516,C1055,WAR,2024-11-29,2024-12-04,2024-12-02,Telephone,Despatched
SO-2024-04517,C1475,BRS,2024-11-29,2024-12-04,2024-11-29,Telephone,Part despatched
SO-2024-04518,C1147,BRS,2024-11-29,2024-12-04,2024-12-02,Trade counter,Despatched
SO-2024-04519,C1659,BRS,2024-11-29,2024-12-04,2024-11-29,Web,Despatched
SO-2024-04520,C1343,BRS,2024-11-29,2024-12-05,2024-12-03,Telephone,Part despatched
SO-2024-04521,C1959,LIV,2024-11-29,2024-12-03,2024-11-29,Trade counter,Part despatched
SO-2024-04522,C1024,LIV,2024-11-29,2024-12-02,2024-11-29,Trade counter,Part despatched
SO-2024-04523,C1951,LIV,2024-11-29,2024-12-03,2024-11-29,Trade counter,Despatched
SO-2024-04524,C1268,LIV,2024-11-29,2024-12-05,2024-11-29,Telephone,Despatched
SO-2024-04525,C1422,LIV,2024-11-29,2024-12-02,2024-11-29,Trade counter,Despatched
SO-2024-04526,C1814,LIV,2024-11-29,2024-12-05,2024-12-02,Trade counter,Despatched
SO-2024-04527,C1085,LIV,2024-11-29,2024-12-05,2024-11-29,Account manager,Part despatched
SO-2024-04528,C1168,LIV,2024-11-29,2024-12-03,2024-11-29,Account manager,Despatched
SO-2024-04529,C1211,DAV,2024-12-02,2024-12-04,2024-12-03,Telephone,Despatched
SO-2024-04530,C1035,DAV,2024-12-02,2024-12-03,2024-12-03,Trade counter,Part despatched
SO-2024-04531,C1563,DAV,2024-12-02,2024-12-05,2024-12-02,Telephone,Despatched
SO-2024-04532,C1551,DAV,2024-12-02,2024-12-05,2024-12-02,Trade counter,Despatched
SO-2024-04533,C1232,DAV,2024-12-02,2024-12-03,2024-12-03,Web,Despatched
SO-2024-04534,C1097,DAV,2024-12-02,2024-12-04,2024-12-02,Trade counter,Despatched
SO-2024-04535,C1679,WAR,2024-12-02,2024-12-03,2024-12-03,Trade counter,Despatched
SO-2024-04536,C1591,WAR,2024-12-02,2024-12-06,2024-12-03,Trade counter,Despatched
SO-2024-04537,C1724,WAR,2024-12-02,2024-12-04,2024-12-02,Trade counter,Despatched
SO-2024-04538,C1533,WAR,2024-12-02,2024-12-03,2024-12-04,Account manager,Despatched
SO-2024-04539,C1208,WAR,2024-12-02,2024-12-05,2024-12-02,Telephone,Part despatched
SO-2024-04540,C1844,WAR,2024-12-02,2024-12-06,2024-12-02,Web,Despatched
SO-2024-04541,C1411,BRS,2024-12-02,2024-12-03,2024-12-02,Telephone,Despatched
SO-2024-04542,C1659,BRS,2024-12-02,2024-12-05,2024-12-02,Web,Part despatched
SO-2024-04543,C1159,LIV,2024-12-02,2024-12-03,2024-12-02,Trade counter,Despatched
SO-2024-04544,C1821,LIV,2024-12-02,2024-12-06,2024-12-02,Trade counter,Despatched
SO-2024-04545,C1085,LIV,2024-12-02,2024-12-05,2024-12-02,Telephone,Despatched
SO-2024-04546,C1563,DAV,2024-12-03,2024-12-06,2024-12-03,Telephone,Despatched
SO-2024-04547,C1447,DAV,2024-12-03,2024-12-04,2024-12-03,Telephone,Part despatched
SO-2024-04548,C1270,DAV,2024-12-03,2024-12-05,2024-12-03,Trade counter,Despatched
SO-2024-04549,C1795,DAV,2024-12-03,2024-12-06,2024-12-03,Account manager,Despatched
SO-2024-04550,C1593,DAV,2024-12-03,2024-12-06,2024-12-04,Web,Despatched
SO-2024-04551,C1098,DAV,2024-12-03,2024-12-04,2024-12-03,Account manager,Despatched
SO-2024-04552,C1795,DAV,2024-12-03,2024-12-05,2024-12-03,Trade counter,Despatched
SO-2024-04553,C1871,WAR,2024-12-03,2024-12-04,2024-12-03,Account manager,Despatched
SO-2024-04554,C1790,WAR,2024-12-03,2024-12-09,2024-12-03,Account manager,Despatched
SO-2024-04555,C1790,WAR,2024-12-03,2024-12-04,2024-12-03,Trade counter,Despatched
SO-2024-04556,C1664,BRS,2024-12-03,2024-12-06,2024-12-03,Telephone,Despatched
SO-2024-04557,C1258,BRS,2024-12-03,2024-12-04,2024-12-03,Web,Part despatched
SO-2024-04558,C1258,BRS,2024-12-03,2024-12-05,2024-12-03,Web,Despatched
SO-2024-04559,C1254,LIV,2024-12-03,2024-12-09,2024-12-04,Telephone,Despatched
SO-2024-04560,C1168,LIV,2024-12-03,2024-12-09,2024-12-03,Trade counter,Part despatched
SO-2024-04561,C1085,LIV,2024-12-03,2024-12-09,2024-12-04,Web,Despatched
SO-2024-04562,C1321,LIV,2024-12-03,2024-12-06,2024-12-04,Telephone,Part despatched
SO-2024-04563,C1179,DAV,2024-12-04,2024-12-10,2024-12-04,Trade counter,Despatched
SO-2024-04564,C1372,DAV,2024-12-04,2024-12-05,2024-12-04,Telephone,Despatched
SO-2024-04565,C1389,DAV,2024-12-04,2024-12-10,2024-12-04,Trade counter,Despatched
SO-2024-04566,C1062,DAV,2024-12-04,2024-12-06,2024-12-05,Web,Part despatched
SO-2024-04567,C1875,DAV,2024-12-04,2024-12-09,2024-12-06,Web,Despatched
SO-2024-04568,C1319,DAV,2024-12-04,2024-12-06,2024-12-04,Trade counter,Despatched
SO-2024-04569,C1104,DAV,2024-12-04,2024-12-05,2024-12-05,Trade counter,Despatched
SO-2024-04570,C1270,DAV,2024-12-04,2024-12-09,2024-12-05,Account manager,Despatched
SO-2024-04571,C1094,DAV,2024-12-04,2024-12-10,2024-12-06,Trade counter,Despatched
SO-2024-04572,C1515,DAV,2024-12-04,2024-12-09,2024-12-04,Account manager,Despatched
SO-2024-04573,C1724,WAR,2024-12-04,2024-12-05,2024-12-05,Trade counter,Despatched
SO-2024-04574,C1141,WAR,2024-12-04,2024-12-06,2024-12-04,Web,Despatched
SO-2024-04575,C1460,WAR,2024-12-04,2024-12-05,2024-12-04,Account manager,Despatched
SO-2024-04576,C1215,WAR,2024-12-04,2024-12-05,2024-12-04,Account manager,Despatched
SO-2024-04577,C1591,WAR,2024-12-04,2024-12-10,2024-12-04,Web,Despatched
SO-2024-04578,C1697,BRS,2024-12-04,2024-12-09,2024-12-06,Trade counter,Part despatched
SO-2024-04579,C1821,LIV,2024-12-04,2024-12-10,2024-12-04,Trade counter,Despatched
SO-2024-04580,C1823,LIV,2024-12-04,2024-12-05,2024-12-04,Web,Despatched
SO-2024-04581,C1430,LIV,2024-12-04,2024-12-10,2024-12-05,Telephone,Despatched
SO-2024-04582,C1928,DAV,2024-12-05,2024-12-10,2024-12-09,Web,Despatched
SO-2024-04583,C1137,DAV,2024-12-05,2024-12-11,2024-12-05,Web,Part despatched
SO-2024-04584,C1137,DAV,2024-12-05,2024-12-10,2024-12-05,Account manager,Despatched
SO-2024-04585,C1429,DAV,2024-12-05,2024-12-11,2024-12-06,Telephone,Despatched
SO-2024-04586,C1255,DAV,2024-12-05,2024-12-10,2024-12-05,Telephone,Despatched
SO-2024-04587,C1629,DAV,2024-12-05,2024-12-11,2024-12-09,Telephone,Part despatched
SO-2024-04588,C1669,DAV,2024-12-05,2024-12-10,2024-12-05,Account manager,Part despatched
SO-2024-04589,C1702,WAR,2024-12-05,2024-12-11,2024-12-06,Telephone,Despatched
SO-2024-04590,C1844,WAR,2024-12-05,2024-12-06,2024-12-09,Telephone,Despatched
SO-2024-04591,C1240,WAR,2024-12-05,2024-12-09,2024-12-05,Account manager,Despatched
SO-2024-04592,C1560,WAR,2024-12-05,2024-12-11,2024-12-05,Web,Despatched
SO-2024-04593,C1518,BRS,2024-12-05,2024-12-11,2024-12-05,Web,Part despatched
SO-2024-04594,C1168,LIV,2024-12-05,2024-12-10,2024-12-05,Telephone,Part despatched
SO-2024-04595,C1422,LIV,2024-12-05,2024-12-11,2024-12-05,Account manager,Despatched
SO-2024-04596,C1728,DAV,2024-12-06,2024-12-12,2024-12-09,Telephone,Despatched
SO-2024-04597,C1235,DAV,2024-12-06,2024-12-10,2024-12-09,Web,Despatched
SO-2024-04598,C1372,DAV,2024-12-06,2024-12-12,2024-12-09,Trade counter,Part despatched
SO-2024-04599,C1389,DAV,2024-12-06,2024-12-10,2024-12-06,Trade counter,Part despatched
SO-2024-04600,C1385,DAV,2024-12-06,2024-12-12,2024-12-06,Web,Despatched
SO-2024-04601,C1882,DAV,2024-12-06,2024-12-11,2024-12-06,Web,Part despatched
SO-2024-04602,C1296,DAV,2024-12-06,2024-12-12,2024-12-09,Trade counter,Despatched
SO-2024-04603,C1776,DAV,2024-12-06,2024-12-09,2024-12-06,Web,Despatched
SO-2024-04604,C1094,DAV,2024-12-06,2024-12-11,2024-12-06,Telephone,Despatched
SO-2024-04605,C1948,WAR,2024-12-06,2024-12-12,2024-12-06,Telephone,Despatched
SO-2024-04606,C1398,WAR,2024-12-06,2024-12-12,2024-12-06,Web,Despatched
SO-2024-04607,C1822,WAR,2024-12-06,2024-12-10,,Web,Cancelled
SO-2024-04608,C1960,WAR,2024-12-06,2024-12-12,2024-12-06,Trade counter,Despatched
SO-2024-04609,C1463,BRS,2024-12-06,2024-12-09,2024-12-06,Trade counter,Despatched
SO-2024-04610,C1343,BRS,2024-12-06,2024-12-09,2024-12-06,Telephone,Part despatched
SO-2024-04611,C1773,BRS,2024-12-06,2024-12-09,2024-12-06,Account manager,Part despatched
SO-2024-04612,C1813,BRS,2024-12-06,2024-12-09,2024-12-06,Account manager,Part despatched
SO-2024-04613,C1115,BRS,2024-12-06,2024-12-10,2024-12-06,Telephone,Despatched
SO-2024-04614,C1666,LIV,2024-12-06,2024-12-09,2024-12-06,Trade counter,Part despatched
SO-2024-04615,C1085,LIV,2024-12-06,2024-12-10,2024-12-06,Trade counter,Part despatched
SO-2024-04616,C1900,LIV,2024-12-06,2024-12-12,2024-12-10,Trade counter,Despatched
SO-2024-04617,C1004,LIV,2024-12-06,2024-12-09,2024-12-09,Telephone,Despatched
SO-2024-04618,C1366,DAV,2024-12-09,2024-12-10,2024-12-09,Account manager,Despatched
SO-2024-04619,C1985,DAV,2024-12-09,2024-12-13,2024-12-09,Web,Despatched
SO-2024-04620,C1385,DAV,2024-12-09,2024-12-13,2024-12-09,Trade counter,Despatched
SO-2024-04621,C1429,DAV,2024-12-09,2024-12-13,2024-12-09,Web,Despatched
SO-2024-04622,C1928,DAV,2024-12-09,2024-12-13,2024-12-11,Telephone,Part despatched
SO-2024-04623,C1201,DAV,2024-12-09,2024-12-11,2024-12-09,Telephone,Part despatched
SO-2024-04624,C1898,DAV,2024-12-09,2024-12-12,2024-12-09,Web,Despatched
SO-2024-04625,C1371,DAV,2024-12-09,2024-12-12,2024-12-09,Trade counter,Despatched
SO-2024-04626,C1522,WAR,2024-12-09,2024-12-10,2024-12-09,Account manager,Despatched
SO-2024-04627,C1032,WAR,2024-12-09,2024-12-11,2024-12-09,Trade counter,Despatched
SO-2024-04628,C1535,WAR,2024-12-09,2024-12-11,2024-12-12,Account manager,Despatched
SO-2024-04629,C1848,WAR,2024-12-09,2024-12-11,2024-12-09,Account manager,Part despatched
SO-2024-04630,C1866,WAR,2024-12-09,2024-12-10,2024-12-09,Account manager,Despatched
SO-2024-04631,C1697,BRS,2024-12-09,2024-12-13,2024-12-10,Account manager,Despatched
SO-2024-04632,C1147,BRS,2024-12-09,2024-12-11,2024-12-09,Telephone,Part despatched
SO-2024-04633,C1785,BRS,2024-12-09,2024-12-13,2024-12-10,Web,Part despatched
SO-2024-04634,C1374,BRS,2024-12-09,2024-12-12,2024-12-09,Web,Despatched
SO-2024-04635,C1674,BRS,2024-12-09,2024-12-11,2024-12-09,Account manager,Despatched
SO-2024-04636,C1475,BRS,2024-12-09,2024-12-13,2024-12-09,Account manager,Part despatched
SO-2024-04637,C1505,BRS,2024-12-09,2024-12-12,2024-12-09,Web,Despatched
SO-2024-04638,C1374,BRS,2024-12-09,2024-12-12,2024-12-10,Web,Despatched
SO-2024-04639,C1501,BRS,2024-12-09,2024-12-13,2024-12-09,Web,Despatched
SO-2024-04640,C1343,BRS,2024-12-09,2024-12-12,2024-12-09,Web,Despatched
SO-2024-04641,C1044,BRS,2024-12-09,2024-12-11,2024-12-09,Web,Despatched
SO-2024-04642,C1821,LIV,2024-12-09,2024-12-12,2024-12-10,Web,Despatched
SO-2024-04643,C1607,LIV,2024-12-09,2024-12-13,2024-12-09,Trade counter,Part despatched
SO-2024-04644,C1693,LIV,2024-12-09,2024-12-12,2024-12-11,Telephone,Despatched
SO-2024-04645,C1734,DAV,2024-12-10,2024-12-16,2024-12-12,Web,Part despatched
SO-2024-04646,C1300,DAV,2024-12-10,2024-12-11,2024-12-10,Trade counter,Part despatched
SO-2024-04647,C1270,DAV,2024-12-10,2024-12-13,2024-12-10,Telephone,Part despatched
SO-2024-04648,C1429,DAV,2024-12-10,2024-12-16,2024-12-13,Telephone,Part despatched
SO-2024-04649,C1051,WAR,2024-12-10,2024-12-13,2024-12-10,Web,Part despatched
SO-2024-04650,C1543,WAR,2024-12-10,2024-12-13,2024-12-10,Trade counter,Despatched
SO-2024-04651,C1848,WAR,2024-12-10,2024-12-12,2024-12-10,Telephone,Despatched
SO-2024-04652,C1234,WAR,2024-12-10,2024-12-11,2024-12-10,Account manager,Part despatched
SO-2024-04653,C1730,WAR,2024-12-10,2024-12-13,2024-12-10,Web,Despatched
SO-2024-04654,C1051,WAR,2024-12-10,2024-12-12,2024-12-10,Trade counter,Despatched
SO-2024-04655,C1581,WAR,2024-12-10,2024-12-11,2024-12-10,Telephone,Despatched
SO-2024-04656,C1032,WAR,2024-12-10,2024-12-12,2024-12-11,Telephone,Despatched
SO-2024-04657,C1785,BRS,2024-12-10,2024-12-11,2024-12-10,Account manager,Despatched
SO-2024-04658,C1518,BRS,2024-12-10,2024-12-11,2024-12-10,Trade counter,Despatched
SO-2024-04659,C1607,LIV,2024-12-10,2024-12-13,2024-12-13,Trade counter,Part despatched
SO-2024-04660,C1266,LIV,2024-12-10,2024-12-16,2024-12-10,Web,Part despatched
SO-2024-04661,C1629,DAV,2024-12-11,2024-12-12,2024-12-11,Telephone,Despatched
SO-2024-04662,C1599,DAV,2024-12-11,2024-12-12,2024-12-11,Telephone,Part despatched
SO-2024-04663,C1270,DAV,2024-12-11,2024-12-13,2024-12-12,Trade counter,Part despatched
SO-2024-04664,C1007,DAV,2024-12-11,2024-12-17,2024-12-12,Web,Despatched
SO-2024-04665,C1320,DAV,2024-12-11,2024-12-16,2024-12-11,Trade counter,Part despatched
SO-2024-04666,C1335,DAV,2024-12-11,2024-12-16,2024-12-11,Account manager,Despatched
SO-2024-04667,C1648,DAV,2024-12-11,2024-12-12,2024-12-11,Web,Part despatched
SO-2024-04668,C1389,DAV,2024-12-11,2024-12-12,2024-12-11,Trade counter,Despatched
SO-2024-04669,C1429,DAV,2024-12-11,2024-12-16,2024-12-12,Trade counter,Part despatched
SO-2024-04670,C1057,WAR,2024-12-11,2024-12-12,2024-12-11,Telephone,Despatched
SO-2024-04671,C1051,WAR,2024-12-11,2024-12-16,2024-12-11,Telephone,Despatched
SO-2024-04672,C1182,WAR,2024-12-11,2024-12-13,2024-12-11,Trade counter,Despatched
SO-2024-04673,C1960,WAR,2024-12-11,2024-12-17,2024-12-11,Telephone,Despatched
SO-2024-04674,C1355,WAR,2024-12-11,2024-12-12,2024-12-11,Trade counter,Despatched
SO-2024-04675,C1051,WAR,2024-12-11,2024-12-16,2024-12-11,Account manager,Despatched
SO-2024-04676,C1352,BRS,2024-12-11,2024-12-12,2024-12-11,Account manager,Despatched
SO-2024-04677,C1518,BRS,2024-12-11,2024-12-17,2024-12-12,Trade counter,Despatched
SO-2024-04678,C1659,BRS,2024-12-11,2024-12-12,2024-12-11,Trade counter,Part despatched
SO-2024-04679,C1697,BRS,2024-12-11,2024-12-12,2024-12-11,Telephone,Part despatched
SO-2024-04680,C1430,LIV,2024-12-11,2024-12-16,2024-12-11,Account manager,Despatched
SO-2024-04681,C1024,LIV,2024-12-11,2024-12-16,2024-12-11,Trade counter,Despatched
SO-2024-04682,C1267,LIV,2024-12-11,2024-12-16,2024-12-11,Telephone,Despatched
SO-2024-04683,C1971,DAV,2024-12-12,2024-12-18,2024-12-16,Telephone,Despatched
SO-2024-04684,C1189,DAV,2024-12-12,2024-12-17,2024-12-13,Telephone,Part despatched
SO-2024-04685,C1512,DAV,2024-12-12,2024-12-18,2024-12-12,Trade counter,Part despatched
SO-2024-04686,C1841,DAV,2024-12-12,2024-12-13,2024-12-13,Account manager,Part despatched
SO-2024-04687,C1278,DAV,2024-12-12,2024-12-18,2024-12-12,Telephone,Despatched
SO-2024-04688,C1928,DAV,2024-12-12,2024-12-18,2024-12-13,Account manager,Despatched
SO-2024-04689,C1720,WAR,2024-12-12,2024-12-16,2024-12-12,Trade counter,Despatched
SO-2024-04690,C1918,WAR,2024-12-12,2024-12-13,2024-12-12,Account manager,Despatched
SO-2024-04691,C1402,WAR,2024-12-12,2024-12-18,2024-12-16,Telephone,Despatched
SO-2024-04692,C1215,WAR,2024-12-12,2024-12-18,2024-12-13,Web,Despatched
SO-2024-04693,C1032,WAR,2024-12-12,2024-12-18,,Telephone,Cancelled
SO-2024-04694,C1896,WAR,2024-12-12,2024-12-18,2024-12-12,Telephone,Despatched
SO-2024-04695,C1343,BRS,2024-12-12,2024-12-13,2024-12-12,Trade counter,Part despatched
SO-2024-04696,C1374,BRS,2024-12-12,2024-12-18,2024-12-13,Telephone,Part despatched
SO-2024-04697,C1259,BRS,2024-12-12,2024-12-17,2024-12-12,Web,Part despatched
SO-2024-04698,C1071,BRS,2024-12-12,2024-12-18,2024-12-16,Trade counter,Despatched
SO-2024-04699,C1382,BRS,2024-12-12,2024-12-16,2024-12-17,Telephone,Part despatched
SO-2024-04700,C1065,BRS,2024-12-12,2024-12-13,2024-12-12,Account manager,Despatched
SO-2024-04701,C1338,BRS,2024-12-12,2024-12-16,2024-12-16,Telephone,Despatched
SO-2024-04702,C1566,LIV,2024-12-12,2024-12-13,2024-12-12,Web,Despatched
SO-2024-04703,C1685,LIV,2024-12-12,2024-12-18,2024-12-12,Trade counter,Despatched
SO-2024-04704,C1975,LIV,2024-12-12,2024-12-17,2024-12-13,Account manager,Despatched
SO-2024-04705,C1715,LIV,2024-12-12,2024-12-17,2024-12-12,Telephone,Part despatched
SO-2024-04706,C1593,DAV,2024-12-13,2024-12-19,2024-12-13,Account manager,Despatched
SO-2024-04707,C1278,DAV,2024-12-13,2024-12-17,2024-12-13,Trade counter,Despatched
SO-2024-04708,C1094,DAV,2024-12-13,2024-12-17,2024-12-13,Account manager,Despatched
SO-2024-04709,C1183,DAV,2024-12-13,2024-12-19,2024-12-16,Web,Despatched
SO-2024-04710,C1728,DAV,2024-12-13,2024-12-17,2024-12-16,Trade counter,Despatched
SO-2024-04711,C1875,DAV,2024-12-13,2024-12-18,2024-12-13,Account manager,Despatched
SO-2024-04712,C1512,DAV,2024-12-13,2024-12-19,2024-12-16,Telephone,Despatched
SO-2024-04713,C1278,DAV,2024-12-13,2024-12-18,2024-12-13,Telephone,Part despatched
SO-2024-04714,C1535,WAR,2024-12-13,2024-12-17,2024-12-16,Web,Despatched
SO-2024-04715,C1560,WAR,2024-12-13,2024-12-18,2024-12-13,Web,Despatched
SO-2024-04716,C1215,WAR,2024-12-13,2024-12-17,2024-12-13,Telephone,Despatched
SO-2024-04717,C1174,WAR,2024-12-13,2024-12-19,2024-12-13,Web,Despatched
SO-2024-04718,C1071,BRS,2024-12-13,2024-12-18,2024-12-13,Trade counter,Despatched
SO-2024-04719,C1600,LIV,2024-12-13,2024-12-18,2024-12-13,Telephone,Despatched
SO-2024-04720,C1634,LIV,2024-12-13,2024-12-16,2024-12-13,Web,Despatched
SO-2024-04721,C1531,DAV,2024-12-16,2024-12-18,2024-12-16,Telephone,Despatched
SO-2024-04722,C1447,DAV,2024-12-16,2024-12-17,2024-12-16,Web,Despatched
SO-2024-04723,C1781,DAV,2024-12-16,2024-12-17,2024-12-16,Telephone,Part despatched
SO-2024-04724,C1145,DAV,2024-12-16,2024-12-19,,Account manager,Cancelled
SO-2024-04725,C1593,DAV,2024-12-16,2024-12-17,2024-12-16,Web,Despatched
SO-2024-04726,C1881,DAV,2024-12-16,2024-12-18,2024-12-18,Web,Part despatched
SO-2024-04727,C1078,DAV,2024-12-16,2024-12-20,2024-12-16,Account manager,Despatched
SO-2024-04728,C1610,DAV,2024-12-16,2024-12-19,2024-12-16,Account manager,Part despatched
SO-2024-04729,C1599,DAV,2024-12-16,2024-12-17,2024-12-19,Telephone,Despatched
SO-2024-04730,C1866,WAR,2024-12-16,2024-12-18,2024-12-16,Trade counter,Despatched
SO-2024-04731,C1051,WAR,2024-12-16,2024-12-19,2024-12-16,Trade counter,Despatched
SO-2024-04732,C1802,WAR,2024-12-16,2024-12-19,2024-12-16,Trade counter,Despatched
SO-2024-04733,C1822,WAR,2024-12-16,2024-12-20,2024-12-16,Telephone,Despatched
SO-2024-04734,C1557,BRS,2024-12-16,2024-12-18,2024-12-16,Trade counter,Part despatched
SO-2024-04735,C1907,BRS,2024-12-16,2024-12-18,2024-12-16,Telephone,Part despatched
SO-2024-04736,C1659,BRS,2024-12-16,2024-12-17,2024-12-16,Trade counter,Part despatched
SO-2024-04737,C1422,LIV,2024-12-16,2024-12-19,2024-12-16,Telephone,Despatched
SO-2024-04738,C1422,LIV,2024-12-16,2024-12-20,2024-12-16,Account manager,Despatched
SO-2024-04739,C1168,LIV,2024-12-16,2024-12-20,2024-12-17,Account manager,Despatched
SO-2024-04740,C1357,LIV,2024-12-16,2024-12-19,2024-12-16,Web,Despatched
SO-2024-04741,C1038,LIV,2024-12-16,2024-12-17,2024-12-16,Trade counter,Despatched
SO-2024-04742,C1422,LIV,2024-12-16,2024-12-20,2024-12-16,Account manager,Despatched
SO-2024-04743,C1145,DAV,2024-12-17,2024-12-20,2024-12-17,Telephone,Despatched
SO-2024-04744,C1610,DAV,2024-12-17,2024-12-18,2024-12-17,Trade counter,Part despatched
SO-2024-04745,C1952,DAV,2024-12-17,2024-12-18,2024-12-17,Trade counter,Despatched
SO-2024-04746,C1255,DAV,2024-12-17,2024-12-20,2024-12-17,Telephone,Despatched
SO-2024-04747,C1191,DAV,2024-12-17,2024-12-20,2024-12-19,Telephone,Despatched
SO-2024-04748,C1896,WAR,2024-12-17,2024-12-18,2024-12-17,Trade counter,Despatched
SO-2024-04749,C1730,WAR,2024-12-17,2024-12-19,2024-12-18,Telephone,Despatched
SO-2024-04750,C1802,WAR,2024-12-17,2024-12-19,2024-12-17,Account manager,Despatched
SO-2024-04751,C1234,WAR,2024-12-17,2024-12-23,2024-12-17,Telephone,Despatched
SO-2024-04752,C1558,WAR,2024-12-17,2024-12-23,2024-12-17,Telephone,Part despatched
SO-2024-04753,C1651,WAR,2024-12-17,2024-12-19,2024-12-17,Telephone,Despatched
SO-2024-04754,C1475,BRS,2024-12-17,2024-12-23,2024-12-18,Account manager,Part despatched
SO-2024-04755,C1071,BRS,2024-12-17,2024-12-18,2024-12-17,Web,Despatched
SO-2024-04756,C1546,BRS,2024-12-17,2024-12-19,2024-12-18,Telephone,Despatched
SO-2024-04757,C1338,BRS,2024-12-17,2024-12-19,2024-12-17,Trade counter,Part despatched
SO-2024-04758,C1107,BRS,2024-12-17,2024-12-23,2024-12-17,Web,Despatched
SO-2024-04759,C1098,DAV,2024-12-18,2024-12-24,2024-12-18,Telephone,Despatched
SO-2024-04760,C1334,DAV,2024-12-18,2024-12-20,2024-12-18,Account manager,Despatched
SO-2024-04761,C1270,DAV,2024-12-18,2024-12-19,2024-12-20,Trade counter,Despatched
SO-2024-04762,C1593,DAV,2024-12-18,2024-12-23,2024-12-18,Trade counter,Part despatched
SO-2024-04763,C1189,DAV,2024-12-18,2024-12-24,2024-12-23,Web,Despatched
SO-2024-04764,C1183,DAV,2024-12-18,2024-12-20,2024-12-18,Trade counter,Despatched
SO-2024-04765,C1429,DAV,2024-12-18,2024-12-23,2024-12-18,Trade counter,Despatched
SO-2024-04766,C1300,DAV,2024-12-18,2024-12-20,2024-12-18,Telephone,Despatched
SO-2024-04767,C1073,DAV,2024-12-18,2024-12-20,2024-12-18,Trade counter,Part despatched
SO-2024-04768,C1234,WAR,2024-12-18,2024-12-24,2024-12-18,Account manager,Despatched
SO-2024-04769,C1560,WAR,2024-12-18,2024-12-24,2024-12-18,Telephone,Despatched
SO-2024-04770,C1581,WAR,2024-12-18,2024-12-20,2024-12-18,Trade counter,Despatched
SO-2024-04771,C1391,WAR,2024-12-18,2024-12-23,2024-12-18,Telephone,Despatched
SO-2024-04772,C1960,WAR,2024-12-18,2024-12-19,2024-12-18,Telephone,Part despatched
SO-2024-04773,C1234,WAR,2024-12-18,2024-12-19,2024-12-18,Trade counter,Despatched
SO-2024-04774,C1081,WAR,2024-12-18,2024-12-23,2024-12-18,Account manager,Despatched
SO-2024-04775,C1234,WAR,2024-12-18,2024-12-24,2024-12-18,Account manager,Despatched
SO-2024-04776,C1590,BRS,2024-12-18,2024-12-23,2024-12-18,Account manager,Despatched
SO-2024-04777,C1247,BRS,2024-12-18,2024-12-19,2024-12-18,Telephone,Part despatched
SO-2024-04778,C1065,BRS,2024-12-18,2024-12-23,2024-12-20,Telephone,Despatched
SO-2024-04779,C1944,BRS,2024-12-18,2024-12-19,2024-12-20,Telephone,Despatched
SO-2024-04780,C1168,LIV,2024-12-18,2024-12-24,2024-12-18,Account manager,Despatched
SO-2024-04781,C1957,LIV,2024-12-18,2024-12-23,2024-12-18,Account manager,Despatched
SO-2024-04782,C1821,LIV,2024-12-18,2024-12-20,2024-12-18,Account manager,Despatched
SO-2024-04783,C1901,DAV,2024-12-19,2024-12-27,2024-12-20,Web,Despatched
SO-2024-04784,C1610,DAV,2024-12-19,2024-12-23,2024-12-19,Web,Despatched
SO-2024-04785,C1262,DAV,2024-12-19,2024-12-23,2024-12-19,Trade counter,Despatched
SO-2024-04786,C1429,DAV,2024-12-19,2024-12-20,2024-12-19,Trade counter,Part despatched
SO-2024-04787,C1844,WAR,2024-12-19,2024-12-20,2024-12-19,Trade counter,Despatched
SO-2024-04788,C1215,WAR,2024-12-19,2024-12-23,2024-12-20,Web,Despatched
SO-2024-04789,C1208,WAR,2024-12-19,2024-12-27,2024-12-24,Trade counter,Despatched
SO-2024-04790,C1360,WAR,2024-12-19,2024-12-27,2024-12-19,Account manager,Despatched
SO-2024-04791,C1702,WAR,2024-12-19,2024-12-27,2024-12-20,Trade counter,Despatched
SO-2024-04792,C1498,BRS,2024-12-19,2024-12-27,2024-12-23,Trade counter,Despatched
SO-2024-04793,C1659,BRS,2024-12-19,2024-12-24,2024-12-19,Trade counter,Part despatched
SO-2024-04794,C1835,LIV,2024-12-19,2024-12-23,2024-12-20,Trade counter,Despatched
SO-2024-04795,C1765,DAV,2024-12-20,2024-12-23,2024-12-23,Account manager,Part despatched
SO-2024-04796,C1521,DAV,2024-12-20,2024-12-24,2024-12-20,Account manager,Part despatched
SO-2024-04797,C1447,DAV,2024-12-20,2024-12-30,2024-12-20,Telephone,Despatched
SO-2024-04798,C1236,DAV,2024-12-20,2024-12-30,2024-12-20,Trade counter,Part despatched
SO-2024-04799,C1366,DAV,2024-12-20,2024-12-24,2024-12-23,Telephone,Part despatched
SO-2024-04800,C1447,DAV,2024-12-20,2024-12-24,2024-12-20,Trade counter,Despatched
SO-2024-04801,C1728,DAV,2024-12-20,2024-12-27,2024-12-20,Trade counter,Despatched
SO-2024-04802,C1201,DAV,2024-12-20,2024-12-23,2024-12-20,Telephone,Despatched
SO-2024-04803,C1366,DAV,2024-12-20,2024-12-24,2024-12-20,Web,Despatched
SO-2024-04804,C1776,DAV,2024-12-20,2024-12-24,2024-12-24,Account manager,Despatched
SO-2024-04805,C1587,DAV,2024-12-20,2024-12-24,2024-12-20,Trade counter,Despatched
SO-2024-04806,C1896,WAR,2024-12-20,2024-12-30,2024-12-20,Trade counter,Despatched
SO-2024-04807,C1802,WAR,2024-12-20,2024-12-30,2024-12-20,Trade counter,Part despatched
SO-2024-04808,C1802,WAR,2024-12-20,2024-12-23,2024-12-20,Trade counter,Part despatched
SO-2024-04809,C1047,WAR,2024-12-20,2024-12-30,2024-12-20,Trade counter,Despatched
SO-2024-04810,C1349,WAR,2024-12-20,2024-12-27,2024-12-20,Account manager,Despatched
SO-2024-04811,C1724,WAR,2024-12-20,2024-12-30,2024-12-20,Trade counter,Despatched
SO-2024-04812,C1086,WAR,2024-12-20,2024-12-27,2024-12-20,Telephone,Despatched
SO-2024-04813,C1343,BRS,2024-12-20,2024-12-30,2024-12-20,Trade counter,Despatched
SO-2024-04814,C1294,BRS,2024-12-20,2024-12-27,2024-12-20,Web,Despatched
SO-2024-04815,C1689,LIV,2024-12-20,2024-12-24,2024-12-20,Trade counter,Despatched
SO-2024-04816,C1821,LIV,2024-12-20,2024-12-23,2024-12-20,Account manager,Despatched
SO-2024-04817,C1964,LIV,2024-12-20,2024-12-27,2024-12-20,Trade counter,Despatched
SO-2024-04818,C1109,LIV,2024-12-20,2024-12-24,2024-12-20,Trade counter,Despatched
SO-2024-04819,C1268,LIV,2024-12-20,2024-12-27,2024-12-20,Trade counter,Part despatched
SO-2024-04820,C1357,LIV,2024-12-20,2024-12-23,2024-12-20,Web,Despatched
SO-2024-04821,C1892,LIV,2024-12-20,2024-12-23,2024-12-20,Web,Despatched
SO-2024-04822,C1168,LIV,2024-12-20,2024-12-27,2024-12-20,Account manager,Despatched
SO-2024-04823,C1593,DAV,2024-12-23,2024-12-30,2024-12-23,Trade counter,Despatched
SO-2024-04824,C1354,DAV,2024-12-23,2024-12-31,2024-12-23,Trade counter,Part despatched
SO-2024-04825,C1299,DAV,2024-12-23,2024-12-30,2024-12-23,Telephone,Despatched
SO-2024-04826,C1104,DAV,2024-12-23,2024-12-30,2024-12-24,Account manager,Despatched
SO-2024-04827,C1515,DAV,2024-12-23,2024-12-30,2024-12-23,Web,Despatched
SO-2024-04828,C1143,DAV,2024-12-23,2024-12-30,2024-12-23,Trade counter,Despatched
SO-2024-04829,C1335,DAV,2024-12-23,2024-12-31,2024-12-30,Telephone,Despatched
SO-2024-04830,C1971,DAV,2024-12-23,2024-12-27,2024-12-24,Web,Part despatched
SO-2024-04831,C1577,DAV,2024-12-23,2024-12-30,2024-12-23,Telephone,Despatched
SO-2024-04832,C1563,DAV,2024-12-23,2024-12-24,2024-12-23,Telephone,Despatched
SO-2024-04833,C1936,DAV,2024-12-23,2024-12-30,2024-12-23,Telephone,Despatched
SO-2024-04834,C1145,DAV,2024-12-23,2024-12-27,2024-12-23,Telephone,Despatched
SO-2024-04835,C1143,DAV,2024-12-23,2024-12-31,2024-12-23,Trade counter,Despatched
SO-2024-04836,C1051,WAR,2024-12-23,2024-12-27,2024-12-24,Telephone,Despatched
SO-2024-04837,C1581,WAR,2024-12-23,2024-12-27,2024-12-23,Web,Despatched
SO-2024-04838,C1408,WAR,2024-12-23,2024-12-27,2024-12-23,Telephone,Despatched
SO-2024-04839,C1017,WAR,2024-12-23,2024-12-31,2024-12-23,Trade counter,Part despatched
SO-2024-04840,C1338,BRS,2024-12-23,2024-12-30,2024-12-23,Trade counter,Despatched
SO-2024-04841,C1343,BRS,2024-12-23,2024-12-30,2024-12-23,Trade counter,Part despatched
SO-2024-04842,C1475,BRS,2024-12-23,2024-12-27,2024-12-23,Trade counter,Despatched
SO-2024-04843,C1330,BRS,2024-12-23,2024-12-31,2024-12-23,Web,Despatched
SO-2024-04844,C1475,BRS,2024-12-23,2024-12-31,2024-12-23,Web,Part despatched
SO-2024-04845,C1151,BRS,2024-12-23,2024-12-30,2024-12-27,Telephone,Despatched
SO-2024-04846,C1131,LIV,2024-12-23,2024-12-24,2024-12-23,Trade counter,Despatched
SO-2024-04847,C1584,LIV,2024-12-23,2024-12-24,2024-12-23,Telephone,Despatched
SO-2024-04848,C1760,DAV,2024-12-24,2024-12-27,2024-12-24,Telephone,Despatched
SO-2024-04849,C1367,DAV,2024-12-24,2024-12-31,2024-12-24,Telephone,Despatched
SO-2024-04850,C1143,DAV,2024-12-24,2024-12-30,2024-12-24,Telephone,Despatched
SO-2024-04851,C1290,DAV,2024-12-24,2024-12-31,2024-12-24,Telephone,Part despatched
SO-2024-04852,C1593,DAV,2024-12-24,2024-12-31,2024-12-24,Trade counter,Despatched
SO-2024-04853,C1011,DAV,2024-12-24,2025-01-02,2024-12-24,Web,Despatched
SO-2024-04854,C1278,DAV,2024-12-24,2024-12-31,2024-12-24,Telephone,Despatched
SO-2024-04855,C1089,DAV,2024-12-24,2024-12-30,2024-12-27,Trade counter,Despatched
SO-2024-04856,C1354,DAV,2024-12-24,2024-12-30,2024-12-24,Telephone,Part despatched
SO-2024-04857,C1366,DAV,2024-12-24,2024-12-31,2024-12-24,Trade counter,Part despatched
SO-2024-04858,C1827,DAV,2024-12-24,2025-01-02,2024-12-24,Account manager,Despatched
SO-2024-04859,C1626,DAV,2024-12-24,2024-12-27,2024-12-24,Trade counter,Part despatched
SO-2024-04860,C1032,WAR,2024-12-24,2024-12-30,2024-12-24,Trade counter,Despatched
SO-2024-04861,C1948,WAR,2024-12-24,2024-12-30,2024-12-24,Trade counter,Despatched
SO-2024-04862,C1790,WAR,2024-12-24,2024-12-27,2024-12-24,Telephone,Despatched
SO-2024-04863,C1450,WAR,2024-12-24,2025-01-02,2024-12-27,Telephone,Part despatched
SO-2024-04864,C1822,WAR,2024-12-24,2024-12-31,2024-12-24,Trade counter,Despatched
SO-2024-04865,C1338,BRS,2024-12-24,2024-12-31,2024-12-27,Telephone,Despatched
SO-2024-04866,C1874,BRS,2024-12-24,2024-12-30,2024-12-24,Telephone,Despatched
SO-2024-04867,C1578,BRS,2024-12-24,2025-01-02,2024-12-24,Trade counter,Despatched
SO-2024-04868,C1168,LIV,2024-12-24,2024-12-27,2024-12-24,Telephone,Part despatched
SO-2024-04869,C1423,LIV,2024-12-24,2024-12-27,2024-12-24,Telephone,Despatched
SO-2024-04870,C1168,LIV,2024-12-24,2024-12-31,2024-12-24,Telephone,Despatched
SO-2024-04871,C1109,LIV,2024-12-24,2024-12-31,2024-12-27,Trade counter,Part despatched
SO-2024-04872,C1447,DAV,2024-12-27,2025-01-03,2024-12-27,Trade counter,Despatched
SO-2024-04873,C1972,DAV,2024-12-27,2024-12-30,2024-12-30,Trade counter,Despatched
SO-2024-04874,C1728,DAV,2024-12-27,2024-12-30,2024-12-27,Telephone,Despatched
SO-2024-04875,C1734,DAV,2024-12-27,2025-01-03,2024-12-30,Web,Despatched
SO-2024-04876,C1189,DAV,2024-12-27,2025-01-02,2024-12-30,Trade counter,Part despatched
SO-2024-04877,C1278,DAV,2024-12-27,2024-12-30,2024-12-27,Telephone,Part despatched
SO-2024-04878,C1881,DAV,2024-12-27,2024-12-31,2024-12-30,Telephone,Despatched
SO-2024-04879,C1270,DAV,2024-12-27,2024-12-30,2024-12-27,Telephone,Despatched
SO-2024-04880,C1629,DAV,2024-12-27,2024-12-30,2024-12-27,Web,Despatched
SO-2024-04881,C1429,DAV,2024-12-27,2025-01-03,2024-12-31,Web,Part despatched
SO-2024-04882,C1808,WAR,2024-12-27,2024-12-30,2024-12-30,Trade counter,Despatched
SO-2024-04883,C1234,WAR,2024-12-27,2024-12-31,2024-12-27,Telephone,Despatched
SO-2024-04884,C1051,WAR,2024-12-27,2024-12-31,2024-12-27,Telephone,Despatched
SO-2024-04885,C1234,WAR,2024-12-27,2025-01-03,2024-12-27,Web,Part despatched
SO-2024-04886,C1790,WAR,2024-12-27,2024-12-30,2024-12-27,Account manager,Despatched
SO-2024-04887,C1790,WAR,2024-12-27,2024-12-31,2024-12-27,Web,Despatched
SO-2024-04888,C1950,WAR,2024-12-27,2025-01-02,2024-12-30,Web,Despatched
SO-2024-04889,C1785,BRS,2024-12-27,2024-12-31,2024-12-30,Trade counter,Despatched
SO-2024-04890,C1321,LIV,2024-12-27,2025-01-02,2024-12-30,Web,Despatched
SO-2024-04891,C1357,LIV,2024-12-27,2024-12-31,2024-12-27,Telephone,Despatched
SO-2024-04892,C1410,DAV,2024-12-30,2024-12-31,2024-12-30,Trade counter,Despatched
SO-2024-04893,C1145,DAV,2024-12-30,2024-12-31,2025-01-02,Telephone,Despatched
SO-2024-04894,C1882,DAV,2024-12-30,2024-12-31,2024-12-30,Account manager,Despatched
SO-2024-04895,C1407,DAV,2024-12-30,2025-01-02,2024-12-30,Trade counter,Despatched
SO-2024-04896,C1531,DAV,2024-12-30,2024-12-31,2024-12-30,Web,Despatched
SO-2024-04897,C1841,DAV,2024-12-30,2025-01-06,2024-12-31,Web,Despatched
SO-2024-04898,C1429,DAV,2024-12-30,2025-01-02,2024-12-30,Account manager,Despatched
SO-2024-04899,C1861,DAV,2024-12-30,2025-01-02,2024-12-30,Web,Despatched
SO-2024-04900,C1211,DAV,2024-12-30,2025-01-02,2024-12-30,Account manager,Despatched
SO-2024-04901,C1760,DAV,2024-12-30,2025-01-06,2024-12-30,Trade counter,Despatched
SO-2024-04902,C1366,DAV,2024-12-30,2025-01-06,2024-12-30,Trade counter,Despatched
SO-2024-04903,C1143,DAV,2024-12-30,2025-01-06,2024-12-30,Telephone,Despatched
SO-2024-04904,C1790,WAR,2024-12-30,2025-01-03,2024-12-30,Telephone,Part despatched
SO-2024-04905,C1234,WAR,2024-12-30,2025-01-03,2024-12-30,Trade counter,Part despatched
SO-2024-04906,C1026,WAR,2024-12-30,2024-12-31,2024-12-31,Trade counter,Despatched
SO-2024-04907,C1156,WAR,2024-12-30,2025-01-06,2025-01-02,Trade counter,Part despatched
SO-2024-04908,C1948,WAR,2024-12-30,2025-01-02,2024-12-30,Telephone,Part despatched
SO-2024-04909,C1697,BRS,2024-12-30,2025-01-03,2025-01-02,Telephone,Despatched
SO-2024-04910,C1343,BRS,2024-12-30,2025-01-06,2024-12-31,Telephone,Part despatched
SO-2024-04911,C1697,BRS,2024-12-30,2025-01-03,2024-12-30,Trade counter,Despatched
SO-2024-04912,C1071,BRS,2024-12-30,2025-01-03,2024-12-31,Web,Despatched
SO-2024-04913,C1004,LIV,2024-12-30,2025-01-06,2024-12-30,Web,Part despatched
SO-2024-04914,C1211,DAV,2024-12-31,2025-01-03,2024-12-31,Telephone,Despatched
SO-2024-04915,C1940,DAV,2024-12-31,2025-01-02,2024-12-31,Web,Despatched
SO-2024-04916,C1512,DAV,2024-12-31,2025-01-06,2025-01-02,Trade counter,Despatched
SO-2024-04917,C1366,DAV,2024-12-31,2025-01-02,2024-12-31,Web,Despatched
SO-2024-04918,C1926,DAV,2024-12-31,2025-01-06,2024-12-31,Trade counter,Despatched
SO-2024-04919,C1648,DAV,2024-12-31,2025-01-06,2024-12-31,Trade counter,Despatched
SO-2024-04920,C1593,DAV,2024-12-31,2025-01-07,2025-01-03,Trade counter,Despatched
SO-2024-04921,C1194,DAV,2024-12-31,2025-01-02,2025-01-03,Telephone,Despatched
SO-2024-04922,C1429,DAV,2024-12-31,2025-01-06,2025-01-03,Trade counter,Despatched
SO-2024-04923,C1447,DAV,2024-12-31,2025-01-06,2025-01-03,Trade counter,Despatched
SO-2024-04924,C1492,WAR,2024-12-31,2025-01-07,2024-12-31,Telephone,Part despatched
SO-2024-04925,C1055,WAR,2024-12-31,2025-01-03,2024-12-31,Trade counter,Despatched
SO-2024-04926,C1871,WAR,2024-12-31,2025-01-06,2024-12-31,Trade counter,Despatched
SO-2024-04927,C1123,WAR,2024-12-31,2025-01-06,2025-01-02,Trade counter,Despatched
SO-2024-04928,C1844,WAR,2024-12-31,2025-01-02,2024-12-31,Telephone,Despatched
SO-2024-04929,C1785,BRS,2024-12-31,2025-01-03,2024-12-31,Telephone,Part despatched
SO-2024-04930,C1697,BRS,2024-12-31,2025-01-07,2024-12-31,Web,Part despatched
SO-2024-04931,C1518,BRS,2024-12-31,2025-01-06,2025-01-03,Telephone,Despatched
SO-2024-04932,C1085,LIV,2024-12-31,2025-01-02,2025-01-03,Web,Despatched
SO-2024-04933,C1941,LIV,2024-12-31,2025-01-02,2024-12-31,Account manager,Despatched
SO-2024-04934,C1663,LIV,2024-12-31,2025-01-07,2024-12-31,Web,Despatched
SO-2024-04935,C1821,LIV,2024-12-31,2025-01-02,2024-12-31,Telephone,Despatched
SO-2024-04936,C1685,LIV,2024-12-31,2025-01-07,2024-12-31,Telephone,Despatched
SO-2025-04937,C1734,DAV,2025-01-02,2025-01-07,2025-01-02,Trade counter,Despatched
SO-2025-04938,C1270,DAV,2025-01-02,2025-01-03,2025-01-03,Trade counter,Despatched
SO-2025-04939,C1299,DAV,2025-01-02,2025-01-06,2025-01-02,Trade counter,Despatched
SO-2025-04940,C1145,DAV,2025-01-02,2025-01-07,2025-01-06,Web,Part despatched
SO-2025-04941,C1255,DAV,2025-01-02,2025-01-07,2025-01-02,Web,Despatched
SO-2025-04942,C1585,DAV,2025-01-02,2025-01-07,2025-01-02,Web,Despatched
SO-2025-04943,C1133,DAV,2025-01-02,2025-01-08,2025-01-03,Account manager,Despatched
SO-2025-04944,C1447,DAV,2025-01-02,2025-01-03,2025-01-06,Trade counter,Part despatched
SO-2025-04945,C1367,DAV,2025-01-02,2025-01-08,2025-01-02,Account manager,Part despatched
SO-2025-04946,C1032,WAR,2025-01-02,2025-01-07,2025-01-03,Telephone,Despatched
SO-2025-04947,C1474,WAR,2025-01-02,2025-01-07,2025-01-02,Trade counter,Despatched
SO-2025-04948,C1664,BRS,2025-01-02,2025-01-07,2025-01-02,Account manager,Despatched
SO-2025-04949,C1238,BRS,2025-01-02,2025-01-07,2025-01-02,Web,Despatched
SO-2025-04950,C1382,BRS,2025-01-02,2025-01-07,2025-01-02,Telephone,Part despatched
SO-2025-04951,C1578,BRS,2025-01-02,2025-01-03,2025-01-02,Account manager,Despatched
SO-2025-04952,C1785,BRS,2025-01-02,2025-01-03,2025-01-02,Telephone,Despatched
SO-2025-04953,C1475,BRS,2025-01-02,2025-01-08,2025-01-03,Web,Despatched
SO-2025-04954,C1247,BRS,2025-01-02,2025-01-06,2025-01-03,Web,Despatched
SO-2025-04955,C1783,BRS,2025-01-02,2025-01-07,2025-01-02,Web,Despatched
SO-2025-04956,C1447,DAV,2025-01-03,2025-01-09,2025-01-03,Telephone,Despatched
SO-2025-04957,C1744,DAV,2025-01-03,2025-01-06,2025-01-03,Trade counter,Despatched
SO-2025-04958,C1050,DAV,2025-01-03,2025-01-08,2025-01-03,Web,Despatched
SO-2025-04959,C1257,DAV,2025-01-03,2025-01-07,2025-01-03,Trade counter,Despatched
SO-2025-04960,C1434,DAV,2025-01-03,2025-01-08,2025-01-03,Telephone,Despatched
SO-2025-04961,C1898,DAV,2025-01-03,2025-01-09,2025-01-03,Telephone,Despatched
SO-2025-04962,C1270,DAV,2025-01-03,2025-01-09,2025-01-03,Telephone,Despatched
SO-2025-04963,C1776,DAV,2025-01-03,2025-01-06,2025-01-03,Telephone,Despatched
SO-2025-04964,C1366,DAV,2025-01-03,2025-01-09,2025-01-06,Trade counter,Despatched
SO-2025-04965,C1299,DAV,2025-01-03,2025-01-06,2025-01-03,Account manager,Despatched
SO-2025-04966,C1543,WAR,2025-01-03,2025-01-07,2025-01-03,Account manager,Part despatched
SO-2025-04967,C1234,WAR,2025-01-03,2025-01-06,2025-01-03,Trade counter,Part despatched
SO-2025-04968,C1398,WAR,2025-01-03,2025-01-06,2025-01-03,Web,Part despatched
SO-2025-04969,C1376,WAR,2025-01-03,2025-01-08,2025-01-03,Web,Despatched
SO-2025-04970,C1806,WAR,2025-01-03,2025-01-09,2025-01-03,Account manager,Part despatched
SO-2025-04971,C1948,WAR,2025-01-03,2025-01-06,2025-01-03,Telephone,Despatched
SO-2025-04972,C1207,WAR,2025-01-03,2025-01-07,2025-01-03,Trade counter,Part despatched
SO-2025-04973,C1339,BRS,2025-01-03,2025-01-06,2025-01-03,Trade counter,Despatched
SO-2025-04974,C1302,BRS,2025-01-03,2025-01-09,2025-01-07,Web,Despatched
SO-2025-04975,C1147,BRS,2025-01-03,2025-01-07,2025-01-06,Trade counter,Despatched
SO-2025-04976,C1423,LIV,2025-01-03,2025-01-08,2025-01-03,Web,Despatched
SO-2025-04977,C1085,LIV,2025-01-03,2025-01-06,2025-01-08,Telephone,Despatched
SO-2025-04978,C1372,DAV,2025-01-06,2025-01-08,2025-01-06,Web,Despatched
SO-2025-04979,C1554,DAV,2025-01-06,2025-01-08,2025-01-06,Telephone,Despatched
SO-2025-04980,C1120,DAV,2025-01-06,2025-01-10,2025-01-06,Telephone,Despatched
SO-2025-04981,C1078,DAV,2025-01-06,2025-01-07,2025-01-06,Web,Despatched
SO-2025-04982,C1366,DAV,2025-01-06,2025-01-10,2025-01-06,Telephone,Despatched
SO-2025-04983,C1255,DAV,2025-01-06,2025-01-10,2025-01-06,Web,Despatched
SO-2025-04984,C1479,DAV,2025-01-06,2025-01-09,2025-01-06,Telephone,Despatched
SO-2025-04985,C1533,WAR,2025-01-06,2025-01-07,2025-01-06,Account manager,Part despatched
SO-2025-04986,C1790,WAR,2025-01-06,2025-01-10,2025-01-06,Telephone,Part despatched
SO-2025-04987,C1032,WAR,2025-01-06,2025-01-08,2025-01-06,Web,Despatched
SO-2025-04988,C1244,WAR,2025-01-06,2025-01-09,2025-01-06,Telephone,Part despatched
SO-2025-04989,C1032,WAR,2025-01-06,2025-01-09,,Web,Cancelled
SO-2025-04990,C1822,WAR,2025-01-06,2025-01-09,2025-01-07,Telephone,Despatched
SO-2025-04991,C1724,WAR,2025-01-06,2025-01-09,2025-01-06,Trade counter,Part despatched
SO-2025-04992,C1343,BRS,2025-01-06,2025-01-09,2025-01-08,Trade counter,Despatched
SO-2025-04993,C1071,BRS,2025-01-06,2025-01-07,2025-01-06,Telephone,Despatched
SO-2025-04994,C1294,BRS,2025-01-06,2025-01-07,2025-01-06,Trade counter,Despatched
SO-2025-04995,C1338,BRS,2025-01-06,2025-01-10,2025-01-06,Web,Despatched
SO-2025-04996,C1659,BRS,2025-01-06,2025-01-10,2025-01-06,Telephone,Part despatched
SO-2025-04997,C1435,LIV,2025-01-06,2025-01-09,2025-01-06,Telephone,Despatched
SO-2025-04998,C1634,LIV,2025-01-06,2025-01-08,2025-01-06,Telephone,Despatched
SO-2025-04999,C1094,DAV,2025-01-07,2025-01-10,2025-01-07,Account manager,Despatched
SO-2025-05000,C1488,DAV,2025-01-07,2025-01-08,2025-01-09,Web,Despatched
SO-2025-05001,C1926,DAV,2025-01-07,2025-01-13,2025-01-07,Web,Despatched
SO-2025-05002,C1577,DAV,2025-01-07,2025-01-09,2025-01-08,Account manager,Despatched
SO-2025-05003,C1447,DAV,2025-01-07,2025-01-09,2025-01-08,Account manager,Despatched
SO-2025-05004,C1734,DAV,2025-01-07,2025-01-08,2025-01-07,Telephone,Despatched
SO-2025-05005,C1532,DAV,2025-01-07,2025-01-09,2025-01-07,Trade counter,Part despatched
SO-2025-05006,C1800,DAV,2025-01-07,2025-01-08,2025-01-07,Telephone,Despatched
SO-2025-05007,C1366,DAV,2025-01-07,2025-01-08,2025-01-07,Account manager,Despatched
SO-2025-05008,C1354,DAV,2025-01-07,2025-01-08,2025-01-07,Web,Part despatched
SO-2025-05009,C1219,DAV,2025-01-07,2025-01-10,2025-01-07,Telephone,Despatched
SO-2025-05010,C1234,WAR,2025-01-07,2025-01-08,2025-01-07,Telephone,Despatched
SO-2025-05011,C1141,WAR,2025-01-07,2025-01-08,2025-01-08,Trade counter,Part despatched
SO-2025-05012,C1032,WAR,2025-01-07,2025-01-09,2025-01-07,Web,Despatched
SO-2025-05013,C1264,WAR,2025-01-07,2025-01-13,2025-01-09,Telephone,Despatched
SO-2025-05014,C1398,WAR,2025-01-07,2025-01-09,2025-01-07,Telephone,Despatched
SO-2025-05015,C1411,BRS,2025-01-07,2025-01-10,2025-01-08,Trade counter,Despatched
SO-2025-05016,C1238,BRS,2025-01-07,2025-01-13,2025-01-07,Web,Despatched
SO-2025-05017,C1098,DAV,2025-01-08,2025-01-10,2025-01-08,Trade counter,Despatched
SO-2025-05018,C1447,DAV,2025-01-08,2025-01-10,2025-01-08,Trade counter,Part despatched
SO-2025-05019,C1278,DAV,2025-01-08,2025-01-14,2025-01-08,Telephone,Despatched
SO-2025-05020,C1201,DAV,2025-01-08,2025-01-10,2025-01-08,Telephone,Despatched
SO-2025-05021,C1593,DAV,2025-01-08,2025-01-13,2025-01-08,Telephone,Despatched
SO-2025-05022,C1434,DAV,2025-01-08,2025-01-10,2025-01-08,Telephone,Despatched
SO-2025-05023,C1092,DAV,2025-01-08,2025-01-09,2025-01-08,Telephone,Despatched
SO-2025-05024,C1007,DAV,2025-01-08,2025-01-09,2025-01-09,Trade counter,Despatched
SO-2025-05025,C1307,DAV,2025-01-08,2025-01-14,2025-01-09,Telephone,Part despatched
SO-2025-05026,C1346,WAR,2025-01-08,2025-01-09,2025-01-08,Trade counter,Despatched
SO-2025-05027,C1336,WAR,2025-01-08,2025-01-09,2025-01-09,Web,Part despatched
SO-2025-05028,C1057,WAR,2025-01-08,2025-01-13,2025-01-08,Web,Despatched
SO-2025-05029,C1948,WAR,2025-01-08,2025-01-10,2025-01-08,Telephone,Despatched
SO-2025-05030,C1034,WAR,2025-01-08,2025-01-14,2025-01-09,Trade counter,Despatched
SO-2025-05031,C1339,BRS,2025-01-08,2025-01-13,2025-01-08,Telephone,Despatched
SO-2025-05032,C1065,BRS,2025-01-08,2025-01-14,2025-01-08,Telephone,Despatched
SO-2025-05033,C1374,BRS,2025-01-08,2025-01-10,2025-01-08,Trade counter,Despatched
SO-2025-05034,C1238,BRS,2025-01-08,2025-01-14,2025-01-08,Web,Despatched
SO-2025-05035,C1168,LIV,2025-01-08,2025-01-13,2025-01-08,Web,Despatched
SO-2025-05036,C1821,LIV,2025-01-08,2025-01-13,2025-01-09,Trade counter,Despatched
SO-2025-05037,C1422,LIV,2025-01-08,2025-01-14,2025-01-08,Trade counter,Despatched
SO-2025-05038,C1159,LIV,2025-01-08,2025-01-09,2025-01-09,Telephone,Part despatched
SO-2025-05039,C1911,LIV,2025-01-08,2025-01-13,2025-01-09,Trade counter,Despatched
SO-2025-05040,C1249,DAV,2025-01-09,2025-01-10,2025-01-10,Trade counter,Part despatched
SO-2025-05041,C1734,DAV,2025-01-09,2025-01-13,2025-01-09,Web,Part despatched
SO-2025-05042,C1209,DAV,2025-01-09,2025-01-15,2025-01-10,Trade counter,Despatched
SO-2025-05043,C1097,DAV,2025-01-09,2025-01-14,2025-01-09,Trade counter,Despatched
SO-2025-05044,C1299,DAV,2025-01-09,2025-01-15,2025-01-09,Telephone,Despatched
SO-2025-05045,C1447,DAV,2025-01-09,2025-01-14,2025-01-10,Web,Part despatched
SO-2025-05046,C1610,DAV,2025-01-09,2025-01-13,2025-01-10,Trade counter,Despatched
SO-2025-05047,C1429,DAV,2025-01-09,2025-01-14,2025-01-09,Trade counter,Despatched
SO-2025-05048,C1479,DAV,2025-01-09,2025-01-15,2025-01-09,Account manager,Part despatched
SO-2025-05049,C1255,DAV,2025-01-09,2025-01-10,2025-01-09,Web,Despatched
SO-2025-05050,C1563,DAV,2025-01-09,2025-01-13,2025-01-09,Telephone,Despatched
SO-2025-05051,C1032,WAR,2025-01-09,2025-01-14,2025-01-10,Trade counter,Part despatched
SO-2025-05052,C1844,WAR,2025-01-09,2025-01-13,2025-01-10,Telephone,Part despatched
SO-2025-05053,C1790,WAR,2025-01-09,2025-01-13,2025-01-10,Telephone,Despatched
SO-2025-05054,C1238,BRS,2025-01-09,2025-01-10,2025-01-13,Trade counter,Despatched
SO-2025-05055,C1557,BRS,2025-01-09,2025-01-10,2025-01-09,Trade counter,Despatched
SO-2025-05056,C1339,BRS,2025-01-09,2025-01-13,2025-01-10,Trade counter,Despatched
SO-2025-05057,C1065,BRS,2025-01-09,2025-01-13,2025-01-09,Telephone,Despatched
SO-2025-05058,C1659,BRS,2025-01-09,2025-01-15,2025-01-13,Web,Despatched
SO-2025-05059,C1212,BRS,2025-01-09,2025-01-15,2025-01-09,Trade counter,Despatched
SO-2025-05060,C1814,LIV,2025-01-09,2025-01-13,2025-01-10,Trade counter,Despatched
SO-2025-05061,C1168,LIV,2025-01-09,2025-01-14,2025-01-09,Account manager,Despatched
SO-2025-05062,C1145,DAV,2025-01-10,2025-01-14,2025-01-10,Trade counter,Despatched
SO-2025-05063,C1145,DAV,2025-01-10,2025-01-15,2025-01-13,Trade counter,Despatched
SO-2025-05064,C1830,DAV,2025-01-10,2025-01-14,2025-01-10,Web,Despatched
SO-2025-05065,C1599,DAV,2025-01-10,2025-01-15,2025-01-10,Telephone,Despatched
SO-2025-05066,C1776,DAV,2025-01-10,2025-01-16,2025-01-10,Telephone,Part despatched
SO-2025-05067,C1389,DAV,2025-01-10,2025-01-15,2025-01-10,Telephone,Despatched
SO-2025-05068,C1416,DAV,2025-01-10,2025-01-14,2025-01-10,Telephone,Despatched
SO-2025-05069,C1094,DAV,2025-01-10,2025-01-13,2025-01-14,Telephone,Despatched
SO-2025-05070,C1398,WAR,2025-01-10,2025-01-15,2025-01-10,Web,Part despatched
SO-2025-05071,C1032,WAR,2025-01-10,2025-01-14,2025-01-10,Telephone,Despatched
SO-2025-05072,C1802,WAR,2025-01-10,2025-01-15,2025-01-10,Telephone,Despatched
SO-2025-05073,C1238,BRS,2025-01-10,2025-01-15,2025-01-13,Trade counter,Despatched
SO-2025-05074,C1259,BRS,2025-01-10,2025-01-16,2025-01-15,Web,Despatched
SO-2025-05075,C1330,BRS,2025-01-10,2025-01-13,2025-01-10,Trade counter,Despatched
SO-2025-05076,C1741,BRS,2025-01-10,2025-01-13,2025-01-13,Trade counter,Despatched
SO-2025-05077,C1140,BRS,2025-01-10,2025-01-15,2025-01-13,Trade counter,Despatched
SO-2025-05078,C1768,LIV,2025-01-10,2025-01-16,2025-01-14,Telephone,Despatched
SO-2025-05079,C1607,LIV,2025-01-10,2025-01-15,2025-01-15,Trade counter,Despatched
SO-2025-05080,C1878,LIV,2025-01-10,2025-01-15,2025-01-10,Trade counter,Despatched
SO-2025-05081,C1254,LIV,2025-01-10,2025-01-13,2025-01-15,Trade counter,Despatched
SO-2025-05082,C1429,DAV,2025-01-13,2025-01-14,2025-01-13,Web,Part despatched
SO-2025-05083,C1429,DAV,2025-01-13,2025-01-16,2025-01-13,Account manager,Despatched
SO-2025-05084,C1078,DAV,2025-01-13,2025-01-14,2025-01-13,Telephone,Despatched
SO-2025-05085,C1218,DAV,2025-01-13,2025-01-16,2025-01-13,Web,Part despatched
SO-2025-05086,C1940,DAV,2025-01-13,2025-01-17,2025-01-13,Trade counter,Despatched
SO-2025-05087,C1682,DAV,2025-01-13,2025-01-15,2025-01-13,Trade counter,Despatched
SO-2025-05088,C1559,DAV,2025-01-13,2025-01-16,2025-01-13,Web,Despatched
SO-2025-05089,C1232,DAV,2025-01-13,2025-01-16,2025-01-13,Trade counter,Part despatched
SO-2025-05090,C1491,DAV,2025-01-13,2025-01-14,2025-01-13,Trade counter,Part despatched
SO-2025-05091,C1094,DAV,2025-01-13,2025-01-16,2025-01-14,Telephone,Despatched
SO-2025-05092,C1864,DAV,2025-01-13,2025-01-17,2025-01-13,Web,Despatched
SO-2025-05093,C1447,DAV,2025-01-13,2025-01-14,2025-01-15,Trade counter,Part despatched
SO-2025-05094,C1113,DAV,2025-01-13,2025-01-15,2025-01-13,Telephone,Part despatched
SO-2025-05095,C1495,WAR,2025-01-13,2025-01-14,2025-01-13,Trade counter,Despatched
SO-2025-05096,C1955,WAR,2025-01-13,2025-01-14,2025-01-13,Account manager,Despatched
SO-2025-05097,C1215,WAR,2025-01-13,2025-01-15,2025-01-13,Web,Despatched
SO-2025-05098,C1330,BRS,2025-01-13,2025-01-16,2025-01-13,Trade counter,Despatched
SO-2025-05099,C1578,BRS,2025-01-13,2025-01-14,2025-01-15,Account manager,Despatched
SO-2025-05100,C1870,BRS,2025-01-13,2025-01-15,2025-01-13,Web,Despatched
SO-2025-05101,C1258,BRS,2025-01-13,2025-01-16,2025-01-13,Trade counter,Despatched
SO-2025-05102,C1267,LIV,2025-01-13,2025-01-16,2025-01-13,Web,Despatched
SO-2025-05103,C1778,LIV,2025-01-13,2025-01-15,2025-01-13,Telephone,Despatched
SO-2025-05104,C1835,LIV,2025-01-13,2025-01-17,2025-01-13,Telephone,Part despatched
SO-2025-05105,C1416,DAV,2025-01-14,2025-01-20,2025-01-14,Web,Despatched
SO-2025-05106,C1211,DAV,2025-01-14,2025-01-15,2025-01-14,Web,Despatched
SO-2025-05107,C1094,DAV,2025-01-14,2025-01-15,2025-01-14,Telephone,Despatched
SO-2025-05108,C1744,DAV,2025-01-14,2025-01-16,2025-01-14,Web,Part despatched
SO-2025-05109,C1367,DAV,2025-01-14,2025-01-20,2025-01-14,Web,Despatched
SO-2025-05110,C1882,DAV,2025-01-14,2025-01-20,2025-01-15,Trade counter,Despatched
SO-2025-05111,C1354,DAV,2025-01-14,2025-01-17,2025-01-15,Account manager,Despatched
SO-2025-05112,C1734,DAV,2025-01-14,2025-01-17,2025-01-14,Web,Despatched
SO-2025-05113,C1194,DAV,2025-01-14,2025-01-15,2025-01-14,Telephone,Despatched
SO-2025-05114,C1871,WAR,2025-01-14,2025-01-16,2025-01-14,Telephone,Despatched
SO-2025-05115,C1010,WAR,2025-01-14,2025-01-17,2025-01-14,Telephone,Despatched
SO-2025-05116,C1346,WAR,2025-01-14,2025-01-15,2025-01-14,Web,Despatched
SO-2025-05117,C1234,WAR,2025-01-14,2025-01-15,2025-01-14,Trade counter,Despatched
SO-2025-05118,C1171,BRS,2025-01-14,2025-01-20,2025-01-14,Account manager,Despatched
SO-2025-05119,C1874,BRS,2025-01-14,2025-01-17,2025-01-16,Trade counter,Despatched
SO-2025-05120,C1423,LIV,2025-01-14,2025-01-16,2025-01-14,Web,Despatched
SO-2025-05121,C1878,LIV,2025-01-14,2025-01-16,2025-01-14,Trade counter,Despatched
SO-2025-05122,C1821,LIV,2025-01-14,2025-01-20,2025-01-15,Account manager,Despatched
SO-2025-05123,C1551,DAV,2025-01-15,2025-01-20,2025-01-15,Account manager,Despatched
SO-2025-05124,C1133,DAV,2025-01-15,2025-01-20,2025-01-16,Account manager,Despatched
SO-2025-05125,C1593,DAV,2025-01-15,2025-01-16,2025-01-15,Telephone,Part despatched
SO-2025-05126,C1767,DAV,2025-01-15,2025-01-17,2025-01-15,Web,Despatched
SO-2025-05127,C1078,DAV,2025-01-15,2025-01-17,2025-01-15,Telephone,Despatched
SO-2025-05128,C1447,DAV,2025-01-15,2025-01-17,2025-01-15,Web,Despatched
SO-2025-05129,C1593,DAV,2025-01-15,2025-01-21,2025-01-15,Telephone,Part despatched
SO-2025-05130,C1581,WAR,2025-01-15,2025-01-16,2025-01-16,Web,Part despatched
SO-2025-05131,C1346,WAR,2025-01-15,2025-01-21,2025-01-15,Telephone,Despatched
SO-2025-05132,C1034,WAR,2025-01-15,2025-01-21,2025-01-17,Trade counter,Despatched
SO-2025-05133,C1533,WAR,2025-01-15,2025-01-17,2025-01-15,Trade counter,Despatched
SO-2025-05134,C1051,WAR,2025-01-15,2025-01-17,2025-01-15,Telephone,Despatched
SO-2025-05135,C1040,BRS,2025-01-15,2025-01-20,2025-01-15,Account manager,Despatched
SO-2025-05136,C1140,BRS,2025-01-15,2025-01-16,2025-01-15,Trade counter,Despatched
SO-2025-05137,C1856,LIV,2025-01-15,2025-01-20,2025-01-16,Trade counter,Despatched
SO-2025-05138,C1357,LIV,2025-01-15,2025-01-17,2025-01-15,Telephone,Despatched
SO-2025-05139,C1856,LIV,2025-01-15,2025-01-17,2025-01-15,Trade counter,Despatched
SO-2025-05140,C1098,DAV,2025-01-16,2025-01-22,2025-01-16,Telephone,Despatched
SO-2025-05141,C1447,DAV,2025-01-16,2025-01-20,2025-01-16,Web,Despatched
SO-2025-05142,C1407,DAV,2025-01-16,2025-01-22,2025-01-20,Trade counter,Despatched
SO-2025-05143,C1593,DAV,2025-01-16,2025-01-17,2025-01-17,Account manager,Despatched
SO-2025-05144,C1554,DAV,2025-01-16,2025-01-17,2025-01-16,Web,Despatched
SO-2025-05145,C1881,DAV,2025-01-16,2025-01-17,2025-01-16,Trade counter,Part despatched
SO-2025-05146,C1270,DAV,2025-01-16,2025-01-20,2025-01-16,Web,Despatched
SO-2025-05147,C1648,DAV,2025-01-16,2025-01-21,2025-01-16,Telephone,Part despatched
SO-2025-05148,C1075,WAR,2025-01-16,2025-01-20,2025-01-20,Trade counter,Part despatched
SO-2025-05149,C1398,WAR,2025-01-16,2025-01-21,2025-01-16,Trade counter,Part despatched
SO-2025-05150,C1032,WAR,2025-01-16,2025-01-17,2025-01-16,Account manager,Despatched
SO-2025-05151,C1032,WAR,2025-01-16,2025-01-21,2025-01-17,Trade counter,Despatched
SO-2025-05152,C1463,BRS,2025-01-16,2025-01-17,2025-01-16,Trade counter,Despatched
SO-2025-05153,C1674,BRS,2025-01-16,2025-01-22,2025-01-16,Telephone,Despatched
SO-2025-05154,C1107,BRS,2025-01-16,2025-01-20,2025-01-17,Trade counter,Despatched
SO-2025-05155,C1435,LIV,2025-01-16,2025-01-17,2025-01-16,Account manager,Despatched
SO-2025-05156,C1422,LIV,2025-01-16,2025-01-20,2025-01-16,Telephone,Despatched
SO-2025-05157,C1821,LIV,2025-01-16,2025-01-21,2025-01-16,Web,Despatched
SO-2025-05158,C1029,LIV,2025-01-16,2025-01-20,2025-01-16,Web,Despatched
SO-2025-05159,C1521,DAV,2025-01-17,2025-01-21,2025-01-20,Telephone,Despatched
SO-2025-05160,C1744,DAV,2025-01-17,2025-01-20,2025-01-20,Telephone,Despatched
SO-2025-05161,C1366,DAV,2025-01-17,2025-01-21,2025-01-17,Trade counter,Despatched
SO-2025-05162,C1468,DAV,2025-01-17,2025-01-23,2025-01-17,Web,Despatched
SO-2025-05163,C1940,DAV,2025-01-17,2025-01-21,2025-01-17,Account manager,Despatched
SO-2025-05164,C1967,WAR,2025-01-17,2025-01-20,2025-01-20,Web,Despatched
SO-2025-05165,C1441,WAR,2025-01-17,2025-01-23,2025-01-17,Trade counter,Despatched
SO-2025-05166,C1844,WAR,2025-01-17,2025-01-22,2025-01-17,Web,Part despatched
SO-2025-05167,C1871,WAR,2025-01-17,2025-01-23,2025-01-17,Trade counter,Despatched
SO-2025-05168,C1790,WAR,2025-01-17,2025-01-20,2025-01-17,Trade counter,Despatched
SO-2025-05169,C1374,BRS,2025-01-17,2025-01-22,2025-01-17,Trade counter,Despatched
SO-2025-05170,C1773,BRS,2025-01-17,2025-01-20,2025-01-17,Telephone,Despatched
SO-2025-05171,C1475,BRS,2025-01-17,2025-01-20,2025-01-20,Telephone,Despatched
SO-2025-05172,C1259,BRS,2025-01-17,2025-01-22,2025-01-17,Web,Despatched
SO-2025-05173,C1674,BRS,2025-01-17,2025-01-22,2025-01-17,Account manager,Despatched
SO-2025-05174,C1505,BRS,2025-01-17,2025-01-20,2025-01-20,Trade counter,Despatched
SO-2025-05175,C1065,BRS,2025-01-17,2025-01-23,2025-01-17,Trade counter,Part despatched
SO-2025-05176,C1004,LIV,2025-01-17,2025-01-22,2025-01-20,Trade counter,Despatched
SO-2025-05177,C1422,LIV,2025-01-17,2025-01-22,2025-01-17,Trade counter,Part despatched
SO-2025-05178,C1599,DAV,2025-01-20,2025-01-23,2025-01-22,Trade counter,Despatched
SO-2025-05179,C1952,DAV,2025-01-20,2025-01-23,2025-01-20,Trade counter,Despatched
SO-2025-05180,C1098,DAV,2025-01-20,2025-01-24,2025-01-20,Web,Despatched
SO-2025-05181,C1366,DAV,2025-01-20,2025-01-23,2025-01-21,Trade counter,Despatched
SO-2025-05182,C1447,DAV,2025-01-20,2025-01-21,2025-01-20,Telephone,Part despatched
SO-2025-05183,C1669,DAV,2025-01-20,2025-01-23,2025-01-22,Telephone,Part despatched
SO-2025-05184,C1596,DAV,2025-01-20,2025-01-23,2025-01-20,Account manager,Despatched
SO-2025-05185,C1928,DAV,2025-01-20,2025-01-21,2025-01-20,Web,Despatched
SO-2025-05186,C1255,DAV,2025-01-20,2025-01-21,2025-01-21,Web,Despatched
SO-2025-05187,C1078,DAV,2025-01-20,2025-01-22,2025-01-20,Trade counter,Part despatched
SO-2025-05188,C1806,WAR,2025-01-20,2025-01-21,2025-01-21,Account manager,Part despatched
SO-2025-05189,C1450,WAR,2025-01-20,2025-01-21,2025-01-20,Trade counter,Despatched
SO-2025-05190,C1032,WAR,2025-01-20,2025-01-23,2025-01-20,Trade counter,Despatched
SO-2025-05191,C1215,WAR,2025-01-20,2025-01-24,2025-01-20,Trade counter,Part despatched
SO-2025-05192,C1264,WAR,2025-01-20,2025-01-24,2025-01-22,Account manager,Despatched
SO-2025-05193,C1065,BRS,2025-01-20,2025-01-22,2025-01-20,Trade counter,Despatched
SO-2025-05194,C1147,BRS,2025-01-20,2025-01-23,2025-01-20,Trade counter,Despatched
SO-2025-05195,C1330,BRS,2025-01-20,2025-01-23,2025-01-20,Account manager,Despatched
SO-2025-05196,C1659,BRS,2025-01-20,2025-01-22,2025-01-21,Web,Despatched
SO-2025-05197,C1422,LIV,2025-01-20,2025-01-21,2025-01-21,Trade counter,Despatched
SO-2025-05198,C1466,LIV,2025-01-20,2025-01-22,2025-01-20,Trade counter,Part despatched
SO-2025-05199,C1321,LIV,2025-01-20,2025-01-23,2025-01-20,Telephone,Despatched
SO-2025-05200,C1168,LIV,2025-01-20,2025-01-23,2025-01-20,Account manager,Despatched
SO-2025-05201,C1685,LIV,2025-01-20,2025-01-24,2025-01-20,Telephone,Despatched
SO-2025-05202,C1841,DAV,2025-01-21,2025-01-27,2025-01-22,Web,Part despatched
SO-2025-05203,C1888,DAV,2025-01-21,2025-01-23,2025-01-21,Trade counter,Despatched
SO-2025-05204,C1728,DAV,2025-01-21,2025-01-27,2025-01-22,Telephone,Despatched
SO-2025-05205,C1610,DAV,2025-01-21,2025-01-23,2025-01-21,Account manager,Despatched
SO-2025-05206,C1626,DAV,2025-01-21,2025-01-24,2025-01-21,Trade counter,Part despatched
SO-2025-05207,C1447,DAV,2025-01-21,2025-01-24,2025-01-21,Account manager,Part despatched
SO-2025-05208,C1551,DAV,2025-01-21,2025-01-22,2025-01-22,Telephone,Part despatched
SO-2025-05209,C1554,DAV,2025-01-21,2025-01-27,2025-01-21,Account manager,Part despatched
SO-2025-05210,C1593,DAV,2025-01-21,2025-01-27,2025-01-23,Web,Part despatched
SO-2025-05211,C1491,DAV,2025-01-21,2025-01-24,2025-01-21,Telephone,Despatched
SO-2025-05212,C1050,DAV,2025-01-21,2025-01-22,2025-01-21,Trade counter,Despatched
SO-2025-05213,C1010,WAR,2025-01-21,2025-01-23,2025-01-22,Web,Despatched
SO-2025-05214,C1866,WAR,2025-01-21,2025-01-22,2025-01-21,Trade counter,Part despatched
SO-2025-05215,C1234,WAR,2025-01-21,2025-01-24,2025-01-21,Telephone,Despatched
SO-2025-05216,C1871,WAR,2025-01-21,2025-01-23,2025-01-22,Telephone,Despatched
SO-2025-05217,C1349,WAR,2025-01-21,2025-01-23,2025-01-21,Telephone,Despatched
SO-2025-05218,C1988,WAR,2025-01-21,2025-01-24,2025-01-21,Web,Despatched
SO-2025-05219,C1398,WAR,2025-01-21,2025-01-24,2025-01-23,Account manager,Despatched
SO-2025-05220,C1017,WAR,2025-01-21,2025-01-24,2025-01-21,Telephone,Despatched
SO-2025-05221,C1409,WAR,2025-01-21,2025-01-22,2025-01-23,Trade counter,Despatched
SO-2025-05222,C1151,BRS,2025-01-21,2025-01-27,2025-01-24,Web,Despatched
SO-2025-05223,C1578,BRS,2025-01-21,2025-01-23,2025-01-21,Trade counter,Part despatched
SO-2025-05224,C1147,BRS,2025-01-21,2025-01-27,2025-01-21,Trade counter,Part despatched
SO-2025-05225,C1853,LIV,2025-01-21,2025-01-22,2025-01-21,Telephone,Part despatched
SO-2025-05226,C1094,DAV,2025-01-22,2025-01-24,2025-01-22,Trade counter,Despatched
SO-2025-05227,C1734,DAV,2025-01-22,2025-01-27,2025-01-22,Telephone,Despatched
SO-2025-05228,C1145,DAV,2025-01-22,2025-01-23,2025-01-24,Trade counter,Despatched
SO-2025-05229,C1532,DAV,2025-01-22,2025-01-24,2025-01-22,Trade counter,Despatched
SO-2025-05230,C1515,DAV,2025-01-22,2025-01-28,2025-01-24,Account manager,Despatched
SO-2025-05231,C1563,DAV,2025-01-22,2025-01-23,2025-01-23,Telephone,Part despatched
SO-2025-05232,C1035,DAV,2025-01-22,2025-01-24,2025-01-23,Web,Despatched
SO-2025-05233,C1366,DAV,2025-01-22,2025-01-24,2025-01-22,Web,Despatched
SO-2025-05234,C1434,DAV,2025-01-22,2025-01-23,2025-01-22,Telephone,Part despatched
SO-2025-05235,C1450,WAR,2025-01-22,2025-01-23,2025-01-23,Trade counter,Part despatched
SO-2025-05236,C1543,WAR,2025-01-22,2025-01-28,2025-01-23,Trade counter,Despatched
SO-2025-05237,C1081,WAR,2025-01-22,2025-01-28,2025-01-24,Trade counter,Despatched
SO-2025-05238,C1032,WAR,2025-01-22,2025-01-28,2025-01-22,Web,Part despatched
SO-2025-05239,C1535,WAR,2025-01-22,2025-01-24,2025-01-24,Trade counter,Despatched
SO-2025-05240,C1392,WAR,2025-01-22,2025-01-23,2025-01-22,Web,Despatched
SO-2025-05241,C1802,WAR,2025-01-22,2025-01-24,2025-01-22,Web,Despatched
SO-2025-05242,C1264,WAR,2025-01-22,2025-01-27,2025-01-27,Telephone,Despatched
SO-2025-05243,C1338,BRS,2025-01-22,2025-01-23,2025-01-22,Trade counter,Part despatched
SO-2025-05244,C1432,LIV,2025-01-22,2025-01-27,2025-01-22,Trade counter,Despatched
SO-2025-05245,C1038,LIV,2025-01-22,2025-01-23,2025-01-22,Telephone,Despatched
SO-2025-05246,C1249,DAV,2025-01-23,2025-01-29,2025-01-23,Account manager,Despatched
SO-2025-05247,C1372,DAV,2025-01-23,2025-01-29,2025-01-23,Account manager,Despatched
SO-2025-05248,C1145,DAV,2025-01-23,2025-01-29,2025-01-23,Account manager,Despatched
SO-2025-05249,C1098,DAV,2025-01-23,2025-01-29,2025-01-23,Telephone,Despatched
SO-2025-05250,C1120,DAV,2025-01-23,2025-01-27,2025-01-23,Trade counter,Despatched
SO-2025-05251,C1985,DAV,2025-01-23,2025-01-24,2025-01-24,Telephone,Despatched
SO-2025-05252,C1366,DAV,2025-01-23,2025-01-24,2025-01-23,Telephone,Despatched
SO-2025-05253,C1629,DAV,2025-01-23,2025-01-24,2025-01-23,Telephone,Despatched
SO-2025-05254,C1215,WAR,2025-01-23,2025-01-28,2025-01-23,Trade counter,Despatched
SO-2025-05255,C1955,WAR,2025-01-23,2025-01-29,2025-01-23,Trade counter,Part despatched
SO-2025-05256,C1212,BRS,2025-01-23,2025-01-29,2025-01-23,Trade counter,Despatched
SO-2025-05257,C1475,BRS,2025-01-23,2025-01-24,2025-01-23,Web,Despatched
SO-2025-05258,C1659,BRS,2025-01-23,2025-01-27,2025-01-27,Trade counter,Despatched
SO-2025-05259,C1107,BRS,2025-01-23,2025-01-29,2025-01-27,Telephone,Despatched
SO-2025-05260,C1266,LIV,2025-01-23,2025-01-28,2025-01-23,Telephone,Part despatched
SO-2025-05261,C1856,LIV,2025-01-23,2025-01-28,2025-01-23,Trade counter,Despatched
SO-2025-05262,C1856,LIV,2025-01-23,2025-01-28,2025-01-23,Account manager,Part despatched
SO-2025-05263,C1146,DAV,2025-01-24,2025-01-27,2025-01-24,Telephone,Part despatched
SO-2025-05264,C1648,DAV,2025-01-24,2025-01-28,2025-01-27,Telephone,Despatched
SO-2025-05265,C1253,DAV,2025-01-24,2025-01-27,2025-01-24,Web,Despatched
SO-2025-05266,C1648,DAV,2025-01-24,2025-01-28,2025-01-27,Web,Despatched
SO-2025-05267,C1278,DAV,2025-01-24,2025-01-29,2025-01-28,Trade counter,Despatched
SO-2025-05268,C1447,DAV,2025-01-24,2025-01-28,2025-01-24,Account manager,Despatched
SO-2025-05269,C1270,DAV,2025-01-24,2025-01-29,2025-01-24,Web,Despatched
SO-2025-05270,C1032,WAR,2025-01-24,2025-01-27,2025-01-24,Telephone,Despatched
SO-2025-05271,C1948,WAR,2025-01-24,2025-01-28,2025-01-24,Web,Despatched
SO-2025-05272,C1724,WAR,2025-01-24,2025-01-30,2025-01-24,Web,Part despatched
SO-2025-05273,C1848,WAR,2025-01-24,2025-01-28,2025-01-24,Telephone,Despatched
SO-2025-05274,C1010,WAR,2025-01-24,2025-01-27,2025-01-24,Trade counter,Despatched
SO-2025-05275,C1352,BRS,2025-01-24,2025-01-30,2025-01-28,Trade counter,Part despatched
SO-2025-05276,C1044,BRS,2025-01-24,2025-01-30,2025-01-24,Web,Despatched
SO-2025-05277,C1813,BRS,2025-01-24,2025-01-30,2025-01-27,Telephone,Despatched
SO-2025-05278,C1664,BRS,2025-01-24,2025-01-30,2025-01-24,Trade counter,Despatched
SO-2025-05279,C1578,BRS,2025-01-24,2025-01-27,2025-01-28,Telephone,Part despatched
SO-2025-05280,C1693,LIV,2025-01-24,2025-01-27,2025-01-24,Web,Despatched
SO-2025-05281,C1094,DAV,2025-01-27,2025-01-28,2025-01-27,Trade counter,Part despatched
SO-2025-05282,C1593,DAV,2025-01-27,2025-01-28,2025-01-27,Trade counter,Despatched
SO-2025-05283,C1052,DAV,2025-01-27,2025-01-29,2025-01-27,Web,Despatched
SO-2025-05284,C1120,DAV,2025-01-27,2025-01-28,2025-01-27,Telephone,Despatched
SO-2025-05285,C1401,DAV,2025-01-27,2025-01-28,2025-01-27,Account manager,Despatched
SO-2025-05286,C1676,DAV,2025-01-27,2025-01-31,2025-01-27,Telephone,Part despatched
SO-2025-05287,C1218,DAV,2025-01-27,2025-01-30,2025-01-27,Telephone,Despatched
SO-2025-05288,C1728,DAV,2025-01-27,2025-01-28,2025-01-27,Account manager,Despatched
SO-2025-05289,C1447,DAV,2025-01-27,2025-01-28,2025-01-27,Telephone,Part despatched
SO-2025-05290,C1120,DAV,2025-01-27,2025-01-30,2025-01-27,Telephone,Part despatched
SO-2025-05291,C1587,DAV,2025-01-27,2025-01-29,2025-01-27,Telephone,Despatched
SO-2025-05292,C1389,DAV,2025-01-27,2025-01-31,2025-01-27,Web,Despatched
SO-2025-05293,C1207,WAR,2025-01-27,2025-01-30,2025-01-27,Trade counter,Despatched
SO-2025-05294,C1679,WAR,2025-01-27,2025-01-28,2025-01-28,Telephone,Despatched
SO-2025-05295,C1983,WAR,2025-01-27,2025-01-29,2025-01-27,Web,Despatched
SO-2025-05296,C1402,WAR,2025-01-27,2025-01-30,2025-01-27,Telephone,Part despatched
SO-2025-05297,C1212,BRS,2025-01-27,2025-01-30,2025-01-30,Telephone,Despatched
SO-2025-05298,C1733,BRS,2025-01-27,2025-01-28,2025-01-27,Trade counter,Despatched
SO-2025-05299,C1835,LIV,2025-01-27,2025-01-28,2025-01-27,Web,Part despatched
SO-2025-05300,C1607,LIV,2025-01-27,2025-01-28,2025-01-27,Trade counter,Despatched
SO-2025-05301,C1726,LIV,2025-01-27,2025-01-31,2025-01-30,Trade counter,Despatched
SO-2025-05302,C1634,LIV,2025-01-27,2025-01-30,2025-01-27,Account manager,Despatched
SO-2025-05303,C1599,DAV,2025-01-28,2025-01-30,2025-01-28,Telephone,Despatched
SO-2025-05304,C1841,DAV,2025-01-28,2025-01-30,2025-01-29,Trade counter,Despatched
SO-2025-05305,C1366,DAV,2025-01-28,2025-01-30,2025-01-30,Web,Despatched
SO-2025-05306,C1447,DAV,2025-01-28,2025-02-03,2025-01-29,Trade counter,Despatched
SO-2025-05307,C1479,DAV,2025-01-28,2025-01-29,2025-01-28,Web,Part despatched
SO-2025-05308,C1015,DAV,2025-01-28,2025-02-03,2025-01-28,Account manager,Despatched
SO-2025-05309,C1145,DAV,2025-01-28,2025-02-03,2025-01-28,Trade counter,Despatched
SO-2025-05310,C1871,WAR,2025-01-28,2025-01-30,2025-01-28,Telephone,Despatched
SO-2025-05311,C1790,WAR,2025-01-28,2025-01-30,2025-01-28,Trade counter,Despatched
SO-2025-05312,C1651,WAR,2025-01-28,2025-02-03,2025-01-29,Account manager,Despatched
SO-2025-05313,C1238,BRS,2025-01-28,2025-02-03,2025-01-28,Trade counter,Part despatched
SO-2025-05314,C1659,BRS,2025-01-28,2025-01-30,2025-01-28,Web,Despatched
SO-2025-05315,C1302,BRS,2025-01-28,2025-01-31,2025-01-28,Web,Despatched
SO-2025-05316,C1040,BRS,2025-01-28,2025-02-03,2025-01-28,Telephone,Part despatched
SO-2025-05317,C1247,BRS,2025-01-28,2025-01-31,2025-01-28,Account manager,Despatched
SO-2025-05318,C1374,BRS,2025-01-28,2025-02-03,2025-01-28,Web,Part despatched
SO-2025-05319,C1168,LIV,2025-01-28,2025-02-03,2025-01-28,Account manager,Despatched
SO-2025-05320,C1085,LIV,2025-01-28,2025-02-03,2025-01-28,Telephone,Despatched
SO-2025-05321,C1423,LIV,2025-01-28,2025-01-29,2025-01-28,Trade counter,Despatched
SO-2025-05322,C1726,LIV,2025-01-28,2025-01-31,2025-01-28,Trade counter,Despatched
SO-2025-05323,C1038,LIV,2025-01-28,2025-01-31,2025-01-28,Telephone,Despatched
SO-2025-05324,C1521,DAV,2025-01-29,2025-02-03,2025-01-30,Account manager,Despatched
SO-2025-05325,C1648,DAV,2025-01-29,2025-01-31,2025-01-29,Account manager,Despatched
SO-2025-05326,C1137,DAV,2025-01-29,2025-01-31,2025-01-29,Telephone,Despatched
SO-2025-05327,C1366,DAV,2025-01-29,2025-01-30,2025-01-30,Telephone,Part despatched
SO-2025-05328,C1447,DAV,2025-01-29,2025-01-30,2025-01-30,Telephone,Part despatched
SO-2025-05329,C1599,DAV,2025-01-29,2025-02-03,2025-01-29,Trade counter,Despatched
SO-2025-05330,C1936,DAV,2025-01-29,2025-02-04,2025-01-30,Trade counter,Despatched
SO-2025-05331,C1209,DAV,2025-01-29,2025-01-31,2025-01-30,Telephone,Despatched
SO-2025-05332,C1354,DAV,2025-01-29,2025-01-30,2025-01-29,Web,Despatched
SO-2025-05333,C1215,WAR,2025-01-29,2025-01-30,2025-01-29,Web,Despatched
SO-2025-05334,C1349,WAR,2025-01-29,2025-02-03,2025-01-29,Telephone,Despatched
SO-2025-05335,C1156,WAR,2025-01-29,2025-01-30,2025-01-29,Trade counter,Despatched
SO-2025-05336,C1391,WAR,2025-01-29,2025-02-03,2025-01-29,Telephone,Despatched
SO-2025-05337,C1032,WAR,2025-01-29,2025-01-30,2025-01-29,Trade counter,Despatched
SO-2025-05338,C1844,WAR,2025-01-29,2025-01-31,2025-01-29,Telephone,Despatched
SO-2025-05339,C1174,WAR,2025-01-29,2025-01-31,2025-01-29,Account manager,Part despatched
SO-2025-05340,C1961,WAR,2025-01-29,2025-02-04,2025-01-31,Trade counter,Despatched
SO-2025-05341,C1560,WAR,2025-01-29,2025-01-30,2025-01-29,Trade counter,Part despatched
SO-2025-05342,C1147,BRS,2025-01-29,2025-01-31,2025-01-30,Telephone,Despatched
SO-2025-05343,C1151,BRS,2025-01-29,2025-02-03,2025-01-29,Web,Despatched
SO-2025-05344,C1463,BRS,2025-01-29,2025-01-31,2025-01-29,Account manager,Despatched
SO-2025-05345,C1044,BRS,2025-01-29,2025-02-03,2025-01-29,Web,Part despatched
SO-2025-05346,C1578,BRS,2025-01-29,2025-01-31,2025-01-29,Telephone,Part despatched
SO-2025-05347,C1085,LIV,2025-01-29,2025-02-03,2025-01-29,Telephone,Part despatched
SO-2025-05348,C1435,LIV,2025-01-29,2025-01-31,2025-01-29,Web,Despatched
SO-2025-05349,C1168,LIV,2025-01-29,2025-01-30,2025-01-30,Telephone,Despatched
SO-2025-05350,C1835,LIV,2025-01-29,2025-02-04,2025-01-29,Telephone,Despatched
SO-2025-05351,C1823,LIV,2025-01-29,2025-02-04,2025-01-30,Telephone,Despatched
SO-2025-05352,C1340,DAV,2025-01-30,2025-01-31,2025-01-30,Telephone,Despatched
SO-2025-05353,C1648,DAV,2025-01-30,2025-02-03,2025-01-30,Trade counter,Despatched
SO-2025-05354,C1278,DAV,2025-01-30,2025-02-05,2025-01-30,Web,Despatched
SO-2025-05355,C1515,DAV,2025-01-30,2025-02-04,2025-01-30,Web,Part despatched
SO-2025-05356,C1201,DAV,2025-01-30,2025-01-31,2025-01-30,Telephone,Part despatched
SO-2025-05357,C1866,WAR,2025-01-30,2025-02-05,2025-01-30,Trade counter,Despatched
SO-2025-05358,C1243,WAR,2025-01-30,2025-02-03,2025-01-30,Web,Part despatched
SO-2025-05359,C1482,WAR,2025-01-30,2025-01-31,2025-01-30,Trade counter,Despatched
SO-2025-05360,C1822,WAR,2025-01-30,2025-02-03,2025-02-04,Trade counter,Part despatched
SO-2025-05361,C1343,BRS,2025-01-30,2025-02-05,2025-01-30,Trade counter,Part despatched
SO-2025-05362,C1259,BRS,2025-01-30,2025-02-04,2025-01-30,Web,Part despatched
SO-2025-05363,C1697,BRS,2025-01-30,2025-02-05,2025-01-30,Telephone,Despatched
SO-2025-05364,C1435,LIV,2025-01-30,2025-02-03,2025-02-04,Account manager,Despatched
SO-2025-05365,C1821,LIV,2025-01-30,2025-01-31,2025-01-30,Telephone,Part despatched
SO-2025-05366,C1835,LIV,2025-01-30,2025-02-04,2025-01-30,Trade counter,Despatched
SO-2025-05367,C1435,LIV,2025-01-30,2025-01-31,2025-01-31,Account manager,Despatched
SO-2025-05368,C1959,LIV,2025-01-30,2025-02-03,2025-01-30,Web,Despatched
SO-2025-05369,C1636,DAV,2025-01-31,2025-02-05,2025-01-31,Web,Despatched
SO-2025-05370,C1227,DAV,2025-01-31,2025-02-06,2025-01-31,Trade counter,Part despatched
SO-2025-05371,C1551,DAV,2025-01-31,2025-02-05,2025-01-31,Telephone,Part despatched
SO-2025-05372,C1841,DAV,2025-01-31,2025-02-05,2025-02-04,Account manager,Despatched
SO-2025-05373,C1270,DAV,2025-01-31,2025-02-05,2025-02-03,Trade counter,Despatched
SO-2025-05374,C1563,DAV,2025-01-31,2025-02-05,2025-01-31,Telephone,Part despatched
SO-2025-05375,C1056,DAV,2025-01-31,2025-02-03,2025-02-04,Web,Despatched
SO-2025-05376,C1728,DAV,2025-01-31,2025-02-06,2025-02-03,Account manager,Despatched
SO-2025-05377,C1926,DAV,2025-01-31,2025-02-06,2025-01-31,Telephone,Despatched
SO-2025-05378,C1492,WAR,2025-01-31,2025-02-06,2025-01-31,Web,Despatched
SO-2025-05379,C1282,WAR,2025-01-31,2025-02-06,2025-01-31,Trade counter,Despatched
SO-2025-05380,C1057,WAR,2025-01-31,2025-02-04,2025-01-31,Web,Despatched
SO-2025-05381,C1247,BRS,2025-01-31,2025-02-06,2025-01-31,Trade counter,Part despatched
SO-2025-05382,C1557,BRS,2025-01-31,2025-02-04,,Web,Cancelled
SO-2025-05383,C1475,BRS,2025-01-31,2025-02-03,2025-02-03,Account manager,Despatched
SO-2025-05384,C1785,BRS,2025-01-31,2025-02-06,2025-02-03,Web,Despatched
SO-2025-05385,C1578,BRS,2025-01-31,2025-02-06,2025-02-03,Web,Despatched
SO-2025-05386,C1475,BRS,2025-01-31,2025-02-05,2025-02-04,Trade counter,Despatched
SO-2025-05387,C1004,LIV,2025-01-31,2025-02-05,2025-02-03,Trade counter,Despatched
SO-2025-05388,C1856,LIV,2025-01-31,2025-02-04,2025-01-31,Trade counter,Despatched
SO-2025-05389,C1255,DAV,2025-02-03,2025-02-07,2025-02-03,Telephone,Despatched
SO-2025-05390,C1447,DAV,2025-02-03,2025-02-07,2025-02-03,Telephone,Despatched
SO-2025-05391,C1985,DAV,2025-02-03,2025-02-05,2025-02-03,Trade counter,Despatched
SO-2025-05392,C1056,DAV,2025-02-03,2025-02-07,2025-02-04,Trade counter,Despatched
SO-2025-05393,C1765,DAV,2025-02-03,2025-02-04,2025-02-03,Web,Despatched
SO-2025-05394,C1447,DAV,2025-02-03,2025-02-06,2025-02-03,Account manager,Despatched
SO-2025-05395,C1078,DAV,2025-02-03,2025-02-06,2025-02-03,Trade counter,Part despatched
SO-2025-05396,C1898,DAV,2025-02-03,2025-02-05,2025-02-03,Web,Despatched
SO-2025-05397,C1408,WAR,2025-02-03,2025-02-07,2025-02-03,Telephone,Despatched
SO-2025-05398,C1752,WAR,2025-02-03,2025-02-07,2025-02-03,Telephone,Part despatched
SO-2025-05399,C1032,WAR,2025-02-03,2025-02-06,2025-02-03,Trade counter,Despatched
SO-2025-05400,C1697,BRS,2025-02-03,2025-02-04,2025-02-03,Telephone,Part despatched
SO-2025-05401,C1338,BRS,2025-02-03,2025-02-07,2025-02-04,Account manager,Despatched
SO-2025-05402,C1302,BRS,2025-02-03,2025-02-07,2025-02-06,Telephone,Despatched
SO-2025-05403,C1168,LIV,2025-02-03,2025-02-04,2025-02-03,Web,Despatched
SO-2025-05404,C1098,DAV,2025-02-04,2025-02-07,2025-02-04,Trade counter,Part despatched
SO-2025-05405,C1366,DAV,2025-02-04,2025-02-07,2025-02-04,Account manager,Despatched
SO-2025-05406,C1648,DAV,2025-02-04,2025-02-07,2025-02-04,Telephone,Despatched
SO-2025-05407,C1094,DAV,2025-02-04,2025-02-05,2025-02-06,Trade counter,Part despatched
SO-2025-05408,C1512,DAV,2025-02-04,2025-02-07,2025-02-05,Trade counter,Despatched
SO-2025-05409,C1389,DAV,2025-02-04,2025-02-06,2025-02-04,Trade counter,Despatched
SO-2025-05410,C1447,DAV,2025-02-04,2025-02-05,2025-02-04,Telephone,Despatched
SO-2025-05411,C1255,DAV,2025-02-04,2025-02-10,2025-02-05,Telephone,Despatched
SO-2025-05412,C1243,WAR,2025-02-04,2025-02-06,2025-02-04,Trade counter,Part despatched
SO-2025-05413,C1405,WAR,2025-02-04,2025-02-06,2025-02-04,Trade counter,Part despatched
SO-2025-05414,C1697,BRS,2025-02-04,2025-02-07,2025-02-04,Web,Despatched
SO-2025-05415,C1501,BRS,2025-02-04,2025-02-10,2025-02-04,Account manager,Despatched
SO-2025-05416,C1044,BRS,2025-02-04,2025-02-07,2025-02-04,Trade counter,Despatched
SO-2025-05417,C1338,BRS,2025-02-04,2025-02-06,2025-02-05,Telephone,Despatched
SO-2025-05418,C1578,BRS,2025-02-04,2025-02-06,2025-02-04,Account manager,Despatched
SO-2025-05419,C1870,BRS,2025-02-04,2025-02-07,2025-02-04,Web,Despatched
SO-2025-05420,C1109,LIV,2025-02-04,2025-02-07,2025-02-04,Telephone,Part despatched
SO-2025-05421,C1634,LIV,2025-02-04,2025-02-10,2025-02-04,Telephone,Despatched
SO-2025-05422,C1145,DAV,2025-02-05,2025-02-11,,Trade counter,Cancelled
SO-2025-05423,C1593,DAV,2025-02-05,2025-02-11,2025-02-05,Web,Despatched
SO-2025-05424,C1457,DAV,2025-02-05,2025-02-06,2025-02-05,Trade counter,Despatched
SO-2025-05425,C1636,DAV,2025-02-05,2025-02-07,2025-02-06,Account manager,Despatched
SO-2025-05426,C1073,DAV,2025-02-05,2025-02-07,2025-02-05,Telephone,Part despatched
SO-2025-05427,C1270,DAV,2025-02-05,2025-02-11,2025-02-06,Trade counter,Despatched
SO-2025-05428,C1593,DAV,2025-02-05,2025-02-07,2025-02-05,Telephone,Despatched
SO-2025-05429,C1299,DAV,2025-02-05,2025-02-10,2025-02-05,Web,Despatched
SO-2025-05430,C1593,DAV,2025-02-05,2025-02-07,2025-02-05,Web,Despatched
SO-2025-05431,C1882,DAV,2025-02-05,2025-02-07,2025-02-05,Telephone,Despatched
SO-2025-05432,C1255,DAV,2025-02-05,2025-02-10,2025-02-05,Telephone,Despatched
SO-2025-05433,C1164,WAR,2025-02-05,2025-02-10,2025-02-05,Telephone,Part despatched
SO-2025-05434,C1482,WAR,2025-02-05,2025-02-06,2025-02-05,Trade counter,Despatched
SO-2025-05435,C1234,WAR,2025-02-05,2025-02-10,2025-02-06,Web,Despatched
SO-2025-05436,C1243,WAR,2025-02-05,2025-02-07,2025-02-06,Trade counter,Despatched
SO-2025-05437,C1844,WAR,2025-02-05,2025-02-07,2025-02-07,Trade counter,Despatched
SO-2025-05438,C1302,BRS,2025-02-05,2025-02-07,2025-02-05,Trade counter,Despatched
SO-2025-05439,C1302,BRS,2025-02-05,2025-02-10,2025-02-06,Telephone,Despatched
SO-2025-05440,C1147,BRS,2025-02-05,2025-02-06,2025-02-05,Telephone,Despatched
SO-2025-05441,C1374,BRS,2025-02-05,2025-02-06,2025-02-05,Web,Despatched
SO-2025-05442,C1147,BRS,2025-02-05,2025-02-11,2025-02-05,Trade counter,Despatched
SO-2025-05443,C1900,LIV,2025-02-05,2025-02-10,2025-02-05,Account manager,Despatched
SO-2025-05444,C1255,DAV,2025-02-06,2025-02-10,2025-02-07,Telephone,Despatched
SO-2025-05445,C1299,DAV,2025-02-06,2025-02-07,2025-02-06,Web,Despatched
SO-2025-05446,C1708,DAV,2025-02-06,2025-02-12,2025-02-06,Telephone,Despatched
SO-2025-05447,C1452,DAV,2025-02-06,2025-02-07,2025-02-10,Trade counter,Part despatched
SO-2025-05448,C1447,DAV,2025-02-06,2025-02-07,2025-02-06,Web,Despatched
SO-2025-05449,C1251,DAV,2025-02-06,2025-02-07,2025-02-06,Web,Part despatched
SO-2025-05450,C1227,DAV,2025-02-06,2025-02-10,2025-02-07,Trade counter,Despatched
SO-2025-05451,C1728,DAV,2025-02-06,2025-02-07,2025-02-06,Telephone,Despatched
SO-2025-05452,C1234,WAR,2025-02-06,2025-02-12,2025-02-06,Trade counter,Despatched
SO-2025-05453,C1844,WAR,2025-02-06,2025-02-11,2025-02-06,Trade counter,Part despatched
SO-2025-05454,C1697,BRS,2025-02-06,2025-02-10,2025-02-06,Trade counter,Despatched
SO-2025-05455,C1717,BRS,2025-02-06,2025-02-11,2025-02-07,Web,Despatched
SO-2025-05456,C1382,BRS,2025-02-06,2025-02-07,2025-02-06,Account manager,Despatched
SO-2025-05457,C1432,LIV,2025-02-06,2025-02-10,2025-02-07,Web,Despatched
SO-2025-05458,C1483,LIV,2025-02-06,2025-02-07,2025-02-06,Telephone,Despatched
SO-2025-05459,C1085,LIV,2025-02-06,2025-02-10,2025-02-06,Trade counter,Despatched
SO-2025-05460,C1478,LIV,2025-02-06,2025-02-07,2025-02-06,Web,Despatched
SO-2025-05461,C1184,DAV,2025-02-07,2025-02-12,2025-02-07,Telephone,Despatched
SO-2025-05462,C1097,DAV,2025-02-07,2025-02-13,2025-02-10,Telephone,Part despatched
SO-2025-05463,C1145,DAV,2025-02-07,2025-02-12,2025-02-07,Account manager,Despatched
SO-2025-05464,C1841,DAV,2025-02-07,2025-02-12,2025-02-10,Trade counter,Despatched
SO-2025-05465,C1278,DAV,2025-02-07,2025-02-13,2025-02-10,Account manager,Despatched
SO-2025-05466,C1367,DAV,2025-02-07,2025-02-10,2025-02-07,Trade counter,Despatched
SO-2025-05467,C1795,DAV,2025-02-07,2025-02-10,2025-02-07,Trade counter,Despatched
SO-2025-05468,C1936,DAV,2025-02-07,2025-02-11,2025-02-07,Telephone,Despatched
SO-2025-05469,C1138,DAV,2025-02-07,2025-02-10,2025-02-07,Web,Despatched
SO-2025-05470,C1191,DAV,2025-02-07,2025-02-10,2025-02-07,Telephone,Part despatched
SO-2025-05471,C1145,DAV,2025-02-07,2025-02-12,2025-02-10,Trade counter,Despatched
SO-2025-05472,C1429,DAV,2025-02-07,2025-02-11,2025-02-07,Trade counter,Despatched
SO-2025-05473,C1950,WAR,2025-02-07,2025-02-12,2025-02-12,Web,Despatched
SO-2025-05474,C1395,WAR,2025-02-07,2025-02-12,2025-02-07,Account manager,Despatched
SO-2025-05475,C1234,WAR,2025-02-07,2025-02-11,2025-02-07,Web,Despatched
SO-2025-05476,C1697,BRS,2025-02-07,2025-02-11,2025-02-07,Telephone,Part despatched
SO-2025-05477,C1501,BRS,2025-02-07,2025-02-13,2025-02-07,Telephone,Part despatched
SO-2025-05478,C1247,BRS,2025-02-07,2025-02-12,2025-02-07,Trade counter,Part despatched
SO-2025-05479,C1107,BRS,2025-02-07,2025-02-12,2025-02-10,Web,Despatched
SO-2025-05480,C1478,LIV,2025-02-07,2025-02-13,2025-02-10,Web,Despatched
SO-2025-05481,C1599,DAV,2025-02-10,2025-02-11,2025-02-10,Trade counter,Despatched
SO-2025-05482,C1440,DAV,2025-02-10,2025-02-14,2025-02-11,Web,Despatched
SO-2025-05483,C1255,DAV,2025-02-10,2025-02-11,2025-02-12,Trade counter,Despatched
SO-2025-05484,C1372,DAV,2025-02-10,2025-02-13,2025-02-10,Telephone,Despatched
SO-2025-05485,C1931,DAV,2025-02-10,2025-02-12,2025-02-11,Account manager,Despatched
SO-2025-05486,C1278,DAV,2025-02-10,2025-02-12,2025-02-10,Web,Despatched
SO-2025-05487,C1434,DAV,2025-02-10,2025-02-11,2025-02-10,Trade counter,Despatched
SO-2025-05488,C1702,WAR,2025-02-10,2025-02-14,2025-02-11,Account manager,Part despatched
SO-2025-05489,C1450,WAR,2025-02-10,2025-02-13,2025-02-10,Trade counter,Part despatched
SO-2025-05490,C1822,WAR,2025-02-10,2025-02-14,2025-02-10,Telephone,Despatched
SO-2025-05491,C1460,WAR,2025-02-10,2025-02-14,2025-02-11,Telephone,Part despatched
SO-2025-05492,C1450,WAR,2025-02-10,2025-02-13,2025-02-10,Trade counter,Despatched
SO-2025-05493,C1343,BRS,2025-02-10,2025-02-14,2025-02-10,Trade counter,Despatched
SO-2025-05494,C1944,BRS,2025-02-10,2025-02-13,2025-02-11,Trade counter,Despatched
SO-2025-05495,C1343,BRS,2025-02-10,2025-02-14,2025-02-10,Web,Despatched
SO-2025-05496,C1475,BRS,2025-02-10,2025-02-11,2025-02-10,Telephone,Despatched
SO-2025-05497,C1147,BRS,2025-02-10,2025-02-14,2025-02-10,Trade counter,Part despatched
SO-2025-05498,C1379,LIV,2025-02-10,2025-02-13,2025-02-10,Telephone,Despatched
SO-2025-05499,C1821,LIV,2025-02-10,2025-02-11,2025-02-10,Account manager,Despatched
SO-2025-05500,C1478,LIV,2025-02-10,2025-02-11,2025-02-10,Trade counter,Despatched
SO-2025-05501,C1266,LIV,2025-02-10,2025-02-11,2025-02-10,Account manager,Despatched
SO-2025-05502,C1168,LIV,2025-02-10,2025-02-11,2025-02-12,Trade counter,Despatched
SO-2025-05503,C1168,LIV,2025-02-10,2025-02-11,2025-02-10,Web,Despatched
SO-2025-05504,C1033,LIV,2025-02-10,2025-02-14,2025-02-11,Telephone,Despatched
SO-2025-05505,C1299,DAV,2025-02-11,2025-02-14,2025-02-12,Telephone,Despatched
SO-2025-05506,C1437,DAV,2025-02-11,2025-02-13,2025-02-12,Web,Part despatched
SO-2025-05507,C1593,DAV,2025-02-11,2025-02-14,2025-02-12,Trade counter,Despatched
SO-2025-05508,C1145,DAV,2025-02-11,2025-02-14,2025-02-12,Trade counter,Despatched
SO-2025-05509,C1278,DAV,2025-02-11,2025-02-17,2025-02-11,Telephone,Despatched
SO-2025-05510,C1593,DAV,2025-02-11,2025-02-17,2025-02-11,Telephone,Despatched
SO-2025-05511,C1385,DAV,2025-02-11,2025-02-17,2025-02-13,Telephone,Despatched
SO-2025-05512,C1097,DAV,2025-02-11,2025-02-17,2025-02-13,Trade counter,Despatched
SO-2025-05513,C1898,DAV,2025-02-11,2025-02-14,2025-02-11,Telephone,Part despatched
SO-2025-05514,C1610,DAV,2025-02-11,2025-02-17,2025-02-12,Telephone,Part despatched
SO-2025-05515,C1515,DAV,2025-02-11,2025-02-13,2025-02-11,Trade counter,Despatched
SO-2025-05516,C1728,DAV,2025-02-11,2025-02-12,2025-02-11,Web,Despatched
SO-2025-05517,C1215,WAR,2025-02-11,2025-02-13,2025-02-11,Web,Despatched
SO-2025-05518,C1032,WAR,2025-02-11,2025-02-14,2025-02-11,Telephone,Despatched
SO-2025-05519,C1441,WAR,2025-02-11,2025-02-13,2025-02-13,Telephone,Despatched
SO-2025-05520,C1581,WAR,2025-02-11,2025-02-14,2025-02-11,Telephone,Despatched
SO-2025-05521,C1215,WAR,2025-02-11,2025-02-13,2025-02-11,Web,Part despatched
SO-2025-05522,C1988,WAR,2025-02-11,2025-02-12,2025-02-11,Telephone,Part despatched
SO-2025-05523,C1482,WAR,2025-02-11,2025-02-12,2025-02-12,Telephone,Despatched
SO-2025-05524,C1697,BRS,2025-02-11,2025-02-14,2025-02-11,Web,Despatched
SO-2025-05525,C1463,BRS,2025-02-11,2025-02-14,2025-02-11,Telephone,Part despatched
SO-2025-05526,C1501,BRS,2025-02-11,2025-02-12,2025-02-11,Account manager,Despatched
SO-2025-05527,C1071,BRS,2025-02-11,2025-02-17,2025-02-11,Account manager,Despatched
SO-2025-05528,C1659,BRS,2025-02-11,2025-02-13,2025-02-11,Telephone,Despatched
SO-2025-05529,C1870,BRS,2025-02-11,2025-02-12,2025-02-11,Trade counter,Part despatched
SO-2025-05530,C1659,BRS,2025-02-11,2025-02-13,2025-02-11,Web,Part despatched
SO-2025-05531,C1823,LIV,2025-02-11,2025-02-13,2025-02-11,Trade counter,Despatched
SO-2025-05532,C1478,LIV,2025-02-11,2025-02-12,2025-02-11,Telephone,Part despatched
SO-2025-05533,C1094,DAV,2025-02-12,2025-02-18,2025-02-12,Trade counter,Part despatched
SO-2025-05534,C1569,DAV,2025-02-12,2025-02-18,2025-02-12,Account manager,Despatched
SO-2025-05535,C1629,DAV,2025-02-12,2025-02-17,2025-02-12,Trade counter,Despatched
SO-2025-05536,C1320,DAV,2025-02-12,2025-02-18,2025-02-12,Web,Part despatched
SO-2025-05537,C1078,DAV,2025-02-12,2025-02-17,2025-02-12,Trade counter,Despatched
SO-2025-05538,C1270,DAV,2025-02-12,2025-02-18,2025-02-13,Trade counter,Part despatched
SO-2025-05539,C1311,DAV,2025-02-12,2025-02-18,2025-02-13,Web,Despatched
SO-2025-05540,C1716,WAR,2025-02-12,2025-02-14,2025-02-12,Web,Despatched
SO-2025-05541,C1950,WAR,2025-02-12,2025-02-18,2025-02-13,Web,Despatched
SO-2025-05542,C1230,WAR,2025-02-12,2025-02-14,2025-02-14,Trade counter,Despatched
SO-2025-05543,C1182,WAR,2025-02-12,2025-02-14,2025-02-13,Web,Part despatched
SO-2025-05544,C1802,WAR,2025-02-12,2025-02-13,2025-02-12,Web,Despatched
SO-2025-05545,C1659,BRS,2025-02-12,2025-02-13,2025-02-12,Account manager,Despatched
SO-2025-05546,C1659,BRS,2025-02-12,2025-02-14,2025-02-12,Telephone,Despatched
SO-2025-05547,C1387,BRS,2025-02-12,2025-02-13,2025-02-12,Account manager,Despatched
SO-2025-05548,C1339,BRS,2025-02-12,2025-02-18,2025-02-14,Account manager,Despatched
SO-2025-05549,C1254,LIV,2025-02-12,2025-02-18,2025-02-13,Trade counter,Despatched
SO-2025-05550,C1085,LIV,2025-02-12,2025-02-17,2025-02-13,Telephone,Despatched
SO-2025-05551,C1610,DAV,2025-02-13,2025-02-14,2025-02-13,Trade counter,Part despatched
SO-2025-05552,C1429,DAV,2025-02-13,2025-02-18,2025-02-13,Trade counter,Part despatched
SO-2025-05553,C1278,DAV,2025-02-13,2025-02-17,2025-02-13,Telephone,Despatched
SO-2025-05554,C1429,DAV,2025-02-13,2025-02-19,2025-02-13,Account manager,Despatched
SO-2025-05555,C1401,DAV,2025-02-13,2025-02-19,2025-02-13,Web,Despatched
SO-2025-05556,C1253,DAV,2025-02-13,2025-02-18,2025-02-13,Trade counter,Despatched
SO-2025-05557,C1577,DAV,2025-02-13,2025-02-14,2025-02-14,Telephone,Despatched
SO-2025-05558,C1933,WAR,2025-02-13,2025-02-14,2025-02-13,Trade counter,Part despatched
SO-2025-05559,C1355,WAR,2025-02-13,2025-02-17,2025-02-13,Telephone,Despatched
SO-2025-05560,C1581,WAR,2025-02-13,2025-02-14,2025-02-13,Web,Despatched
SO-2025-05561,C1983,WAR,2025-02-13,2025-02-14,2025-02-14,Telephone,Part despatched
SO-2025-05562,C1948,WAR,2025-02-13,2025-02-17,2025-02-14,Web,Despatched
SO-2025-05563,C1147,BRS,2025-02-13,2025-02-14,2025-02-14,Trade counter,Despatched
SO-2025-05564,C1475,BRS,2025-02-13,2025-02-18,2025-02-14,Account manager,Part despatched
SO-2025-05565,C1664,BRS,2025-02-13,2025-02-19,2025-02-13,Trade counter,Despatched
SO-2025-05566,C1302,BRS,2025-02-13,2025-02-14,2025-02-13,Account manager,Despatched
SO-2025-05567,C1339,BRS,2025-02-13,2025-02-14,2025-02-18,Trade counter,Despatched
SO-2025-05568,C1247,BRS,2025-02-13,2025-02-19,2025-02-13,Trade counter,Despatched
SO-2025-05569,C1168,LIV,2025-02-13,2025-02-19,2025-02-13,Web,Despatched
SO-2025-05570,C1168,LIV,2025-02-13,2025-02-19,2025-02-14,Telephone,Part despatched
SO-2025-05571,C1685,LIV,2025-02-13,2025-02-14,2025-02-13,Telephone,Despatched
SO-2025-05572,C1366,DAV,2025-02-14,2025-02-17,2025-02-18,Web,Despatched
SO-2025-05573,C1599,DAV,2025-02-14,2025-02-17,2025-02-19,Account manager,Despatched
SO-2025-05574,C1940,DAV,2025-02-14,2025-02-18,2025-02-17,Trade counter,Despatched
SO-2025-05575,C1078,DAV,2025-02-14,2025-02-17,2025-02-14,Trade counter,Part despatched
SO-2025-05576,C1744,DAV,2025-02-14,2025-02-19,2025-02-14,Trade counter,Despatched
SO-2025-05577,C1901,DAV,2025-02-14,2025-02-18,2025-02-18,Account manager,Part despatched
SO-2025-05578,C1145,DAV,2025-02-14,2025-02-20,2025-02-14,Telephone,Despatched
SO-2025-05579,C1299,DAV,2025-02-14,2025-02-17,2025-02-19,Trade counter,Despatched
SO-2025-05580,C1429,DAV,2025-02-14,2025-02-18,2025-02-17,Trade counter,Despatched
SO-2025-05581,C1299,DAV,2025-02-14,2025-02-18,2025-02-14,Account manager,Despatched
SO-2025-05582,C1800,DAV,2025-02-14,2025-02-20,2025-02-17,Web,Despatched
SO-2025-05583,C1249,DAV,2025-02-14,2025-02-17,2025-02-14,Trade counter,Part despatched
SO-2025-05584,C1278,DAV,2025-02-14,2025-02-17,2025-02-14,Telephone,Part despatched
SO-2025-05585,C1141,WAR,2025-02-14,2025-02-17,2025-02-14,Trade counter,Despatched
SO-2025-05586,C1482,WAR,2025-02-14,2025-02-19,2025-02-14,Trade counter,Despatched
SO-2025-05587,C1750,WAR,2025-02-14,2025-02-19,2025-02-14,Telephone,Despatched
SO-2025-05588,C1215,WAR,2025-02-14,2025-02-17,2025-02-17,Web,Part despatched
SO-2025-05589,C1215,WAR,2025-02-14,2025-02-18,2025-02-17,Account manager,Part despatched
SO-2025-05590,C1848,WAR,2025-02-14,2025-02-18,2025-02-17,Trade counter,Despatched
SO-2025-05591,C1948,WAR,2025-02-14,2025-02-19,2025-02-14,Web,Despatched
SO-2025-05592,C1918,WAR,2025-02-14,2025-02-18,2025-02-14,Trade counter,Despatched
SO-2025-05593,C1560,WAR,2025-02-14,2025-02-18,2025-02-14,Telephone,Despatched
SO-2025-05594,C1741,BRS,2025-02-14,2025-02-18,2025-02-17,Trade counter,Part despatched
SO-2025-05595,C1151,BRS,2025-02-14,2025-02-19,2025-02-18,Telephone,Part despatched
SO-2025-05596,C1541,BRS,2025-02-14,2025-02-18,2025-02-14,Trade counter,Part despatched
SO-2025-05597,C1578,BRS,2025-02-14,2025-02-19,2025-02-14,Telephone,Part despatched
SO-2025-05598,C1715,LIV,2025-02-14,2025-02-18,2025-02-14,Telephone,Part despatched
SO-2025-05599,C1168,LIV,2025-02-14,2025-02-19,2025-02-14,Telephone,Part despatched
SO-2025-05600,C1821,LIV,2025-02-14,2025-02-20,2025-02-14,Telephone,Despatched
SO-2025-05601,C1856,LIV,2025-02-14,2025-02-20,2025-02-14,Telephone,Despatched
SO-2025-05602,C1817,LIV,2025-02-14,2025-02-18,2025-02-14,Web,Part despatched
SO-2025-05603,C1235,DAV,2025-02-17,2025-02-21,2025-02-20,Telephone,Despatched
SO-2025-05604,C1278,DAV,2025-02-17,2025-02-18,2025-02-19,Web,Part despatched
SO-2025-05605,C1795,DAV,2025-02-17,2025-02-21,2025-02-17,Account manager,Part despatched
SO-2025-05606,C1447,DAV,2025-02-17,2025-02-18,2025-02-18,Telephone,Despatched
SO-2025-05607,C1447,DAV,2025-02-17,2025-02-21,2025-02-19,Telephone,Despatched
SO-2025-05608,C1629,DAV,2025-02-17,2025-02-18,2025-02-19,Trade counter,Despatched
SO-2025-05609,C1434,DAV,2025-02-17,2025-02-18,2025-02-17,Trade counter,Despatched
SO-2025-05610,C1110,DAV,2025-02-17,2025-02-18,2025-02-17,Telephone,Part despatched
SO-2025-05611,C1278,DAV,2025-02-17,2025-02-21,2025-02-17,Trade counter,Despatched
SO-2025-05612,C1532,DAV,2025-02-17,2025-02-18,2025-02-17,Telephone,Despatched
SO-2025-05613,C1419,DAV,2025-02-17,2025-02-18,2025-02-17,Web,Despatched
SO-2025-05614,C1017,WAR,2025-02-17,2025-02-19,2025-02-17,Telephone,Despatched
SO-2025-05615,C1581,WAR,2025-02-17,2025-02-20,2025-02-17,Web,Despatched
SO-2025-05616,C1402,WAR,2025-02-17,2025-02-21,2025-02-17,Trade counter,Part despatched
SO-2025-05617,C1032,WAR,2025-02-17,2025-02-19,2025-02-20,Trade counter,Despatched
SO-2025-05618,C1450,WAR,2025-02-17,2025-02-18,2025-02-17,Telephone,Part despatched
SO-2025-05619,C1885,WAR,2025-02-17,2025-02-21,2025-02-20,Telephone,Despatched
SO-2025-05620,C1948,WAR,2025-02-17,2025-02-20,2025-02-17,Trade counter,Despatched
SO-2025-05621,C1802,WAR,2025-02-17,2025-02-21,2025-02-17,Web,Despatched
SO-2025-05622,C1785,BRS,2025-02-17,2025-02-20,2025-02-17,Trade counter,Part despatched
SO-2025-05623,C1267,LIV,2025-02-17,2025-02-18,2025-02-17,Telephone,Despatched
SO-2025-05624,C1085,LIV,2025-02-17,2025-02-18,2025-02-17,Trade counter,Despatched
SO-2025-05625,C1566,LIV,2025-02-17,2025-02-20,2025-02-18,Trade counter,Despatched
SO-2025-05626,C1964,LIV,2025-02-17,2025-02-20,2025-02-17,Telephone,Despatched
SO-2025-05627,C1372,DAV,2025-02-18,2025-02-19,2025-02-19,Account manager,Despatched
SO-2025-05628,C1278,DAV,2025-02-18,2025-02-19,2025-02-18,Telephone,Despatched
SO-2025-05629,C1078,DAV,2025-02-18,2025-02-24,2025-02-18,Trade counter,Despatched
SO-2025-05630,C1429,DAV,2025-02-18,2025-02-24,2025-02-18,Web,Part despatched
SO-2025-05631,C1327,DAV,2025-02-18,2025-02-20,2025-02-18,Trade counter,Despatched
SO-2025-05632,C1447,DAV,2025-02-18,2025-02-24,2025-02-18,Trade counter,Part despatched
SO-2025-05633,C1407,DAV,2025-02-18,2025-02-19,2025-02-18,Trade counter,Despatched
SO-2025-05634,C1629,DAV,2025-02-18,2025-02-20,2025-02-18,Web,Despatched
SO-2025-05635,C1278,DAV,2025-02-18,2025-02-24,2025-02-18,Telephone,Despatched
SO-2025-05636,C1098,DAV,2025-02-18,2025-02-21,2025-02-20,Web,Part despatched
SO-2025-05637,C1145,DAV,2025-02-18,2025-02-20,2025-02-21,Telephone,Despatched
SO-2025-05638,C1133,DAV,2025-02-18,2025-02-19,2025-02-20,Telephone,Part despatched
SO-2025-05639,C1371,DAV,2025-02-18,2025-02-21,2025-02-18,Account manager,Despatched
SO-2025-05640,C1407,DAV,2025-02-18,2025-02-19,2025-02-18,Trade counter,Despatched
SO-2025-05641,C1336,WAR,2025-02-18,2025-02-19,2025-02-18,Web,Despatched
SO-2025-05642,C1234,WAR,2025-02-18,2025-02-21,2025-02-18,Trade counter,Despatched
SO-2025-05643,C1402,WAR,2025-02-18,2025-02-24,2025-02-19,Trade counter,Despatched
SO-2025-05644,C1208,WAR,2025-02-18,2025-02-19,2025-02-20,Web,Despatched
SO-2025-05645,C1374,BRS,2025-02-18,2025-02-24,2025-02-19,Telephone,Part despatched
SO-2025-05646,C1741,BRS,2025-02-18,2025-02-19,2025-02-18,Account manager,Despatched
SO-2025-05647,C1040,BRS,2025-02-18,2025-02-19,2025-02-21,Telephone,Despatched
SO-2025-05648,C1737,BRS,2025-02-18,2025-02-20,2025-02-18,Trade counter,Part despatched
SO-2025-05649,C1382,BRS,2025-02-18,2025-02-20,2025-02-20,Trade counter,Despatched
SO-2025-05650,C1697,BRS,2025-02-18,2025-02-20,,Web,Cancelled
SO-2025-05651,C1168,LIV,2025-02-18,2025-02-19,2025-02-19,Trade counter,Despatched
SO-2025-05652,C1607,LIV,2025-02-18,2025-02-24,2025-02-19,Telephone,Despatched
SO-2025-05653,C1366,DAV,2025-02-19,2025-02-25,2025-02-19,Trade counter,Despatched
SO-2025-05654,C1563,DAV,2025-02-19,2025-02-24,2025-02-19,Trade counter,Despatched
SO-2025-05655,C1936,DAV,2025-02-19,2025-02-20,2025-02-20,Web,Despatched
SO-2025-05656,C1560,WAR,2025-02-19,2025-02-24,2025-02-20,Web,Despatched
SO-2025-05657,C1495,WAR,2025-02-19,2025-02-21,2025-02-19,Web,Part despatched
SO-2025-05658,C1831,WAR,2025-02-19,2025-02-24,2025-02-19,Account manager,Part despatched
SO-2025-05659,C1581,WAR,2025-02-19,2025-02-25,2025-02-19,Web,Despatched
SO-2025-05660,C1557,BRS,2025-02-19,2025-02-25,2025-02-19,Trade counter,Part despatched
SO-2025-05661,C1147,BRS,2025-02-19,2025-02-20,2025-02-19,Trade counter,Despatched
SO-2025-05662,C1422,LIV,2025-02-19,2025-02-24,2025-02-20,Telephone,Despatched
SO-2025-05663,C1566,LIV,2025-02-19,2025-02-21,2025-02-19,Trade counter,Part despatched
SO-2025-05664,C1704,DAV,2025-02-20,2025-02-25,2025-02-20,Account manager,Part despatched
SO-2025-05665,C1429,DAV,2025-02-20,2025-02-21,2025-02-20,Trade counter,Despatched
SO-2025-05666,C1201,DAV,2025-02-20,2025-02-25,2025-02-21,Trade counter,Despatched
SO-2025-05667,C1253,DAV,2025-02-20,2025-02-25,2025-02-20,Trade counter,Part despatched
SO-2025-05668,C1593,DAV,2025-02-20,2025-02-25,2025-02-20,Web,Despatched
SO-2025-05669,C1728,DAV,2025-02-20,2025-02-26,2025-02-24,Account manager,Despatched
SO-2025-05670,C1724,WAR,2025-02-20,2025-02-21,2025-02-20,Web,Despatched
SO-2025-05671,C1948,WAR,2025-02-20,2025-02-21,2025-02-21,Web,Despatched
SO-2025-05672,C1051,WAR,2025-02-20,2025-02-25,2025-02-20,Account manager,Despatched
SO-2025-05673,C1157,WAR,2025-02-20,2025-02-25,2025-02-20,Telephone,Part despatched
SO-2025-05674,C1411,BRS,2025-02-20,2025-02-24,2025-02-20,Telephone,Despatched
SO-2025-05675,C1339,BRS,2025-02-20,2025-02-21,2025-02-21,Account manager,Despatched
SO-2025-05676,C1212,BRS,2025-02-20,2025-02-24,2025-02-20,Web,Despatched
SO-2025-05677,C1463,BRS,2025-02-20,2025-02-26,2025-02-20,Trade counter,Despatched
SO-2025-05678,C1131,LIV,2025-02-20,2025-02-26,2025-02-24,Telephone,Despatched
SO-2025-05679,C1160,LIV,2025-02-20,2025-02-21,2025-02-20,Trade counter,Part despatched
SO-2025-05680,C1687,LIV,2025-02-20,2025-02-21,2025-02-20,Trade counter,Part despatched
SO-2025-05681,C1109,LIV,2025-02-20,2025-02-26,2025-02-21,Telephone,Part despatched
SO-2025-05682,C1299,DAV,2025-02-21,2025-02-25,2025-02-21,Web,Despatched
SO-2025-05683,C1300,DAV,2025-02-21,2025-02-26,2025-02-21,Trade counter,Despatched
SO-2025-05684,C1385,DAV,2025-02-21,2025-02-24,2025-02-21,Trade counter,Despatched
SO-2025-05685,C1854,DAV,2025-02-21,2025-02-25,2025-02-24,Web,Despatched
SO-2025-05686,C1015,DAV,2025-02-21,2025-02-24,2025-02-21,Telephone,Despatched
SO-2025-05687,C1700,DAV,2025-02-21,2025-02-25,2025-02-21,Telephone,Despatched
SO-2025-05688,C1636,DAV,2025-02-21,2025-02-27,2025-02-25,Web,Despatched
SO-2025-05689,C1610,DAV,2025-02-21,2025-02-25,2025-02-24,Trade counter,Despatched
SO-2025-05690,C1385,DAV,2025-02-21,2025-02-26,2025-02-21,Account manager,Despatched
SO-2025-05691,C1636,DAV,2025-02-21,2025-02-25,2025-02-21,Web,Part despatched
SO-2025-05692,C1948,WAR,2025-02-21,2025-02-27,2025-02-21,Trade counter,Despatched
SO-2025-05693,C1844,WAR,2025-02-21,2025-02-24,2025-02-25,Trade counter,Despatched
SO-2025-05694,C1051,WAR,2025-02-21,2025-02-27,2025-02-24,Web,Despatched
SO-2025-05695,C1955,WAR,2025-02-21,2025-02-25,2025-02-24,Trade counter,Despatched
SO-2025-05696,C1051,WAR,2025-02-21,2025-02-25,2025-02-21,Telephone,Despatched
SO-2025-05697,C1885,WAR,2025-02-21,2025-02-27,2025-02-24,Trade counter,Despatched
SO-2025-05698,C1724,WAR,2025-02-21,2025-02-25,2025-02-24,Telephone,Part despatched
SO-2025-05699,C1141,WAR,2025-02-21,2025-02-26,2025-02-25,Telephone,Despatched
SO-2025-05700,C1055,WAR,2025-02-21,2025-02-25,2025-02-21,Telephone,Despatched
SO-2025-05701,C1453,BRS,2025-02-21,2025-02-27,2025-02-21,Telephone,Despatched
SO-2025-05702,C1338,BRS,2025-02-21,2025-02-24,2025-02-21,Trade counter,Despatched
SO-2025-05703,C1697,BRS,2025-02-21,2025-02-24,2025-02-21,Trade counter,Despatched
SO-2025-05704,C1835,LIV,2025-02-21,2025-02-25,2025-02-24,Telephone,Despatched
SO-2025-05705,C1823,LIV,2025-02-21,2025-02-27,2025-02-21,Trade counter,Part despatched
SO-2025-05706,C1267,LIV,2025-02-21,2025-02-26,2025-02-21,Account manager,Despatched
SO-2025-05707,C1691,LIV,2025-02-21,2025-02-24,2025-02-21,Web,Despatched
SO-2025-05708,C1584,LIV,2025-02-21,2025-02-27,2025-02-21,Telephone,Despatched
SO-2025-05709,C1367,DAV,2025-02-24,2025-02-28,2025-02-25,Web,Despatched
SO-2025-05710,C1491,DAV,2025-02-24,2025-02-28,2025-02-24,Telephone,Despatched
SO-2025-05711,C1094,DAV,2025-02-24,2025-02-27,2025-02-24,Telephone,Despatched
SO-2025-05712,C1593,DAV,2025-02-24,2025-02-27,2025-02-24,Web,Despatched
SO-2025-05713,C1078,DAV,2025-02-24,2025-02-26,2025-02-25,Trade counter,Despatched
SO-2025-05714,C1700,DAV,2025-02-24,2025-02-28,2025-02-25,Web,Part despatched
SO-2025-05715,C1471,DAV,2025-02-24,2025-02-27,2025-02-24,Web,Part despatched
SO-2025-05716,C1898,DAV,2025-02-24,2025-02-25,2025-02-25,Trade counter,Despatched
SO-2025-05717,C1486,DAV,2025-02-24,2025-02-27,2025-02-25,Telephone,Despatched
SO-2025-05718,C1389,DAV,2025-02-24,2025-02-25,2025-02-24,Telephone,Part despatched
SO-2025-05719,C1730,WAR,2025-02-24,2025-02-25,2025-02-24,Account manager,Despatched
SO-2025-05720,C1806,WAR,2025-02-24,2025-02-28,2025-02-24,Trade counter,Despatched
SO-2025-05721,C1387,BRS,2025-02-24,2025-02-28,2025-02-24,Trade counter,Part despatched
SO-2025-05722,C1697,BRS,2025-02-24,2025-02-25,2025-02-24,Web,Despatched
SO-2025-05723,C1258,BRS,2025-02-24,2025-02-28,2025-02-24,Web,Despatched
SO-2025-05724,C1411,BRS,2025-02-24,2025-02-25,2025-02-24,Trade counter,Despatched
SO-2025-05725,C1338,BRS,2025-02-24,2025-02-27,2025-02-24,Trade counter,Despatched
SO-2025-05726,C1109,LIV,2025-02-24,2025-02-27,2025-02-25,Web,Part despatched
SO-2025-05727,C1666,LIV,2025-02-24,2025-02-28,2025-02-24,Telephone,Part despatched
SO-2025-05728,C1379,LIV,2025-02-24,2025-02-28,2025-02-24,Web,Part despatched
SO-2025-05729,C1109,LIV,2025-02-24,2025-02-26,2025-02-24,Web,Part despatched
SO-2025-05730,C1800,DAV,2025-02-25,2025-02-27,2025-02-25,Telephone,Despatched
SO-2025-05731,C1035,DAV,2025-02-25,2025-02-28,2025-02-26,Trade counter,Despatched
SO-2025-05732,C1788,DAV,2025-02-25,2025-02-27,2025-02-26,Trade counter,Despatched
SO-2025-05733,C1319,DAV,2025-02-25,2025-02-26,2025-02-25,Web,Despatched
SO-2025-05734,C1563,DAV,2025-02-25,2025-02-28,2025-02-25,Account manager,Despatched
SO-2025-05735,C1952,DAV,2025-02-25,2025-02-27,2025-02-25,Telephone,Part despatched
SO-2025-05736,C1563,DAV,2025-02-25,2025-02-27,2025-02-25,Telephone,Part despatched
SO-2025-05737,C1923,DAV,2025-02-25,2025-02-27,2025-02-25,Web,Despatched
SO-2025-05738,C1194,DAV,2025-02-25,2025-02-26,2025-02-25,Trade counter,Despatched
SO-2025-05739,C1137,DAV,2025-02-25,2025-02-27,2025-02-26,Trade counter,Despatched
SO-2025-05740,C1097,DAV,2025-02-25,2025-02-28,2025-02-26,Account manager,Part despatched
SO-2025-05741,C1563,DAV,2025-02-25,2025-02-26,2025-02-25,Account manager,Despatched
SO-2025-05742,C1051,WAR,2025-02-25,2025-03-03,2025-02-26,Web,Part despatched
SO-2025-05743,C1790,WAR,2025-02-25,2025-02-28,2025-02-25,Trade counter,Despatched
SO-2025-05744,C1101,WAR,2025-02-25,2025-03-03,2025-02-26,Trade counter,Despatched
SO-2025-05745,C1697,BRS,2025-02-25,2025-02-27,2025-02-27,Web,Despatched
SO-2025-05746,C1697,BRS,2025-02-25,2025-02-26,2025-02-25,Trade counter,Despatched
SO-2025-05747,C1339,BRS,2025-02-25,2025-02-28,2025-02-25,Telephone,Despatched
SO-2025-05748,C1659,BRS,2025-02-25,2025-03-03,2025-02-25,Trade counter,Part despatched
SO-2025-05749,C1411,BRS,2025-02-25,2025-02-26,2025-02-25,Trade counter,Despatched
SO-2025-05750,C1726,LIV,2025-02-25,2025-02-28,2025-02-25,Web,Despatched
SO-2025-05751,C1168,LIV,2025-02-25,2025-03-03,2025-02-25,Trade counter,Despatched
SO-2025-05752,C1159,LIV,2025-02-25,2025-03-03,2025-02-26,Account manager,Despatched
SO-2025-05753,C1521,DAV,2025-02-26,2025-03-04,2025-02-26,Account manager,Despatched
SO-2025-05754,C1629,DAV,2025-02-26,2025-02-27,2025-02-26,Trade counter,Despatched
SO-2025-05755,C1728,DAV,2025-02-26,2025-02-27,2025-02-26,Telephone,Despatched
SO-2025-05756,C1104,DAV,2025-02-26,2025-03-04,2025-02-26,Trade counter,Part despatched
SO-2025-05757,C1227,DAV,2025-02-26,2025-02-27,2025-02-26,Web,Part despatched
SO-2025-05758,C1316,DAV,2025-02-26,2025-02-27,2025-02-26,Telephone,Despatched
SO-2025-05759,C1255,DAV,2025-02-26,2025-02-27,2025-02-26,Account manager,Despatched
SO-2025-05760,C1389,DAV,2025-02-26,2025-02-27,2025-03-03,Trade counter,Despatched
SO-2025-05761,C1486,DAV,2025-02-26,2025-03-04,2025-02-26,Trade counter,Despatched
SO-2025-05762,C1051,WAR,2025-02-26,2025-03-03,2025-02-26,Telephone,Part despatched
SO-2025-05763,C1730,WAR,2025-02-26,2025-02-27,2025-02-26,Telephone,Despatched
SO-2025-05764,C1287,WAR,2025-02-26,2025-02-27,2025-02-27,Telephone,Despatched
SO-2025-05765,C1535,WAR,2025-02-26,2025-02-28,2025-02-26,Trade counter,Despatched
SO-2025-05766,C1044,BRS,2025-02-26,2025-03-03,2025-02-26,Telephone,Despatched
SO-2025-05767,C1374,BRS,2025-02-26,2025-03-03,2025-02-28,Telephone,Despatched
SO-2025-05768,C1664,BRS,2025-02-26,2025-02-27,2025-02-26,Account manager,Despatched
SO-2025-05769,C1357,LIV,2025-02-26,2025-02-28,2025-02-26,Telephone,Part despatched
SO-2025-05770,C1593,DAV,2025-02-27,2025-02-28,2025-02-27,Trade counter,Despatched
SO-2025-05771,C1253,DAV,2025-02-27,2025-02-28,2025-02-27,Web,Despatched
SO-2025-05772,C1952,DAV,2025-02-27,2025-03-03,2025-02-28,Trade counter,Despatched
SO-2025-05773,C1371,DAV,2025-02-27,2025-03-04,2025-02-27,Trade counter,Despatched
SO-2025-05774,C1389,DAV,2025-02-27,2025-03-05,2025-02-27,Web,Part despatched
SO-2025-05775,C1300,DAV,2025-02-27,2025-03-05,2025-02-27,Account manager,Despatched
SO-2025-05776,C1569,DAV,2025-02-27,2025-03-03,2025-02-27,Web,Part despatched
SO-2025-05777,C1788,DAV,2025-02-27,2025-03-04,2025-02-27,Trade counter,Part despatched
SO-2025-05778,C1057,WAR,2025-02-27,2025-03-04,2025-02-27,Trade counter,Despatched
SO-2025-05779,C1560,WAR,2025-02-27,2025-03-05,2025-02-27,Telephone,Despatched
SO-2025-05780,C1871,WAR,2025-02-27,2025-03-04,2025-02-28,Account manager,Despatched
SO-2025-05781,C1790,WAR,2025-02-27,2025-02-28,2025-02-27,Web,Despatched
SO-2025-05782,C1234,WAR,2025-02-27,2025-03-03,2025-02-27,Account manager,Part despatched
SO-2025-05783,C1051,WAR,2025-02-27,2025-03-05,2025-02-27,Trade counter,Part despatched
SO-2025-05784,C1822,WAR,2025-02-27,2025-03-04,2025-02-27,Trade counter,Despatched
SO-2025-05785,C1581,WAR,2025-02-27,2025-03-03,2025-02-27,Web,Part despatched
SO-2025-05786,C1032,WAR,2025-02-27,2025-03-04,2025-03-04,Trade counter,Despatched
SO-2025-05787,C1557,BRS,2025-02-27,2025-02-28,2025-02-27,Account manager,Despatched
SO-2025-05788,C1139,BRS,2025-02-27,2025-03-05,2025-02-27,Trade counter,Part despatched
SO-2025-05789,C1374,BRS,2025-02-27,2025-03-03,2025-02-27,Telephone,Despatched
SO-2025-05790,C1970,BRS,2025-02-27,2025-03-03,2025-02-27,Telephone,Despatched
SO-2025-05791,C1374,BRS,2025-02-27,2025-03-04,2025-02-27,Telephone,Despatched
SO-2025-05792,C1697,BRS,2025-02-27,2025-03-04,2025-02-27,Trade counter,Despatched
SO-2025-05793,C1302,BRS,2025-02-27,2025-03-04,2025-02-27,Trade counter,Despatched
SO-2025-05794,C1302,BRS,2025-02-27,2025-03-05,2025-02-27,Telephone,Despatched
SO-2025-05795,C1085,LIV,2025-02-27,2025-02-28,2025-02-27,Trade counter,Despatched
SO-2025-05796,C1160,LIV,2025-02-27,2025-03-05,2025-02-27,Account manager,Despatched
SO-2025-05797,C1209,DAV,2025-02-28,2025-03-04,2025-02-28,Telephone,Despatched
SO-2025-05798,C1035,DAV,2025-02-28,2025-03-05,2025-03-05,Telephone,Despatched
SO-2025-05799,C1486,DAV,2025-02-28,2025-03-03,2025-02-28,Web,Despatched
SO-2025-05800,C1097,DAV,2025-02-28,2025-03-03,2025-02-28,Account manager,Part despatched
SO-2025-05801,C1367,DAV,2025-02-28,2025-03-03,2025-03-03,Telephone,Despatched
SO-2025-05802,C1844,WAR,2025-02-28,2025-03-03,2025-02-28,Trade counter,Despatched
SO-2025-05803,C1051,WAR,2025-02-28,2025-03-06,2025-03-03,Trade counter,Despatched
SO-2025-05804,C1215,WAR,2025-02-28,2025-03-03,2025-02-28,Web,Despatched
SO-2025-05805,C1558,WAR,2025-02-28,2025-03-05,2025-02-28,Trade counter,Despatched
SO-2025-05806,C1866,WAR,2025-02-28,2025-03-05,2025-03-03,Telephone,Part despatched
SO-2025-05807,C1464,WAR,2025-02-28,2025-03-04,2025-02-28,Telephone,Despatched
SO-2025-05808,C1535,WAR,2025-02-28,2025-03-05,2025-02-28,Trade counter,Despatched
SO-2025-05809,C1207,WAR,2025-02-28,2025-03-04,2025-03-03,Telephone,Despatched
SO-2025-05810,C1398,WAR,2025-02-28,2025-03-05,2025-03-03,Trade counter,Part despatched
SO-2025-05811,C1802,WAR,2025-02-28,2025-03-03,2025-03-04,Trade counter,Despatched
SO-2025-05812,C1212,BRS,2025-02-28,2025-03-04,2025-02-28,Trade counter,Part despatched
SO-2025-05813,C1541,BRS,2025-02-28,2025-03-03,2025-02-28,Account manager,Despatched
SO-2025-05814,C1463,BRS,2025-02-28,2025-03-06,2025-02-28,Trade counter,Despatched
SO-2025-05815,C1044,BRS,2025-02-28,2025-03-03,2025-03-03,Web,Despatched
SO-2025-05816,C1339,BRS,2025-02-28,2025-03-06,2025-03-03,Trade counter,Part despatched
SO-2025-05817,C1374,BRS,2025-02-28,2025-03-06,2025-02-28,Telephone,Despatched
SO-2025-05818,C1147,BRS,2025-02-28,2025-03-03,2025-02-28,Web,Despatched
SO-2025-05819,C1302,BRS,2025-02-28,2025-03-03,2025-02-28,Web,Part despatched
SO-2025-05820,C1432,LIV,2025-02-28,2025-03-05,2025-02-28,Trade counter,Despatched
SO-2025-05821,C1426,DAV,2025-03-03,2025-03-07,2025-03-03,Telephone,Despatched
SO-2025-05822,C1094,DAV,2025-03-03,2025-03-04,2025-03-04,Trade counter,Despatched
SO-2025-05823,C1278,DAV,2025-03-03,2025-03-07,2025-03-03,Trade counter,Part despatched
SO-2025-05824,C1648,DAV,2025-03-03,2025-03-06,2025-03-04,Account manager,Part despatched
SO-2025-05825,C1923,DAV,2025-03-03,2025-03-05,2025-03-04,Telephone,Despatched
SO-2025-05826,C1191,DAV,2025-03-03,2025-03-05,2025-03-03,Telephone,Part despatched
SO-2025-05827,C1429,DAV,2025-03-03,2025-03-06,2025-03-03,Trade counter,Despatched
SO-2025-05828,C1078,DAV,2025-03-03,2025-03-04,2025-03-03,Telephone,Despatched
SO-2025-05829,C1255,DAV,2025-03-03,2025-03-05,2025-03-05,Web,Part despatched
SO-2025-05830,C1398,WAR,2025-03-03,2025-03-07,2025-03-04,Account manager,Despatched
SO-2025-05831,C1010,WAR,2025-03-03,2025-03-04,2025-03-04,Web,Despatched
SO-2025-05832,C1463,BRS,2025-03-03,2025-03-04,2025-03-06,Web,Part despatched
SO-2025-05833,C1741,BRS,2025-03-03,2025-03-06,2025-03-05,Web,Despatched
SO-2025-05834,C1697,BRS,2025-03-03,2025-03-06,2025-03-04,Account manager,Part despatched
SO-2025-05835,C1107,BRS,2025-03-03,2025-03-06,2025-03-03,Telephone,Despatched
SO-2025-05836,C1475,BRS,2025-03-03,2025-03-04,2025-03-04,Trade counter,Despatched
SO-2025-05837,C1168,LIV,2025-03-03,2025-03-06,2025-03-03,Trade counter,Part despatched
SO-2025-05838,C1821,LIV,2025-03-03,2025-03-04,2025-03-03,Telephone,Despatched
SO-2025-05839,C1817,LIV,2025-03-03,2025-03-04,2025-03-03,Web,Despatched
SO-2025-05840,C1085,LIV,2025-03-03,2025-03-06,2025-03-05,Trade counter,Part despatched
SO-2025-05841,C1434,DAV,2025-03-04,2025-03-10,2025-03-04,Web,Despatched
SO-2025-05842,C1554,DAV,2025-03-04,2025-03-05,2025-03-05,Account manager,Despatched
SO-2025-05843,C1276,DAV,2025-03-04,2025-03-06,2025-03-05,Telephone,Despatched
SO-2025-05844,C1137,DAV,2025-03-04,2025-03-05,2025-03-04,Trade counter,Despatched
SO-2025-05845,C1447,DAV,2025-03-04,2025-03-06,2025-03-05,Trade counter,Despatched
SO-2025-05846,C1307,DAV,2025-03-04,2025-03-05,2025-03-04,Account manager,Despatched
SO-2025-05847,C1255,DAV,2025-03-04,2025-03-07,2025-03-06,Account manager,Part despatched
SO-2025-05848,C1367,DAV,2025-03-04,2025-03-10,2025-03-04,Trade counter,Despatched
SO-2025-05849,C1560,WAR,2025-03-04,2025-03-07,2025-03-05,Trade counter,Despatched
SO-2025-05850,C1051,WAR,2025-03-04,2025-03-05,2025-03-04,Trade counter,Despatched
SO-2025-05851,C1032,WAR,2025-03-04,2025-03-10,2025-03-04,Trade counter,Despatched
SO-2025-05852,C1234,WAR,2025-03-04,2025-03-10,2025-03-04,Telephone,Despatched
SO-2025-05853,C1051,WAR,2025-03-04,2025-03-06,2025-03-05,Trade counter,Despatched
SO-2025-05854,C1339,BRS,2025-03-04,2025-03-05,2025-03-04,Trade counter,Despatched
SO-2025-05855,C1512,DAV,2025-03-05,2025-03-06,2025-03-06,Account manager,Despatched
SO-2025-05856,C1728,DAV,2025-03-05,2025-03-07,2025-03-05,Trade counter,Despatched
SO-2025-05857,C1145,DAV,2025-03-05,2025-03-07,2025-03-05,Trade counter,Despatched
SO-2025-05858,C1599,DAV,2025-03-05,2025-03-10,2025-03-05,Trade counter,Despatched
SO-2025-05859,C1429,DAV,2025-03-05,2025-03-10,2025-03-05,Telephone,Despatched
SO-2025-05860,C1385,DAV,2025-03-05,2025-03-07,2025-03-06,Trade counter,Despatched
SO-2025-05861,C1531,DAV,2025-03-05,2025-03-06,2025-03-06,Telephone,Despatched
SO-2025-05862,C1636,DAV,2025-03-05,2025-03-06,2025-03-05,Telephone,Part despatched
SO-2025-05863,C1441,WAR,2025-03-05,2025-03-11,2025-03-05,Telephone,Despatched
SO-2025-05864,C1591,WAR,2025-03-05,2025-03-10,2025-03-05,Web,Despatched
SO-2025-05865,C1697,BRS,2025-03-05,2025-03-11,2025-03-05,Web,Despatched
SO-2025-05866,C1563,DAV,2025-03-06,2025-03-11,2025-03-10,Trade counter,Despatched
SO-2025-05867,C1796,DAV,2025-03-06,2025-03-10,2025-03-07,Web,Part despatched
SO-2025-05868,C1898,DAV,2025-03-06,2025-03-12,2025-03-06,Web,Despatched
SO-2025-05869,C1890,DAV,2025-03-06,2025-03-11,2025-03-06,Trade counter,Despatched
SO-2025-05870,C1841,DAV,2025-03-06,2025-03-10,2025-03-06,Telephone,Despatched
SO-2025-05871,C1734,DAV,2025-03-06,2025-03-12,2025-03-06,Trade counter,Despatched
SO-2025-05872,C1145,DAV,2025-03-06,2025-03-07,2025-03-06,Trade counter,Part despatched
SO-2025-05873,C1802,WAR,2025-03-06,2025-03-11,2025-03-06,Telephone,Despatched
SO-2025-05874,C1441,WAR,2025-03-06,2025-03-07,2025-03-07,Web,Despatched
SO-2025-05875,C1238,BRS,2025-03-06,2025-03-10,2025-03-06,Telephone,Part despatched
SO-2025-05876,C1044,BRS,2025-03-06,2025-03-10,2025-03-06,Account manager,Part despatched
SO-2025-05877,C1904,LIV,2025-03-06,2025-03-11,2025-03-06,Trade counter,Despatched
SO-2025-05878,C1853,LIV,2025-03-06,2025-03-10,2025-03-06,Telephone,Despatched
SO-2025-05879,C1964,LIV,2025-03-06,2025-03-11,2025-03-06,Telephone,Despatched
SO-2025-05880,C1159,LIV,2025-03-06,2025-03-10,2025-03-06,Trade counter,Despatched
SO-2025-05881,C1726,LIV,2025-03-06,2025-03-07,2025-03-06,Telephone,Part despatched
SO-2025-05882,C1085,LIV,2025-03-06,2025-03-07,2025-03-06,Trade counter,Part despatched
SO-2025-05883,C1985,DAV,2025-03-07,2025-03-13,2025-03-07,Account manager,Despatched
SO-2025-05884,C1276,DAV,2025-03-07,2025-03-11,2025-03-07,Telephone,Part despatched
SO-2025-05885,C1145,DAV,2025-03-07,2025-03-12,2025-03-11,Trade counter,Part despatched
SO-2025-05886,C1559,DAV,2025-03-07,2025-03-11,2025-03-10,Telephone,Part despatched
SO-2025-05887,C1145,DAV,2025-03-07,2025-03-12,2025-03-10,Trade counter,Despatched
SO-2025-05888,C1936,DAV,2025-03-07,2025-03-12,2025-03-07,Telephone,Despatched
SO-2025-05889,C1201,DAV,2025-03-07,2025-03-13,2025-03-07,Trade counter,Part despatched
SO-2025-05890,C1593,DAV,2025-03-07,2025-03-12,2025-03-10,Web,Despatched
SO-2025-05891,C1366,DAV,2025-03-07,2025-03-11,2025-03-07,Trade counter,Despatched
SO-2025-05892,C1660,DAV,2025-03-07,2025-03-13,2025-03-07,Telephone,Despatched
SO-2025-05893,C1429,DAV,2025-03-07,2025-03-10,2025-03-07,Trade counter,Despatched
SO-2025-05894,C1234,WAR,2025-03-07,2025-03-10,2025-03-07,Trade counter,Part despatched
SO-2025-05895,C1215,WAR,2025-03-07,2025-03-11,2025-03-07,Account manager,Despatched
SO-2025-05896,C1844,WAR,2025-03-07,2025-03-10,2025-03-07,Web,Despatched
SO-2025-05897,C1651,WAR,2025-03-07,2025-03-13,2025-03-07,Telephone,Part despatched
SO-2025-05898,C1001,WAR,2025-03-07,2025-03-10,2025-03-07,Account manager,Despatched
SO-2025-05899,C1560,WAR,2025-03-07,2025-03-10,2025-03-07,Trade counter,Despatched
SO-2025-05900,C1790,WAR,2025-03-07,2025-03-12,2025-03-07,Telephone,Despatched
SO-2025-05901,C1505,BRS,2025-03-07,2025-03-13,2025-03-07,Web,Despatched
SO-2025-05902,C1212,BRS,2025-03-07,2025-03-13,2025-03-07,Web,Despatched
SO-2025-05903,C1505,BRS,2025-03-07,2025-03-13,2025-03-10,Trade counter,Part despatched
SO-2025-05904,C1343,BRS,2025-03-07,2025-03-12,2025-03-07,Web,Part despatched
SO-2025-05905,C1159,LIV,2025-03-07,2025-03-12,2025-03-07,Web,Despatched
SO-2025-05906,C1038,LIV,2025-03-07,2025-03-10,2025-03-07,Telephone,Despatched
SO-2025-05907,C1593,DAV,2025-03-10,2025-03-14,2025-03-10,Trade counter,Despatched
SO-2025-05908,C1255,DAV,2025-03-10,2025-03-13,2025-03-11,Account manager,Despatched
SO-2025-05909,C1078,DAV,2025-03-10,2025-03-14,2025-03-12,Telephone,Despatched
SO-2025-05910,C1491,DAV,2025-03-10,2025-03-14,2025-03-10,Telephone,Despatched
SO-2025-05911,C1593,DAV,2025-03-10,2025-03-14,2025-03-10,Telephone,Part despatched
SO-2025-05912,C1429,DAV,2025-03-10,2025-03-14,2025-03-10,Web,Part despatched
SO-2025-05913,C1098,DAV,2025-03-10,2025-03-12,2025-03-11,Telephone,Despatched
SO-2025-05914,C1844,WAR,2025-03-10,2025-03-13,2025-03-12,Trade counter,Despatched
SO-2025-05915,C1948,WAR,2025-03-10,2025-03-11,2025-03-10,Telephone,Despatched
SO-2025-05916,C1651,WAR,2025-03-10,2025-03-14,2025-03-10,Web,Despatched
SO-2025-05917,C1376,WAR,2025-03-10,2025-03-12,2025-03-10,Trade counter,Despatched
SO-2025-05918,C1844,WAR,2025-03-10,2025-03-11,2025-03-10,Telephone,Despatched
SO-2025-05919,C1207,WAR,2025-03-10,2025-03-14,2025-03-10,Trade counter,Despatched
SO-2025-05920,C1724,WAR,2025-03-10,2025-03-11,2025-03-10,Telephone,Despatched
SO-2025-05921,C1948,WAR,2025-03-10,2025-03-12,2025-03-11,Web,Despatched
SO-2025-05922,C1474,WAR,2025-03-10,2025-03-12,2025-03-11,Trade counter,Despatched
SO-2025-05923,C1955,WAR,2025-03-10,2025-03-14,2025-03-10,Trade counter,Despatched
SO-2025-05924,C1156,WAR,2025-03-10,2025-03-11,2025-03-12,Web,Part despatched
SO-2025-05925,C1258,BRS,2025-03-10,2025-03-14,2025-03-10,Telephone,Despatched
SO-2025-05926,C1505,BRS,2025-03-10,2025-03-11,2025-03-10,Trade counter,Despatched
SO-2025-05927,C1212,BRS,2025-03-10,2025-03-13,2025-03-11,Account manager,Despatched
SO-2025-05928,C1659,BRS,2025-03-10,2025-03-12,2025-03-10,Telephone,Part despatched
SO-2025-05929,C1069,LIV,2025-03-10,2025-03-11,2025-03-10,Web,Despatched
SO-2025-05930,C1321,LIV,2025-03-10,2025-03-11,2025-03-10,Telephone,Despatched
SO-2025-05931,C1938,DAV,2025-03-11,2025-03-17,2025-03-14,Trade counter,Despatched
SO-2025-05932,C1372,DAV,2025-03-11,2025-03-13,2025-03-13,Telephone,Part despatched
SO-2025-05933,C1145,DAV,2025-03-11,2025-03-14,2025-03-11,Account manager,Part despatched
SO-2025-05934,C1744,DAV,2025-03-11,2025-03-13,2025-03-12,Account manager,Despatched
SO-2025-05935,C1971,DAV,2025-03-11,2025-03-17,2025-03-11,Web,Despatched
SO-2025-05936,C1204,WAR,2025-03-11,2025-03-17,2025-03-12,Account manager,Despatched
SO-2025-05937,C1871,WAR,2025-03-11,2025-03-14,2025-03-11,Web,Despatched
SO-2025-05938,C1839,WAR,2025-03-11,2025-03-17,2025-03-11,Telephone,Despatched
SO-2025-05939,C1215,WAR,2025-03-11,2025-03-12,2025-03-11,Web,Part despatched
SO-2025-05940,C1398,WAR,2025-03-11,2025-03-12,2025-03-11,Web,Despatched
SO-2025-05941,C1501,BRS,2025-03-11,2025-03-13,2025-03-11,Trade counter,Despatched
SO-2025-05942,C1330,BRS,2025-03-11,2025-03-14,2025-03-13,Web,Part despatched
SO-2025-05943,C1498,BRS,2025-03-11,2025-03-17,2025-03-12,Trade counter,Despatched
SO-2025-05944,C1343,BRS,2025-03-11,2025-03-12,2025-03-11,Trade counter,Despatched
SO-2025-05945,C1147,BRS,2025-03-11,2025-03-13,2025-03-11,Trade counter,Despatched
SO-2025-05946,C1343,BRS,2025-03-11,2025-03-14,2025-03-11,Trade counter,Despatched
SO-2025-05947,C1619,BRS,2025-03-11,2025-03-13,2025-03-11,Trade counter,Despatched
SO-2025-05948,C1835,LIV,2025-03-11,2025-03-13,2025-03-11,Web,Part despatched
SO-2025-05949,C1033,LIV,2025-03-11,2025-03-13,2025-03-11,Trade counter,Despatched
SO-2025-05950,C1038,LIV,2025-03-11,2025-03-14,2025-03-12,Account manager,Despatched
SO-2025-05951,C1109,LIV,2025-03-11,2025-03-12,2025-03-11,Trade counter,Despatched
SO-2025-05952,C1085,LIV,2025-03-11,2025-03-13,2025-03-11,Trade counter,Despatched
SO-2025-05953,C1447,DAV,2025-03-12,2025-03-14,2025-03-14,Web,Despatched
SO-2025-05954,C1389,DAV,2025-03-12,2025-03-14,2025-03-13,Web,Despatched
SO-2025-05955,C1800,DAV,2025-03-12,2025-03-13,2025-03-13,Telephone,Despatched
SO-2025-05956,C1704,DAV,2025-03-12,2025-03-17,2025-03-12,Telephone,Despatched
SO-2025-05957,C1488,DAV,2025-03-12,2025-03-14,2025-03-12,Account manager,Despatched
SO-2025-05958,C1270,DAV,2025-03-12,2025-03-17,2025-03-13,Account manager,Despatched
SO-2025-05959,C1366,DAV,2025-03-12,2025-03-18,2025-03-13,Trade counter,Part despatched
SO-2025-05960,C1078,DAV,2025-03-12,2025-03-17,2025-03-13,Web,Despatched
SO-2025-05961,C1194,DAV,2025-03-12,2025-03-13,2025-03-14,Web,Despatched
SO-2025-05962,C1051,WAR,2025-03-12,2025-03-14,2025-03-12,Telephone,Part despatched
SO-2025-05963,C1123,WAR,2025-03-12,2025-03-17,2025-03-12,Account manager,Despatched
SO-2025-05964,C1346,WAR,2025-03-12,2025-03-18,2025-03-12,Telephone,Despatched
SO-2025-05965,C1679,WAR,2025-03-12,2025-03-18,2025-03-13,Telephone,Despatched
SO-2025-05966,C1783,BRS,2025-03-12,2025-03-17,2025-03-12,Telephone,Part despatched
SO-2025-05967,C1044,BRS,2025-03-12,2025-03-17,2025-03-12,Telephone,Despatched
SO-2025-05968,C1238,BRS,2025-03-12,2025-03-17,2025-03-12,Telephone,Part despatched
SO-2025-05969,C1546,BRS,2025-03-12,2025-03-18,2025-03-12,Trade counter,Despatched
SO-2025-05970,C1343,BRS,2025-03-12,2025-03-13,2025-03-12,Trade counter,Part despatched
SO-2025-05971,C1168,LIV,2025-03-12,2025-03-14,2025-03-12,Trade counter,Despatched
SO-2025-05972,C1817,LIV,2025-03-12,2025-03-17,2025-03-13,Trade counter,Despatched
SO-2025-05973,C1941,LIV,2025-03-12,2025-03-18,2025-03-12,Web,Part despatched
SO-2025-05974,C1278,DAV,2025-03-13,2025-03-19,2025-03-13,Trade counter,Despatched
SO-2025-05975,C1255,DAV,2025-03-13,2025-03-14,2025-03-17,Telephone,Despatched
SO-2025-05976,C1985,DAV,2025-03-13,2025-03-14,2025-03-13,Telephone,Part despatched
SO-2025-05977,C1194,DAV,2025-03-13,2025-03-18,2025-03-13,Web,Despatched
SO-2025-05978,C1236,DAV,2025-03-13,2025-03-18,2025-03-13,Telephone,Despatched
SO-2025-05979,C1669,DAV,2025-03-13,2025-03-19,2025-03-13,Trade counter,Despatched
SO-2025-05980,C1760,DAV,2025-03-13,2025-03-18,2025-03-13,Trade counter,Despatched
SO-2025-05981,C1035,DAV,2025-03-13,2025-03-17,2025-03-13,Telephone,Part despatched
SO-2025-05982,C1563,DAV,2025-03-13,2025-03-17,2025-03-14,Trade counter,Part despatched
SO-2025-05983,C1748,DAV,2025-03-13,2025-03-19,2025-03-14,Account manager,Despatched
SO-2025-05984,C1194,DAV,2025-03-13,2025-03-19,2025-03-13,Trade counter,Despatched
SO-2025-05985,C1521,DAV,2025-03-13,2025-03-14,2025-03-13,Web,Despatched
SO-2025-05986,C1354,DAV,2025-03-13,2025-03-14,2025-03-13,Web,Despatched
SO-2025-05987,C1765,DAV,2025-03-13,2025-03-17,2025-03-13,Account manager,Part despatched
SO-2025-05988,C1215,WAR,2025-03-13,2025-03-18,2025-03-13,Telephone,Despatched
SO-2025-05989,C1057,WAR,2025-03-13,2025-03-17,2025-03-14,Trade counter,Despatched
SO-2025-05990,C1075,WAR,2025-03-13,2025-03-18,2025-03-13,Account manager,Part despatched
SO-2025-05991,C1651,WAR,2025-03-13,2025-03-18,2025-03-13,Trade counter,Despatched
SO-2025-05992,C1338,BRS,2025-03-13,2025-03-19,2025-03-13,Trade counter,Despatched
SO-2025-05993,C1115,BRS,2025-03-13,2025-03-14,2025-03-13,Trade counter,Part despatched
SO-2025-05994,C1151,BRS,2025-03-13,2025-03-14,2025-03-13,Trade counter,Despatched
SO-2025-05995,C1697,BRS,2025-03-13,2025-03-18,2025-03-13,Web,Despatched
SO-2025-05996,C1475,BRS,2025-03-13,2025-03-17,2025-03-13,Telephone,Part despatched
SO-2025-05997,C1505,BRS,2025-03-13,2025-03-14,2025-03-13,Trade counter,Despatched
SO-2025-05998,C1151,BRS,2025-03-13,2025-03-14,2025-03-13,Trade counter,Despatched
SO-2025-05999,C1247,BRS,2025-03-13,2025-03-18,2025-03-17,Telephone,Despatched
SO-2025-06000,C1466,LIV,2025-03-13,2025-03-19,2025-03-13,Account manager,Despatched
SO-2025-06001,C1159,LIV,2025-03-13,2025-03-14,2025-03-13,Trade counter,Despatched
SO-2025-06002,C1566,LIV,2025-03-13,2025-03-19,2025-03-13,Trade counter,Despatched
SO-2025-06003,C1975,LIV,2025-03-13,2025-03-17,2025-03-13,Web,Despatched
SO-2025-06004,C1422,LIV,2025-03-13,2025-03-14,2025-03-13,Account manager,Part despatched
SO-2025-06005,C1936,DAV,2025-03-14,2025-03-18,2025-03-14,Web,Part despatched
SO-2025-06006,C1744,DAV,2025-03-14,2025-03-18,2025-03-17,Trade counter,Despatched
SO-2025-06007,C1728,DAV,2025-03-14,2025-03-18,2025-03-14,Telephone,Despatched
SO-2025-06008,C1818,DAV,2025-03-14,2025-03-20,2025-03-14,Trade counter,Despatched
SO-2025-06009,C1850,WAR,2025-03-14,2025-03-18,2025-03-14,Telephone,Despatched
SO-2025-06010,C1464,WAR,2025-03-14,2025-03-19,2025-03-14,Web,Despatched
SO-2025-06011,C1872,WAR,2025-03-14,2025-03-18,2025-03-14,Trade counter,Despatched
SO-2025-06012,C1154,WAR,2025-03-14,2025-03-20,2025-03-14,Trade counter,Despatched
SO-2025-06013,C1460,WAR,2025-03-14,2025-03-20,2025-03-14,Trade counter,Despatched
SO-2025-06014,C1651,WAR,2025-03-14,2025-03-18,2025-03-14,Account manager,Despatched
SO-2025-06015,C1212,BRS,2025-03-14,2025-03-18,2025-03-19,Trade counter,Despatched
SO-2025-06016,C1339,BRS,2025-03-14,2025-03-18,2025-03-17,Telephone,Despatched
SO-2025-06017,C1726,LIV,2025-03-14,2025-03-17,2025-03-17,Account manager,Part despatched
SO-2025-06018,C1191,DAV,2025-03-17,2025-03-21,2025-03-17,Telephone,Despatched
SO-2025-06019,C1366,DAV,2025-03-17,2025-03-21,2025-03-19,Trade counter,Despatched
SO-2025-06020,C1985,DAV,2025-03-17,2025-03-21,2025-03-17,Trade counter,Part despatched
SO-2025-06021,C1104,DAV,2025-03-17,2025-03-20,2025-03-17,Web,Despatched
SO-2025-06022,C1728,DAV,2025-03-17,2025-03-18,2025-03-17,Web,Despatched
SO-2025-06023,C1367,DAV,2025-03-17,2025-03-18,2025-03-17,Account manager,Despatched
SO-2025-06024,C1389,DAV,2025-03-17,2025-03-18,2025-03-17,Telephone,Despatched
SO-2025-06025,C1234,WAR,2025-03-17,2025-03-21,2025-03-17,Trade counter,Despatched
SO-2025-06026,C1871,WAR,2025-03-17,2025-03-20,2025-03-19,Trade counter,Despatched
SO-2025-06027,C1258,BRS,2025-03-17,2025-03-20,2025-03-17,Web,Part despatched
SO-2025-06028,C1475,BRS,2025-03-17,2025-03-19,2025-03-17,Telephone,Despatched
SO-2025-06029,C1212,BRS,2025-03-17,2025-03-20,2025-03-17,Trade counter,Despatched
SO-2025-06030,C1697,BRS,2025-03-17,2025-03-18,2025-03-17,Telephone,Despatched
SO-2025-06031,C1970,BRS,2025-03-17,2025-03-21,2025-03-17,Telephone,Part despatched
SO-2025-06032,C1526,LIV,2025-03-17,2025-03-20,2025-03-17,Telephone,Despatched
SO-2025-06033,C1430,LIV,2025-03-17,2025-03-20,2025-03-17,Web,Part despatched
SO-2025-06034,C1085,LIV,2025-03-17,2025-03-18,2025-03-17,Trade counter,Despatched
SO-2025-06035,C1853,LIV,2025-03-17,2025-03-18,2025-03-17,Telephone,Despatched
SO-2025-06036,C1648,DAV,2025-03-18,2025-03-24,2025-03-19,Trade counter,Part despatched
SO-2025-06037,C1335,DAV,2025-03-18,2025-03-24,2025-03-18,Trade counter,Part despatched
SO-2025-06038,C1437,DAV,2025-03-18,2025-03-24,2025-03-19,Trade counter,Part despatched
SO-2025-06039,C1593,DAV,2025-03-18,2025-03-24,2025-03-18,Telephone,Part despatched
SO-2025-06040,C1367,DAV,2025-03-18,2025-03-19,2025-03-18,Account manager,Part despatched
SO-2025-06041,C1648,DAV,2025-03-18,2025-03-24,2025-03-18,Telephone,Despatched
SO-2025-06042,C1795,DAV,2025-03-18,2025-03-24,2025-03-19,Telephone,Despatched
SO-2025-06043,C1491,DAV,2025-03-18,2025-03-19,2025-03-19,Trade counter,Despatched
SO-2025-06044,C1464,WAR,2025-03-18,2025-03-24,2025-03-18,Account manager,Despatched
SO-2025-06045,C1287,WAR,2025-03-18,2025-03-24,2025-03-18,Web,Despatched
SO-2025-06046,C1032,WAR,2025-03-18,2025-03-20,2025-03-18,Telephone,Despatched
SO-2025-06047,C1234,WAR,2025-03-18,2025-03-20,2025-03-18,Trade counter,Part despatched
SO-2025-06048,C1409,WAR,2025-03-18,2025-03-24,2025-03-18,Web,Part despatched
SO-2025-06049,C1346,WAR,2025-03-18,2025-03-21,2025-03-19,Trade counter,Despatched
SO-2025-06050,C1918,WAR,2025-03-18,2025-03-24,2025-03-20,Web,Despatched
SO-2025-06051,C1238,BRS,2025-03-18,2025-03-24,2025-03-18,Trade counter,Part despatched
SO-2025-06052,C1785,BRS,2025-03-18,2025-03-24,2025-03-18,Account manager,Despatched
SO-2025-06053,C1578,BRS,2025-03-18,2025-03-19,2025-03-19,Web,Part despatched
SO-2025-06054,C1697,BRS,2025-03-18,2025-03-19,2025-03-19,Web,Part despatched
SO-2025-06055,C1900,LIV,2025-03-18,2025-03-21,2025-03-18,Telephone,Despatched
SO-2025-06056,C1038,LIV,2025-03-18,2025-03-19,2025-03-18,Telephone,Part despatched
SO-2025-06057,C1371,DAV,2025-03-19,2025-03-24,2025-03-20,Trade counter,Despatched
SO-2025-06058,C1928,DAV,2025-03-19,2025-03-21,2025-03-24,Telephone,Part despatched
SO-2025-06059,C1133,DAV,2025-03-19,2025-03-25,2025-03-20,Account manager,Despatched
SO-2025-06060,C1593,DAV,2025-03-19,2025-03-21,2025-03-19,Telephone,Despatched
SO-2025-06061,C1218,DAV,2025-03-19,2025-03-20,2025-03-20,Telephone,Despatched
SO-2025-06062,C1610,DAV,2025-03-19,2025-03-25,2025-03-19,Web,Part despatched
SO-2025-06063,C1094,DAV,2025-03-19,2025-03-21,2025-03-19,Web,Part despatched
SO-2025-06064,C1032,WAR,2025-03-19,2025-03-21,2025-03-19,Web,Despatched
SO-2025-06065,C1933,WAR,2025-03-19,2025-03-21,2025-03-19,Web,Despatched
SO-2025-06066,C1141,WAR,2025-03-19,2025-03-20,2025-03-21,Web,Despatched
SO-2025-06067,C1460,WAR,2025-03-19,2025-03-21,2025-03-24,Trade counter,Despatched
SO-2025-06068,C1032,WAR,2025-03-19,2025-03-25,2025-03-19,Trade counter,Despatched
SO-2025-06069,C1802,WAR,2025-03-19,2025-03-25,2025-03-19,Telephone,Part despatched
SO-2025-06070,C1475,BRS,2025-03-19,2025-03-21,2025-03-19,Telephone,Despatched
SO-2025-06071,C1498,BRS,2025-03-19,2025-03-21,2025-03-19,Telephone,Part despatched
SO-2025-06072,C1107,BRS,2025-03-19,2025-03-21,2025-03-19,Telephone,Despatched
SO-2025-06073,C1664,BRS,2025-03-19,2025-03-20,2025-03-19,Trade counter,Part despatched
SO-2025-06074,C1557,BRS,2025-03-19,2025-03-25,2025-03-19,Telephone,Part despatched
SO-2025-06075,C1374,BRS,2025-03-19,2025-03-21,2025-03-19,Web,Despatched
SO-2025-06076,C1033,LIV,2025-03-19,2025-03-24,2025-03-21,Trade counter,Despatched
SO-2025-06077,C1821,LIV,2025-03-19,2025-03-24,2025-03-19,Trade counter,Despatched
SO-2025-06078,C1085,LIV,2025-03-19,2025-03-25,2025-03-19,Trade counter,Despatched
SO-2025-06079,C1853,LIV,2025-03-19,2025-03-20,2025-03-24,Telephone,Despatched
SO-2025-06080,C1078,DAV,2025-03-20,2025-03-21,2025-03-20,Trade counter,Part despatched
SO-2025-06081,C1928,DAV,2025-03-20,2025-03-25,2025-03-20,Trade counter,Despatched
SO-2025-06082,C1593,DAV,2025-03-20,2025-03-24,2025-03-20,Telephone,Despatched
SO-2025-06083,C1457,DAV,2025-03-20,2025-03-24,2025-03-20,Telephone,Part despatched
SO-2025-06084,C1278,DAV,2025-03-20,2025-03-26,2025-03-21,Telephone,Despatched
SO-2025-06085,C1201,DAV,2025-03-20,2025-03-25,2025-03-20,Web,Part despatched
SO-2025-06086,C1447,DAV,2025-03-20,2025-03-24,2025-03-21,Trade counter,Despatched
SO-2025-06087,C1145,DAV,2025-03-20,2025-03-26,2025-03-21,Trade counter,Despatched
SO-2025-06088,C1255,DAV,2025-03-20,2025-03-21,2025-03-20,Telephone,Despatched
SO-2025-06089,C1234,WAR,2025-03-20,2025-03-24,2025-03-20,Telephone,Despatched
SO-2025-06090,C1802,WAR,2025-03-20,2025-03-24,2025-03-20,Web,Part despatched
SO-2025-06091,C1948,WAR,2025-03-20,2025-03-24,2025-03-20,Telephone,Despatched
SO-2025-06092,C1090,WAR,2025-03-20,2025-03-21,2025-03-20,Trade counter,Despatched
SO-2025-06093,C1533,WAR,2025-03-20,2025-03-25,2025-03-24,Trade counter,Despatched
SO-2025-06094,C1234,WAR,2025-03-20,2025-03-26,2025-03-20,Trade counter,Despatched
SO-2025-06095,C1844,WAR,2025-03-20,2025-03-25,2025-03-20,Trade counter,Despatched
SO-2025-06096,C1460,WAR,2025-03-20,2025-03-21,2025-03-20,Trade counter,Despatched
SO-2025-06097,C1382,BRS,2025-03-20,2025-03-26,2025-03-20,Trade counter,Despatched
SO-2025-06098,C1737,BRS,2025-03-20,2025-03-25,2025-03-20,Account manager,Despatched
SO-2025-06099,C1447,DAV,2025-03-21,2025-03-25,2025-03-21,Telephone,Part despatched
SO-2025-06100,C1596,DAV,2025-03-21,2025-03-26,2025-03-21,Trade counter,Despatched
SO-2025-06101,C1447,DAV,2025-03-21,2025-03-27,2025-03-21,Web,Part despatched
SO-2025-06102,C1255,DAV,2025-03-21,2025-03-25,2025-03-21,Telephone,Part despatched
SO-2025-06103,C1195,DAV,2025-03-21,2025-03-26,2025-03-21,Web,Part despatched
SO-2025-06104,C1429,DAV,2025-03-21,2025-03-26,2025-03-21,Account manager,Despatched
SO-2025-06105,C1776,DAV,2025-03-21,2025-03-25,2025-03-24,Trade counter,Despatched
SO-2025-06106,C1098,DAV,2025-03-21,2025-03-24,2025-03-21,Telephone,Part despatched
SO-2025-06107,C1244,WAR,2025-03-21,2025-03-27,2025-03-21,Telephone,Despatched
SO-2025-06108,C1402,WAR,2025-03-21,2025-03-27,2025-03-21,Trade counter,Part despatched
SO-2025-06109,C1871,WAR,2025-03-21,2025-03-27,2025-03-21,Web,Despatched
SO-2025-06110,C1215,WAR,2025-03-21,2025-03-26,2025-03-24,Web,Despatched
SO-2025-06111,C1730,WAR,2025-03-21,2025-03-24,2025-03-26,Trade counter,Despatched
SO-2025-06112,C1737,BRS,2025-03-21,2025-03-26,2025-03-21,Telephone,Despatched
SO-2025-06113,C1040,BRS,2025-03-21,2025-03-24,2025-03-21,Telephone,Despatched
SO-2025-06114,C1159,LIV,2025-03-21,2025-03-25,2025-03-21,Trade counter,Despatched
SO-2025-06115,C1227,DAV,2025-03-24,2025-03-26,2025-03-25,Web,Despatched
SO-2025-06116,C1255,DAV,2025-03-24,2025-03-26,2025-03-24,Trade counter,Despatched
SO-2025-06117,C1859,DAV,2025-03-24,2025-03-26,2025-03-24,Telephone,Despatched
SO-2025-06118,C1232,DAV,2025-03-24,2025-03-26,2025-03-24,Trade counter,Part despatched
SO-2025-06119,C1262,DAV,2025-03-24,2025-03-27,2025-03-25,Trade counter,Despatched
SO-2025-06120,C1563,DAV,2025-03-24,2025-03-28,2025-03-25,Web,Part despatched
SO-2025-06121,C1881,DAV,2025-03-24,2025-03-25,2025-03-24,Telephone,Despatched
SO-2025-06122,C1209,DAV,2025-03-24,2025-03-27,2025-03-24,Telephone,Despatched
SO-2025-06123,C1278,DAV,2025-03-24,2025-03-27,2025-03-25,Web,Despatched
SO-2025-06124,C1702,WAR,2025-03-24,2025-03-26,2025-03-24,Web,Part despatched
SO-2025-06125,C1047,WAR,2025-03-24,2025-03-25,2025-03-24,Web,Despatched
SO-2025-06126,C1475,BRS,2025-03-24,2025-03-27,2025-03-25,Trade counter,Despatched
SO-2025-06127,C1302,BRS,2025-03-24,2025-03-25,2025-03-24,Trade counter,Despatched
SO-2025-06128,C1435,LIV,2025-03-24,2025-03-27,2025-03-24,Telephone,Part despatched
SO-2025-06129,C1726,LIV,2025-03-24,2025-03-26,2025-03-25,Trade counter,Despatched
SO-2025-06130,C1109,LIV,2025-03-24,2025-03-25,2025-03-24,Account manager,Despatched
SO-2025-06131,C1422,LIV,2025-03-24,2025-03-25,2025-03-24,Web,Despatched
SO-2025-06132,C1366,DAV,2025-03-25,2025-03-26,2025-03-26,Telephone,Despatched
SO-2025-06133,C1515,DAV,2025-03-25,2025-03-28,2025-03-25,Telephone,Part despatched
SO-2025-06134,C1646,DAV,2025-03-25,2025-03-26,2025-03-27,Web,Despatched
SO-2025-06135,C1270,DAV,2025-03-25,2025-03-28,2025-03-25,Account manager,Despatched
SO-2025-06136,C1255,DAV,2025-03-25,2025-03-26,2025-03-25,Web,Part despatched
SO-2025-06137,C1841,DAV,2025-03-25,2025-03-27,2025-03-26,Trade counter,Despatched
SO-2025-06138,C1952,DAV,2025-03-25,2025-03-26,2025-03-25,Trade counter,Despatched
SO-2025-06139,C1094,DAV,2025-03-25,2025-03-31,2025-03-25,Telephone,Despatched
SO-2025-06140,C1290,DAV,2025-03-25,2025-03-31,2025-03-26,Trade counter,Part despatched
SO-2025-06141,C1145,DAV,2025-03-25,2025-03-31,2025-03-25,Web,Part despatched
SO-2025-06142,C1215,WAR,2025-03-25,2025-03-31,2025-03-25,Telephone,Despatched
SO-2025-06143,C1287,WAR,2025-03-25,2025-03-28,2025-03-25,Account manager,Despatched
SO-2025-06144,C1208,WAR,2025-03-25,2025-03-27,2025-03-26,Telephone,Despatched
SO-2025-06145,C1495,WAR,2025-03-25,2025-03-28,2025-03-25,Trade counter,Despatched
SO-2025-06146,C1785,BRS,2025-03-25,2025-03-31,2025-03-26,Telephone,Part despatched
SO-2025-06147,C1140,BRS,2025-03-25,2025-03-26,2025-03-25,Telephone,Despatched
SO-2025-06148,C1505,BRS,2025-03-25,2025-03-31,2025-03-27,Trade counter,Despatched
SO-2025-06149,C1602,BRS,2025-03-25,2025-03-31,2025-03-26,Telephone,Despatched
SO-2025-06150,C1528,LIV,2025-03-25,2025-03-26,2025-03-25,Trade counter,Despatched
SO-2025-06151,C1466,LIV,2025-03-25,2025-03-26,2025-03-25,Trade counter,Despatched
SO-2025-06152,C1607,LIV,2025-03-25,2025-03-28,2025-03-25,Account manager,Despatched
SO-2025-06153,C1689,LIV,2025-03-25,2025-03-27,2025-03-25,Telephone,Despatched
SO-2025-06154,C1109,LIV,2025-03-25,2025-03-27,2025-03-25,Telephone,Part despatched
SO-2025-06155,C1734,DAV,2025-03-26,2025-03-27,2025-03-28,Telephone,Despatched
SO-2025-06156,C1183,DAV,2025-03-26,2025-04-01,2025-03-27,Web,Despatched
SO-2025-06157,C1593,DAV,2025-03-26,2025-03-31,2025-03-26,Trade counter,Part despatched
SO-2025-06158,C1790,WAR,2025-03-26,2025-03-27,2025-03-26,Telephone,Despatched
SO-2025-06159,C1802,WAR,2025-03-26,2025-03-31,2025-03-31,Trade counter,Despatched
SO-2025-06160,C1398,WAR,2025-03-26,2025-03-31,2025-03-26,Web,Despatched
SO-2025-06161,C1234,WAR,2025-03-26,2025-04-01,2025-03-26,Web,Despatched
SO-2025-06162,C1560,WAR,2025-03-26,2025-03-27,2025-03-26,Web,Despatched
SO-2025-06163,C1352,BRS,2025-03-26,2025-03-31,2025-03-26,Web,Despatched
SO-2025-06164,C1435,LIV,2025-03-26,2025-03-27,2025-03-26,Telephone,Despatched
SO-2025-06165,C1723,LIV,2025-03-26,2025-03-28,2025-03-27,Telephone,Despatched
SO-2025-06166,C1085,LIV,2025-03-26,2025-03-27,2025-03-26,Web,Despatched
SO-2025-06167,C1422,LIV,2025-03-26,2025-03-28,2025-03-26,Web,Despatched
SO-2025-06168,C1531,DAV,2025-03-27,2025-04-01,2025-03-31,Trade counter,Despatched
SO-2025-06169,C1145,DAV,2025-03-27,2025-03-28,2025-03-28,Telephone,Despatched
SO-2025-06170,C1734,DAV,2025-03-27,2025-03-31,2025-03-27,Trade counter,Despatched
SO-2025-06171,C1113,DAV,2025-03-27,2025-04-01,2025-03-27,Web,Despatched
SO-2025-06172,C1651,WAR,2025-03-27,2025-03-31,2025-03-27,Trade counter,Despatched
SO-2025-06173,C1724,WAR,2025-03-27,2025-03-31,2025-03-27,Telephone,Despatched
SO-2025-06174,C1182,WAR,2025-03-27,2025-03-31,2025-03-31,Trade counter,Despatched
SO-2025-06175,C1032,WAR,2025-03-27,2025-04-01,2025-03-27,Telephone,Despatched
SO-2025-06176,C1730,WAR,2025-03-27,2025-04-02,2025-03-28,Telephone,Despatched
SO-2025-06177,C1659,BRS,2025-03-27,2025-04-01,2025-03-28,Web,Part despatched
SO-2025-06178,C1343,BRS,2025-03-27,2025-04-02,2025-03-27,Web,Part despatched
SO-2025-06179,C1498,BRS,2025-03-27,2025-04-01,2025-03-28,Telephone,Part despatched
SO-2025-06180,C1374,BRS,2025-03-27,2025-03-28,2025-03-31,Account manager,Part despatched
SO-2025-06181,C1115,BRS,2025-03-27,2025-03-31,2025-03-27,Telephone,Part despatched
SO-2025-06182,C1259,BRS,2025-03-27,2025-04-02,2025-03-27,Web,Part despatched
SO-2025-06183,C1343,BRS,2025-03-27,2025-04-02,2025-03-27,Web,Part despatched
SO-2025-06184,C1038,LIV,2025-03-27,2025-04-02,2025-03-27,Telephone,Despatched
SO-2025-06185,C1254,LIV,2025-03-27,2025-04-01,2025-03-27,Telephone,Despatched
SO-2025-06186,C1878,LIV,2025-03-27,2025-04-02,2025-03-27,Trade counter,Despatched
SO-2025-06187,C1085,LIV,2025-03-27,2025-03-31,2025-03-27,Trade counter,Despatched
SO-2025-06188,C1357,LIV,2025-03-27,2025-03-31,2025-03-27,Trade counter,Despatched
SO-2025-06189,C1748,DAV,2025-03-28,2025-04-01,2025-04-01,Telephone,Despatched
SO-2025-06190,C1366,DAV,2025-03-28,2025-03-31,2025-03-28,Trade counter,Despatched
SO-2025-06191,C1599,DAV,2025-03-28,2025-04-02,2025-03-28,Web,Despatched
SO-2025-06192,C1767,DAV,2025-03-28,2025-04-01,2025-03-28,Account manager,Despatched
SO-2025-06193,C1235,DAV,2025-03-28,2025-04-01,2025-03-31,Telephone,Part despatched
SO-2025-06194,C1299,DAV,2025-03-28,2025-03-31,,Trade counter,Cancelled
SO-2025-06195,C1888,DAV,2025-03-28,2025-04-01,2025-03-28,Trade counter,Despatched
SO-2025-06196,C1952,DAV,2025-03-28,2025-04-02,2025-04-01,Trade counter,Despatched
SO-2025-06197,C1871,WAR,2025-03-28,2025-03-31,2025-03-28,Web,Despatched
SO-2025-06198,C1651,WAR,2025-03-28,2025-04-02,2025-03-28,Trade counter,Part despatched
SO-2025-06199,C1057,WAR,2025-03-28,2025-04-03,2025-03-28,Account manager,Despatched
SO-2025-06200,C1785,BRS,2025-03-28,2025-04-02,2025-04-01,Trade counter,Despatched
SO-2025-06201,C1147,BRS,2025-03-28,2025-04-02,2025-03-31,Trade counter,Despatched
SO-2025-06202,C1151,BRS,2025-03-28,2025-04-01,2025-03-28,Web,Despatched
SO-2025-06203,C1304,BRS,2025-03-28,2025-04-02,2025-03-28,Telephone,Despatched
SO-2025-06204,C1803,LIV,2025-03-28,2025-04-02,2025-03-28,Web,Despatched
SO-2025-06205,C1911,LIV,2025-03-28,2025-03-31,2025-03-31,Account manager,Despatched
SO-2025-06206,C1321,LIV,2025-03-28,2025-03-31,2025-03-28,Web,Despatched
SO-2025-06207,C1321,LIV,2025-03-28,2025-04-03,2025-03-28,Account manager,Despatched
SO-2025-06208,C1168,LIV,2025-03-28,2025-04-01,2025-03-28,Web,Despatched
SO-2025-06209,C1470,DAV,2025-03-31,2025-04-03,2025-03-31,Trade counter,Despatched
SO-2025-06210,C1639,DAV,2025-03-31,2025-04-01,2025-03-31,Telephone,Despatched
SO-2025-06211,C1035,DAV,2025-03-31,2025-04-02,2025-03-31,Web,Part despatched
SO-2025-06212,C1078,DAV,2025-03-31,2025-04-01,2025-03-31,Trade counter,Despatched
SO-2025-06213,C1429,DAV,2025-03-31,2025-04-01,2025-04-01,Account manager,Despatched
SO-2025-06214,C1251,DAV,2025-03-31,2025-04-02,2025-04-01,Telephone,Despatched
SO-2025-06215,C1194,DAV,2025-03-31,2025-04-04,2025-04-02,Telephone,Part despatched
SO-2025-06216,C1486,DAV,2025-03-31,2025-04-02,2025-03-31,Trade counter,Despatched
SO-2025-06217,C1084,DAV,2025-03-31,2025-04-04,2025-04-01,Trade counter,Part despatched
SO-2025-06218,C1218,DAV,2025-03-31,2025-04-01,2025-03-31,Account manager,Despatched
SO-2025-06219,C1429,DAV,2025-03-31,2025-04-02,2025-03-31,Trade counter,Despatched
SO-2025-06220,C1026,WAR,2025-03-31,2025-04-03,2025-04-01,Web,Despatched
SO-2025-06221,C1495,WAR,2025-03-31,2025-04-04,2025-03-31,Trade counter,Despatched
SO-2025-06222,C1391,WAR,2025-03-31,2025-04-03,2025-03-31,Telephone,Despatched
SO-2025-06223,C1032,WAR,2025-03-31,2025-04-02,2025-03-31,Trade counter,Despatched
SO-2025-06224,C1785,BRS,2025-03-31,2025-04-01,2025-03-31,Trade counter,Despatched
SO-2025-06225,C1659,BRS,2025-03-31,2025-04-04,2025-04-01,Web,Part despatched
SO-2025-06226,C1343,BRS,2025-03-31,2025-04-01,2025-04-03,Telephone,Part despatched
SO-2025-06227,C1352,BRS,2025-03-31,2025-04-04,2025-03-31,Account manager,Part despatched
SO-2025-06228,C1505,BRS,2025-03-31,2025-04-04,2025-03-31,Trade counter,Part despatched
SO-2025-06229,C1578,BRS,2025-03-31,2025-04-02,2025-04-01,Account manager,Despatched
SO-2025-06230,C1352,BRS,2025-03-31,2025-04-04,2025-03-31,Trade counter,Part despatched
SO-2025-06231,C1785,BRS,2025-03-31,2025-04-01,2025-03-31,Web,Part despatched
SO-2025-06232,C1821,LIV,2025-03-31,2025-04-04,2025-04-02,Telephone,Despatched
SO-2025-06233,C1085,LIV,2025-03-31,2025-04-02,2025-03-31,Telephone,Part despatched
SO-2025-06234,C1515,DAV,2025-04-01,2025-04-07,2025-04-01,Web,Despatched
SO-2025-06235,C1389,DAV,2025-04-01,2025-04-04,2025-04-01,Telephone,Despatched
SO-2025-06236,C1429,DAV,2025-04-01,2025-04-03,2025-04-01,Telephone,Despatched
SO-2025-06237,C1429,DAV,2025-04-01,2025-04-03,2025-04-01,Telephone,Despatched
SO-2025-06238,C1626,DAV,2025-04-01,2025-04-07,2025-04-02,Telephone,Despatched
SO-2025-06239,C1450,WAR,2025-04-01,2025-04-04,2025-04-01,Trade counter,Despatched
SO-2025-06240,C1051,WAR,2025-04-01,2025-04-04,2025-04-02,Telephone,Despatched
SO-2025-06241,C1123,WAR,2025-04-01,2025-04-07,2025-04-02,Web,Part despatched
SO-2025-06242,C1871,WAR,2025-04-01,2025-04-07,2025-04-01,Trade counter,Despatched
SO-2025-06243,C1730,WAR,2025-04-01,2025-04-02,2025-04-01,Account manager,Part despatched
SO-2025-06244,C1338,BRS,2025-04-01,2025-04-04,2025-04-02,Telephone,Despatched
SO-2025-06245,C1874,BRS,2025-04-01,2025-04-02,2025-04-02,Trade counter,Despatched
SO-2025-06246,C1343,BRS,2025-04-01,2025-04-07,2025-04-02,Web,Part despatched
SO-2025-06247,C1212,BRS,2025-04-01,2025-04-07,2025-04-01,Telephone,Despatched
SO-2025-06248,C1238,BRS,2025-04-01,2025-04-02,2025-04-01,Telephone,Despatched
SO-2025-06249,C1379,LIV,2025-04-01,2025-04-02,2025-04-02,Trade counter,Despatched
SO-2025-06250,C1666,LIV,2025-04-01,2025-04-02,2025-04-03,Trade counter,Despatched
SO-2025-06251,C1593,DAV,2025-04-02,2025-04-07,2025-04-02,Trade counter,Despatched
SO-2025-06252,C1577,DAV,2025-04-02,2025-04-08,2025-04-02,Trade counter,Part despatched
SO-2025-06253,C1599,DAV,2025-04-02,2025-04-03,2025-04-02,Telephone,Despatched
SO-2025-06254,C1366,DAV,2025-04-02,2025-04-03,2025-04-02,Telephone,Despatched
SO-2025-06255,C1062,DAV,2025-04-02,2025-04-03,2025-04-02,Telephone,Despatched
SO-2025-06256,C1389,DAV,2025-04-02,2025-04-07,2025-04-03,Account manager,Despatched
SO-2025-06257,C1881,DAV,2025-04-02,2025-04-07,2025-04-03,Trade counter,Despatched
SO-2025-06258,C1532,DAV,2025-04-02,2025-04-03,2025-04-02,Telephone,Despatched
SO-2025-06259,C1042,DAV,2025-04-02,2025-04-08,2025-04-02,Trade counter,Despatched
SO-2025-06260,C1209,DAV,2025-04-02,2025-04-07,2025-04-02,Web,Despatched
SO-2025-06261,C1610,DAV,2025-04-02,2025-04-03,2025-04-02,Trade counter,Despatched
SO-2025-06262,C1482,WAR,2025-04-02,2025-04-07,2025-04-03,Telephone,Despatched
SO-2025-06263,C1702,WAR,2025-04-02,2025-04-04,2025-04-02,Trade counter,Despatched
SO-2025-06264,C1044,BRS,2025-04-02,2025-04-04,2025-04-02,Web,Despatched
SO-2025-06265,C1115,BRS,2025-04-02,2025-04-07,2025-04-07,Web,Despatched
SO-2025-06266,C1147,BRS,2025-04-02,2025-04-04,2025-04-02,Telephone,Part despatched
SO-2025-06267,C1741,BRS,2025-04-02,2025-04-04,2025-04-02,Telephone,Part despatched
SO-2025-06268,C1212,BRS,2025-04-02,2025-04-04,2025-04-02,Telephone,Despatched
SO-2025-06269,C1212,BRS,2025-04-02,2025-04-07,2025-04-04,Web,Despatched
SO-2025-06270,C1266,LIV,2025-04-02,2025-04-08,2025-04-02,Account manager,Despatched
SO-2025-06271,C1821,LIV,2025-04-02,2025-04-07,2025-04-02,Telephone,Despatched
SO-2025-06272,C1584,LIV,2025-04-02,2025-04-03,2025-04-02,Trade counter,Despatched
SO-2025-06273,C1693,LIV,2025-04-02,2025-04-07,2025-04-02,Telephone,Despatched
SO-2025-06274,C1687,LIV,2025-04-02,2025-04-04,2025-04-02,Telephone,Part despatched
SO-2025-06275,C1835,LIV,2025-04-02,2025-04-08,2025-04-02,Web,Part despatched
SO-2025-06276,C1110,DAV,2025-04-03,2025-04-04,2025-04-04,Trade counter,Despatched
SO-2025-06277,C1194,DAV,2025-04-03,2025-04-07,2025-04-03,Account manager,Part despatched
SO-2025-06278,C1249,DAV,2025-04-03,2025-04-04,2025-04-08,Telephone,Despatched
SO-2025-06279,C1413,DAV,2025-04-03,2025-04-07,2025-04-08,Account manager,Despatched
SO-2025-06280,C1138,DAV,2025-04-03,2025-04-07,2025-04-03,Telephone,Despatched
SO-2025-06281,C1948,WAR,2025-04-03,2025-04-09,2025-04-07,Telephone,Despatched
SO-2025-06282,C1651,WAR,2025-04-03,2025-04-08,2025-04-03,Trade counter,Despatched
SO-2025-06283,C1141,WAR,2025-04-03,2025-04-07,2025-04-07,Trade counter,Part despatched
SO-2025-06284,C1702,WAR,2025-04-03,2025-04-09,2025-04-03,Web,Despatched
SO-2025-06285,C1243,WAR,2025-04-03,2025-04-08,2025-04-04,Account manager,Despatched
SO-2025-06286,C1674,BRS,2025-04-03,2025-04-07,2025-04-07,Trade counter,Despatched
SO-2025-06287,C1302,BRS,2025-04-03,2025-04-09,2025-04-03,Telephone,Part despatched
SO-2025-06288,C1619,BRS,2025-04-03,2025-04-08,2025-04-07,Account manager,Despatched
SO-2025-06289,C1785,BRS,2025-04-03,2025-04-09,2025-04-03,Telephone,Despatched
SO-2025-06290,C1566,LIV,2025-04-03,2025-04-09,2025-04-03,Web,Despatched
SO-2025-06291,C1634,LIV,2025-04-03,2025-04-08,2025-04-08,Account manager,Part despatched
SO-2025-06292,C1975,LIV,2025-04-03,2025-04-04,2025-04-03,Account manager,Despatched
SO-2025-06293,C1109,LIV,2025-04-03,2025-04-08,2025-04-03,Telephone,Despatched
SO-2025-06294,C1964,LIV,2025-04-03,2025-04-08,2025-04-03,Trade counter,Despatched
SO-2025-06295,C1429,DAV,2025-04-04,2025-04-07,2025-04-04,Telephone,Despatched
SO-2025-06296,C1410,DAV,2025-04-04,2025-04-09,2025-04-04,Account manager,Despatched
SO-2025-06297,C1366,DAV,2025-04-04,2025-04-08,2025-04-04,Account manager,Despatched
SO-2025-06298,C1734,DAV,2025-04-04,2025-04-08,2025-04-04,Web,Despatched
SO-2025-06299,C1440,DAV,2025-04-04,2025-04-07,2025-04-04,Account manager,Despatched
SO-2025-06300,C1440,DAV,2025-04-04,2025-04-08,2025-04-04,Telephone,Part despatched
SO-2025-06301,C1032,WAR,2025-04-04,2025-04-08,2025-04-08,Trade counter,Despatched
SO-2025-06302,C1679,WAR,2025-04-04,2025-04-07,2025-04-04,Trade counter,Despatched
SO-2025-06303,C1032,WAR,2025-04-04,2025-04-08,2025-04-08,Web,Despatched
SO-2025-06304,C1032,WAR,2025-04-04,2025-04-07,2025-04-04,Telephone,Despatched
SO-2025-06305,C1032,WAR,2025-04-04,2025-04-08,2025-04-04,Telephone,Part despatched
SO-2025-06306,C1147,BRS,2025-04-04,2025-04-08,2025-04-04,Account manager,Despatched
SO-2025-06307,C1423,LIV,2025-04-04,2025-04-07,2025-04-04,Web,Despatched
SO-2025-06308,C1321,LIV,2025-04-04,2025-04-09,2025-04-07,Trade counter,Despatched
SO-2025-06309,C1035,DAV,2025-04-07,2025-04-10,2025-04-07,Web,Despatched
SO-2025-06310,C1599,DAV,2025-04-07,2025-04-10,2025-04-07,Telephone,Despatched
SO-2025-06311,C1888,DAV,2025-04-07,2025-04-08,2025-04-07,Account manager,Despatched
SO-2025-06312,C1952,DAV,2025-04-07,2025-04-11,2025-04-07,Web,Despatched
SO-2025-06313,C1366,DAV,2025-04-07,2025-04-11,2025-04-07,Telephone,Despatched
SO-2025-06314,C1760,DAV,2025-04-07,2025-04-11,2025-04-08,Trade counter,Despatched
SO-2025-06315,C1790,WAR,2025-04-07,2025-04-08,2025-04-07,Web,Despatched
SO-2025-06316,C1790,WAR,2025-04-07,2025-04-08,2025-04-07,Trade counter,Despatched
SO-2025-06317,C1850,WAR,2025-04-07,2025-04-10,2025-04-07,Account manager,Part despatched
SO-2025-06318,C1844,WAR,2025-04-07,2025-04-09,2025-04-07,Web,Despatched
SO-2025-06319,C1790,WAR,2025-04-07,2025-04-10,2025-04-07,Account manager,Despatched
SO-2025-06320,C1790,WAR,2025-04-07,2025-04-09,2025-04-07,Telephone,Despatched
SO-2025-06321,C1402,WAR,2025-04-07,2025-04-11,2025-04-07,Telephone,Despatched
SO-2025-06322,C1001,WAR,2025-04-07,2025-04-09,2025-04-07,Telephone,Despatched
SO-2025-06323,C1733,BRS,2025-04-07,2025-04-09,2025-04-07,Account manager,Despatched
SO-2025-06324,C1525,BRS,2025-04-07,2025-04-10,2025-04-08,Web,Despatched
SO-2025-06325,C1184,DAV,2025-04-08,2025-04-14,2025-04-08,Trade counter,Despatched
SO-2025-06326,C1429,DAV,2025-04-08,2025-04-10,2025-04-09,Trade counter,Despatched
SO-2025-06327,C1056,DAV,2025-04-08,2025-04-14,2025-04-08,Telephone,Despatched
SO-2025-06328,C1429,DAV,2025-04-08,2025-04-09,2025-04-08,Account manager,Despatched
SO-2025-06329,C1366,DAV,2025-04-08,2025-04-11,2025-04-08,Web,Despatched
SO-2025-06330,C1114,DAV,2025-04-08,2025-04-09,2025-04-08,Telephone,Despatched
SO-2025-06331,C1593,DAV,2025-04-08,2025-04-09,2025-04-09,Web,Despatched
SO-2025-06332,C1527,DAV,2025-04-08,2025-04-10,2025-04-08,Trade counter,Despatched
SO-2025-06333,C1201,DAV,2025-04-08,2025-04-09,2025-04-08,Web,Despatched
SO-2025-06334,C1032,WAR,2025-04-08,2025-04-14,2025-04-08,Telephone,Despatched
SO-2025-06335,C1508,WAR,2025-04-08,2025-04-14,2025-04-08,Telephone,Despatched
SO-2025-06336,C1032,WAR,2025-04-08,2025-04-14,2025-04-08,Account manager,Despatched
SO-2025-06337,C1057,WAR,2025-04-08,2025-04-14,2025-04-08,Trade counter,Despatched
SO-2025-06338,C1264,WAR,2025-04-08,2025-04-10,2025-04-08,Trade counter,Despatched
SO-2025-06339,C1955,WAR,2025-04-08,2025-04-14,2025-04-09,Account manager,Despatched
SO-2025-06340,C1258,BRS,2025-04-08,2025-04-10,2025-04-10,Telephone,Despatched
SO-2025-06341,C1422,LIV,2025-04-08,2025-04-10,2025-04-08,Telephone,Despatched
SO-2025-06342,C1823,LIV,2025-04-08,2025-04-09,2025-04-08,Trade counter,Part despatched
SO-2025-06343,C1035,DAV,2025-04-09,2025-04-11,2025-04-09,Trade counter,Despatched
SO-2025-06344,C1554,DAV,2025-04-09,2025-04-10,2025-04-09,Telephone,Despatched
SO-2025-06345,C1307,DAV,2025-04-09,2025-04-11,2025-04-11,Telephone,Despatched
SO-2025-06346,C1743,DAV,2025-04-09,2025-04-11,2025-04-09,Trade counter,Despatched
SO-2025-06347,C1255,DAV,2025-04-09,2025-04-11,2025-04-10,Trade counter,Despatched
SO-2025-06348,C1554,DAV,2025-04-09,2025-04-15,2025-04-09,Account manager,Part despatched
SO-2025-06349,C1366,DAV,2025-04-09,2025-04-11,2025-04-09,Trade counter,Despatched
SO-2025-06350,C1924,WAR,2025-04-09,2025-04-15,2025-04-09,Telephone,Despatched
SO-2025-06351,C1535,WAR,2025-04-09,2025-04-15,2025-04-09,Trade counter,Despatched
SO-2025-06352,C1010,WAR,2025-04-09,2025-04-11,2025-04-09,Web,Despatched
SO-2025-06353,C1752,WAR,2025-04-09,2025-04-11,2025-04-09,Telephone,Despatched
SO-2025-06354,C1402,WAR,2025-04-09,2025-04-15,2025-04-10,Telephone,Despatched
SO-2025-06355,C1182,WAR,2025-04-09,2025-04-10,2025-04-11,Web,Despatched
SO-2025-06356,C1697,BRS,2025-04-09,2025-04-11,2025-04-09,Trade counter,Despatched
SO-2025-06357,C1302,BRS,2025-04-09,2025-04-10,2025-04-10,Trade counter,Despatched
SO-2025-06358,C1557,BRS,2025-04-09,2025-04-11,2025-04-09,Trade counter,Despatched
SO-2025-06359,C1338,BRS,2025-04-09,2025-04-15,2025-04-11,Web,Despatched
SO-2025-06360,C1697,BRS,2025-04-09,2025-04-10,2025-04-09,Web,Despatched
SO-2025-06361,C1339,BRS,2025-04-09,2025-04-14,2025-04-14,Web,Despatched
SO-2025-06362,C1634,LIV,2025-04-09,2025-04-14,2025-04-09,Trade counter,Despatched
SO-2025-06363,C1366,DAV,2025-04-10,2025-04-16,2025-04-11,Trade counter,Despatched
SO-2025-06364,C1429,DAV,2025-04-10,2025-04-11,2025-04-10,Trade counter,Despatched
SO-2025-06365,C1744,DAV,2025-04-10,2025-04-16,2025-04-10,Web,Despatched
SO-2025-06366,C1255,DAV,2025-04-10,2025-04-16,2025-04-14,Web,Despatched
SO-2025-06367,C1146,DAV,2025-04-10,2025-04-14,2025-04-10,Web,Despatched
SO-2025-06368,C1419,DAV,2025-04-10,2025-04-16,2025-04-15,Web,Despatched
SO-2025-06369,C1447,DAV,2025-04-10,2025-04-16,2025-04-10,Telephone,Despatched
SO-2025-06370,C1194,DAV,2025-04-10,2025-04-11,2025-04-10,Telephone,Despatched
SO-2025-06371,C1042,DAV,2025-04-10,2025-04-16,2025-04-10,Telephone,Despatched
SO-2025-06372,C1097,DAV,2025-04-10,2025-04-14,2025-04-11,Account manager,Despatched
SO-2025-06373,C1622,DAV,2025-04-10,2025-04-16,2025-04-11,Web,Part despatched
SO-2025-06374,C1094,DAV,2025-04-10,2025-04-15,2025-04-11,Account manager,Despatched
SO-2025-06375,C1818,DAV,2025-04-10,2025-04-16,2025-04-10,Account manager,Part despatched
SO-2025-06376,C1581,WAR,2025-04-10,2025-04-16,,Web,Cancelled
SO-2025-06377,C1402,WAR,2025-04-10,2025-04-16,2025-04-11,Web,Despatched
SO-2025-06378,C1702,WAR,2025-04-10,2025-04-11,2025-04-11,Account manager,Despatched
SO-2025-06379,C1081,WAR,2025-04-10,2025-04-11,2025-04-11,Trade counter,Part despatched
SO-2025-06380,C1032,WAR,2025-04-10,2025-04-15,2025-04-10,Trade counter,Despatched
SO-2025-06381,C1802,WAR,2025-04-10,2025-04-16,2025-04-10,Telephone,Despatched
SO-2025-06382,C1790,WAR,2025-04-10,2025-04-16,2025-04-10,Account manager,Despatched
SO-2025-06383,C1546,BRS,2025-04-10,2025-04-15,2025-04-10,Web,Despatched
SO-2025-06384,C1557,BRS,2025-04-10,2025-04-15,2025-04-11,Account manager,Despatched
SO-2025-06385,C1167,BRS,2025-04-10,2025-04-11,2025-04-10,Telephone,Despatched
SO-2025-06386,C1147,BRS,2025-04-10,2025-04-16,2025-04-10,Account manager,Despatched
SO-2025-06387,C1659,BRS,2025-04-10,2025-04-14,2025-04-10,Telephone,Despatched
SO-2025-06388,C1664,BRS,2025-04-10,2025-04-11,2025-04-10,Trade counter,Despatched
SO-2025-06389,C1267,LIV,2025-04-10,2025-04-14,2025-04-10,Telephone,Despatched
SO-2025-06390,C1435,LIV,2025-04-10,2025-04-15,2025-04-11,Telephone,Despatched
SO-2025-06391,C1691,LIV,2025-04-10,2025-04-11,2025-04-10,Telephone,Despatched
SO-2025-06392,C1821,LIV,2025-04-10,2025-04-14,2025-04-14,Telephone,Despatched
SO-2025-06393,C1429,DAV,2025-04-11,2025-04-14,2025-04-14,Telephone,Despatched
SO-2025-06394,C1195,DAV,2025-04-11,2025-04-14,2025-04-14,Telephone,Despatched
SO-2025-06395,C1898,DAV,2025-04-11,2025-04-16,2025-04-11,Telephone,Despatched
SO-2025-06396,C1744,DAV,2025-04-11,2025-04-14,2025-04-11,Trade counter,Despatched
SO-2025-06397,C1599,DAV,2025-04-11,2025-04-16,2025-04-11,Web,Despatched
SO-2025-06398,C1447,DAV,2025-04-11,2025-04-17,2025-04-14,Telephone,Despatched
SO-2025-06399,C1554,DAV,2025-04-11,2025-04-16,2025-04-14,Trade counter,Despatched
SO-2025-06400,C1255,DAV,2025-04-11,2025-04-14,2025-04-14,Web,Despatched
SO-2025-06401,C1207,WAR,2025-04-11,2025-04-15,2025-04-11,Trade counter,Despatched
SO-2025-06402,C1355,WAR,2025-04-11,2025-04-15,2025-04-11,Web,Despatched
SO-2025-06403,C1839,WAR,2025-04-11,2025-04-17,2025-04-11,Trade counter,Despatched
SO-2025-06404,C1839,WAR,2025-04-11,2025-04-14,2025-04-11,Trade counter,Despatched
SO-2025-06405,C1651,WAR,2025-04-11,2025-04-15,2025-04-15,Trade counter,Despatched
SO-2025-06406,C1398,WAR,2025-04-11,2025-04-17,2025-04-11,Trade counter,Despatched
SO-2025-06407,C1558,WAR,2025-04-11,2025-04-16,2025-04-14,Trade counter,Despatched
SO-2025-06408,C1010,WAR,2025-04-11,2025-04-15,2025-04-14,Web,Part despatched
SO-2025-06409,C1697,BRS,2025-04-11,2025-04-16,2025-04-11,Telephone,Despatched
SO-2025-06410,C1785,BRS,2025-04-11,2025-04-15,2025-04-16,Web,Part despatched
SO-2025-06411,C1238,BRS,2025-04-11,2025-04-16,2025-04-11,Trade counter,Despatched
SO-2025-06412,C1659,BRS,2025-04-11,2025-04-15,2025-04-11,Telephone,Despatched
SO-2025-06413,C1505,BRS,2025-04-11,2025-04-14,2025-04-14,Trade counter,Despatched
SO-2025-06414,C1674,BRS,2025-04-11,2025-04-16,2025-04-16,Trade counter,Despatched
SO-2025-06415,C1664,BRS,2025-04-11,2025-04-14,2025-04-11,Telephone,Part despatched
SO-2025-06416,C1697,BRS,2025-04-11,2025-04-15,2025-04-14,Telephone,Part despatched
SO-2025-06417,C1268,LIV,2025-04-11,2025-04-17,2025-04-14,Telephone,Despatched
SO-2025-06418,C1634,LIV,2025-04-11,2025-04-15,2025-04-15,Telephone,Despatched
SO-2025-06419,C1823,LIV,2025-04-11,2025-04-16,2025-04-11,Trade counter,Despatched
SO-2025-06420,C1853,LIV,2025-04-11,2025-04-16,2025-04-11,Account manager,Despatched
SO-2025-06421,C1062,DAV,2025-04-14,2025-04-17,2025-04-14,Telephone,Part despatched
SO-2025-06422,C1593,DAV,2025-04-14,2025-04-22,2025-04-14,Trade counter,Part despatched
SO-2025-06423,C1593,DAV,2025-04-14,2025-04-17,2025-04-17,Web,Despatched
SO-2025-06424,C1648,DAV,2025-04-14,2025-04-16,2025-04-14,Trade counter,Despatched
SO-2025-06425,C1952,DAV,2025-04-14,2025-04-17,2025-04-14,Telephone,Despatched
SO-2025-06426,C1748,DAV,2025-04-14,2025-04-16,2025-04-14,Telephone,Part despatched
SO-2025-06427,C1255,DAV,2025-04-14,2025-04-17,2025-04-17,Trade counter,Part despatched
SO-2025-06428,C1532,DAV,2025-04-14,2025-04-16,2025-04-14,Telephone,Despatched
SO-2025-06429,C1936,DAV,2025-04-14,2025-04-15,2025-04-14,Account manager,Despatched
SO-2025-06430,C1278,DAV,2025-04-14,2025-04-17,2025-04-16,Trade counter,Part despatched
SO-2025-06431,C1057,WAR,2025-04-14,2025-04-22,2025-04-14,Account manager,Despatched
SO-2025-06432,C1010,WAR,2025-04-14,2025-04-16,2025-04-15,Telephone,Despatched
SO-2025-06433,C1402,WAR,2025-04-14,2025-04-15,2025-04-14,Telephone,Despatched
SO-2025-06434,C1234,WAR,2025-04-14,2025-04-16,2025-04-14,Telephone,Despatched
SO-2025-06435,C1802,WAR,2025-04-14,2025-04-15,2025-04-15,Web,Despatched
SO-2025-06436,C1475,BRS,2025-04-14,2025-04-17,2025-04-15,Trade counter,Despatched
SO-2025-06437,C1044,BRS,2025-04-14,2025-04-15,2025-04-15,Web,Despatched
SO-2025-06438,C1374,BRS,2025-04-14,2025-04-22,2025-04-15,Account manager,Despatched
SO-2025-06439,C1044,BRS,2025-04-14,2025-04-22,2025-04-16,Trade counter,Despatched
SO-2025-06440,C1338,BRS,2025-04-14,2025-04-17,2025-04-15,Web,Despatched
SO-2025-06441,C1659,BRS,2025-04-14,2025-04-15,2025-04-14,Web,Part despatched
SO-2025-06442,C1212,BRS,2025-04-14,2025-04-17,2025-04-14,Web,Despatched
SO-2025-06443,C1338,BRS,2025-04-14,2025-04-17,2025-04-14,Trade counter,Despatched
SO-2025-06444,C1085,LIV,2025-04-14,2025-04-16,2025-04-14,Account manager,Despatched
SO-2025-06445,C1574,LIV,2025-04-14,2025-04-16,2025-04-15,Trade counter,Part despatched
SO-2025-06446,C1900,LIV,2025-04-14,2025-04-22,2025-04-15,Trade counter,Despatched
SO-2025-06447,C1432,LIV,2025-04-14,2025-04-16,2025-04-14,Account manager,Despatched
SO-2025-06448,C1626,DAV,2025-04-15,2025-04-17,2025-04-15,Account manager,Despatched
SO-2025-06449,C1442,DAV,2025-04-15,2025-04-17,2025-04-15,Account manager,Despatched
SO-2025-06450,C1938,DAV,2025-04-15,2025-04-17,2025-04-15,Telephone,Despatched
SO-2025-06451,C1370,DAV,2025-04-15,2025-04-22,2025-04-15,Trade counter,Despatched
SO-2025-06452,C1940,DAV,2025-04-15,2025-04-16,2025-04-15,Trade counter,Despatched
SO-2025-06453,C1822,WAR,2025-04-15,2025-04-23,2025-04-15,Trade counter,Despatched
SO-2025-06454,C1948,WAR,2025-04-15,2025-04-22,2025-04-15,Telephone,Despatched
SO-2025-06455,C1010,WAR,2025-04-15,2025-04-22,2025-04-15,Web,Part despatched
SO-2025-06456,C1535,WAR,2025-04-15,2025-04-23,2025-04-16,Trade counter,Despatched
SO-2025-06457,C1802,WAR,2025-04-15,2025-04-16,2025-04-15,Trade counter,Despatched
SO-2025-06458,C1463,BRS,2025-04-15,2025-04-16,2025-04-17,Web,Part despatched
SO-2025-06459,C1147,BRS,2025-04-15,2025-04-22,2025-04-15,Web,Despatched
SO-2025-06460,C1339,BRS,2025-04-15,2025-04-22,2025-04-15,Trade counter,Despatched
SO-2025-06461,C1785,BRS,2025-04-15,2025-04-23,2025-04-15,Trade counter,Despatched
SO-2025-06462,C1044,BRS,2025-04-15,2025-04-16,2025-04-15,Trade counter,Part despatched
SO-2025-06463,C1258,BRS,2025-04-15,2025-04-17,2025-04-15,Telephone,Part despatched
SO-2025-06464,C1741,BRS,2025-04-15,2025-04-17,2025-04-15,Telephone,Despatched
SO-2025-06465,C1664,BRS,2025-04-15,2025-04-16,2025-04-15,Trade counter,Part despatched
SO-2025-06466,C1959,LIV,2025-04-15,2025-04-16,2025-04-15,Telephone,Despatched
SO-2025-06467,C1853,LIV,2025-04-15,2025-04-17,2025-04-17,Web,Part despatched
SO-2025-06468,C1821,LIV,2025-04-15,2025-04-17,2025-04-15,Account manager,Despatched
SO-2025-06469,C1168,LIV,2025-04-15,2025-04-22,2025-04-15,Account manager,Part despatched
SO-2025-06470,C1610,DAV,2025-04-16,2025-04-17,2025-04-16,Web,Despatched
SO-2025-06471,C1092,DAV,2025-04-16,2025-04-17,2025-04-22,Web,Despatched
SO-2025-06472,C1429,DAV,2025-04-16,2025-04-23,2025-04-17,Web,Despatched
SO-2025-06473,C1114,DAV,2025-04-16,2025-04-24,2025-04-17,Web,Despatched
SO-2025-06474,C1704,DAV,2025-04-16,2025-04-24,2025-04-16,Web,Part despatched
SO-2025-06475,C1249,DAV,2025-04-16,2025-04-24,2025-04-17,Trade counter,Despatched
SO-2025-06476,C1676,DAV,2025-04-16,2025-04-23,2025-04-16,Account manager,Part despatched
SO-2025-06477,C1593,DAV,2025-04-16,2025-04-17,2025-04-16,Trade counter,Despatched
SO-2025-06478,C1599,DAV,2025-04-16,2025-04-22,2025-04-23,Account manager,Despatched
SO-2025-06479,C1629,DAV,2025-04-16,2025-04-22,2025-04-17,Account manager,Despatched
SO-2025-06480,C1391,WAR,2025-04-16,2025-04-24,2025-04-16,Telephone,Despatched
SO-2025-06481,C1346,WAR,2025-04-16,2025-04-24,2025-04-16,Telephone,Despatched
SO-2025-06482,C1234,WAR,2025-04-16,2025-04-17,2025-04-16,Telephone,Despatched
SO-2025-06483,C1391,WAR,2025-04-16,2025-04-17,2025-04-16,Telephone,Part despatched
SO-2025-06484,C1402,WAR,2025-04-16,2025-04-22,2025-04-16,Web,Despatched
SO-2025-06485,C1844,WAR,2025-04-16,2025-04-17,2025-04-16,Account manager,Despatched
SO-2025-06486,C1750,WAR,2025-04-16,2025-04-17,2025-04-16,Trade counter,Despatched
SO-2025-06487,C1752,WAR,2025-04-16,2025-04-24,2025-04-17,Trade counter,Despatched
SO-2025-06488,C1757,BRS,2025-04-16,2025-04-24,2025-04-17,Trade counter,Part despatched
SO-2025-06489,C1302,BRS,2025-04-16,2025-04-17,2025-04-16,Trade counter,Despatched
SO-2025-06490,C1944,BRS,2025-04-16,2025-04-17,2025-04-16,Account manager,Despatched
SO-2025-06491,C1475,BRS,2025-04-16,2025-04-17,2025-04-17,Trade counter,Part despatched
SO-2025-06492,C1168,LIV,2025-04-16,2025-04-17,2025-04-16,Web,Part despatched
SO-2025-06493,C1666,LIV,2025-04-16,2025-04-23,2025-04-16,Trade counter,Despatched
SO-2025-06494,C1856,LIV,2025-04-16,2025-04-24,2025-04-16,Trade counter,Part despatched
SO-2025-06495,C1821,LIV,2025-04-16,2025-04-17,2025-04-17,Telephone,Part despatched
SO-2025-06496,C1821,LIV,2025-04-16,2025-04-22,2025-04-17,Trade counter,Despatched
SO-2025-06497,C1169,DAV,2025-04-17,2025-04-22,2025-04-17,Telephone,Despatched
SO-2025-06498,C1145,DAV,2025-04-17,2025-04-24,2025-04-17,Trade counter,Despatched
SO-2025-06499,C1734,DAV,2025-04-17,2025-04-24,2025-04-17,Trade counter,Part despatched
SO-2025-06500,C1610,DAV,2025-04-17,2025-04-22,2025-04-17,Trade counter,Despatched
SO-2025-06501,C1078,DAV,2025-04-17,2025-04-25,2025-04-17,Account manager,Despatched
SO-2025-06502,C1926,DAV,2025-04-17,2025-04-22,2025-04-17,Trade counter,Despatched
SO-2025-06503,C1521,DAV,2025-04-17,2025-04-22,2025-04-17,Telephone,Despatched
SO-2025-06504,C1593,DAV,2025-04-17,2025-04-24,2025-04-17,Telephone,Part despatched
SO-2025-06505,C1032,WAR,2025-04-17,2025-04-22,2025-04-17,Trade counter,Despatched
SO-2025-06506,C1346,WAR,2025-04-17,2025-04-24,2025-04-17,Account manager,Part despatched
SO-2025-06507,C1193,WAR,2025-04-17,2025-04-25,2025-04-17,Trade counter,Despatched
SO-2025-06508,C1207,WAR,2025-04-17,2025-04-22,2025-04-17,Account manager,Despatched
SO-2025-06509,C1492,WAR,2025-04-17,2025-04-23,2025-04-17,Web,Despatched
SO-2025-06510,C1844,WAR,2025-04-17,2025-04-23,2025-04-17,Web,Despatched
SO-2025-06511,C1162,WAR,2025-04-17,2025-04-23,2025-04-17,Account manager,Despatched
SO-2025-06512,C1032,WAR,2025-04-17,2025-04-23,2025-04-22,Telephone,Despatched
SO-2025-06513,C1238,BRS,2025-04-17,2025-04-25,2025-04-17,Telephone,Despatched
SO-2025-06514,C1302,BRS,2025-04-17,2025-04-24,2025-04-17,Trade counter,Part despatched
SO-2025-06515,C1475,BRS,2025-04-17,2025-04-23,2025-04-22,Trade counter,Despatched
SO-2025-06516,C1044,BRS,2025-04-17,2025-04-25,2025-04-23,Telephone,Part despatched
SO-2025-06517,C1546,BRS,2025-04-17,2025-04-24,2025-04-17,Account manager,Despatched
SO-2025-06518,C1687,LIV,2025-04-17,2025-04-25,2025-04-17,Account manager,Despatched
SO-2025-06519,C1878,LIV,2025-04-17,2025-04-22,2025-04-17,Account manager,Part despatched
SO-2025-06520,C1422,LIV,2025-04-17,2025-04-25,2025-04-24,Telephone,Despatched
SO-2025-06521,C1168,LIV,2025-04-17,2025-04-24,2025-04-17,Trade counter,Part despatched
SO-2025-06522,C1566,LIV,2025-04-17,2025-04-22,2025-04-17,Telephone,Despatched
SO-2025-06523,C1563,DAV,2025-04-22,2025-04-23,2025-04-22,Account manager,Despatched
SO-2025-06524,C1563,DAV,2025-04-22,2025-04-23,2025-04-22,Trade counter,Despatched
SO-2025-06525,C1563,DAV,2025-04-22,2025-04-24,2025-04-22,Telephone,Despatched
SO-2025-06526,C1389,DAV,2025-04-22,2025-04-25,2025-04-23,Trade counter,Despatched
SO-2025-06527,C1429,DAV,2025-04-22,2025-04-23,2025-04-24,Account manager,Despatched
SO-2025-06528,C1098,DAV,2025-04-22,2025-04-24,2025-04-22,Telephone,Despatched
SO-2025-06529,C1389,DAV,2025-04-22,2025-04-23,2025-04-22,Telephone,Despatched
SO-2025-06530,C1479,DAV,2025-04-22,2025-04-24,2025-04-25,Trade counter,Despatched
SO-2025-06531,C1952,DAV,2025-04-22,2025-04-25,2025-04-23,Account manager,Despatched
SO-2025-06532,C1340,DAV,2025-04-22,2025-04-24,2025-04-22,Account manager,Despatched
SO-2025-06533,C1521,DAV,2025-04-22,2025-04-25,2025-04-22,Telephone,Part despatched
SO-2025-06534,C1372,DAV,2025-04-22,2025-04-23,2025-04-22,Web,Despatched
SO-2025-06535,C1841,DAV,2025-04-22,2025-04-25,2025-04-24,Account manager,Despatched
SO-2025-06536,C1051,WAR,2025-04-22,2025-04-24,2025-04-22,Web,Despatched
SO-2025-06537,C1032,WAR,2025-04-22,2025-04-23,2025-04-23,Account manager,Despatched
SO-2025-06538,C1057,WAR,2025-04-22,2025-04-24,2025-04-22,Trade counter,Despatched
SO-2025-06539,C1156,WAR,2025-04-22,2025-04-23,2025-04-22,Trade counter,Despatched
SO-2025-06540,C1346,WAR,2025-04-22,2025-04-24,2025-04-22,Telephone,Despatched
SO-2025-06541,C1664,BRS,2025-04-22,2025-04-24,2025-04-22,Trade counter,Despatched
SO-2025-06542,C1697,BRS,2025-04-22,2025-04-24,2025-04-22,Account manager,Part despatched
SO-2025-06543,C1044,BRS,2025-04-22,2025-04-23,2025-04-25,Telephone,Part despatched
SO-2025-06544,C1338,BRS,2025-04-22,2025-04-28,2025-04-22,Web,Part despatched
SO-2025-06545,C1268,LIV,2025-04-22,2025-04-28,2025-04-22,Account manager,Part despatched
SO-2025-06546,C1128,LIV,2025-04-22,2025-04-28,2025-04-22,Telephone,Despatched
SO-2025-06547,C1853,LIV,2025-04-22,2025-04-24,2025-04-22,Trade counter,Despatched
SO-2025-06548,C1847,LIV,2025-04-22,2025-04-25,2025-04-23,Telephone,Part despatched
SO-2025-06549,C1466,LIV,2025-04-22,2025-04-24,2025-04-22,Web,Despatched
SO-2025-06550,C1098,DAV,2025-04-23,2025-04-24,2025-04-23,Telephone,Despatched
SO-2025-06551,C1050,DAV,2025-04-23,2025-04-25,2025-04-23,Telephone,Despatched
SO-2025-06552,C1704,DAV,2025-04-23,2025-04-24,2025-04-23,Account manager,Part despatched
SO-2025-06553,C1599,DAV,2025-04-23,2025-04-24,2025-04-23,Telephone,Despatched
SO-2025-06554,C1145,DAV,2025-04-23,2025-04-24,2025-04-23,Web,Despatched
SO-2025-06555,C1319,DAV,2025-04-23,2025-04-29,2025-04-24,Telephone,Part despatched
SO-2025-06556,C1162,WAR,2025-04-23,2025-04-28,2025-04-23,Account manager,Part despatched
SO-2025-06557,C1591,WAR,2025-04-23,2025-04-29,2025-04-23,Telephone,Part despatched
SO-2025-06558,C1724,WAR,2025-04-23,2025-04-24,2025-04-23,Telephone,Despatched
SO-2025-06559,C1955,WAR,2025-04-23,2025-04-28,2025-04-23,Account manager,Despatched
SO-2025-06560,C1752,WAR,2025-04-23,2025-04-25,2025-04-23,Web,Despatched
SO-2025-06561,C1790,WAR,2025-04-23,2025-04-28,2025-04-23,Telephone,Despatched
SO-2025-06562,C1032,WAR,2025-04-23,2025-04-24,2025-04-23,Trade counter,Part despatched
SO-2025-06563,C1558,WAR,2025-04-23,2025-04-29,2025-04-24,Telephone,Despatched
SO-2025-06564,C1001,WAR,2025-04-23,2025-04-24,2025-04-23,Telephone,Despatched
SO-2025-06565,C1558,WAR,2025-04-23,2025-04-29,2025-04-23,Web,Despatched
SO-2025-06566,C1405,WAR,2025-04-23,2025-04-25,2025-04-24,Web,Despatched
SO-2025-06567,C1215,WAR,2025-04-23,2025-04-24,2025-04-23,Trade counter,Despatched
SO-2025-06568,C1339,BRS,2025-04-23,2025-04-25,2025-04-24,Trade counter,Despatched
SO-2025-06569,C1338,BRS,2025-04-23,2025-04-28,2025-04-23,Trade counter,Despatched
SO-2025-06570,C1741,BRS,2025-04-23,2025-04-28,2025-04-23,Trade counter,Despatched
SO-2025-06571,C1590,BRS,2025-04-23,2025-04-28,2025-04-24,Trade counter,Despatched
SO-2025-06572,C1044,BRS,2025-04-23,2025-04-28,2025-04-25,Web,Despatched
SO-2025-06573,C1422,LIV,2025-04-23,2025-04-24,2025-04-23,Telephone,Despatched
SO-2025-06574,C1423,LIV,2025-04-23,2025-04-29,2025-04-24,Trade counter,Despatched
SO-2025-06575,C1422,LIV,2025-04-23,2025-04-25,2025-04-23,Trade counter,Despatched
SO-2025-06576,C1168,LIV,2025-04-23,2025-04-28,2025-04-23,Trade counter,Despatched
SO-2025-06577,C1941,LIV,2025-04-23,2025-04-24,2025-04-23,Trade counter,Despatched
SO-2025-06578,C1823,LIV,2025-04-23,2025-04-28,2025-04-23,Telephone,Despatched
SO-2025-06579,C1952,DAV,2025-04-24,2025-04-25,2025-04-24,Web,Despatched
SO-2025-06580,C1078,DAV,2025-04-24,2025-04-30,2025-04-24,Trade counter,Despatched
SO-2025-06581,C1211,DAV,2025-04-24,2025-04-25,2025-04-24,Web,Despatched
SO-2025-06582,C1861,DAV,2025-04-24,2025-04-25,2025-04-25,Telephone,Despatched
SO-2025-06583,C1194,DAV,2025-04-24,2025-04-28,2025-04-24,Web,Despatched
SO-2025-06584,C1748,DAV,2025-04-24,2025-04-29,2025-04-24,Telephone,Despatched
SO-2025-06585,C1367,DAV,2025-04-24,2025-04-25,2025-04-24,Web,Part despatched
SO-2025-06586,C1278,DAV,2025-04-24,2025-04-29,2025-04-24,Telephone,Part despatched
SO-2025-06587,C1952,DAV,2025-04-24,2025-04-28,2025-04-24,Telephone,Despatched
SO-2025-06588,C1179,DAV,2025-04-24,2025-04-28,2025-04-24,Telephone,Despatched
SO-2025-06589,C1593,DAV,2025-04-24,2025-04-28,2025-04-24,Account manager,Despatched
SO-2025-06590,C1032,WAR,2025-04-24,2025-04-25,2025-04-24,Web,Despatched
SO-2025-06591,C1790,WAR,2025-04-24,2025-04-30,2025-04-25,Telephone,Despatched
SO-2025-06592,C1230,WAR,2025-04-24,2025-04-25,2025-04-25,Trade counter,Despatched
SO-2025-06593,C1055,WAR,2025-04-24,2025-04-29,2025-04-24,Trade counter,Despatched
SO-2025-06594,C1382,BRS,2025-04-24,2025-04-28,2025-04-24,Telephone,Part despatched
SO-2025-06595,C1659,BRS,2025-04-24,2025-04-29,2025-04-24,Trade counter,Despatched
SO-2025-06596,C1785,BRS,2025-04-24,2025-04-28,2025-04-24,Web,Part despatched
SO-2025-06597,C1463,BRS,2025-04-24,2025-04-25,2025-04-24,Trade counter,Part despatched
SO-2025-06598,C1159,LIV,2025-04-24,2025-04-28,2025-04-24,Telephone,Part despatched
SO-2025-06599,C1426,DAV,2025-04-25,2025-04-28,2025-04-28,Telephone,Despatched
SO-2025-06600,C1429,DAV,2025-04-25,2025-05-01,2025-04-25,Web,Despatched
SO-2025-06601,C1470,DAV,2025-04-25,2025-05-01,2025-04-25,Trade counter,Despatched
SO-2025-06602,C1593,DAV,2025-04-25,2025-04-29,2025-04-25,Trade counter,Despatched
SO-2025-06603,C1366,DAV,2025-04-25,2025-04-28,2025-04-25,Telephone,Despatched
SO-2025-06604,C1948,WAR,2025-04-25,2025-05-01,2025-04-25,Trade counter,Despatched
SO-2025-06605,C1730,WAR,2025-04-25,2025-04-29,2025-04-25,Trade counter,Despatched
SO-2025-06606,C1395,WAR,2025-04-25,2025-05-01,2025-04-25,Trade counter,Despatched
SO-2025-06607,C1950,WAR,2025-04-25,2025-04-29,2025-04-25,Web,Despatched
SO-2025-06608,C1724,WAR,2025-04-25,2025-05-01,2025-04-25,Trade counter,Despatched
SO-2025-06609,C1844,WAR,2025-04-25,2025-04-30,2025-04-25,Telephone,Despatched
SO-2025-06610,C1659,BRS,2025-04-25,2025-04-30,2025-04-25,Account manager,Part despatched
SO-2025-06611,C1498,BRS,2025-04-25,2025-04-28,2025-04-25,Account manager,Despatched
SO-2025-06612,C1379,LIV,2025-04-25,2025-04-29,2025-04-25,Web,Part despatched
SO-2025-06613,C1821,LIV,2025-04-25,2025-04-30,2025-04-29,Telephone,Despatched
SO-2025-06614,C1821,LIV,2025-04-25,2025-04-30,2025-04-25,Account manager,Despatched
SO-2025-06615,C1232,DAV,2025-04-28,2025-04-29,2025-04-29,Telephone,Despatched
SO-2025-06616,C1098,DAV,2025-04-28,2025-04-30,2025-04-28,Trade counter,Despatched
SO-2025-06617,C1447,DAV,2025-04-28,2025-05-02,2025-04-28,Trade counter,Despatched
SO-2025-06618,C1554,DAV,2025-04-28,2025-05-02,2025-04-30,Trade counter,Despatched
SO-2025-06619,C1646,DAV,2025-04-28,2025-04-29,2025-04-30,Telephone,Despatched
SO-2025-06620,C1629,DAV,2025-04-28,2025-05-02,2025-04-28,Telephone,Despatched
SO-2025-06621,C1194,DAV,2025-04-28,2025-04-30,2025-04-28,Telephone,Despatched
SO-2025-06622,C1593,DAV,2025-04-28,2025-04-29,2025-04-29,Web,Despatched
SO-2025-06623,C1429,DAV,2025-04-28,2025-04-30,2025-04-28,Account manager,Despatched
SO-2025-06624,C1146,DAV,2025-04-28,2025-04-30,2025-04-30,Web,Despatched
SO-2025-06625,C1157,WAR,2025-04-28,2025-05-01,2025-04-29,Web,Part despatched
SO-2025-06626,C1730,WAR,2025-04-28,2025-05-02,2025-04-28,Telephone,Despatched
SO-2025-06627,C1287,WAR,2025-04-28,2025-05-01,2025-04-28,Trade counter,Part despatched
SO-2025-06628,C1619,BRS,2025-04-28,2025-05-02,2025-04-28,Telephone,Part despatched
SO-2025-06629,C1338,BRS,2025-04-28,2025-04-29,2025-04-28,Telephone,Part despatched
SO-2025-06630,C1785,BRS,2025-04-28,2025-04-30,2025-04-28,Trade counter,Despatched
SO-2025-06631,C1273,BRS,2025-04-28,2025-05-02,2025-04-28,Telephone,Part despatched
SO-2025-06632,C1268,LIV,2025-04-28,2025-04-30,2025-04-28,Telephone,Despatched
SO-2025-06633,C1422,LIV,2025-04-28,2025-05-01,2025-04-28,Trade counter,Despatched
SO-2025-06634,C1853,LIV,2025-04-28,2025-05-01,2025-04-28,Account manager,Part despatched
SO-2025-06635,C1442,DAV,2025-04-29,2025-04-30,2025-04-30,Telephone,Despatched
SO-2025-06636,C1605,DAV,2025-04-29,2025-05-06,2025-04-30,Trade counter,Despatched
SO-2025-06637,C1110,DAV,2025-04-29,2025-05-02,2025-04-30,Trade counter,Despatched
SO-2025-06638,C1094,DAV,2025-04-29,2025-05-06,2025-04-29,Telephone,Despatched
SO-2025-06639,C1767,DAV,2025-04-29,2025-05-01,2025-04-30,Account manager,Despatched
SO-2025-06640,C1290,DAV,2025-04-29,2025-05-02,2025-05-01,Trade counter,Despatched
SO-2025-06641,C1790,WAR,2025-04-29,2025-05-01,2025-04-29,Trade counter,Despatched
SO-2025-06642,C1733,BRS,2025-04-29,2025-04-30,2025-04-29,Trade counter,Part despatched
SO-2025-06643,C1944,BRS,2025-04-29,2025-05-06,2025-04-29,Account manager,Despatched
SO-2025-06644,C1040,BRS,2025-04-29,2025-05-06,2025-04-29,Telephone,Despatched
SO-2025-06645,C1430,LIV,2025-04-29,2025-05-02,2025-04-29,Trade counter,Despatched
SO-2025-06646,C1691,LIV,2025-04-29,2025-05-01,2025-04-29,Telephone,Despatched
SO-2025-06647,C1085,LIV,2025-04-29,2025-05-01,2025-04-29,Trade counter,Part despatched
SO-2025-06648,C1422,LIV,2025-04-29,2025-05-02,2025-05-01,Telephone,Despatched
SO-2025-06649,C1270,DAV,2025-04-30,2025-05-02,2025-05-06,Account manager,Despatched
SO-2025-06650,C1276,DAV,2025-04-30,2025-05-07,2025-04-30,Web,Despatched
SO-2025-06651,C1062,DAV,2025-04-30,2025-05-01,2025-05-01,Trade counter,Part despatched
SO-2025-06652,C1145,DAV,2025-04-30,2025-05-07,2025-04-30,Trade counter,Despatched
SO-2025-06653,C1209,DAV,2025-04-30,2025-05-07,2025-04-30,Telephone,Despatched
SO-2025-06654,C1795,DAV,2025-04-30,2025-05-07,2025-04-30,Trade counter,Part despatched
SO-2025-06655,C1790,WAR,2025-04-30,2025-05-02,2025-04-30,Web,Despatched
SO-2025-06656,C1234,WAR,2025-04-30,2025-05-07,2025-04-30,Telephone,Despatched
SO-2025-06657,C1839,WAR,2025-04-30,2025-05-07,2025-05-01,Trade counter,Despatched
SO-2025-06658,C1215,WAR,2025-04-30,2025-05-06,2025-04-30,Trade counter,Despatched
SO-2025-06659,C1234,WAR,2025-04-30,2025-05-02,2025-04-30,Trade counter,Despatched
SO-2025-06660,C1238,BRS,2025-04-30,2025-05-06,2025-04-30,Trade counter,Part despatched
SO-2025-06661,C1501,BRS,2025-04-30,2025-05-02,2025-04-30,Account manager,Part despatched
SO-2025-06662,C1382,BRS,2025-04-30,2025-05-01,2025-05-01,Trade counter,Part despatched
SO-2025-06663,C1659,BRS,2025-04-30,2025-05-02,2025-04-30,Trade counter,Part despatched
SO-2025-06664,C1140,BRS,2025-04-30,2025-05-02,2025-04-30,Trade counter,Despatched
SO-2025-06665,C1140,BRS,2025-04-30,2025-05-01,2025-04-30,Web,Part despatched
SO-2025-06666,C1044,BRS,2025-04-30,2025-05-02,2025-04-30,Trade counter,Despatched
SO-2025-06667,C1478,LIV,2025-04-30,2025-05-06,2025-04-30,Telephone,Despatched
SO-2025-06668,C1145,DAV,2025-05-01,2025-05-07,2025-05-01,Trade counter,Despatched
SO-2025-06669,C1194,DAV,2025-05-01,2025-05-06,2025-05-06,Trade counter,Despatched
SO-2025-06670,C1728,DAV,2025-05-01,2025-05-06,2025-05-02,Account manager,Despatched
SO-2025-06671,C1515,DAV,2025-05-01,2025-05-08,2025-05-01,Trade counter,Despatched
SO-2025-06672,C1335,DAV,2025-05-01,2025-05-06,2025-05-01,Telephone,Despatched
SO-2025-06673,C1447,DAV,2025-05-01,2025-05-08,2025-05-01,Account manager,Despatched
SO-2025-06674,C1985,DAV,2025-05-01,2025-05-08,2025-05-02,Trade counter,Part despatched
SO-2025-06675,C1442,DAV,2025-05-01,2025-05-07,2025-05-02,Trade counter,Despatched
SO-2025-06676,C1164,WAR,2025-05-01,2025-05-07,2025-05-01,Trade counter,Despatched
SO-2025-06677,C1651,WAR,2025-05-01,2025-05-08,2025-05-02,Account manager,Despatched
SO-2025-06678,C1697,BRS,2025-05-01,2025-05-08,2025-05-01,Telephone,Despatched
SO-2025-06679,C1907,BRS,2025-05-01,2025-05-08,2025-05-02,Account manager,Despatched
SO-2025-06680,C1785,BRS,2025-05-01,2025-05-06,2025-05-02,Trade counter,Despatched
SO-2025-06681,C1693,LIV,2025-05-01,2025-05-02,2025-05-01,Web,Despatched
SO-2025-06682,C1435,LIV,2025-05-01,2025-05-02,2025-05-01,Telephone,Despatched
SO-2025-06683,C1168,LIV,2025-05-01,2025-05-08,2025-05-01,Trade counter,Despatched
SO-2025-06684,C1687,LIV,2025-05-01,2025-05-02,2025-05-01,Trade counter,Despatched
SO-2025-06685,C1835,LIV,2025-05-01,2025-05-02,2025-05-01,Trade counter,Despatched
SO-2025-06686,C1267,LIV,2025-05-01,2025-05-08,2025-05-01,Account manager,Despatched
SO-2025-06687,C1515,DAV,2025-05-02,2025-05-08,2025-05-02,Telephone,Despatched
SO-2025-06688,C1898,DAV,2025-05-02,2025-05-08,2025-05-07,Account manager,Despatched
SO-2025-06689,C1098,DAV,2025-05-02,2025-05-09,2025-05-07,Account manager,Despatched
SO-2025-06690,C1593,DAV,2025-05-02,2025-05-06,2025-05-02,Account manager,Part despatched
SO-2025-06691,C1767,DAV,2025-05-02,2025-05-07,2025-05-02,Telephone,Despatched
SO-2025-06692,C1234,WAR,2025-05-02,2025-05-07,2025-05-02,Telephone,Despatched
SO-2025-06693,C1837,WAR,2025-05-02,2025-05-09,2025-05-08,Trade counter,Despatched
SO-2025-06694,C1115,BRS,2025-05-02,2025-05-07,2025-05-02,Telephone,Part despatched
SO-2025-06695,C1071,BRS,2025-05-02,2025-05-09,2025-05-02,Web,Part despatched
SO-2025-06696,C1147,BRS,2025-05-02,2025-05-06,2025-05-02,Web,Part despatched
SO-2025-06697,C1374,BRS,2025-05-02,2025-05-07,2025-05-06,Account manager,Despatched
SO-2025-06698,C1357,LIV,2025-05-02,2025-05-07,2025-05-06,Trade counter,Despatched
SO-2025-06699,C1432,LIV,2025-05-02,2025-05-06,2025-05-06,Account manager,Despatched
SO-2025-06700,C1429,DAV,2025-05-06,2025-05-09,2025-05-06,Telephone,Despatched
SO-2025-06701,C1882,DAV,2025-05-06,2025-05-07,2025-05-06,Telephone,Despatched
SO-2025-06702,C1253,DAV,2025-05-06,2025-05-12,2025-05-06,Account manager,Despatched
SO-2025-06703,C1468,DAV,2025-05-06,2025-05-09,2025-05-07,Telephone,Despatched
SO-2025-06704,C1512,DAV,2025-05-06,2025-05-12,2025-05-08,Web,Despatched
SO-2025-06705,C1859,DAV,2025-05-06,2025-05-08,2025-05-06,Trade counter,Despatched
SO-2025-06706,C1648,DAV,2025-05-06,2025-05-08,2025-05-06,Trade counter,Despatched
SO-2025-06707,C1062,DAV,2025-05-06,2025-05-12,2025-05-07,Telephone,Despatched
SO-2025-06708,C1047,WAR,2025-05-06,2025-05-07,2025-05-06,Web,Despatched
SO-2025-06709,C1234,WAR,2025-05-06,2025-05-08,2025-05-06,Telephone,Despatched
SO-2025-06710,C1405,WAR,2025-05-06,2025-05-12,2025-05-08,Trade counter,Despatched
SO-2025-06711,C1051,WAR,2025-05-06,2025-05-08,2025-05-07,Account manager,Despatched
SO-2025-06712,C1590,BRS,2025-05-06,2025-05-12,2025-05-06,Trade counter,Despatched
SO-2025-06713,C1019,BRS,2025-05-06,2025-05-12,2025-05-07,Account manager,Part despatched
SO-2025-06714,C1466,LIV,2025-05-06,2025-05-08,2025-05-06,Telephone,Despatched
SO-2025-06715,C1366,DAV,2025-05-07,2025-05-13,2025-05-07,Trade counter,Despatched
SO-2025-06716,C1145,DAV,2025-05-07,2025-05-13,2025-05-07,Trade counter,Despatched
SO-2025-06717,C1859,DAV,2025-05-07,2025-05-13,2025-05-07,Account manager,Despatched
SO-2025-06718,C1094,DAV,2025-05-07,2025-05-08,2025-05-07,Trade counter,Despatched
SO-2025-06719,C1447,DAV,2025-05-07,2025-05-13,2025-05-07,Web,Despatched
SO-2025-06720,C1429,DAV,2025-05-07,2025-05-12,2025-05-08,Trade counter,Despatched
SO-2025-06721,C1429,DAV,2025-05-07,2025-05-12,2025-05-09,Trade counter,Despatched
SO-2025-06722,C1232,DAV,2025-05-07,2025-05-13,2025-05-07,Telephone,Despatched
SO-2025-06723,C1145,DAV,2025-05-07,2025-05-12,2025-05-07,Account manager,Despatched
SO-2025-06724,C1871,WAR,2025-05-07,2025-05-08,2025-05-08,Trade counter,Despatched
SO-2025-06725,C1395,WAR,2025-05-07,2025-05-13,2025-05-08,Account manager,Despatched
SO-2025-06726,C1141,WAR,2025-05-07,2025-05-13,2025-05-07,Telephone,Despatched
SO-2025-06727,C1355,WAR,2025-05-07,2025-05-13,2025-05-07,Trade counter,Despatched
SO-2025-06728,C1482,WAR,2025-05-07,2025-05-08,2025-05-09,Account manager,Despatched
SO-2025-06729,C1955,WAR,2025-05-07,2025-05-08,2025-05-08,Trade counter,Despatched
SO-2025-06730,C1955,WAR,2025-05-07,2025-05-08,2025-05-07,Web,Despatched
SO-2025-06731,C1791,BRS,2025-05-07,2025-05-13,2025-05-09,Account manager,Part despatched
SO-2025-06732,C1791,BRS,2025-05-07,2025-05-13,2025-05-07,Telephone,Despatched
SO-2025-06733,C1717,BRS,2025-05-07,2025-05-13,2025-05-07,Web,Despatched
SO-2025-06734,C1147,BRS,2025-05-07,2025-05-13,2025-05-07,Account manager,Despatched
SO-2025-06735,C1109,LIV,2025-05-07,2025-05-08,2025-05-07,Account manager,Despatched
SO-2025-06736,C1941,LIV,2025-05-07,2025-05-08,2025-05-08,Telephone,Despatched
SO-2025-06737,C1146,DAV,2025-05-08,2025-05-13,2025-05-08,Trade counter,Despatched
SO-2025-06738,C1194,DAV,2025-05-08,2025-05-09,2025-05-09,Telephone,Despatched
SO-2025-06739,C1765,DAV,2025-05-08,2025-05-13,2025-05-08,Account manager,Despatched
SO-2025-06740,C1429,DAV,2025-05-08,2025-05-09,2025-05-13,Account manager,Despatched
SO-2025-06741,C1255,DAV,2025-05-08,2025-05-12,2025-05-08,Trade counter,Despatched
SO-2025-06742,C1296,DAV,2025-05-08,2025-05-12,2025-05-09,Telephone,Despatched
SO-2025-06743,C1299,DAV,2025-05-08,2025-05-13,2025-05-08,Trade counter,Despatched
SO-2025-06744,C1910,DAV,2025-05-08,2025-05-13,2025-05-08,Account manager,Despatched
SO-2025-06745,C1447,DAV,2025-05-08,2025-05-14,2025-05-08,Web,Despatched
SO-2025-06746,C1051,WAR,2025-05-08,2025-05-12,2025-05-09,Trade counter,Despatched
SO-2025-06747,C1032,WAR,2025-05-08,2025-05-13,2025-05-08,Trade counter,Despatched
SO-2025-06748,C1844,WAR,2025-05-08,2025-05-09,2025-05-08,Trade counter,Despatched
SO-2025-06749,C1724,WAR,2025-05-08,2025-05-09,2025-05-08,Trade counter,Despatched
SO-2025-06750,C1215,WAR,2025-05-08,2025-05-09,2025-05-09,Web,Despatched
SO-2025-06751,C1164,WAR,2025-05-08,2025-05-09,2025-05-08,Trade counter,Despatched
SO-2025-06752,C1664,BRS,2025-05-08,2025-05-09,2025-05-12,Trade counter,Despatched
SO-2025-06753,C1602,BRS,2025-05-08,2025-05-09,2025-05-12,Trade counter,Despatched
SO-2025-06754,C1171,BRS,2025-05-08,2025-05-09,2025-05-08,Trade counter,Part despatched
SO-2025-06755,C1343,BRS,2025-05-08,2025-05-09,2025-05-08,Web,Despatched
SO-2025-06756,C1821,LIV,2025-05-08,2025-05-09,2025-05-08,Trade counter,Despatched
SO-2025-06757,C1728,DAV,2025-05-09,2025-05-12,2025-05-09,Trade counter,Despatched
SO-2025-06758,C1371,DAV,2025-05-09,2025-05-15,2025-05-09,Telephone,Despatched
SO-2025-06759,C1585,DAV,2025-05-09,2025-05-14,2025-05-13,Account manager,Despatched
SO-2025-06760,C1434,DAV,2025-05-09,2025-05-15,2025-05-09,Trade counter,Despatched
SO-2025-06761,C1201,DAV,2025-05-09,2025-05-13,2025-05-09,Web,Despatched
SO-2025-06762,C1156,WAR,2025-05-09,2025-05-14,2025-05-09,Web,Part despatched
SO-2025-06763,C1724,WAR,2025-05-09,2025-05-14,2025-05-09,Trade counter,Despatched
SO-2025-06764,C1075,WAR,2025-05-09,2025-05-15,2025-05-09,Trade counter,Despatched
SO-2025-06765,C1032,WAR,2025-05-09,2025-05-15,2025-05-09,Trade counter,Despatched
SO-2025-06766,C1844,WAR,2025-05-09,2025-05-14,2025-05-09,Trade counter,Despatched
SO-2025-06767,C1844,WAR,2025-05-09,2025-05-14,2025-05-12,Trade counter,Despatched
SO-2025-06768,C1578,BRS,2025-05-09,2025-05-14,2025-05-13,Telephone,Despatched
SO-2025-06769,C1505,BRS,2025-05-09,2025-05-13,2025-05-09,Trade counter,Despatched
SO-2025-06770,C1151,BRS,2025-05-09,2025-05-12,2025-05-12,Telephone,Part despatched
SO-2025-06771,C1330,BRS,2025-05-09,2025-05-13,2025-05-09,Web,Despatched
SO-2025-06772,C1247,BRS,2025-05-09,2025-05-12,2025-05-09,Trade counter,Despatched
SO-2025-06773,C1330,BRS,2025-05-09,2025-05-12,2025-05-12,Web,Despatched
SO-2025-06774,C1835,LIV,2025-05-09,2025-05-12,2025-05-12,Telephone,Despatched
SO-2025-06775,C1038,LIV,2025-05-09,2025-05-12,2025-05-12,Web,Despatched
SO-2025-06776,C1432,LIV,2025-05-09,2025-05-12,2025-05-09,Web,Despatched
SO-2025-06777,C1975,LIV,2025-05-09,2025-05-13,2025-05-09,Trade counter,Despatched
SO-2025-06778,C1435,LIV,2025-05-09,2025-05-13,2025-05-09,Telephone,Despatched
SO-2025-06779,C1133,DAV,2025-05-12,2025-05-14,2025-05-13,Web,Part despatched
SO-2025-06780,C1910,DAV,2025-05-12,2025-05-16,2025-05-13,Web,Part despatched
SO-2025-06781,C1859,DAV,2025-05-12,2025-05-16,2025-05-13,Telephone,Despatched
SO-2025-06782,C1366,DAV,2025-05-12,2025-05-15,2025-05-13,Web,Despatched
SO-2025-06783,C1593,DAV,2025-05-12,2025-05-14,2025-05-12,Web,Despatched
SO-2025-06784,C1255,DAV,2025-05-12,2025-05-16,2025-05-12,Telephone,Part despatched
SO-2025-06785,C1133,DAV,2025-05-12,2025-05-13,2025-05-12,Web,Despatched
SO-2025-06786,C1599,DAV,2025-05-12,2025-05-16,2025-05-12,Trade counter,Despatched
SO-2025-06787,C1460,WAR,2025-05-12,2025-05-13,2025-05-14,Trade counter,Despatched
SO-2025-06788,C1032,WAR,2025-05-12,2025-05-15,2025-05-12,Trade counter,Despatched
SO-2025-06789,C1207,WAR,2025-05-12,2025-05-15,2025-05-12,Telephone,Despatched
SO-2025-06790,C1408,WAR,2025-05-12,2025-05-16,2025-05-12,Trade counter,Despatched
SO-2025-06791,C1664,BRS,2025-05-12,2025-05-13,2025-05-15,Account manager,Despatched
SO-2025-06792,C1338,BRS,2025-05-12,2025-05-15,2025-05-12,Telephone,Part despatched
SO-2025-06793,C1387,BRS,2025-05-12,2025-05-13,2025-05-12,Account manager,Part despatched
SO-2025-06794,C1171,BRS,2025-05-12,2025-05-16,2025-05-13,Web,Despatched
SO-2025-06795,C1065,BRS,2025-05-12,2025-05-15,2025-05-12,Trade counter,Despatched
SO-2025-06796,C1463,BRS,2025-05-12,2025-05-14,2025-05-12,Account manager,Despatched
SO-2025-06797,C1033,LIV,2025-05-12,2025-05-16,2025-05-12,Trade counter,Part despatched
SO-2025-06798,C1379,LIV,2025-05-12,2025-05-15,2025-05-12,Trade counter,Part despatched
SO-2025-06799,C1168,LIV,2025-05-12,2025-05-15,2025-05-13,Trade counter,Despatched
SO-2025-06800,C1422,LIV,2025-05-12,2025-05-13,2025-05-12,Web,Despatched
SO-2025-06801,C1778,LIV,2025-05-12,2025-05-13,2025-05-13,Telephone,Despatched
SO-2025-06802,C1835,LIV,2025-05-12,2025-05-16,2025-05-12,Trade counter,Despatched
SO-2025-06803,C1878,LIV,2025-05-12,2025-05-15,2025-05-12,Account manager,Despatched
SO-2025-06804,C1755,DAV,2025-05-13,2025-05-16,2025-05-13,Telephone,Despatched
SO-2025-06805,C1928,DAV,2025-05-13,2025-05-15,2025-05-13,Telephone,Despatched
SO-2025-06806,C1255,DAV,2025-05-13,2025-05-15,2025-05-13,Telephone,Despatched
SO-2025-06807,C1389,DAV,2025-05-13,2025-05-16,2025-05-15,Telephone,Despatched
SO-2025-06808,C1434,DAV,2025-05-13,2025-05-15,2025-05-13,Account manager,Despatched
SO-2025-06809,C1145,DAV,2025-05-13,2025-05-15,2025-05-13,Telephone,Despatched
SO-2025-06810,C1447,DAV,2025-05-13,2025-05-16,2025-05-13,Telephone,Despatched
SO-2025-06811,C1120,DAV,2025-05-13,2025-05-15,2025-05-15,Account manager,Despatched
SO-2025-06812,C1299,DAV,2025-05-13,2025-05-16,2025-05-14,Telephone,Despatched
SO-2025-06813,C1508,WAR,2025-05-13,2025-05-16,2025-05-14,Telephone,Despatched
SO-2025-06814,C1702,WAR,2025-05-13,2025-05-14,2025-05-13,Web,Despatched
SO-2025-06815,C1651,WAR,2025-05-13,2025-05-15,2025-05-13,Telephone,Despatched
SO-2025-06816,C1581,WAR,2025-05-13,2025-05-14,2025-05-13,Telephone,Despatched
SO-2025-06817,C1010,WAR,2025-05-13,2025-05-19,2025-05-13,Trade counter,Despatched
SO-2025-06818,C1287,WAR,2025-05-13,2025-05-19,2025-05-14,Trade counter,Despatched
SO-2025-06819,C1051,WAR,2025-05-13,2025-05-16,2025-05-13,Trade counter,Despatched
SO-2025-06820,C1724,WAR,2025-05-13,2025-05-14,2025-05-13,Trade counter,Despatched
SO-2025-06821,C1234,WAR,2025-05-13,2025-05-19,2025-05-13,Telephone,Despatched
SO-2025-06822,C1697,BRS,2025-05-13,2025-05-15,2025-05-15,Account manager,Despatched
SO-2025-06823,C1870,BRS,2025-05-13,2025-05-19,2025-05-13,Web,Part despatched
SO-2025-06824,C1254,LIV,2025-05-13,2025-05-19,2025-05-13,Account manager,Despatched
SO-2025-06825,C1607,LIV,2025-05-13,2025-05-14,2025-05-14,Trade counter,Despatched
SO-2025-06826,C1693,LIV,2025-05-13,2025-05-15,2025-05-14,Telephone,Despatched
SO-2025-06827,C1478,LIV,2025-05-13,2025-05-19,2025-05-14,Web,Despatched
SO-2025-06828,C1634,LIV,2025-05-13,2025-05-14,2025-05-13,Trade counter,Despatched
SO-2025-06829,C1097,DAV,2025-05-14,2025-05-19,2025-05-14,Trade counter,Despatched
SO-2025-06830,C1521,DAV,2025-05-14,2025-05-19,2025-05-14,Telephone,Part despatched
SO-2025-06831,C1201,DAV,2025-05-14,2025-05-20,2025-05-14,Web,Despatched
SO-2025-06832,C1255,DAV,2025-05-14,2025-05-15,2025-05-14,Web,Despatched
SO-2025-06833,C1790,WAR,2025-05-14,2025-05-20,2025-05-14,Web,Despatched
SO-2025-06834,C1790,WAR,2025-05-14,2025-05-20,2025-05-15,Telephone,Despatched
SO-2025-06835,C1844,WAR,2025-05-14,2025-05-15,2025-05-14,Account manager,Part despatched
SO-2025-06836,C1215,WAR,2025-05-14,2025-05-20,2025-05-15,Account manager,Despatched
SO-2025-06837,C1757,BRS,2025-05-14,2025-05-16,2025-05-14,Telephone,Part despatched
SO-2025-06838,C1167,BRS,2025-05-14,2025-05-15,2025-05-15,Trade counter,Part despatched
SO-2025-06839,C1463,BRS,2025-05-14,2025-05-15,2025-05-14,Account manager,Part despatched
SO-2025-06840,C1268,LIV,2025-05-14,2025-05-20,2025-05-14,Trade counter,Despatched
SO-2025-06841,C1085,LIV,2025-05-14,2025-05-20,2025-05-14,Trade counter,Despatched
SO-2025-06842,C1435,LIV,2025-05-14,2025-05-19,2025-05-15,Trade counter,Despatched
SO-2025-06843,C1236,DAV,2025-05-15,2025-05-20,2025-05-16,Telephone,Part despatched
SO-2025-06844,C1468,DAV,2025-05-15,2025-05-16,2025-05-20,Web,Despatched
SO-2025-06845,C1599,DAV,2025-05-15,2025-05-20,2025-05-20,Telephone,Despatched
SO-2025-06846,C1094,DAV,2025-05-15,2025-05-20,2025-05-15,Trade counter,Despatched
SO-2025-06847,C1447,DAV,2025-05-15,2025-05-19,2025-05-15,Trade counter,Part despatched
SO-2025-06848,C1610,DAV,2025-05-15,2025-05-16,2025-05-15,Telephone,Despatched
SO-2025-06849,C1802,WAR,2025-05-15,2025-05-16,2025-05-15,Telephone,Despatched
SO-2025-06850,C1032,WAR,2025-05-15,2025-05-19,2025-05-16,Trade counter,Despatched
SO-2025-06851,C1075,WAR,2025-05-15,2025-05-16,2025-05-15,Trade counter,Despatched
SO-2025-06852,C1071,BRS,2025-05-15,2025-05-16,2025-05-15,Account manager,Despatched
SO-2025-06853,C1634,LIV,2025-05-15,2025-05-20,2025-05-15,Telephone,Despatched
SO-2025-06854,C1803,LIV,2025-05-15,2025-05-19,2025-05-15,Trade counter,Part despatched
SO-2025-06855,C1435,LIV,2025-05-15,2025-05-16,2025-05-15,Account manager,Part despatched
SO-2025-06856,C1423,LIV,2025-05-15,2025-05-21,2025-05-15,Telephone,Despatched
SO-2025-06857,C1911,LIV,2025-05-15,2025-05-19,2025-05-16,Telephone,Despatched
SO-2025-06858,C1746,DAV,2025-05-16,2025-05-20,2025-05-16,Telephone,Despatched
SO-2025-06859,C1078,DAV,2025-05-16,2025-05-19,2025-05-16,Web,Despatched
SO-2025-06860,C1255,DAV,2025-05-16,2025-05-19,2025-05-16,Telephone,Despatched
SO-2025-06861,C1532,DAV,2025-05-16,2025-05-19,2025-05-20,Web,Despatched
SO-2025-06862,C1515,DAV,2025-05-16,2025-05-19,2025-05-16,Trade counter,Despatched
SO-2025-06863,C1881,DAV,2025-05-16,2025-05-22,2025-05-20,Web,Despatched
SO-2025-06864,C1145,DAV,2025-05-16,2025-05-22,2025-05-19,Telephone,Despatched
SO-2025-06865,C1255,DAV,2025-05-16,2025-05-19,2025-05-16,Account manager,Despatched
SO-2025-06866,C1234,WAR,2025-05-16,2025-05-21,2025-05-16,Trade counter,Despatched
SO-2025-06867,C1866,WAR,2025-05-16,2025-05-19,2025-05-21,Account manager,Despatched
SO-2025-06868,C1398,WAR,2025-05-16,2025-05-19,2025-05-16,Trade counter,Despatched
SO-2025-06869,C1408,WAR,2025-05-16,2025-05-19,2025-05-16,Account manager,Despatched
SO-2025-06870,C1287,WAR,2025-05-16,2025-05-21,2025-05-16,Trade counter,Despatched
SO-2025-06871,C1071,BRS,2025-05-16,2025-05-20,2025-05-16,Telephone,Despatched
SO-2025-06872,C1557,BRS,2025-05-16,2025-05-19,2025-05-16,Trade counter,Despatched
SO-2025-06873,C1697,BRS,2025-05-16,2025-05-22,2025-05-19,Trade counter,Despatched
SO-2025-06874,C1783,BRS,2025-05-16,2025-05-20,2025-05-16,Web,Despatched
SO-2025-06875,C1911,LIV,2025-05-16,2025-05-22,2025-05-16,Trade counter,Despatched
SO-2025-06876,C1744,DAV,2025-05-19,2025-05-21,2025-05-19,Account manager,Despatched
SO-2025-06877,C1389,DAV,2025-05-19,2025-05-21,2025-05-19,Account manager,Part despatched
SO-2025-06878,C1426,DAV,2025-05-19,2025-05-20,2025-05-19,Trade counter,Despatched
SO-2025-06879,C1211,DAV,2025-05-19,2025-05-20,2025-05-22,Telephone,Despatched
SO-2025-06880,C1559,DAV,2025-05-19,2025-05-21,2025-05-20,Account manager,Despatched
SO-2025-06881,C1669,DAV,2025-05-19,2025-05-20,2025-05-19,Trade counter,Despatched
SO-2025-06882,C1429,DAV,2025-05-19,2025-05-21,2025-05-19,Trade counter,Part despatched
SO-2025-06883,C1143,DAV,2025-05-19,2025-05-20,2025-05-19,Account manager,Despatched
SO-2025-06884,C1354,DAV,2025-05-19,2025-05-20,2025-05-19,Account manager,Despatched
SO-2025-06885,C1389,DAV,2025-05-19,2025-05-23,2025-05-19,Account manager,Part despatched
SO-2025-06886,C1440,DAV,2025-05-19,2025-05-22,2025-05-19,Trade counter,Despatched
SO-2025-06887,C1146,DAV,2025-05-19,2025-05-20,2025-05-19,Web,Despatched
SO-2025-06888,C1445,DAV,2025-05-19,2025-05-22,2025-05-19,Web,Despatched
SO-2025-06889,C1133,DAV,2025-05-19,2025-05-21,2025-05-20,Telephone,Despatched
SO-2025-06890,C1790,WAR,2025-05-19,2025-05-23,2025-05-19,Telephone,Despatched
SO-2025-06891,C1844,WAR,2025-05-19,2025-05-22,2025-05-20,Trade counter,Part despatched
SO-2025-06892,C1450,WAR,2025-05-19,2025-05-23,2025-05-19,Trade counter,Despatched
SO-2025-06893,C1664,BRS,2025-05-19,2025-05-20,2025-05-22,Account manager,Despatched
SO-2025-06894,C1773,BRS,2025-05-19,2025-05-22,2025-05-19,Trade counter,Part despatched
SO-2025-06895,C1212,BRS,2025-05-19,2025-05-23,2025-05-19,Trade counter,Despatched
SO-2025-06896,C1590,BRS,2025-05-19,2025-05-23,2025-05-19,Account manager,Part despatched
SO-2025-06897,C1085,LIV,2025-05-19,2025-05-21,2025-05-19,Account manager,Despatched
SO-2025-06898,C1160,LIV,2025-05-19,2025-05-20,2025-05-21,Web,Despatched
SO-2025-06899,C1145,DAV,2025-05-20,2025-05-23,2025-05-21,Trade counter,Despatched
SO-2025-06900,C1201,DAV,2025-05-20,2025-05-22,2025-05-21,Telephone,Despatched
SO-2025-06901,C1882,DAV,2025-05-20,2025-05-23,2025-05-20,Account manager,Part despatched
SO-2025-06902,C1800,DAV,2025-05-20,2025-05-21,2025-05-20,Telephone,Despatched
SO-2025-06903,C1841,DAV,2025-05-20,2025-05-22,2025-05-20,Trade counter,Despatched
SO-2025-06904,C1434,DAV,2025-05-20,2025-05-22,2025-05-20,Trade counter,Despatched
SO-2025-06905,C1765,DAV,2025-05-20,2025-05-21,2025-05-20,Web,Part despatched
SO-2025-06906,C1429,DAV,2025-05-20,2025-05-23,2025-05-23,Web,Part despatched
SO-2025-06907,C1098,DAV,2025-05-20,2025-05-21,2025-05-21,Trade counter,Despatched
SO-2025-06908,C1531,DAV,2025-05-20,2025-05-23,2025-05-20,Trade counter,Despatched
SO-2025-06909,C1278,DAV,2025-05-20,2025-05-23,2025-05-20,Trade counter,Despatched
SO-2025-06910,C1255,DAV,2025-05-20,2025-05-22,2025-05-21,Trade counter,Despatched
SO-2025-06911,C1141,WAR,2025-05-20,2025-05-21,2025-05-20,Web,Despatched
SO-2025-06912,C1032,WAR,2025-05-20,2025-05-27,2025-05-20,Telephone,Despatched
SO-2025-06913,C1790,WAR,2025-05-20,2025-05-22,2025-05-20,Trade counter,Despatched
SO-2025-06914,C1839,WAR,2025-05-20,2025-05-21,2025-05-20,Telephone,Despatched
SO-2025-06915,C1154,WAR,2025-05-20,2025-05-23,2025-05-20,Telephone,Part despatched
SO-2025-06916,C1026,WAR,2025-05-20,2025-05-23,2025-05-20,Web,Despatched
SO-2025-06917,C1207,WAR,2025-05-20,2025-05-21,2025-05-20,Trade counter,Despatched
SO-2025-06918,C1697,BRS,2025-05-20,2025-05-23,2025-05-20,Trade counter,Despatched
SO-2025-06919,C1374,BRS,2025-05-20,2025-05-21,2025-05-22,Account manager,Part despatched
SO-2025-06920,C1697,BRS,2025-05-20,2025-05-22,2025-05-20,Trade counter,Part despatched
SO-2025-06921,C1379,LIV,2025-05-20,2025-05-27,2025-05-22,Telephone,Despatched
SO-2025-06922,C1728,DAV,2025-05-21,2025-05-23,2025-05-21,Account manager,Part despatched
SO-2025-06923,C1434,DAV,2025-05-21,2025-05-22,2025-05-21,Account manager,Despatched
SO-2025-06924,C1078,DAV,2025-05-21,2025-05-28,2025-05-21,Trade counter,Despatched
SO-2025-06925,C1429,DAV,2025-05-21,2025-05-27,2025-05-21,Telephone,Despatched
SO-2025-06926,C1114,DAV,2025-05-21,2025-05-23,2025-05-21,Trade counter,Despatched
SO-2025-06927,C1802,WAR,2025-05-21,2025-05-28,2025-05-23,Web,Despatched
SO-2025-06928,C1057,WAR,2025-05-21,2025-05-22,2025-05-22,Telephone,Despatched
SO-2025-06929,C1948,WAR,2025-05-21,2025-05-28,2025-05-21,Web,Despatched
SO-2025-06930,C1793,BRS,2025-05-21,2025-05-23,2025-05-21,Account manager,Despatched
SO-2025-06931,C1475,BRS,2025-05-21,2025-05-22,2025-05-21,Telephone,Despatched
SO-2025-06932,C1338,BRS,2025-05-21,2025-05-23,2025-05-23,Account manager,Despatched
SO-2025-06933,C1024,LIV,2025-05-21,2025-05-28,2025-05-22,Web,Despatched
SO-2025-06934,C1795,DAV,2025-05-22,2025-05-28,2025-05-22,Telephone,Despatched
SO-2025-06935,C1728,DAV,2025-05-22,2025-05-28,2025-05-22,Telephone,Despatched
SO-2025-06936,C1366,DAV,2025-05-22,2025-05-28,2025-05-22,Telephone,Despatched
SO-2025-06937,C1871,WAR,2025-05-22,2025-05-29,2025-05-23,Telephone,Despatched
SO-2025-06938,C1032,WAR,2025-05-22,2025-05-29,2025-05-22,Telephone,Despatched
SO-2025-06939,C1234,WAR,2025-05-22,2025-05-28,2025-05-22,Trade counter,Despatched
SO-2025-06940,C1034,WAR,2025-05-22,2025-05-23,2025-05-23,Web,Part despatched
SO-2025-06941,C1032,WAR,2025-05-22,2025-05-27,2025-05-22,Trade counter,Despatched
SO-2025-06942,C1948,WAR,2025-05-22,2025-05-23,2025-05-22,Telephone,Part despatched
SO-2025-06943,C1871,WAR,2025-05-22,2025-05-28,2025-05-22,Telephone,Despatched
SO-2025-06944,C1822,WAR,2025-05-22,2025-05-27,2025-05-22,Telephone,Despatched
SO-2025-06945,C1001,WAR,2025-05-22,2025-05-28,2025-05-27,Trade counter,Despatched
SO-2025-06946,C1983,WAR,2025-05-22,2025-05-23,2025-05-22,Telephone,Despatched
SO-2025-06947,C1871,WAR,2025-05-22,2025-05-28,2025-05-22,Telephone,Despatched
SO-2025-06948,C1051,WAR,2025-05-22,2025-05-29,2025-05-22,Web,Part despatched
SO-2025-06949,C1044,BRS,2025-05-22,2025-05-27,2025-05-22,Trade counter,Part despatched
SO-2025-06950,C1071,BRS,2025-05-22,2025-05-23,2025-05-22,Telephone,Despatched
SO-2025-06951,C1258,BRS,2025-05-22,2025-05-23,2025-05-22,Web,Part despatched
SO-2025-06952,C1140,BRS,2025-05-22,2025-05-29,2025-05-28,Web,Part despatched
SO-2025-06953,C1697,BRS,2025-05-22,2025-05-28,2025-05-22,Telephone,Despatched
SO-2025-06954,C1151,BRS,2025-05-22,2025-05-29,2025-05-22,Telephone,Despatched
SO-2025-06955,C1004,LIV,2025-05-22,2025-05-29,2025-05-22,Web,Part despatched
SO-2025-06956,C1466,LIV,2025-05-22,2025-05-29,2025-05-22,Telephone,Despatched
SO-2025-06957,C1478,LIV,2025-05-22,2025-05-29,2025-05-23,Trade counter,Despatched
SO-2025-06958,C1726,LIV,2025-05-22,2025-05-23,2025-05-22,Trade counter,Despatched
SO-2025-06959,C1429,DAV,2025-05-23,2025-05-30,2025-05-23,Telephone,Part despatched
SO-2025-06960,C1734,DAV,2025-05-23,2025-05-27,2025-05-23,Account manager,Despatched
SO-2025-06961,C1563,DAV,2025-05-23,2025-05-29,2025-05-23,Web,Despatched
SO-2025-06962,C1035,DAV,2025-05-23,2025-05-27,2025-05-27,Web,Despatched
SO-2025-06963,C1610,DAV,2025-05-23,2025-05-27,2025-05-23,Trade counter,Despatched
SO-2025-06964,C1078,DAV,2025-05-23,2025-05-28,2025-05-23,Web,Despatched
SO-2025-06965,C1407,DAV,2025-05-23,2025-05-29,2025-05-23,Telephone,Despatched
SO-2025-06966,C1278,DAV,2025-05-23,2025-05-30,2025-05-23,Account manager,Despatched
SO-2025-06967,C1429,DAV,2025-05-23,2025-05-27,2025-05-23,Trade counter,Despatched
SO-2025-06968,C1032,WAR,2025-05-23,2025-05-27,2025-05-29,Account manager,Despatched
SO-2025-06969,C1017,WAR,2025-05-23,2025-05-29,2025-05-23,Trade counter,Despatched
SO-2025-06970,C1752,WAR,2025-05-23,2025-05-30,2025-05-28,Account manager,Despatched
SO-2025-06971,C1001,WAR,2025-05-23,2025-05-30,2025-05-23,Web,Despatched
SO-2025-06972,C1258,BRS,2025-05-23,2025-05-28,2025-05-27,Trade counter,Part despatched
SO-2025-06973,C1140,BRS,2025-05-23,2025-05-29,2025-05-23,Trade counter,Despatched
SO-2025-06974,C1247,BRS,2025-05-23,2025-05-30,2025-05-23,Telephone,Despatched
SO-2025-06975,C1302,BRS,2025-05-23,2025-05-27,2025-05-23,Account manager,Despatched
SO-2025-06976,C1338,BRS,2025-05-23,2025-05-27,2025-05-27,Web,Part despatched
SO-2025-06977,C1803,LIV,2025-05-23,2025-05-27,2025-05-23,Web,Despatched
SO-2025-06978,C1109,LIV,2025-05-23,2025-05-30,2025-05-23,Account manager,Despatched
SO-2025-06979,C1900,LIV,2025-05-23,2025-05-27,2025-05-23,Trade counter,Despatched
SO-2025-06980,C1299,DAV,2025-05-27,2025-05-28,2025-05-27,Trade counter,Despatched
SO-2025-06981,C1094,DAV,2025-05-27,2025-06-02,2025-05-27,Web,Despatched
SO-2025-06982,C1429,DAV,2025-05-27,2025-05-30,2025-05-27,Telephone,Despatched
SO-2025-06983,C1800,DAV,2025-05-27,2025-06-02,2025-05-27,Trade counter,Despatched
SO-2025-06984,C1146,DAV,2025-05-27,2025-05-28,2025-05-27,Telephone,Despatched
SO-2025-06985,C1323,DAV,2025-05-27,2025-05-28,2025-05-28,Web,Part despatched
SO-2025-06986,C1133,DAV,2025-05-27,2025-05-28,2025-05-27,Telephone,Despatched
SO-2025-06987,C1593,DAV,2025-05-27,2025-05-29,2025-05-27,Trade counter,Despatched
SO-2025-06988,C1952,DAV,2025-05-27,2025-05-30,2025-05-27,Telephone,Despatched
SO-2025-06989,C1482,WAR,2025-05-27,2025-06-02,2025-05-27,Telephone,Part despatched
SO-2025-06990,C1398,WAR,2025-05-27,2025-06-02,2025-05-28,Account manager,Part despatched
SO-2025-06991,C1581,WAR,2025-05-27,2025-05-30,2025-05-30,Telephone,Despatched
SO-2025-06992,C1328,BRS,2025-05-27,2025-05-29,2025-05-27,Telephone,Despatched
SO-2025-06993,C1330,BRS,2025-05-27,2025-05-29,2025-05-28,Telephone,Despatched
SO-2025-06994,C1773,BRS,2025-05-27,2025-05-30,2025-05-27,Telephone,Despatched
SO-2025-06995,C1338,BRS,2025-05-27,2025-05-29,2025-05-27,Trade counter,Despatched
SO-2025-06996,C1685,LIV,2025-05-27,2025-05-30,2025-05-28,Trade counter,Despatched
SO-2025-06997,C1435,LIV,2025-05-27,2025-05-29,2025-05-27,Telephone,Part despatched
SO-2025-06998,C1429,DAV,2025-05-28,2025-05-30,2025-05-30,Telephone,Despatched
SO-2025-06999,C1251,DAV,2025-05-28,2025-05-29,2025-05-28,Account manager,Despatched
SO-2025-07000,C1366,DAV,2025-05-28,2025-05-29,2025-05-28,Web,Part despatched
SO-2025-07001,C1593,DAV,2025-05-28,2025-06-02,2025-05-29,Account manager,Despatched
SO-2025-07002,C1098,DAV,2025-05-28,2025-06-03,2025-06-02,Account manager,Despatched
SO-2025-07003,C1078,DAV,2025-05-28,2025-05-30,2025-05-30,Trade counter,Despatched
SO-2025-07004,C1366,DAV,2025-05-28,2025-06-03,2025-05-28,Web,Part despatched
SO-2025-07005,C1447,DAV,2025-05-28,2025-05-29,2025-05-29,Trade counter,Despatched
SO-2025-07006,C1052,DAV,2025-05-28,2025-05-29,2025-05-29,Web,Despatched
SO-2025-07007,C1162,WAR,2025-05-28,2025-05-29,2025-05-28,Telephone,Despatched
SO-2025-07008,C1850,WAR,2025-05-28,2025-05-30,2025-05-28,Telephone,Despatched
SO-2025-07009,C1671,WAR,2025-05-28,2025-06-03,2025-05-29,Account manager,Despatched
SO-2025-07010,C1164,WAR,2025-05-28,2025-05-29,2025-05-28,Trade counter,Despatched
SO-2025-07011,C1558,WAR,2025-05-28,2025-05-30,2025-05-28,Trade counter,Part despatched
SO-2025-07012,C1044,BRS,2025-05-28,2025-06-02,2025-05-28,Telephone,Despatched
SO-2025-07013,C1004,LIV,2025-05-28,2025-06-02,2025-05-28,Trade counter,Despatched
SO-2025-07014,C1693,LIV,2025-05-28,2025-06-02,2025-05-29,Web,Despatched
SO-2025-07015,C1423,LIV,2025-05-28,2025-05-30,2025-05-28,Telephone,Despatched
SO-2025-07016,C1168,LIV,2025-05-28,2025-05-30,2025-05-28,Telephone,Despatched
SO-2025-07017,C1183,DAV,2025-05-29,2025-05-30,2025-05-29,Trade counter,Part despatched
SO-2025-07018,C1776,DAV,2025-05-29,2025-05-30,2025-05-29,Telephone,Despatched
SO-2025-07019,C1641,DAV,2025-05-29,2025-05-30,2025-05-29,Web,Despatched
SO-2025-07020,C1800,DAV,2025-05-29,2025-06-04,2025-05-30,Account manager,Despatched
SO-2025-07021,C1366,DAV,2025-05-29,2025-06-02,2025-05-30,Account manager,Despatched
SO-2025-07022,C1255,DAV,2025-05-29,2025-06-03,2025-05-29,Account manager,Despatched
SO-2025-07023,C1354,DAV,2025-05-29,2025-05-30,2025-05-29,Telephone,Despatched
SO-2025-07024,C1626,DAV,2025-05-29,2025-06-02,2025-05-29,Trade counter,Despatched
SO-2025-07025,C1389,DAV,2025-05-29,2025-06-03,2025-05-29,Web,Part despatched
SO-2025-07026,C1651,WAR,2025-05-29,2025-06-03,2025-05-29,Web,Despatched
SO-2025-07027,C1234,WAR,2025-05-29,2025-06-04,2025-06-02,Account manager,Part despatched
SO-2025-07028,C1032,WAR,2025-05-29,2025-06-04,2025-05-30,Telephone,Despatched
SO-2025-07029,C1501,BRS,2025-05-29,2025-06-03,2025-05-29,Telephone,Despatched
SO-2025-07030,C1212,BRS,2025-05-29,2025-06-03,2025-05-30,Account manager,Part despatched
SO-2025-07031,C1302,BRS,2025-05-29,2025-06-04,2025-05-30,Trade counter,Part despatched
SO-2025-07032,C1273,BRS,2025-05-29,2025-05-30,2025-05-29,Trade counter,Part despatched
SO-2025-07033,C1147,BRS,2025-05-29,2025-06-04,2025-05-29,Trade counter,Despatched
SO-2025-07034,C1254,LIV,2025-05-29,2025-06-03,2025-05-29,Telephone,Despatched
SO-2025-07035,C1593,DAV,2025-05-30,2025-06-02,2025-06-03,Web,Despatched
SO-2025-07036,C1985,DAV,2025-05-30,2025-06-02,2025-05-30,Account manager,Despatched
SO-2025-07037,C1114,DAV,2025-05-30,2025-06-03,2025-06-03,Telephone,Despatched
SO-2025-07038,C1255,DAV,2025-05-30,2025-06-04,2025-05-30,Web,Part despatched
SO-2025-07039,C1264,WAR,2025-05-30,2025-06-02,2025-05-30,Account manager,Despatched
SO-2025-07040,C1215,WAR,2025-05-30,2025-06-04,2025-05-30,Account manager,Despatched
SO-2025-07041,C1215,WAR,2025-05-30,2025-06-02,2025-05-30,Telephone,Despatched
SO-2025-07042,C1871,WAR,2025-05-30,2025-06-03,2025-06-03,Trade counter,Part despatched
SO-2025-07043,C1955,WAR,2025-05-30,2025-06-03,2025-05-30,Account manager,Despatched
SO-2025-07044,C1950,WAR,2025-05-30,2025-06-04,2025-05-30,Telephone,Despatched
SO-2025-07045,C1453,BRS,2025-05-30,2025-06-03,2025-05-30,Account manager,Part despatched
SO-2025-07046,C1957,LIV,2025-05-30,2025-06-05,2025-05-30,Trade counter,Despatched
SO-2025-07047,C1878,LIV,2025-05-30,2025-06-05,2025-05-30,Trade counter,Despatched
SO-2025-07048,C1584,LIV,2025-05-30,2025-06-05,2025-05-30,Trade counter,Despatched
SO-2025-07049,C1004,LIV,2025-05-30,2025-06-02,2025-05-30,Trade counter,Despatched
SO-2025-07050,C1168,LIV,2025-05-30,2025-06-02,2025-05-30,Telephone,Despatched
SO-2025-07051,C1726,LIV,2025-05-30,2025-06-04,2025-06-02,Trade counter,Despatched
SO-2025-07052,C1389,DAV,2025-06-02,2025-06-06,2025-06-02,Web,Despatched
SO-2025-07053,C1094,DAV,2025-06-02,2025-06-05,2025-06-02,Trade counter,Despatched
SO-2025-07054,C1629,DAV,2025-06-02,2025-06-06,2025-06-02,Telephone,Despatched
SO-2025-07055,C1593,DAV,2025-06-02,2025-06-06,2025-06-02,Telephone,Despatched
SO-2025-07056,C1187,DAV,2025-06-02,2025-06-06,2025-06-02,Trade counter,Despatched
SO-2025-07057,C1407,DAV,2025-06-02,2025-06-05,2025-06-02,Web,Despatched
SO-2025-07058,C1931,DAV,2025-06-02,2025-06-04,2025-06-04,Trade counter,Despatched
SO-2025-07059,C1191,DAV,2025-06-02,2025-06-06,2025-06-02,Trade counter,Part despatched
SO-2025-07060,C1763,WAR,2025-06-02,2025-06-05,2025-06-02,Trade counter,Despatched
SO-2025-07061,C1398,WAR,2025-06-02,2025-06-03,2025-06-02,Trade counter,Despatched
SO-2025-07062,C1391,WAR,2025-06-02,2025-06-04,2025-06-03,Trade counter,Despatched
SO-2025-07063,C1090,WAR,2025-06-02,2025-06-03,2025-06-02,Telephone,Part despatched
SO-2025-07064,C1032,WAR,2025-06-02,2025-06-04,2025-06-02,Telephone,Part despatched
SO-2025-07065,C1697,BRS,2025-06-02,2025-06-06,2025-06-03,Web,Part despatched
SO-2025-07066,C1664,BRS,2025-06-02,2025-06-05,2025-06-03,Telephone,Despatched
SO-2025-07067,C1557,BRS,2025-06-02,2025-06-03,2025-06-02,Web,Despatched
SO-2025-07068,C1238,BRS,2025-06-02,2025-06-05,2025-06-05,Telephone,Part despatched
SO-2025-07069,C1330,BRS,2025-06-02,2025-06-03,2025-06-02,Trade counter,Despatched
SO-2025-07070,C1109,LIV,2025-06-02,2025-06-03,2025-06-05,Web,Despatched
SO-2025-07071,C1085,LIV,2025-06-02,2025-06-05,2025-06-02,Trade counter,Despatched
SO-2025-07072,C1566,LIV,2025-06-02,2025-06-06,2025-06-02,Account manager,Despatched
SO-2025-07073,C1563,DAV,2025-06-03,2025-06-04,2025-06-03,Trade counter,Despatched
SO-2025-07074,C1734,DAV,2025-06-03,2025-06-09,2025-06-03,Trade counter,Part despatched
SO-2025-07075,C1610,DAV,2025-06-03,2025-06-06,2025-06-03,Trade counter,Despatched
SO-2025-07076,C1734,DAV,2025-06-03,2025-06-05,2025-06-03,Telephone,Despatched
SO-2025-07077,C1187,DAV,2025-06-03,2025-06-04,2025-06-03,Telephone,Despatched
SO-2025-07078,C1114,DAV,2025-06-03,2025-06-06,2025-06-03,Web,Despatched
SO-2025-07079,C1235,DAV,2025-06-03,2025-06-09,2025-06-03,Trade counter,Despatched
SO-2025-07080,C1844,WAR,2025-06-03,2025-06-04,2025-06-03,Account manager,Part despatched
SO-2025-07081,C1482,WAR,2025-06-03,2025-06-05,2025-06-05,Trade counter,Part despatched
SO-2025-07082,C1464,WAR,2025-06-03,2025-06-09,2025-06-03,Account manager,Part despatched
SO-2025-07083,C1724,WAR,2025-06-03,2025-06-04,2025-06-03,Web,Despatched
SO-2025-07084,C1724,WAR,2025-06-03,2025-06-06,2025-06-03,Account manager,Despatched
SO-2025-07085,C1581,WAR,2025-06-03,2025-06-06,2025-06-04,Web,Despatched
SO-2025-07086,C1115,BRS,2025-06-03,2025-06-05,2025-06-03,Trade counter,Despatched
SO-2025-07087,C1147,BRS,2025-06-03,2025-06-09,2025-06-04,Trade counter,Despatched
SO-2025-07088,C1607,LIV,2025-06-03,2025-06-06,2025-06-04,Telephone,Despatched
SO-2025-07089,C1715,LIV,2025-06-03,2025-06-09,2025-06-03,Web,Despatched
SO-2025-07090,C1941,LIV,2025-06-03,2025-06-04,2025-06-03,Trade counter,Despatched
SO-2025-07091,C1085,LIV,2025-06-03,2025-06-05,2025-06-03,Trade counter,Despatched
SO-2025-07092,C1734,DAV,2025-06-04,2025-06-06,2025-06-05,Web,Part despatched
SO-2025-07093,C1143,DAV,2025-06-04,2025-06-05,2025-06-04,Telephone,Despatched
SO-2025-07094,C1145,DAV,2025-06-04,2025-06-09,2025-06-05,Trade counter,Despatched
SO-2025-07095,C1335,DAV,2025-06-04,2025-06-10,2025-06-09,Trade counter,Part despatched
SO-2025-07096,C1936,DAV,2025-06-04,2025-06-10,2025-06-06,Telephone,Despatched
SO-2025-07097,C1270,DAV,2025-06-04,2025-06-05,2025-06-04,Telephone,Despatched
SO-2025-07098,C1434,DAV,2025-06-04,2025-06-06,2025-06-05,Account manager,Despatched
SO-2025-07099,C1235,DAV,2025-06-04,2025-06-05,2025-06-04,Telephone,Part despatched
SO-2025-07100,C1988,WAR,2025-06-04,2025-06-09,2025-06-04,Telephone,Despatched
SO-2025-07101,C1215,WAR,2025-06-04,2025-06-06,2025-06-04,Telephone,Despatched
SO-2025-07102,C1970,BRS,2025-06-04,2025-06-05,2025-06-04,Telephone,Despatched
SO-2025-07103,C1071,BRS,2025-06-04,2025-06-05,2025-06-04,Telephone,Despatched
SO-2025-07104,C1343,BRS,2025-06-04,2025-06-05,2025-06-04,Web,Despatched
SO-2025-07105,C1352,BRS,2025-06-04,2025-06-10,2025-06-04,Trade counter,Despatched
SO-2025-07106,C1109,LIV,2025-06-04,2025-06-09,2025-06-04,Telephone,Despatched
SO-2025-07107,C1878,LIV,2025-06-04,2025-06-06,2025-06-04,Telephone,Despatched
SO-2025-07108,C1666,LIV,2025-06-04,2025-06-05,2025-06-04,Telephone,Despatched
SO-2025-07109,C1566,LIV,2025-06-04,2025-06-09,2025-06-04,Trade counter,Despatched
SO-2025-07110,C1085,LIV,2025-06-04,2025-06-09,2025-06-04,Trade counter,Despatched
SO-2025-07111,C1928,DAV,2025-06-05,2025-06-09,2025-06-10,Trade counter,Despatched
SO-2025-07112,C1811,DAV,2025-06-05,2025-06-09,2025-06-05,Trade counter,Despatched
SO-2025-07113,C1311,DAV,2025-06-05,2025-06-06,2025-06-05,Telephone,Despatched
SO-2025-07114,C1841,DAV,2025-06-05,2025-06-10,2025-06-09,Web,Despatched
SO-2025-07115,C1734,DAV,2025-06-05,2025-06-10,2025-06-05,Trade counter,Despatched
SO-2025-07116,C1336,WAR,2025-06-05,2025-06-09,2025-06-05,Web,Part despatched
SO-2025-07117,C1154,WAR,2025-06-05,2025-06-09,2025-06-06,Web,Despatched
SO-2025-07118,C1724,WAR,2025-06-05,2025-06-10,2025-06-05,Trade counter,Part despatched
SO-2025-07119,C1032,WAR,2025-06-05,2025-06-11,2025-06-10,Trade counter,Despatched
SO-2025-07120,C1402,WAR,2025-06-05,2025-06-06,,Telephone,Cancelled
SO-2025-07121,C1697,BRS,2025-06-05,2025-06-10,2025-06-05,Telephone,Despatched
SO-2025-07122,C1664,BRS,2025-06-05,2025-06-11,2025-06-05,Telephone,Despatched
SO-2025-07123,C1518,BRS,2025-06-05,2025-06-10,2025-06-05,Trade counter,Despatched
SO-2025-07124,C1453,BRS,2025-06-05,2025-06-06,2025-06-09,Trade counter,Despatched
SO-2025-07125,C1109,LIV,2025-06-05,2025-06-11,2025-06-05,Web,Despatched
SO-2025-07126,C1033,LIV,2025-06-05,2025-06-11,2025-06-10,Web,Despatched
SO-2025-07127,C1033,LIV,2025-06-05,2025-06-10,2025-06-06,Trade counter,Despatched
SO-2025-07128,C1599,DAV,2025-06-06,2025-06-09,2025-06-09,Telephone,Despatched
SO-2025-07129,C1563,DAV,2025-06-06,2025-06-09,2025-06-06,Web,Despatched
SO-2025-07130,C1366,DAV,2025-06-06,2025-06-09,2025-06-06,Trade counter,Despatched
SO-2025-07131,C1416,DAV,2025-06-06,2025-06-10,2025-06-06,Web,Despatched
SO-2025-07132,C1563,DAV,2025-06-06,2025-06-11,2025-06-06,Trade counter,Despatched
SO-2025-07133,C1120,DAV,2025-06-06,2025-06-10,2025-06-06,Web,Part despatched
SO-2025-07134,C1249,DAV,2025-06-06,2025-06-09,2025-06-06,Telephone,Despatched
SO-2025-07135,C1429,DAV,2025-06-06,2025-06-12,2025-06-06,Telephone,Despatched
SO-2025-07136,C1145,DAV,2025-06-06,2025-06-09,2025-06-06,Account manager,Despatched
SO-2025-07137,C1051,WAR,2025-06-06,2025-06-12,2025-06-06,Web,Despatched
SO-2025-07138,C1560,WAR,2025-06-06,2025-06-11,2025-06-10,Web,Despatched
SO-2025-07139,C1051,WAR,2025-06-06,2025-06-09,2025-06-09,Telephone,Despatched
SO-2025-07140,C1026,WAR,2025-06-06,2025-06-09,2025-06-09,Telephone,Despatched
SO-2025-07141,C1802,WAR,2025-06-06,2025-06-12,2025-06-06,Account manager,Despatched
SO-2025-07142,C1724,WAR,2025-06-06,2025-06-10,2025-06-06,Web,Despatched
SO-2025-07143,C1492,WAR,2025-06-06,2025-06-12,2025-06-11,Trade counter,Despatched
SO-2025-07144,C1475,BRS,2025-06-06,2025-06-10,2025-06-06,Trade counter,Despatched
SO-2025-07145,C1147,BRS,2025-06-06,2025-06-09,2025-06-06,Trade counter,Despatched
SO-2025-07146,C1659,BRS,2025-06-06,2025-06-09,2025-06-06,Trade counter,Despatched
SO-2025-07147,C1693,LIV,2025-06-06,2025-06-09,2025-06-09,Telephone,Despatched
SO-2025-07148,C1892,LIV,2025-06-06,2025-06-12,2025-06-06,Trade counter,Despatched
SO-2025-07149,C1685,LIV,2025-06-06,2025-06-09,2025-06-06,Web,Despatched
SO-2025-07150,C1584,LIV,2025-06-06,2025-06-11,2025-06-06,Trade counter,Despatched
SO-2025-07151,C1975,LIV,2025-06-06,2025-06-11,2025-06-09,Trade counter,Despatched
SO-2025-07152,C1821,LIV,2025-06-06,2025-06-10,2025-06-06,Telephone,Despatched
SO-2025-07153,C1299,DAV,2025-06-09,2025-06-11,2025-06-10,Trade counter,Part despatched
SO-2025-07154,C1183,DAV,2025-06-09,2025-06-11,2025-06-09,Account manager,Despatched
SO-2025-07155,C1554,DAV,2025-06-09,2025-06-13,2025-06-10,Account manager,Despatched
SO-2025-07156,C1097,DAV,2025-06-09,2025-06-12,2025-06-10,Telephone,Despatched
SO-2025-07157,C1056,DAV,2025-06-09,2025-06-13,2025-06-09,Account manager,Despatched
SO-2025-07158,C1232,DAV,2025-06-09,2025-06-13,2025-06-09,Trade counter,Part despatched
SO-2025-07159,C1744,DAV,2025-06-09,2025-06-12,2025-06-09,Telephone,Despatched
SO-2025-07160,C1599,DAV,2025-06-09,2025-06-12,2025-06-09,Account manager,Despatched
SO-2025-07161,C1955,WAR,2025-06-09,2025-06-12,2025-06-12,Web,Despatched
SO-2025-07162,C1032,WAR,2025-06-09,2025-06-10,2025-06-10,Telephone,Part despatched
SO-2025-07163,C1355,WAR,2025-06-09,2025-06-13,2025-06-09,Trade counter,Despatched
SO-2025-07164,C1071,BRS,2025-06-09,2025-06-13,2025-06-10,Telephone,Despatched
SO-2025-07165,C1475,BRS,2025-06-09,2025-06-13,2025-06-09,Telephone,Despatched
SO-2025-07166,C1411,BRS,2025-06-09,2025-06-12,2025-06-09,Trade counter,Despatched
SO-2025-07167,C1578,BRS,2025-06-09,2025-06-13,2025-06-10,Trade counter,Despatched
SO-2025-07168,C1453,BRS,2025-06-09,2025-06-13,2025-06-09,Trade counter,Part despatched
SO-2025-07169,C1741,BRS,2025-06-09,2025-06-11,2025-06-09,Trade counter,Despatched
SO-2025-07170,C1466,LIV,2025-06-09,2025-06-12,2025-06-09,Trade counter,Despatched
SO-2025-07171,C1422,LIV,2025-06-09,2025-06-12,2025-06-10,Telephone,Despatched
SO-2025-07172,C1430,LIV,2025-06-09,2025-06-10,2025-06-09,Telephone,Despatched
SO-2025-07173,C1038,LIV,2025-06-09,2025-06-12,2025-06-09,Telephone,Despatched
SO-2025-07174,C1432,LIV,2025-06-09,2025-06-11,2025-06-09,Trade counter,Despatched
SO-2025-07175,C1685,LIV,2025-06-09,2025-06-12,2025-06-09,Trade counter,Despatched
SO-2025-07176,C1726,LIV,2025-06-09,2025-06-10,2025-06-10,Web,Despatched
SO-2025-07177,C1726,LIV,2025-06-09,2025-06-10,2025-06-09,Trade counter,Despatched
SO-2025-07178,C1435,LIV,2025-06-09,2025-06-13,2025-06-09,Trade counter,Despatched
SO-2025-07179,C1184,DAV,2025-06-10,2025-06-11,2025-06-10,Web,Despatched
SO-2025-07180,C1593,DAV,2025-06-10,2025-06-13,2025-06-11,Web,Despatched
SO-2025-07181,C1940,DAV,2025-06-10,2025-06-13,2025-06-11,Trade counter,Part despatched
SO-2025-07182,C1253,DAV,2025-06-10,2025-06-16,2025-06-10,Telephone,Part despatched
SO-2025-07183,C1217,DAV,2025-06-10,2025-06-11,2025-06-13,Web,Despatched
SO-2025-07184,C1928,DAV,2025-06-10,2025-06-12,2025-06-10,Trade counter,Despatched
SO-2025-07185,C1032,WAR,2025-06-10,2025-06-12,2025-06-10,Web,Despatched
SO-2025-07186,C1032,WAR,2025-06-10,2025-06-12,2025-06-12,Trade counter,Despatched
SO-2025-07187,C1844,WAR,2025-06-10,2025-06-16,2025-06-12,Account manager,Part despatched
SO-2025-07188,C1032,WAR,2025-06-10,2025-06-12,2025-06-10,Telephone,Despatched
SO-2025-07189,C1944,BRS,2025-06-10,2025-06-16,2025-06-12,Trade counter,Despatched
SO-2025-07190,C1697,BRS,2025-06-10,2025-06-11,2025-06-10,Account manager,Despatched
SO-2025-07191,C1867,LIV,2025-06-10,2025-06-16,2025-06-10,Telephone,Despatched
SO-2025-07192,C1085,LIV,2025-06-10,2025-06-12,2025-06-13,Telephone,Despatched
SO-2025-07193,C1549,DAV,2025-06-11,2025-06-16,2025-06-12,Account manager,Part despatched
SO-2025-07194,C1454,WAR,2025-06-11,2025-06-13,2025-06-11,Trade counter,Part despatched
SO-2025-07195,C1398,WAR,2025-06-11,2025-06-13,2025-06-13,Telephone,Despatched
SO-2025-07196,C1474,WAR,2025-06-11,2025-06-13,2025-06-11,Telephone,Part despatched
SO-2025-07197,C1162,WAR,2025-06-11,2025-06-13,2025-06-12,Telephone,Part despatched
SO-2025-07198,C1010,WAR,2025-06-11,2025-06-16,2025-06-11,Account manager,Despatched
SO-2025-07199,C1234,WAR,2025-06-11,2025-06-16,2025-06-11,Account manager,Despatched
SO-2025-07200,C1802,WAR,2025-06-11,2025-06-13,2025-06-11,Trade counter,Despatched
SO-2025-07201,C1870,BRS,2025-06-11,2025-06-13,2025-06-12,Web,Despatched
SO-2025-07202,C1785,BRS,2025-06-11,2025-06-16,2025-06-11,Trade counter,Despatched
SO-2025-07203,C1247,BRS,2025-06-11,2025-06-17,2025-06-11,Account manager,Despatched
SO-2025-07204,C1498,BRS,2025-06-11,2025-06-12,2025-06-11,Trade counter,Despatched
SO-2025-07205,C1321,LIV,2025-06-11,2025-06-17,2025-06-12,Trade counter,Despatched
SO-2025-07206,C1423,LIV,2025-06-11,2025-06-16,2025-06-11,Telephone,Part despatched
SO-2025-07207,C1666,LIV,2025-06-11,2025-06-17,2025-06-11,Telephone,Despatched
SO-2025-07208,C1911,LIV,2025-06-11,2025-06-16,2025-06-11,Telephone,Despatched
SO-2025-07209,C1856,LIV,2025-06-11,2025-06-13,2025-06-16,Web,Part despatched
SO-2025-07210,C1468,DAV,2025-06-12,2025-06-16,2025-06-12,Telephone,Part despatched
SO-2025-07211,C1201,DAV,2025-06-12,2025-06-13,2025-06-12,Trade counter,Despatched
SO-2025-07212,C1078,DAV,2025-06-12,2025-06-16,2025-06-13,Telephone,Despatched
SO-2025-07213,C1460,WAR,2025-06-12,2025-06-13,2025-06-12,Telephone,Despatched
SO-2025-07214,C1346,WAR,2025-06-12,2025-06-13,2025-06-12,Trade counter,Despatched
SO-2025-07215,C1032,WAR,2025-06-12,2025-06-18,2025-06-13,Telephone,Despatched
SO-2025-07216,C1243,WAR,2025-06-12,2025-06-17,2025-06-12,Telephone,Despatched
SO-2025-07217,C1065,BRS,2025-06-12,2025-06-17,2025-06-12,Trade counter,Despatched
SO-2025-07218,C1578,BRS,2025-06-12,2025-06-17,2025-06-12,Web,Despatched
SO-2025-07219,C1004,LIV,2025-06-12,2025-06-16,2025-06-12,Account manager,Despatched
SO-2025-07220,C1160,LIV,2025-06-12,2025-06-17,2025-06-12,Account manager,Part despatched
SO-2025-07221,C1372,DAV,2025-06-13,2025-06-16,2025-06-13,Telephone,Despatched
SO-2025-07222,C1593,DAV,2025-06-13,2025-06-19,2025-06-16,Telephone,Despatched
SO-2025-07223,C1290,DAV,2025-06-13,2025-06-16,2025-06-18,Telephone,Despatched
SO-2025-07224,C1251,DAV,2025-06-13,2025-06-16,2025-06-13,Telephone,Despatched
SO-2025-07225,C1270,DAV,2025-06-13,2025-06-17,2025-06-13,Account manager,Despatched
SO-2025-07226,C1007,DAV,2025-06-13,2025-06-16,2025-06-13,Telephone,Despatched
SO-2025-07227,C1629,DAV,2025-06-13,2025-06-17,2025-06-13,Web,Part despatched
SO-2025-07228,C1535,WAR,2025-06-13,2025-06-16,2025-06-13,Web,Despatched
SO-2025-07229,C1215,WAR,2025-06-13,2025-06-16,2025-06-13,Telephone,Despatched
SO-2025-07230,C1215,WAR,2025-06-13,2025-06-16,2025-06-17,Web,Despatched
SO-2025-07231,C1402,WAR,2025-06-13,2025-06-17,2025-06-13,Trade counter,Despatched
SO-2025-07232,C1697,BRS,2025-06-13,2025-06-18,2025-06-13,Trade counter,Despatched
SO-2025-07233,C1302,BRS,2025-06-13,2025-06-19,2025-06-13,Trade counter,Despatched
SO-2025-07234,C1685,LIV,2025-06-13,2025-06-16,2025-06-13,Web,Despatched
SO-2025-07235,C1379,LIV,2025-06-13,2025-06-18,2025-06-16,Telephone,Part despatched
SO-2025-07236,C1168,LIV,2025-06-13,2025-06-19,2025-06-13,Telephone,Despatched
SO-2025-07237,C1821,LIV,2025-06-13,2025-06-18,2025-06-16,Telephone,Despatched
SO-2025-07238,C1559,DAV,2025-06-16,2025-06-18,2025-06-16,Account manager,Despatched
SO-2025-07239,C1209,DAV,2025-06-16,2025-06-19,2025-06-19,Web,Despatched
SO-2025-07240,C1554,DAV,2025-06-16,2025-06-18,2025-06-16,Web,Despatched
SO-2025-07241,C1335,DAV,2025-06-16,2025-06-19,2025-06-16,Web,Despatched
SO-2025-07242,C1094,DAV,2025-06-16,2025-06-18,2025-06-16,Web,Part despatched
SO-2025-07243,C1354,DAV,2025-06-16,2025-06-19,2025-06-17,Trade counter,Despatched
SO-2025-07244,C1734,DAV,2025-06-16,2025-06-20,2025-06-16,Trade counter,Despatched
SO-2025-07245,C1936,DAV,2025-06-16,2025-06-19,2025-06-16,Telephone,Despatched
SO-2025-07246,C1184,DAV,2025-06-16,2025-06-19,2025-06-16,Trade counter,Despatched
SO-2025-07247,C1097,DAV,2025-06-16,2025-06-19,2025-06-16,Telephone,Despatched
SO-2025-07248,C1479,DAV,2025-06-16,2025-06-20,2025-06-17,Web,Despatched
SO-2025-07249,C1243,WAR,2025-06-16,2025-06-20,2025-06-19,Telephone,Despatched
SO-2025-07250,C1026,WAR,2025-06-16,2025-06-18,2025-06-16,Account manager,Despatched
SO-2025-07251,C1651,WAR,2025-06-16,2025-06-20,2025-06-18,Web,Despatched
SO-2025-07252,C1032,WAR,2025-06-16,2025-06-19,2025-06-16,Trade counter,Despatched
SO-2025-07253,C1032,WAR,2025-06-16,2025-06-20,2025-06-16,Trade counter,Despatched
SO-2025-07254,C1702,WAR,2025-06-16,2025-06-20,2025-06-16,Telephone,Despatched
SO-2025-07255,C1948,WAR,2025-06-16,2025-06-20,2025-06-17,Web,Despatched
SO-2025-07256,C1057,WAR,2025-06-16,2025-06-19,2025-06-16,Trade counter,Despatched
SO-2025-07257,C1046,BRS,2025-06-16,2025-06-17,2025-06-17,Telephone,Despatched
SO-2025-07258,C1044,BRS,2025-06-16,2025-06-18,2025-06-16,Web,Despatched
SO-2025-07259,C1619,BRS,2025-06-16,2025-06-18,2025-06-16,Account manager,Part despatched
SO-2025-07260,C1505,BRS,2025-06-16,2025-06-20,2025-06-18,Account manager,Despatched
SO-2025-07261,C1521,DAV,2025-06-17,2025-06-20,2025-06-18,Trade counter,Despatched
SO-2025-07262,C1760,DAV,2025-06-17,2025-06-19,2025-06-17,Telephone,Despatched
SO-2025-07263,C1593,DAV,2025-06-17,2025-06-23,2025-06-19,Account manager,Despatched
SO-2025-07264,C1605,DAV,2025-06-17,2025-06-20,2025-06-17,Trade counter,Despatched
SO-2025-07265,C1236,DAV,2025-06-17,2025-06-18,2025-06-19,Trade counter,Despatched
SO-2025-07266,C1145,DAV,2025-06-17,2025-06-20,2025-06-18,Trade counter,Despatched
SO-2025-07267,C1157,WAR,2025-06-17,2025-06-18,2025-06-17,Web,Despatched
SO-2025-07268,C1032,WAR,2025-06-17,2025-06-18,2025-06-17,Telephone,Despatched
SO-2025-07269,C1597,WAR,2025-06-17,2025-06-23,2025-06-17,Trade counter,Part despatched
SO-2025-07270,C1656,WAR,2025-06-17,2025-06-18,2025-06-17,Web,Despatched
SO-2025-07271,C1666,LIV,2025-06-17,2025-06-18,2025-06-18,Telephone,Despatched
SO-2025-07272,C1835,LIV,2025-06-17,2025-06-20,2025-06-17,Trade counter,Despatched
SO-2025-07273,C1723,LIV,2025-06-17,2025-06-18,2025-06-17,Telephone,Despatched
SO-2025-07274,C1531,DAV,2025-06-18,2025-06-19,2025-06-18,Web,Despatched
SO-2025-07275,C1385,DAV,2025-06-18,2025-06-24,2025-06-19,Trade counter,Despatched
SO-2025-07276,C1307,DAV,2025-06-18,2025-06-20,2025-06-18,Telephone,Despatched
SO-2025-07277,C1050,DAV,2025-06-18,2025-06-24,2025-06-18,Telephone,Despatched
SO-2025-07278,C1839,WAR,2025-06-18,2025-06-19,2025-06-18,Trade counter,Despatched
SO-2025-07279,C1752,WAR,2025-06-18,2025-06-24,2025-06-18,Web,Despatched
SO-2025-07280,C1558,WAR,2025-06-18,2025-06-23,2025-06-23,Account manager,Despatched
SO-2025-07281,C1234,WAR,2025-06-18,2025-06-19,2025-06-18,Trade counter,Despatched
SO-2025-07282,C1802,WAR,2025-06-18,2025-06-20,2025-06-19,Account manager,Despatched
SO-2025-07283,C1939,BRS,2025-06-18,2025-06-20,2025-06-18,Web,Despatched
SO-2025-07284,C1379,LIV,2025-06-18,2025-06-24,2025-06-18,Web,Despatched
SO-2025-07285,C1004,LIV,2025-06-18,2025-06-19,2025-06-18,Web,Despatched
SO-2025-07286,C1445,DAV,2025-06-19,2025-06-25,2025-06-19,Trade counter,Despatched
SO-2025-07287,C1062,DAV,2025-06-19,2025-06-25,2025-06-19,Account manager,Part despatched
SO-2025-07288,C1744,DAV,2025-06-19,2025-06-24,2025-06-20,Account manager,Despatched
SO-2025-07289,C1278,DAV,2025-06-19,2025-06-24,2025-06-19,Telephone,Despatched
SO-2025-07290,C1319,DAV,2025-06-19,2025-06-20,2025-06-19,Telephone,Despatched
SO-2025-07291,C1179,DAV,2025-06-19,2025-06-24,2025-06-19,Trade counter,Part despatched
SO-2025-07292,C1844,WAR,2025-06-19,2025-06-24,2025-06-20,Telephone,Despatched
SO-2025-07293,C1730,WAR,2025-06-19,2025-06-20,2025-06-20,Trade counter,Part despatched
SO-2025-07294,C1349,WAR,2025-06-19,2025-06-20,2025-06-19,Trade counter,Despatched
SO-2025-07295,C1659,BRS,2025-06-19,2025-06-25,2025-06-19,Telephone,Despatched
SO-2025-07296,C1546,BRS,2025-06-19,2025-06-23,2025-06-19,Account manager,Part despatched
SO-2025-07297,C1697,BRS,2025-06-19,2025-06-24,2025-06-23,Trade counter,Despatched
SO-2025-07298,C1212,BRS,2025-06-19,2025-06-25,2025-06-19,Telephone,Despatched
SO-2025-07299,C1115,BRS,2025-06-19,2025-06-23,2025-06-19,Telephone,Despatched
SO-2025-07300,C1813,BRS,2025-06-19,2025-06-25,2025-06-19,Trade counter,Despatched
SO-2025-07301,C1238,BRS,2025-06-19,2025-06-25,2025-06-19,Trade counter,Despatched
SO-2025-07302,C1168,LIV,2025-06-19,2025-06-23,2025-06-19,Account manager,Despatched
SO-2025-07303,C1959,LIV,2025-06-19,2025-06-24,2025-06-19,Trade counter,Despatched
SO-2025-07304,C1168,LIV,2025-06-19,2025-06-20,2025-06-19,Account manager,Despatched
SO-2025-07305,C1856,LIV,2025-06-19,2025-06-20,2025-06-19,Web,Despatched
SO-2025-07306,C1835,LIV,2025-06-19,2025-06-24,2025-06-20,Telephone,Despatched
SO-2025-07307,C1255,DAV,2025-06-20,2025-06-23,2025-06-20,Trade counter,Despatched
SO-2025-07308,C1145,DAV,2025-06-20,2025-06-23,2025-06-20,Trade counter,Despatched
SO-2025-07309,C1861,DAV,2025-06-20,2025-06-26,2025-06-20,Web,Despatched
SO-2025-07310,C1143,DAV,2025-06-20,2025-06-26,2025-06-20,Account manager,Part despatched
SO-2025-07311,C1032,WAR,2025-06-20,2025-06-24,2025-06-20,Telephone,Despatched
SO-2025-07312,C1839,WAR,2025-06-20,2025-06-25,2025-06-23,Trade counter,Despatched
SO-2025-07313,C1071,BRS,2025-06-20,2025-06-24,2025-06-25,Telephone,Part despatched
SO-2025-07314,C1557,BRS,2025-06-20,2025-06-24,2025-06-20,Account manager,Despatched
SO-2025-07315,C1785,BRS,2025-06-20,2025-06-24,2025-06-20,Telephone,Despatched
SO-2025-07316,C1147,BRS,2025-06-20,2025-06-23,2025-06-20,Trade counter,Despatched
SO-2025-07317,C1168,LIV,2025-06-20,2025-06-24,2025-06-24,Trade counter,Despatched
SO-2025-07318,C1168,LIV,2025-06-20,2025-06-23,2025-06-20,Telephone,Despatched
SO-2025-07319,C1145,DAV,2025-06-23,2025-06-26,2025-06-23,Trade counter,Despatched
SO-2025-07320,C1854,DAV,2025-06-23,2025-06-25,2025-06-24,Trade counter,Despatched
SO-2025-07321,C1442,DAV,2025-06-23,2025-06-26,2025-06-24,Account manager,Despatched
SO-2025-07322,C1354,DAV,2025-06-23,2025-06-26,2025-06-23,Trade counter,Despatched
SO-2025-07323,C1512,DAV,2025-06-23,2025-06-24,2025-06-23,Telephone,Part despatched
SO-2025-07324,C1051,WAR,2025-06-23,2025-06-26,2025-06-23,Account manager,Despatched
SO-2025-07325,C1844,WAR,2025-06-23,2025-06-27,2025-06-24,Trade counter,Despatched
SO-2025-07326,C1051,WAR,2025-06-23,2025-06-26,2025-06-23,Trade counter,Despatched
SO-2025-07327,C1402,WAR,2025-06-23,2025-06-25,2025-06-23,Telephone,Despatched
SO-2025-07328,C1460,WAR,2025-06-23,2025-06-25,2025-06-23,Trade counter,Despatched
SO-2025-07329,C1501,BRS,2025-06-23,2025-06-26,2025-06-23,Telephone,Despatched
SO-2025-07330,C1338,BRS,2025-06-23,2025-06-26,2025-06-23,Trade counter,Despatched
SO-2025-07331,C1212,BRS,2025-06-23,2025-06-25,2025-06-26,Telephone,Despatched
SO-2025-07332,C1697,BRS,2025-06-23,2025-06-24,2025-06-23,Trade counter,Despatched
SO-2025-07333,C1302,BRS,2025-06-23,2025-06-24,2025-06-23,Trade counter,Despatched
SO-2025-07334,C1475,BRS,2025-06-23,2025-06-27,2025-06-23,Web,Part despatched
SO-2025-07335,C1382,BRS,2025-06-23,2025-06-27,2025-06-23,Web,Despatched
SO-2025-07336,C1343,BRS,2025-06-23,2025-06-27,2025-06-23,Trade counter,Despatched
SO-2025-07337,C1339,BRS,2025-06-23,2025-06-24,2025-06-24,Telephone,Part despatched
SO-2025-07338,C1435,LIV,2025-06-23,2025-06-27,2025-06-23,Telephone,Despatched
SO-2025-07339,C1038,LIV,2025-06-23,2025-06-24,2025-06-23,Web,Despatched
SO-2025-07340,C1841,DAV,2025-06-24,2025-06-30,2025-06-24,Web,Despatched
SO-2025-07341,C1094,DAV,2025-06-24,2025-06-25,2025-06-25,Telephone,Despatched
SO-2025-07342,C1255,DAV,2025-06-24,2025-06-27,2025-06-24,Telephone,Part despatched
SO-2025-07343,C1710,DAV,2025-06-24,2025-06-27,2025-06-24,Account manager,Despatched
SO-2025-07344,C1201,DAV,2025-06-24,2025-06-30,2025-06-26,Account manager,Part despatched
SO-2025-07345,C1767,DAV,2025-06-24,2025-06-30,2025-06-26,Trade counter,Despatched
SO-2025-07346,C1194,DAV,2025-06-24,2025-06-25,2025-06-24,Telephone,Despatched
SO-2025-07347,C1599,DAV,2025-06-24,2025-06-30,2025-06-24,Telephone,Despatched
SO-2025-07348,C1236,DAV,2025-06-24,2025-06-30,2025-06-24,Web,Despatched
SO-2025-07349,C1366,DAV,2025-06-24,2025-06-27,2025-06-24,Telephone,Part despatched
SO-2025-07350,C1094,DAV,2025-06-24,2025-06-30,2025-06-24,Telephone,Part despatched
SO-2025-07351,C1051,WAR,2025-06-24,2025-06-25,2025-06-24,Telephone,Despatched
SO-2025-07352,C1482,WAR,2025-06-24,2025-06-30,2025-06-25,Trade counter,Despatched
SO-2025-07353,C1866,WAR,2025-06-24,2025-06-25,2025-06-25,Telephone,Despatched
SO-2025-07354,C1697,BRS,2025-06-24,2025-06-25,2025-06-24,Telephone,Part despatched
SO-2025-07355,C1328,BRS,2025-06-24,2025-06-30,2025-06-24,Web,Despatched
SO-2025-07356,C1382,BRS,2025-06-24,2025-06-27,2025-06-24,Trade counter,Despatched
SO-2025-07357,C1791,BRS,2025-06-24,2025-06-25,2025-06-24,Telephone,Part despatched
SO-2025-07358,C1475,BRS,2025-06-24,2025-06-25,2025-06-24,Trade counter,Despatched
SO-2025-07359,C1659,BRS,2025-06-24,2025-06-30,2025-06-25,Telephone,Part despatched
SO-2025-07360,C1357,LIV,2025-06-24,2025-06-25,2025-06-25,Telephone,Despatched
SO-2025-07361,C1422,LIV,2025-06-24,2025-06-26,2025-06-24,Telephone,Despatched
SO-2025-07362,C1823,LIV,2025-06-24,2025-06-30,2025-06-25,Trade counter,Despatched
SO-2025-07363,C1911,LIV,2025-06-24,2025-06-26,2025-06-24,Web,Despatched
SO-2025-07364,C1478,LIV,2025-06-24,2025-06-26,2025-06-24,Trade counter,Despatched
SO-2025-07365,C1176,DAV,2025-06-25,2025-06-30,2025-06-27,Telephone,Despatched
SO-2025-07366,C1593,DAV,2025-06-25,2025-06-27,2025-06-25,Trade counter,Despatched
SO-2025-07367,C1593,DAV,2025-06-25,2025-06-26,2025-06-25,Trade counter,Despatched
SO-2025-07368,C1632,DAV,2025-06-25,2025-06-26,2025-06-25,Web,Despatched
SO-2025-07369,C1928,DAV,2025-06-25,2025-07-01,2025-06-25,Web,Despatched
SO-2025-07370,C1637,DAV,2025-06-25,2025-06-26,2025-06-25,Trade counter,Despatched
SO-2025-07371,C1290,DAV,2025-06-25,2025-06-27,2025-06-26,Telephone,Despatched
SO-2025-07372,C1234,WAR,2025-06-25,2025-07-01,2025-06-25,Account manager,Despatched
SO-2025-07373,C1240,WAR,2025-06-25,2025-07-01,2025-06-25,Telephone,Despatched
SO-2025-07374,C1578,BRS,2025-06-25,2025-07-01,2025-06-25,Trade counter,Part despatched
SO-2025-07375,C1294,BRS,2025-06-25,2025-06-27,2025-06-26,Telephone,Despatched
SO-2025-07376,C1674,BRS,2025-06-25,2025-06-27,2025-06-25,Trade counter,Part despatched
SO-2025-07377,C1338,BRS,2025-06-25,2025-07-01,2025-06-25,Telephone,Despatched
SO-2025-07378,C1541,BRS,2025-06-25,2025-07-01,2025-06-26,Trade counter,Despatched
SO-2025-07379,C1957,LIV,2025-06-25,2025-06-30,2025-06-25,Trade counter,Despatched
SO-2025-07380,C1422,LIV,2025-06-25,2025-06-26,2025-06-25,Account manager,Despatched
SO-2025-07381,C1835,LIV,2025-06-25,2025-06-27,2025-06-26,Web,Despatched
SO-2025-07382,C1878,LIV,2025-06-25,2025-07-01,2025-06-25,Trade counter,Despatched
SO-2025-07383,C1254,LIV,2025-06-25,2025-06-26,2025-06-25,Trade counter,Despatched
SO-2025-07384,C1422,LIV,2025-06-25,2025-07-01,2025-06-26,Web,Despatched
SO-2025-07385,C1094,DAV,2025-06-26,2025-06-27,2025-06-26,Account manager,Despatched
SO-2025-07386,C1788,DAV,2025-06-26,2025-06-27,2025-06-26,Telephone,Despatched
SO-2025-07387,C1447,DAV,2025-06-26,2025-07-02,2025-06-27,Telephone,Despatched
SO-2025-07388,C1928,DAV,2025-06-26,2025-07-01,2025-06-26,Web,Despatched
SO-2025-07389,C1734,DAV,2025-06-26,2025-06-27,2025-06-26,Telephone,Part despatched
SO-2025-07390,C1255,DAV,2025-06-26,2025-06-30,2025-06-26,Trade counter,Despatched
SO-2025-07391,C1075,WAR,2025-06-26,2025-07-02,2025-06-26,Account manager,Despatched
SO-2025-07392,C1032,WAR,2025-06-26,2025-06-30,2025-06-26,Account manager,Despatched
SO-2025-07393,C1802,WAR,2025-06-26,2025-06-27,2025-06-26,Web,Despatched
SO-2025-07394,C1495,WAR,2025-06-26,2025-07-01,2025-06-26,Web,Despatched
SO-2025-07395,C1871,WAR,2025-06-26,2025-06-30,2025-06-26,Web,Despatched
SO-2025-07396,C1032,WAR,2025-06-26,2025-07-01,2025-06-26,Telephone,Despatched
SO-2025-07397,C1402,WAR,2025-06-26,2025-06-27,2025-06-26,Trade counter,Part despatched
SO-2025-07398,C1234,WAR,2025-06-26,2025-06-30,2025-06-26,Trade counter,Despatched
SO-2025-07399,C1790,WAR,2025-06-26,2025-07-01,2025-06-30,Account manager,Part despatched
SO-2025-07400,C1697,BRS,2025-06-26,2025-06-30,2025-07-01,Trade counter,Part despatched
SO-2025-07401,C1900,LIV,2025-06-26,2025-07-01,2025-06-26,Telephone,Despatched
SO-2025-07402,C1160,LIV,2025-06-26,2025-06-30,2025-06-26,Telephone,Despatched
SO-2025-07403,C1035,DAV,2025-06-27,2025-06-30,2025-06-30,Web,Despatched
SO-2025-07404,C1327,DAV,2025-06-27,2025-06-30,2025-07-01,Account manager,Despatched
SO-2025-07405,C1255,DAV,2025-06-27,2025-07-01,2025-06-30,Telephone,Despatched
SO-2025-07406,C1278,DAV,2025-06-27,2025-07-02,2025-06-27,Telephone,Part despatched
SO-2025-07407,C1532,DAV,2025-06-27,2025-07-03,2025-06-27,Trade counter,Despatched
SO-2025-07408,C1479,DAV,2025-06-27,2025-07-02,2025-06-27,Telephone,Part despatched
SO-2025-07409,C1429,DAV,2025-06-27,2025-07-02,2025-06-27,Telephone,Despatched
SO-2025-07410,C1209,DAV,2025-06-27,2025-06-30,2025-07-01,Telephone,Despatched
SO-2025-07411,C1094,DAV,2025-06-27,2025-07-01,2025-06-27,Telephone,Despatched
SO-2025-07412,C1299,DAV,2025-06-27,2025-06-30,2025-06-27,Telephone,Despatched
SO-2025-07413,C1491,DAV,2025-06-27,2025-07-01,2025-06-27,Telephone,Despatched
SO-2025-07414,C1752,WAR,2025-06-27,2025-07-03,2025-06-30,Telephone,Despatched
SO-2025-07415,C1001,WAR,2025-06-27,2025-06-30,2025-06-27,Trade counter,Despatched
SO-2025-07416,C1010,WAR,2025-06-27,2025-06-30,2025-07-01,Telephone,Despatched
SO-2025-07417,C1055,WAR,2025-06-27,2025-07-03,2025-06-30,Trade counter,Part despatched
SO-2025-07418,C1581,WAR,2025-06-27,2025-07-03,2025-06-27,Telephone,Despatched
SO-2025-07419,C1398,WAR,2025-06-27,2025-07-01,2025-06-27,Trade counter,Despatched
SO-2025-07420,C1032,WAR,2025-06-27,2025-07-02,2025-06-27,Trade counter,Despatched
SO-2025-07421,C1790,WAR,2025-06-27,2025-07-02,2025-06-27,Web,Despatched
SO-2025-07422,C1659,BRS,2025-06-27,2025-07-02,2025-06-30,Web,Despatched
SO-2025-07423,C1853,LIV,2025-06-27,2025-07-01,2025-06-30,Account manager,Despatched
SO-2025-07424,C1693,LIV,2025-06-27,2025-06-30,2025-06-27,Trade counter,Despatched
SO-2025-07425,C1321,LIV,2025-06-27,2025-06-30,2025-06-27,Account manager,Despatched
SO-2025-07426,C1145,DAV,2025-06-30,2025-07-04,2025-06-30,Web,Despatched
SO-2025-07427,C1299,DAV,2025-06-30,2025-07-01,2025-06-30,Trade counter,Despatched
SO-2025-07428,C1307,DAV,2025-06-30,2025-07-02,2025-07-01,Telephone,Part despatched
SO-2025-07429,C1681,DAV,2025-06-30,2025-07-04,2025-06-30,Telephone,Despatched
SO-2025-07430,C1695,DAV,2025-06-30,2025-07-04,2025-06-30,Telephone,Despatched
SO-2025-07431,C1007,DAV,2025-06-30,2025-07-02,2025-06-30,Telephone,Despatched
SO-2025-07432,C1434,DAV,2025-06-30,2025-07-03,2025-06-30,Trade counter,Despatched
SO-2025-07433,C1522,WAR,2025-06-30,2025-07-04,2025-06-30,Account manager,Despatched
SO-2025-07434,C1215,WAR,2025-06-30,2025-07-02,2025-06-30,Account manager,Despatched
SO-2025-07435,C1822,WAR,2025-06-30,2025-07-02,2025-07-01,Telephone,Part despatched
SO-2025-07436,C1501,BRS,2025-06-30,2025-07-02,2025-06-30,Telephone,Despatched
SO-2025-07437,C1212,BRS,2025-06-30,2025-07-02,2025-07-01,Web,Despatched
SO-2025-07438,C1168,LIV,2025-06-30,2025-07-04,2025-07-01,Web,Despatched
SO-2025-07439,C1951,LIV,2025-06-30,2025-07-02,2025-06-30,Telephone,Despatched
SO-2025-07440,C1033,LIV,2025-06-30,2025-07-02,2025-06-30,Account manager,Despatched
SO-2025-07441,C1478,LIV,2025-06-30,2025-07-01,2025-07-01,Account manager,Despatched
SO-2025-07442,C1021,DAV,2025-07-01,2025-07-02,2025-07-01,Telephone,Despatched
SO-2025-07443,C1145,DAV,2025-07-01,2025-07-04,2025-07-01,Trade counter,Despatched
SO-2025-07444,C1278,DAV,2025-07-01,2025-07-02,2025-07-01,Trade counter,Part despatched
SO-2025-07445,C1249,DAV,2025-07-01,2025-07-04,2025-07-01,Web,Despatched
SO-2025-07446,C1734,DAV,2025-07-01,2025-07-07,2025-07-02,Account manager,Despatched
SO-2025-07447,C1495,WAR,2025-07-01,2025-07-04,2025-07-01,Web,Part despatched
SO-2025-07448,C1032,WAR,2025-07-01,2025-07-03,2025-07-01,Web,Despatched
SO-2025-07449,C1802,WAR,2025-07-01,2025-07-07,2025-07-01,Telephone,Despatched
SO-2025-07450,C1402,WAR,2025-07-01,2025-07-07,2025-07-02,Trade counter,Despatched
SO-2025-07451,C1844,WAR,2025-07-01,2025-07-03,2025-07-01,Web,Part despatched
SO-2025-07452,C1597,WAR,2025-07-01,2025-07-03,2025-07-02,Web,Despatched
SO-2025-07453,C1730,WAR,2025-07-01,2025-07-04,2025-07-01,Telephone,Despatched
SO-2025-07454,C1463,BRS,2025-07-01,2025-07-03,2025-07-01,Trade counter,Despatched
SO-2025-07455,C1294,BRS,2025-07-01,2025-07-04,2025-07-01,Telephone,Part despatched
SO-2025-07456,C1140,BRS,2025-07-01,2025-07-07,2025-07-04,Trade counter,Part despatched
SO-2025-07457,C1294,BRS,2025-07-01,2025-07-07,2025-07-02,Telephone,Despatched
SO-2025-07458,C1964,LIV,2025-07-01,2025-07-02,2025-07-01,Web,Despatched
SO-2025-07459,C1607,LIV,2025-07-01,2025-07-04,2025-07-01,Telephone,Despatched
SO-2025-07460,C1470,DAV,2025-07-02,2025-07-08,2025-07-02,Telephone,Despatched
SO-2025-07461,C1194,DAV,2025-07-02,2025-07-03,2025-07-04,Telephone,Despatched
SO-2025-07462,C1270,DAV,2025-07-02,2025-07-07,2025-07-02,Web,Despatched
SO-2025-07463,C1366,DAV,2025-07-02,2025-07-08,2025-07-02,Telephone,Despatched
SO-2025-07464,C1169,DAV,2025-07-02,2025-07-04,2025-07-02,Account manager,Despatched
SO-2025-07465,C1015,DAV,2025-07-02,2025-07-07,2025-07-02,Web,Part despatched
SO-2025-07466,C1563,DAV,2025-07-02,2025-07-07,2025-07-07,Trade counter,Despatched
SO-2025-07467,C1569,DAV,2025-07-02,2025-07-04,2025-07-02,Web,Despatched
SO-2025-07468,C1936,DAV,2025-07-02,2025-07-08,2025-07-02,Trade counter,Despatched
SO-2025-07469,C1728,DAV,2025-07-02,2025-07-04,2025-07-03,Telephone,Despatched
SO-2025-07470,C1051,WAR,2025-07-02,2025-07-07,2025-07-02,Trade counter,Despatched
SO-2025-07471,C1948,WAR,2025-07-02,2025-07-04,2025-07-02,Telephone,Despatched
SO-2025-07472,C1141,WAR,2025-07-02,2025-07-04,2025-07-03,Telephone,Despatched
SO-2025-07473,C1844,WAR,2025-07-02,2025-07-03,2025-07-03,Trade counter,Despatched
SO-2025-07474,C1273,BRS,2025-07-02,2025-07-08,2025-07-02,Trade counter,Despatched
SO-2025-07475,C1352,BRS,2025-07-02,2025-07-07,2025-07-03,Trade counter,Part despatched
SO-2025-07476,C1167,BRS,2025-07-02,2025-07-08,2025-07-02,Web,Despatched
SO-2025-07477,C1294,BRS,2025-07-02,2025-07-04,2025-07-02,Account manager,Despatched
SO-2025-07478,C1044,BRS,2025-07-02,2025-07-04,2025-07-02,Telephone,Part despatched
SO-2025-07479,C1338,BRS,2025-07-02,2025-07-08,2025-07-02,Telephone,Part despatched
SO-2025-07480,C1279,LIV,2025-07-02,2025-07-08,2025-07-02,Trade counter,Despatched
SO-2025-07481,C1821,LIV,2025-07-02,2025-07-07,2025-07-03,Web,Despatched
SO-2025-07482,C1004,LIV,2025-07-02,2025-07-08,2025-07-02,Trade counter,Despatched
SO-2025-07483,C1389,DAV,2025-07-03,2025-07-07,2025-07-08,Account manager,Despatched
SO-2025-07484,C1366,DAV,2025-07-03,2025-07-08,2025-07-03,Telephone,Despatched
SO-2025-07485,C1429,DAV,2025-07-03,2025-07-04,2025-07-03,Trade counter,Despatched
SO-2025-07486,C1290,DAV,2025-07-03,2025-07-07,2025-07-03,Account manager,Despatched
SO-2025-07487,C1713,WAR,2025-07-03,2025-07-08,2025-07-03,Telephone,Despatched
SO-2025-07488,C1912,WAR,2025-07-03,2025-07-08,2025-07-03,Trade counter,Despatched
SO-2025-07489,C1896,WAR,2025-07-03,2025-07-09,2025-07-03,Trade counter,Despatched
SO-2025-07490,C1656,WAR,2025-07-03,2025-07-04,2025-07-03,Telephone,Despatched
SO-2025-07491,C1730,WAR,2025-07-03,2025-07-09,2025-07-03,Trade counter,Despatched
SO-2025-07492,C1382,BRS,2025-07-03,2025-07-09,2025-07-08,Telephone,Despatched
SO-2025-07493,C1475,BRS,2025-07-03,2025-07-07,2025-07-03,Trade counter,Part despatched
SO-2025-07494,C1741,BRS,2025-07-03,2025-07-09,2025-07-03,Telephone,Despatched
SO-2025-07495,C1367,DAV,2025-07-04,2025-07-07,2025-07-04,Trade counter,Part despatched
SO-2025-07496,C1278,DAV,2025-07-04,2025-07-08,2025-07-04,Trade counter,Despatched
SO-2025-07497,C1050,DAV,2025-07-04,2025-07-07,2025-07-04,Web,Despatched
SO-2025-07498,C1367,DAV,2025-07-04,2025-07-08,2025-07-04,Telephone,Despatched
SO-2025-07499,C1728,DAV,2025-07-04,2025-07-08,2025-07-04,Web,Part despatched
SO-2025-07500,C1278,DAV,2025-07-04,2025-07-07,2025-07-04,Telephone,Despatched
SO-2025-07501,C1918,WAR,2025-07-04,2025-07-07,2025-07-04,Telephone,Despatched
SO-2025-07502,C1234,WAR,2025-07-04,2025-07-10,2025-07-04,Trade counter,Despatched
SO-2025-07503,C1032,WAR,2025-07-04,2025-07-07,2025-07-04,Telephone,Despatched
SO-2025-07504,C1697,BRS,2025-07-04,2025-07-07,2025-07-04,Web,Despatched
SO-2025-07505,C1501,BRS,2025-07-04,2025-07-09,2025-07-09,Telephone,Part despatched
SO-2025-07506,C1501,BRS,2025-07-04,2025-07-10,2025-07-04,Trade counter,Despatched
SO-2025-07507,C1717,BRS,2025-07-04,2025-07-09,2025-07-07,Telephone,Despatched
SO-2025-07508,C1900,LIV,2025-07-04,2025-07-07,2025-07-04,Trade counter,Despatched
SO-2025-07509,C1160,LIV,2025-07-04,2025-07-08,2025-07-04,Telephone,Despatched
SO-2025-07510,C1693,LIV,2025-07-04,2025-07-09,2025-07-04,Trade counter,Despatched
SO-2025-07511,C1109,LIV,2025-07-04,2025-07-07,2025-07-04,Web,Despatched
SO-2025-07512,C1133,DAV,2025-07-07,2025-07-10,2025-07-07,Account manager,Despatched
SO-2025-07513,C1276,DAV,2025-07-07,2025-07-11,2025-07-07,Web,Despatched
SO-2025-07514,C1187,DAV,2025-07-07,2025-07-09,2025-07-07,Account manager,Despatched
SO-2025-07515,C1622,DAV,2025-07-07,2025-07-08,2025-07-07,Web,Despatched
SO-2025-07516,C1145,DAV,2025-07-07,2025-07-10,2025-07-07,Web,Despatched
SO-2025-07517,C1882,DAV,2025-07-07,2025-07-11,2025-07-07,Telephone,Despatched
SO-2025-07518,C1078,DAV,2025-07-07,2025-07-10,2025-07-07,Web,Despatched
SO-2025-07519,C1184,DAV,2025-07-07,2025-07-08,2025-07-08,Telephone,Despatched
SO-2025-07520,C1126,DAV,2025-07-07,2025-07-09,2025-07-08,Account manager,Despatched
SO-2025-07521,C1392,WAR,2025-07-07,2025-07-11,2025-07-07,Account manager,Despatched
SO-2025-07522,C1581,WAR,2025-07-07,2025-07-11,2025-07-08,Telephone,Despatched
SO-2025-07523,C1010,WAR,2025-07-07,2025-07-08,2025-07-07,Account manager,Despatched
SO-2025-07524,C1578,BRS,2025-07-07,2025-07-09,2025-07-09,Account manager,Despatched
SO-2025-07525,C1541,BRS,2025-07-07,2025-07-10,2025-07-07,Account manager,Part despatched
SO-2025-07526,C1757,BRS,2025-07-07,2025-07-10,2025-07-07,Account manager,Despatched
SO-2025-07527,C1693,LIV,2025-07-07,2025-07-09,2025-07-08,Telephone,Despatched
SO-2025-07528,C1478,LIV,2025-07-07,2025-07-08,2025-07-07,Web,Despatched
SO-2025-07529,C1821,LIV,2025-07-07,2025-07-11,2025-07-10,Telephone,Despatched
SO-2025-07530,C1803,LIV,2025-07-07,2025-07-09,2025-07-07,Trade counter,Despatched
SO-2025-07531,C1379,LIV,2025-07-07,2025-07-08,2025-07-07,Trade counter,Despatched
SO-2025-07532,C1882,DAV,2025-07-08,2025-07-11,2025-07-08,Account manager,Part despatched
SO-2025-07533,C1470,DAV,2025-07-08,2025-07-09,2025-07-08,Telephone,Despatched
SO-2025-07534,C1593,DAV,2025-07-08,2025-07-10,2025-07-08,Account manager,Despatched
SO-2025-07535,C1669,DAV,2025-07-08,2025-07-09,2025-07-08,Trade counter,Despatched
SO-2025-07536,C1704,DAV,2025-07-08,2025-07-11,2025-07-08,Web,Despatched
SO-2025-07537,C1235,DAV,2025-07-08,2025-07-14,2025-07-08,Account manager,Despatched
SO-2025-07538,C1367,DAV,2025-07-08,2025-07-10,,Web,Cancelled
SO-2025-07539,C1866,WAR,2025-07-08,2025-07-09,2025-07-08,Trade counter,Part despatched
SO-2025-07540,C1017,WAR,2025-07-08,2025-07-11,2025-07-09,Telephone,Despatched
SO-2025-07541,C1844,WAR,2025-07-08,2025-07-09,2025-07-09,Web,Despatched
SO-2025-07542,C1075,WAR,2025-07-08,2025-07-09,2025-07-09,Trade counter,Part despatched
SO-2025-07543,C1724,WAR,2025-07-08,2025-07-14,2025-07-08,Trade counter,Despatched
SO-2025-07544,C1948,WAR,2025-07-08,2025-07-10,2025-07-11,Trade counter,Despatched
SO-2025-07545,C1398,WAR,2025-07-08,2025-07-09,2025-07-08,Trade counter,Part despatched
SO-2025-07546,C1032,WAR,2025-07-08,2025-07-09,2025-07-08,Account manager,Despatched
SO-2025-07547,C1557,BRS,2025-07-08,2025-07-14,2025-07-08,Telephone,Despatched
SO-2025-07548,C1171,BRS,2025-07-08,2025-07-14,2025-07-08,Telephone,Despatched
SO-2025-07549,C1741,BRS,2025-07-08,2025-07-14,2025-07-08,Telephone,Part despatched
SO-2025-07550,C1757,BRS,2025-07-08,2025-07-10,2025-07-08,Telephone,Despatched
SO-2025-07551,C1254,LIV,2025-07-08,2025-07-09,2025-07-08,Telephone,Despatched
SO-2025-07552,C1904,LIV,2025-07-08,2025-07-10,2025-07-08,Trade counter,Part despatched
SO-2025-07553,C1432,LIV,2025-07-08,2025-07-14,2025-07-08,Trade counter,Despatched
SO-2025-07554,C1089,DAV,2025-07-09,2025-07-11,2025-07-09,Web,Despatched
SO-2025-07555,C1307,DAV,2025-07-09,2025-07-15,2025-07-10,Trade counter,Despatched
SO-2025-07556,C1092,DAV,2025-07-09,2025-07-14,2025-07-09,Account manager,Despatched
SO-2025-07557,C1734,DAV,2025-07-09,2025-07-15,2025-07-10,Trade counter,Part despatched
SO-2025-07558,C1270,DAV,2025-07-09,2025-07-14,2025-07-09,Account manager,Despatched
SO-2025-07559,C1599,DAV,2025-07-09,2025-07-10,2025-07-09,Web,Despatched
SO-2025-07560,C1923,DAV,2025-07-09,2025-07-14,2025-07-09,Telephone,Despatched
SO-2025-07561,C1871,WAR,2025-07-09,2025-07-11,2025-07-10,Trade counter,Despatched
SO-2025-07562,C1234,WAR,2025-07-09,2025-07-11,2025-07-09,Telephone,Despatched
SO-2025-07563,C1238,BRS,2025-07-09,2025-07-14,2025-07-09,Telephone,Part despatched
SO-2025-07564,C1168,LIV,2025-07-09,2025-07-10,2025-07-09,Web,Part despatched
SO-2025-07565,C1109,LIV,2025-07-09,2025-07-11,2025-07-10,Account manager,Despatched
SO-2025-07566,C1599,DAV,2025-07-10,2025-07-16,2025-07-10,Trade counter,Despatched
SO-2025-07567,C1227,DAV,2025-07-10,2025-07-11,2025-07-10,Trade counter,Despatched
SO-2025-07568,C1429,DAV,2025-07-10,2025-07-16,2025-07-10,Telephone,Despatched
SO-2025-07569,C1194,DAV,2025-07-10,2025-07-16,2025-07-10,Web,Despatched
SO-2025-07570,C1262,DAV,2025-07-10,2025-07-15,2025-07-10,Account manager,Despatched
SO-2025-07571,C1639,DAV,2025-07-10,2025-07-15,2025-07-14,Trade counter,Despatched
SO-2025-07572,C1447,DAV,2025-07-10,2025-07-14,2025-07-11,Trade counter,Despatched
SO-2025-07573,C1278,DAV,2025-07-10,2025-07-11,2025-07-10,Telephone,Despatched
SO-2025-07574,C1563,DAV,2025-07-10,2025-07-14,2025-07-11,Web,Despatched
SO-2025-07575,C1599,DAV,2025-07-10,2025-07-16,2025-07-14,Account manager,Despatched
SO-2025-07576,C1790,WAR,2025-07-10,2025-07-15,2025-07-10,Trade counter,Despatched
SO-2025-07577,C1032,WAR,2025-07-10,2025-07-11,2025-07-11,Telephone,Part despatched
SO-2025-07578,C1730,WAR,2025-07-10,2025-07-14,2025-07-10,Trade counter,Despatched
SO-2025-07579,C1950,WAR,2025-07-10,2025-07-14,2025-07-10,Telephone,Despatched
SO-2025-07580,C1501,BRS,2025-07-10,2025-07-14,2025-07-10,Web,Despatched
SO-2025-07581,C1785,BRS,2025-07-10,2025-07-16,2025-07-10,Trade counter,Despatched
SO-2025-07582,C1151,BRS,2025-07-10,2025-07-15,2025-07-10,Web,Despatched
SO-2025-07583,C1109,LIV,2025-07-10,2025-07-11,2025-07-10,Telephone,Despatched
SO-2025-07584,C1440,DAV,2025-07-11,2025-07-17,2025-07-14,Telephone,Part despatched
SO-2025-07585,C1320,DAV,2025-07-11,2025-07-14,2025-07-14,Trade counter,Despatched
SO-2025-07586,C1066,DAV,2025-07-11,2025-07-17,2025-07-14,Web,Part despatched
SO-2025-07587,C1007,DAV,2025-07-11,2025-07-16,2025-07-14,Trade counter,Despatched
SO-2025-07588,C1743,DAV,2025-07-11,2025-07-15,2025-07-11,Web,Part despatched
SO-2025-07589,C1145,DAV,2025-07-11,2025-07-15,2025-07-11,Account manager,Despatched
SO-2025-07590,C1429,DAV,2025-07-11,2025-07-17,2025-07-11,Telephone,Despatched
SO-2025-07591,C1360,WAR,2025-07-11,2025-07-16,2025-07-11,Web,Part despatched
SO-2025-07592,C1844,WAR,2025-07-11,2025-07-14,2025-07-11,Telephone,Part despatched
SO-2025-07593,C1802,WAR,2025-07-11,2025-07-14,2025-07-11,Account manager,Despatched
SO-2025-07594,C1866,WAR,2025-07-11,2025-07-14,2025-07-11,Account manager,Despatched
SO-2025-07595,C1495,WAR,2025-07-11,2025-07-14,2025-07-14,Telephone,Despatched
SO-2025-07596,C1032,WAR,2025-07-11,2025-07-17,2025-07-11,Telephone,Part despatched
SO-2025-07597,C1215,WAR,2025-07-11,2025-07-14,2025-07-11,Telephone,Despatched
SO-2025-07598,C1602,BRS,2025-07-11,2025-07-14,2025-07-11,Account manager,Despatched
SO-2025-07599,C1785,BRS,2025-07-11,2025-07-15,2025-07-11,Web,Despatched
SO-2025-07600,C1475,BRS,2025-07-11,2025-07-14,2025-07-14,Trade counter,Despatched
SO-2025-07601,C1238,BRS,2025-07-11,2025-07-16,2025-07-11,Account manager,Despatched
SO-2025-07602,C1821,LIV,2025-07-11,2025-07-16,2025-07-11,Trade counter,Part despatched
SO-2025-07603,C1432,LIV,2025-07-11,2025-07-17,2025-07-11,Account manager,Despatched
SO-2025-07604,C1422,LIV,2025-07-11,2025-07-16,2025-07-15,Trade counter,Despatched
SO-2025-07605,C1143,DAV,2025-07-14,2025-07-15,2025-07-14,Web,Despatched
SO-2025-07606,C1300,DAV,2025-07-14,2025-07-15,2025-07-14,Telephone,Despatched
SO-2025-07607,C1145,DAV,2025-07-14,2025-07-16,2025-07-14,Telephone,Despatched
SO-2025-07608,C1682,DAV,2025-07-14,2025-07-15,2025-07-14,Web,Despatched
SO-2025-07609,C1429,DAV,2025-07-14,2025-07-18,2025-07-14,Telephone,Despatched
SO-2025-07610,C1137,DAV,2025-07-14,2025-07-16,2025-07-14,Account manager,Despatched
SO-2025-07611,C1366,DAV,2025-07-14,2025-07-16,2025-07-16,Account manager,Despatched
SO-2025-07612,C1355,WAR,2025-07-14,2025-07-15,2025-07-14,Web,Despatched
SO-2025-07613,C1057,WAR,2025-07-14,2025-07-16,2025-07-14,Trade counter,Despatched
SO-2025-07614,C1844,WAR,2025-07-14,2025-07-16,2025-07-14,Web,Despatched
SO-2025-07615,C1170,WAR,2025-07-14,2025-07-17,2025-07-14,Web,Despatched
SO-2025-07616,C1741,BRS,2025-07-14,2025-07-18,2025-07-14,Trade counter,Despatched
SO-2025-07617,C1168,LIV,2025-07-14,2025-07-16,2025-07-14,Trade counter,Despatched
SO-2025-07618,C1900,LIV,2025-07-14,2025-07-16,2025-07-14,Web,Despatched
SO-2025-07619,C1085,LIV,2025-07-14,2025-07-17,2025-07-14,Telephone,Despatched
SO-2025-07620,C1607,LIV,2025-07-14,2025-07-15,2025-07-14,Web,Part despatched
SO-2025-07621,C1666,LIV,2025-07-14,2025-07-17,2025-07-14,Web,Part despatched
SO-2025-07622,C1078,DAV,2025-07-15,2025-07-21,2025-07-15,Web,Despatched
SO-2025-07623,C1936,DAV,2025-07-15,2025-07-18,2025-07-15,Trade counter,Despatched
SO-2025-07624,C1179,DAV,2025-07-15,2025-07-18,2025-07-15,Trade counter,Despatched
SO-2025-07625,C1371,DAV,2025-07-15,2025-07-17,2025-07-15,Telephone,Despatched
SO-2025-07626,C1796,DAV,2025-07-15,2025-07-21,2025-07-16,Trade counter,Part despatched
SO-2025-07627,C1447,DAV,2025-07-15,2025-07-17,2025-07-18,Trade counter,Despatched
SO-2025-07628,C1802,WAR,2025-07-15,2025-07-21,2025-07-15,Telephone,Despatched
SO-2025-07629,C1398,WAR,2025-07-15,2025-07-17,2025-07-16,Trade counter,Despatched
SO-2025-07630,C1460,WAR,2025-07-15,2025-07-18,2025-07-15,Web,Despatched
SO-2025-07631,C1147,BRS,2025-07-15,2025-07-17,2025-07-15,Account manager,Despatched
SO-2025-07632,C1212,BRS,2025-07-15,2025-07-16,2025-07-15,Telephone,Part despatched
SO-2025-07633,C1168,LIV,2025-07-15,2025-07-17,2025-07-17,Trade counter,Despatched
SO-2025-07634,C1435,LIV,2025-07-15,2025-07-18,2025-07-15,Trade counter,Despatched
SO-2025-07635,C1700,DAV,2025-07-16,2025-07-22,2025-07-16,Trade counter,Part despatched
SO-2025-07636,C1985,DAV,2025-07-16,2025-07-21,2025-07-16,Web,Despatched
SO-2025-07637,C1262,DAV,2025-07-16,2025-07-21,2025-07-16,Telephone,Despatched
SO-2025-07638,C1120,DAV,2025-07-16,2025-07-22,2025-07-16,Web,Despatched
SO-2025-07639,C1933,WAR,2025-07-16,2025-07-22,2025-07-17,Web,Despatched
SO-2025-07640,C1402,WAR,2025-07-16,2025-07-22,2025-07-16,Account manager,Despatched
SO-2025-07641,C1464,WAR,2025-07-16,2025-07-18,2025-07-16,Trade counter,Part despatched
SO-2025-07642,C1032,WAR,2025-07-16,2025-07-21,2025-07-16,Account manager,Part despatched
SO-2025-07643,C1543,WAR,2025-07-16,2025-07-22,2025-07-21,Web,Despatched
SO-2025-07644,C1391,WAR,2025-07-16,2025-07-17,2025-07-16,Trade counter,Part despatched
SO-2025-07645,C1162,WAR,2025-07-16,2025-07-17,2025-07-16,Web,Part despatched
SO-2025-07646,C1212,BRS,2025-07-16,2025-07-21,2025-07-16,Trade counter,Despatched
SO-2025-07647,C1557,BRS,2025-07-16,2025-07-21,2025-07-16,Trade counter,Despatched
SO-2025-07648,C1313,LIV,2025-07-16,2025-07-22,2025-07-16,Telephone,Despatched
SO-2025-07649,C1685,LIV,2025-07-16,2025-07-22,2025-07-16,Telephone,Despatched
SO-2025-07650,C1159,LIV,2025-07-16,2025-07-17,2025-07-16,Telephone,Despatched
SO-2025-07651,C1435,LIV,2025-07-16,2025-07-17,2025-07-16,Telephone,Despatched
SO-2025-07652,C1232,DAV,2025-07-17,2025-07-23,2025-07-17,Web,Despatched
SO-2025-07653,C1011,DAV,2025-07-17,2025-07-18,2025-07-17,Telephone,Despatched
SO-2025-07654,C1211,DAV,2025-07-17,2025-07-18,2025-07-17,Trade counter,Despatched
SO-2025-07655,C1227,DAV,2025-07-17,2025-07-21,2025-07-17,Trade counter,Despatched
SO-2025-07656,C1841,DAV,2025-07-17,2025-07-22,2025-07-18,Telephone,Despatched
SO-2025-07657,C1426,DAV,2025-07-17,2025-07-21,2025-07-17,Account manager,Despatched
SO-2025-07658,C1176,DAV,2025-07-17,2025-07-22,2025-07-22,Telephone,Despatched
SO-2025-07659,C1512,DAV,2025-07-17,2025-07-22,2025-07-22,Web,Part despatched
SO-2025-07660,C1434,DAV,2025-07-17,2025-07-21,2025-07-17,Trade counter,Despatched
SO-2025-07661,C1145,DAV,2025-07-17,2025-07-18,2025-07-18,Trade counter,Despatched
SO-2025-07662,C1593,DAV,2025-07-17,2025-07-18,2025-07-17,Trade counter,Part despatched
SO-2025-07663,C1728,DAV,2025-07-17,2025-07-23,2025-07-17,Web,Despatched
SO-2025-07664,C1010,WAR,2025-07-17,2025-07-23,2025-07-17,Account manager,Despatched
SO-2025-07665,C1051,WAR,2025-07-17,2025-07-23,2025-07-17,Trade counter,Despatched
SO-2025-07666,C1790,WAR,2025-07-17,2025-07-23,2025-07-18,Trade counter,Part despatched
SO-2025-07667,C1132,BRS,2025-07-17,2025-07-22,2025-07-18,Telephone,Despatched
SO-2025-07668,C1773,BRS,2025-07-17,2025-07-21,2025-07-17,Account manager,Despatched
SO-2025-07669,C1578,BRS,2025-07-17,2025-07-22,2025-07-17,Trade counter,Despatched
SO-2025-07670,C1659,BRS,2025-07-17,2025-07-21,2025-07-18,Telephone,Despatched
SO-2025-07671,C1339,BRS,2025-07-17,2025-07-23,2025-07-17,Telephone,Despatched
SO-2025-07672,C1435,LIV,2025-07-17,2025-07-18,2025-07-17,Telephone,Despatched
SO-2025-07673,C1821,LIV,2025-07-17,2025-07-23,2025-07-17,Web,Despatched
SO-2025-07674,C1478,LIV,2025-07-17,2025-07-22,2025-07-17,Telephone,Despatched
SO-2025-07675,C1227,DAV,2025-07-18,2025-07-21,2025-07-18,Web,Despatched
SO-2025-07676,C1429,DAV,2025-07-18,2025-07-23,2025-07-18,Telephone,Despatched
SO-2025-07677,C1429,DAV,2025-07-18,2025-07-24,2025-07-18,Telephone,Despatched
SO-2025-07678,C1479,DAV,2025-07-18,2025-07-21,2025-07-18,Trade counter,Part despatched
SO-2025-07679,C1695,DAV,2025-07-18,2025-07-24,2025-07-18,Telephone,Despatched
SO-2025-07680,C1940,DAV,2025-07-18,2025-07-23,2025-07-18,Trade counter,Part despatched
SO-2025-07681,C1262,DAV,2025-07-18,2025-07-21,2025-07-18,Telephone,Despatched
SO-2025-07682,C1299,DAV,2025-07-18,2025-07-22,2025-07-22,Trade counter,Despatched
SO-2025-07683,C1790,WAR,2025-07-18,2025-07-23,2025-07-18,Telephone,Despatched
SO-2025-07684,C1702,WAR,2025-07-18,2025-07-22,2025-07-18,Trade counter,Despatched
SO-2025-07685,C1924,WAR,2025-07-18,2025-07-22,2025-07-18,Account manager,Part despatched
SO-2025-07686,C1560,WAR,2025-07-18,2025-07-23,2025-07-18,Trade counter,Despatched
SO-2025-07687,C1386,WAR,2025-07-18,2025-07-24,2025-07-18,Telephone,Despatched
SO-2025-07688,C1065,BRS,2025-07-18,2025-07-21,2025-07-21,Trade counter,Part despatched
SO-2025-07689,C1171,BRS,2025-07-18,2025-07-21,2025-07-21,Account manager,Despatched
SO-2025-07690,C1785,BRS,2025-07-18,2025-07-22,2025-07-18,Account manager,Despatched
SO-2025-07691,C1038,LIV,2025-07-18,2025-07-24,2025-07-18,Web,Despatched
SO-2025-07692,C1856,LIV,2025-07-18,2025-07-24,2025-07-18,Web,Despatched
SO-2025-07693,C1422,LIV,2025-07-18,2025-07-24,2025-07-18,Trade counter,Despatched
SO-2025-07694,C1052,DAV,2025-07-21,2025-07-23,2025-07-22,Telephone,Despatched
SO-2025-07695,C1340,DAV,2025-07-21,2025-07-25,2025-07-22,Web,Despatched
SO-2025-07696,C1593,DAV,2025-07-21,2025-07-24,2025-07-21,Trade counter,Despatched
SO-2025-07697,C1050,DAV,2025-07-21,2025-07-24,2025-07-21,Trade counter,Despatched
SO-2025-07698,C1479,DAV,2025-07-21,2025-07-25,2025-07-21,Trade counter,Part despatched
SO-2025-07699,C1728,DAV,2025-07-21,2025-07-22,2025-07-21,Account manager,Despatched
SO-2025-07700,C1495,WAR,2025-07-21,2025-07-23,2025-07-21,Web,Despatched
SO-2025-07701,C1482,WAR,2025-07-21,2025-07-25,2025-07-21,Web,Despatched
SO-2025-07702,C1051,WAR,2025-07-21,2025-07-23,2025-07-21,Trade counter,Despatched
SO-2025-07703,C1581,WAR,2025-07-21,2025-07-25,2025-07-21,Telephone,Despatched
SO-2025-07704,C1831,WAR,2025-07-21,2025-07-22,2025-07-21,Web,Despatched
SO-2025-07705,C1059,WAR,2025-07-21,2025-07-24,2025-07-21,Telephone,Despatched
SO-2025-07706,C1866,WAR,2025-07-21,2025-07-25,2025-07-22,Telephone,Despatched
SO-2025-07707,C1259,BRS,2025-07-21,2025-07-25,2025-07-21,Trade counter,Part despatched
SO-2025-07708,C1151,BRS,2025-07-21,2025-07-25,2025-07-22,Telephone,Part despatched
SO-2025-07709,C1505,BRS,2025-07-21,2025-07-22,2025-07-21,Telephone,Part despatched
SO-2025-07710,C1697,BRS,2025-07-21,2025-07-25,2025-07-21,Trade counter,Part despatched
SO-2025-07711,C1475,BRS,2025-07-21,2025-07-24,2025-07-22,Telephone,Despatched
SO-2025-07712,C1040,BRS,2025-07-21,2025-07-25,2025-07-21,Telephone,Part despatched
SO-2025-07713,C1387,BRS,2025-07-21,2025-07-23,2025-07-21,Trade counter,Despatched
SO-2025-07714,C1107,BRS,2025-07-21,2025-07-22,2025-07-23,Telephone,Despatched
SO-2025-07715,C1302,BRS,2025-07-21,2025-07-25,2025-07-21,Web,Part despatched
SO-2025-07716,C1302,BRS,2025-07-21,2025-07-25,2025-07-21,Trade counter,Despatched
SO-2025-07717,C1878,LIV,2025-07-21,2025-07-25,2025-07-22,Telephone,Despatched
SO-2025-07718,C1085,LIV,2025-07-21,2025-07-25,2025-07-21,Trade counter,Despatched
SO-2025-07719,C1128,LIV,2025-07-21,2025-07-24,2025-07-21,Web,Despatched
SO-2025-07720,C1145,DAV,2025-07-22,2025-07-23,2025-07-22,Web,Despatched
SO-2025-07721,C1882,DAV,2025-07-22,2025-07-24,2025-07-22,Web,Despatched
SO-2025-07722,C1084,DAV,2025-07-22,2025-07-23,2025-07-23,Web,Despatched
SO-2025-07723,C1434,DAV,2025-07-22,2025-07-24,2025-07-22,Account manager,Part despatched
SO-2025-07724,C1521,DAV,2025-07-22,2025-07-28,2025-07-23,Trade counter,Despatched
SO-2025-07725,C1445,DAV,2025-07-22,2025-07-23,2025-07-23,Telephone,Despatched
SO-2025-07726,C1802,WAR,2025-07-22,2025-07-23,2025-07-22,Trade counter,Despatched
SO-2025-07727,C1896,WAR,2025-07-22,2025-07-28,2025-07-23,Web,Despatched
SO-2025-07728,C1702,WAR,2025-07-22,2025-07-28,2025-07-22,Account manager,Despatched
SO-2025-07729,C1032,WAR,2025-07-22,2025-07-24,2025-07-22,Telephone,Despatched
SO-2025-07730,C1950,WAR,2025-07-22,2025-07-24,2025-07-23,Web,Despatched
SO-2025-07731,C1790,WAR,2025-07-22,2025-07-23,2025-07-23,Trade counter,Despatched
SO-2025-07732,C1752,WAR,2025-07-22,2025-07-25,2025-07-22,Telephone,Despatched
SO-2025-07733,C1783,BRS,2025-07-22,2025-07-24,2025-07-22,Telephone,Despatched
SO-2025-07734,C1634,LIV,2025-07-22,2025-07-25,2025-07-22,Trade counter,Despatched
SO-2025-07735,C1168,LIV,2025-07-22,2025-07-25,2025-07-22,Telephone,Despatched
SO-2025-07736,C1085,LIV,2025-07-22,2025-07-24,2025-07-23,Web,Despatched
SO-2025-07737,C1666,LIV,2025-07-22,2025-07-24,2025-07-25,Telephone,Despatched
SO-2025-07738,C1143,DAV,2025-07-23,2025-07-24,2025-07-23,Trade counter,Despatched
SO-2025-07739,C1593,DAV,2025-07-23,2025-07-28,2025-07-23,Web,Part despatched
SO-2025-07740,C1744,DAV,2025-07-23,2025-07-29,2025-07-25,Web,Despatched
SO-2025-07741,C1728,DAV,2025-07-23,2025-07-28,2025-07-23,Telephone,Despatched
SO-2025-07742,C1765,DAV,2025-07-23,2025-07-29,2025-07-23,Account manager,Despatched
SO-2025-07743,C1209,DAV,2025-07-23,2025-07-29,2025-07-23,Telephone,Despatched
SO-2025-07744,C1881,DAV,2025-07-23,2025-07-29,2025-07-23,Telephone,Part despatched
SO-2025-07745,C1416,DAV,2025-07-23,2025-07-24,2025-07-23,Telephone,Despatched
SO-2025-07746,C1515,DAV,2025-07-23,2025-07-24,2025-07-23,Trade counter,Despatched
SO-2025-07747,C1560,WAR,2025-07-23,2025-07-28,2025-07-23,Trade counter,Despatched
SO-2025-07748,C1032,WAR,2025-07-23,2025-07-29,2025-07-23,Telephone,Part despatched
SO-2025-07749,C1346,WAR,2025-07-23,2025-07-24,2025-07-24,Trade counter,Part despatched
SO-2025-07750,C1871,WAR,2025-07-23,2025-07-28,2025-07-23,Telephone,Despatched
SO-2025-07751,C1724,WAR,2025-07-23,2025-07-25,2025-07-23,Trade counter,Despatched
SO-2025-07752,C1802,WAR,2025-07-23,2025-07-28,2025-07-24,Trade counter,Despatched
SO-2025-07753,C1773,BRS,2025-07-23,2025-07-28,2025-07-23,Web,Despatched
SO-2025-07754,C1941,LIV,2025-07-23,2025-07-25,2025-07-23,Trade counter,Part despatched
SO-2025-07755,C1478,LIV,2025-07-23,2025-07-25,2025-07-23,Web,Despatched
SO-2025-07756,C1685,LIV,2025-07-23,2025-07-24,2025-07-23,Telephone,Despatched
SO-2025-07757,C1447,DAV,2025-07-24,2025-07-28,2025-07-25,Web,Despatched
SO-2025-07758,C1610,DAV,2025-07-24,2025-07-30,2025-07-24,Telephone,Despatched
SO-2025-07759,C1826,DAV,2025-07-24,2025-07-25,2025-07-24,Trade counter,Part despatched
SO-2025-07760,C1447,DAV,2025-07-24,2025-07-29,2025-07-24,Account manager,Despatched
SO-2025-07761,C1299,DAV,2025-07-24,2025-07-28,2025-07-24,Web,Despatched
SO-2025-07762,C1035,DAV,2025-07-24,2025-07-25,2025-07-25,Trade counter,Despatched
SO-2025-07763,C1296,DAV,2025-07-24,2025-07-28,2025-07-24,Web,Despatched
SO-2025-07764,C1032,WAR,2025-07-24,2025-07-25,2025-07-24,Trade counter,Despatched
SO-2025-07765,C1450,WAR,2025-07-24,2025-07-29,2025-07-24,Telephone,Despatched
SO-2025-07766,C1450,WAR,2025-07-24,2025-07-29,2025-07-24,Web,Despatched
SO-2025-07767,C1207,WAR,2025-07-24,2025-07-25,2025-07-24,Web,Part despatched
SO-2025-07768,C1505,BRS,2025-07-24,2025-07-30,2025-07-24,Trade counter,Part despatched
SO-2025-07769,C1330,BRS,2025-07-24,2025-07-30,2025-07-24,Telephone,Despatched
SO-2025-07770,C1578,BRS,2025-07-24,2025-07-29,2025-07-24,Trade counter,Despatched
SO-2025-07771,C1435,LIV,2025-07-24,2025-07-29,2025-07-24,Trade counter,Despatched
SO-2025-07772,C1835,LIV,2025-07-24,2025-07-29,2025-07-24,Web,Despatched
SO-2025-07773,C1599,DAV,2025-07-25,2025-07-29,2025-07-25,Trade counter,Despatched
SO-2025-07774,C1143,DAV,2025-07-25,2025-07-29,2025-07-25,Trade counter,Despatched
SO-2025-07775,C1940,DAV,2025-07-25,2025-07-28,2025-07-25,Trade counter,Part despatched
SO-2025-07776,C1270,DAV,2025-07-25,2025-07-31,2025-07-25,Account manager,Part despatched
SO-2025-07777,C1184,DAV,2025-07-25,2025-07-29,2025-07-25,Trade counter,Despatched
SO-2025-07778,C1389,DAV,2025-07-25,2025-07-31,2025-07-28,Telephone,Despatched
SO-2025-07779,C1535,WAR,2025-07-25,2025-07-29,2025-07-25,Account manager,Despatched
SO-2025-07780,C1850,WAR,2025-07-25,2025-07-30,2025-07-25,Telephone,Despatched
SO-2025-07781,C1230,WAR,2025-07-25,2025-07-30,2025-07-25,Account manager,Despatched
SO-2025-07782,C1057,WAR,2025-07-25,2025-07-29,2025-07-25,Trade counter,Despatched
SO-2025-07783,C1713,WAR,2025-07-25,2025-07-28,2025-07-25,Telephone,Despatched
SO-2025-07784,C1402,WAR,2025-07-25,2025-07-29,2025-07-29,Telephone,Despatched
SO-2025-07785,C1243,WAR,2025-07-25,2025-07-28,2025-07-25,Account manager,Despatched
SO-2025-07786,C1871,WAR,2025-07-25,2025-07-30,2025-07-25,Account manager,Despatched
SO-2025-07787,C1238,BRS,2025-07-25,2025-07-30,2025-07-28,Trade counter,Part despatched
SO-2025-07788,C1674,BRS,2025-07-25,2025-07-28,2025-07-28,Trade counter,Part despatched
SO-2025-07789,C1728,DAV,2025-07-28,2025-07-29,2025-07-30,Trade counter,Part despatched
SO-2025-07790,C1710,DAV,2025-07-28,2025-07-30,2025-07-28,Telephone,Despatched
SO-2025-07791,C1509,DAV,2025-07-28,2025-08-01,2025-07-28,Web,Despatched
SO-2025-07792,C1113,DAV,2025-07-28,2025-07-30,2025-07-28,Account manager,Despatched
SO-2025-07793,C1407,DAV,2025-07-28,2025-07-31,2025-07-28,Telephone,Despatched
SO-2025-07794,C1278,DAV,2025-07-28,2025-07-29,2025-07-29,Telephone,Despatched
SO-2025-07795,C1447,DAV,2025-07-28,2025-08-01,2025-07-28,Telephone,Part despatched
SO-2025-07796,C1194,DAV,2025-07-28,2025-07-31,2025-07-30,Telephone,Despatched
SO-2025-07797,C1174,WAR,2025-07-28,2025-07-30,2025-07-28,Account manager,Despatched
SO-2025-07798,C1597,WAR,2025-07-28,2025-07-29,2025-07-28,Trade counter,Part despatched
SO-2025-07799,C1336,WAR,2025-07-28,2025-08-01,2025-07-28,Trade counter,Despatched
SO-2025-07800,C1866,WAR,2025-07-28,2025-07-30,2025-07-28,Trade counter,Despatched
SO-2025-07801,C1026,WAR,2025-07-28,2025-08-01,2025-07-28,Trade counter,Despatched
SO-2025-07802,C1950,WAR,2025-07-28,2025-08-01,2025-07-29,Telephone,Part despatched
SO-2025-07803,C1051,WAR,2025-07-28,2025-07-29,2025-07-28,Trade counter,Part despatched
SO-2025-07804,C1215,WAR,2025-07-28,2025-07-30,2025-07-28,Trade counter,Part despatched
SO-2025-07805,C1697,BRS,2025-07-28,2025-07-29,2025-07-29,Telephone,Despatched
SO-2025-07806,C1247,BRS,2025-07-28,2025-07-29,2025-07-28,Telephone,Despatched
SO-2025-07807,C1486,DAV,2025-07-29,2025-08-04,2025-07-29,Telephone,Despatched
SO-2025-07808,C1977,DAV,2025-07-29,2025-08-01,2025-07-29,Account manager,Despatched
SO-2025-07809,C1385,DAV,2025-07-29,2025-07-31,2025-07-29,Telephone,Despatched
SO-2025-07810,C1050,DAV,2025-07-29,2025-07-31,2025-07-29,Trade counter,Despatched
SO-2025-07811,C1276,DAV,2025-07-29,2025-07-30,2025-07-31,Trade counter,Despatched
SO-2025-07812,C1560,WAR,2025-07-29,2025-08-01,2025-07-29,Trade counter,Despatched
SO-2025-07813,C1844,WAR,2025-07-29,2025-08-01,2025-07-30,Trade counter,Despatched
SO-2025-07814,C1338,BRS,2025-07-29,2025-08-04,2025-07-29,Telephone,Despatched
SO-2025-07815,C1343,BRS,2025-07-29,2025-07-30,2025-07-29,Account manager,Part despatched
SO-2025-07816,C1115,BRS,2025-07-29,2025-08-04,2025-07-29,Telephone,Despatched
SO-2025-07817,C1501,BRS,2025-07-29,2025-08-04,2025-07-29,Trade counter,Despatched
SO-2025-07818,C1267,LIV,2025-07-29,2025-08-04,2025-07-29,Telephone,Despatched
SO-2025-07819,C1254,LIV,2025-07-29,2025-08-01,2025-07-29,Telephone,Despatched
SO-2025-07820,C1504,LIV,2025-07-29,2025-07-30,2025-07-29,Telephone,Despatched
SO-2025-07821,C1634,LIV,2025-07-29,2025-07-30,2025-07-29,Telephone,Despatched
SO-2025-07822,C1554,DAV,2025-07-30,2025-08-01,2025-07-31,Telephone,Despatched
SO-2025-07823,C1434,DAV,2025-07-30,2025-08-04,2025-07-30,Trade counter,Despatched
SO-2025-07824,C1278,DAV,2025-07-30,2025-08-01,2025-07-30,Trade counter,Despatched
SO-2025-07825,C1531,DAV,2025-07-30,2025-07-31,2025-07-30,Web,Despatched
SO-2025-07826,C1563,DAV,2025-07-30,2025-08-04,2025-07-30,Account manager,Part despatched
SO-2025-07827,C1389,DAV,2025-07-30,2025-08-04,2025-07-31,Telephone,Despatched
SO-2025-07828,C1484,DAV,2025-07-30,2025-08-05,2025-07-30,Telephone,Despatched
SO-2025-07829,C1952,DAV,2025-07-30,2025-08-01,2025-07-30,Web,Despatched
SO-2025-07830,C1785,BRS,2025-07-30,2025-07-31,2025-07-31,Telephone,Despatched
SO-2025-07831,C1795,DAV,2025-07-31,2025-08-01,2025-08-04,Trade counter,Despatched
SO-2025-07832,C1366,DAV,2025-07-31,2025-08-05,2025-08-04,Trade counter,Despatched
SO-2025-07833,C1145,DAV,2025-07-31,2025-08-06,2025-07-31,Telephone,Despatched
SO-2025-07834,C1389,DAV,2025-07-31,2025-08-04,2025-08-01,Telephone,Part despatched
SO-2025-07835,C1434,DAV,2025-07-31,2025-08-04,2025-07-31,Telephone,Part despatched
SO-2025-07836,C1051,WAR,2025-07-31,2025-08-01,2025-07-31,Telephone,Despatched
SO-2025-07837,C1026,WAR,2025-07-31,2025-08-06,2025-08-01,Web,Despatched
SO-2025-07838,C1051,WAR,2025-07-31,2025-08-04,2025-07-31,Trade counter,Despatched
SO-2025-07839,C1032,WAR,2025-07-31,2025-08-06,2025-07-31,Telephone,Despatched
SO-2025-07840,C1839,WAR,2025-07-31,2025-08-06,2025-08-04,Account manager,Despatched
SO-2025-07841,C1482,WAR,2025-07-31,2025-08-06,2025-07-31,Trade counter,Despatched
SO-2025-07842,C1391,WAR,2025-07-31,2025-08-05,2025-07-31,Telephone,Despatched
SO-2025-07843,C1454,WAR,2025-07-31,2025-08-05,2025-07-31,Trade counter,Despatched
SO-2025-07844,C1848,WAR,2025-07-31,2025-08-04,2025-08-01,Web,Despatched
SO-2025-07845,C1492,WAR,2025-07-31,2025-08-06,2025-07-31,Web,Despatched
SO-2025-07846,C1071,BRS,2025-07-31,2025-08-05,2025-07-31,Trade counter,Despatched
SO-2025-07847,C1038,LIV,2025-07-31,2025-08-06,2025-08-01,Web,Despatched
SO-2025-07848,C1168,LIV,2025-07-31,2025-08-06,2025-07-31,Web,Despatched
SO-2025-07849,C1430,LIV,2025-07-31,2025-08-06,2025-08-04,Telephone,Despatched
SO-2025-07850,C1085,LIV,2025-07-31,2025-08-05,2025-07-31,Web,Despatched
SO-2025-07851,C1029,LIV,2025-07-31,2025-08-04,2025-08-01,Telephone,Despatched
SO-2025-07852,C1432,LIV,2025-07-31,2025-08-05,2025-07-31,Telephone,Despatched
SO-2025-07853,C1307,DAV,2025-08-01,2025-08-05,2025-08-06,Trade counter,Despatched
SO-2025-07854,C1447,DAV,2025-08-01,2025-08-07,2025-08-01,Account manager,Despatched
SO-2025-07855,C1098,DAV,2025-08-01,2025-08-06,2025-08-01,Account manager,Despatched
SO-2025-07856,C1195,DAV,2025-08-01,2025-08-07,2025-08-01,Telephone,Part despatched
SO-2025-07857,C1648,DAV,2025-08-01,2025-08-07,2025-08-01,Telephone,Despatched
SO-2025-07858,C1429,DAV,2025-08-01,2025-08-07,2025-08-01,Telephone,Despatched
SO-2025-07859,C1554,DAV,2025-08-01,2025-08-04,2025-08-06,Account manager,Part despatched
SO-2025-07860,C1988,WAR,2025-08-01,2025-08-05,2025-08-05,Trade counter,Despatched
SO-2025-07861,C1282,WAR,2025-08-01,2025-08-07,2025-08-01,Trade counter,Despatched
SO-2025-07862,C1408,WAR,2025-08-01,2025-08-06,2025-08-04,Trade counter,Despatched
SO-2025-07863,C1870,BRS,2025-08-01,2025-08-07,2025-08-01,Trade counter,Despatched
SO-2025-07864,C1697,BRS,2025-08-01,2025-08-06,2025-08-01,Account manager,Despatched
SO-2025-07865,C1338,BRS,2025-08-01,2025-08-06,2025-08-01,Telephone,Despatched
SO-2025-07866,C1038,LIV,2025-08-01,2025-08-06,2025-08-01,Telephone,Despatched
SO-2025-07867,C1904,LIV,2025-08-01,2025-08-06,2025-08-01,Trade counter,Despatched
SO-2025-07868,C1335,DAV,2025-08-04,2025-08-08,2025-08-04,Telephone,Despatched
SO-2025-07869,C1447,DAV,2025-08-04,2025-08-05,2025-08-07,Telephone,Despatched
SO-2025-07870,C1255,DAV,2025-08-04,2025-08-07,2025-08-04,Trade counter,Despatched
SO-2025-07871,C1042,DAV,2025-08-04,2025-08-06,2025-08-04,Trade counter,Despatched
SO-2025-07872,C1372,DAV,2025-08-04,2025-08-05,2025-08-04,Web,Despatched
SO-2025-07873,C1078,DAV,2025-08-04,2025-08-05,2025-08-04,Account manager,Despatched
SO-2025-07874,C1089,DAV,2025-08-04,2025-08-06,2025-08-06,Telephone,Despatched
SO-2025-07875,C1521,DAV,2025-08-04,2025-08-05,2025-08-04,Account manager,Part despatched
SO-2025-07876,C1521,DAV,2025-08-04,2025-08-08,2025-08-04,Telephone,Despatched
SO-2025-07877,C1207,WAR,2025-08-04,2025-08-06,2025-08-04,Account manager,Despatched
SO-2025-07878,C1402,WAR,2025-08-04,2025-08-05,2025-08-04,Trade counter,Despatched
SO-2025-07879,C1802,WAR,2025-08-04,2025-08-05,2025-08-04,Telephone,Despatched
SO-2025-07880,C1460,WAR,2025-08-04,2025-08-08,2025-08-04,Account manager,Despatched
SO-2025-07881,C1717,BRS,2025-08-04,2025-08-06,2025-08-04,Trade counter,Part despatched
SO-2025-07882,C1139,BRS,2025-08-04,2025-08-06,2025-08-04,Trade counter,Despatched
SO-2025-07883,C1659,BRS,2025-08-04,2025-08-07,2025-08-04,Web,Despatched
SO-2025-07884,C1065,BRS,2025-08-04,2025-08-07,2025-08-05,Trade counter,Part despatched
SO-2025-07885,C1432,LIV,2025-08-04,2025-08-05,2025-08-04,Telephone,Despatched
SO-2025-07886,C1168,LIV,2025-08-04,2025-08-06,2025-08-06,Trade counter,Despatched
SO-2025-07887,C1422,LIV,2025-08-04,2025-08-05,2025-08-05,Web,Despatched
SO-2025-07888,C1478,LIV,2025-08-04,2025-08-06,2025-08-04,Account manager,Despatched
SO-2025-07889,C1195,DAV,2025-08-05,2025-08-08,2025-08-05,Trade counter,Despatched
SO-2025-07890,C1486,DAV,2025-08-05,2025-08-07,2025-08-05,Account manager,Despatched
SO-2025-07891,C1251,DAV,2025-08-05,2025-08-06,2025-08-07,Web,Despatched
SO-2025-07892,C1078,DAV,2025-08-05,2025-08-06,2025-08-05,Web,Despatched
SO-2025-07893,C1470,DAV,2025-08-05,2025-08-08,2025-08-05,Telephone,Part despatched
SO-2025-07894,C1563,DAV,2025-08-05,2025-08-07,2025-08-05,Trade counter,Despatched
SO-2025-07895,C1938,DAV,2025-08-05,2025-08-08,2025-08-08,Web,Despatched
SO-2025-07896,C1482,WAR,2025-08-05,2025-08-11,2025-08-07,Web,Despatched
SO-2025-07897,C1790,WAR,2025-08-05,2025-08-07,2025-08-05,Web,Despatched
SO-2025-07898,C1885,WAR,2025-08-05,2025-08-08,2025-08-06,Telephone,Despatched
SO-2025-07899,C1032,WAR,2025-08-05,2025-08-11,2025-08-05,Web,Part despatched
SO-2025-07900,C1411,BRS,2025-08-05,2025-08-08,2025-08-05,Telephone,Despatched
SO-2025-07901,C1741,BRS,2025-08-05,2025-08-06,2025-08-05,Telephone,Despatched
SO-2025-07902,C1338,BRS,2025-08-05,2025-08-07,2025-08-05,Trade counter,Despatched
SO-2025-07903,C1970,BRS,2025-08-05,2025-08-06,2025-08-06,Telephone,Despatched
SO-2025-07904,C1578,BRS,2025-08-05,2025-08-07,2025-08-05,Web,Despatched
SO-2025-07905,C1366,DAV,2025-08-06,2025-08-08,2025-08-06,Telephone,Part despatched
SO-2025-07906,C1145,DAV,2025-08-06,2025-08-11,2025-08-07,Telephone,Despatched
SO-2025-07907,C1300,DAV,2025-08-06,2025-08-07,2025-08-06,Web,Despatched
SO-2025-07908,C1094,DAV,2025-08-06,2025-08-11,2025-08-06,Web,Despatched
SO-2025-07909,C1253,DAV,2025-08-06,2025-08-11,2025-08-06,Telephone,Despatched
SO-2025-07910,C1593,DAV,2025-08-06,2025-08-08,2025-08-06,Account manager,Despatched
SO-2025-07911,C1366,DAV,2025-08-06,2025-08-12,2025-08-06,Account manager,Part despatched
SO-2025-07912,C1730,WAR,2025-08-06,2025-08-11,2025-08-06,Account manager,Despatched
SO-2025-07913,C1174,WAR,2025-08-06,2025-08-11,2025-08-06,Telephone,Despatched
SO-2025-07914,C1591,WAR,2025-08-06,2025-08-08,2025-08-06,Account manager,Part despatched
SO-2025-07915,C1123,WAR,2025-08-06,2025-08-07,2025-08-07,Web,Part despatched
SO-2025-07916,C1790,WAR,2025-08-06,2025-08-12,2025-08-06,Web,Despatched
SO-2025-07917,C1212,BRS,2025-08-06,2025-08-11,2025-08-06,Trade counter,Despatched
SO-2025-07918,C1659,BRS,2025-08-06,2025-08-08,2025-08-06,Trade counter,Despatched
SO-2025-07919,C1432,LIV,2025-08-06,2025-08-08,2025-08-06,Trade counter,Despatched
SO-2025-07920,C1911,LIV,2025-08-06,2025-08-08,2025-08-06,Web,Despatched
SO-2025-07921,C1050,DAV,2025-08-07,2025-08-13,2025-08-07,Trade counter,Despatched
SO-2025-07922,C1145,DAV,2025-08-07,2025-08-13,2025-08-08,Web,Despatched
SO-2025-07923,C1704,DAV,2025-08-07,2025-08-12,2025-08-07,Trade counter,Despatched
SO-2025-07924,C1429,DAV,2025-08-07,2025-08-12,2025-08-08,Trade counter,Despatched
SO-2025-07925,C1235,DAV,2025-08-07,2025-08-11,2025-08-11,Telephone,Despatched
SO-2025-07926,C1800,DAV,2025-08-07,2025-08-13,2025-08-07,Trade counter,Despatched
SO-2025-07927,C1354,DAV,2025-08-07,2025-08-13,2025-08-07,Telephone,Part despatched
SO-2025-07928,C1429,DAV,2025-08-07,2025-08-08,2025-08-07,Web,Despatched
SO-2025-07929,C1841,DAV,2025-08-07,2025-08-13,2025-08-07,Trade counter,Despatched
SO-2025-07930,C1806,WAR,2025-08-07,2025-08-12,2025-08-07,Web,Despatched
SO-2025-07931,C1679,WAR,2025-08-07,2025-08-08,2025-08-07,Trade counter,Despatched
SO-2025-07932,C1716,WAR,2025-08-07,2025-08-08,2025-08-07,Account manager,Despatched
SO-2025-07933,C1918,WAR,2025-08-07,2025-08-12,2025-08-07,Web,Part despatched
SO-2025-07934,C1785,BRS,2025-08-07,2025-08-08,2025-08-07,Web,Despatched
SO-2025-07935,C1302,BRS,2025-08-07,2025-08-13,2025-08-07,Trade counter,Despatched
SO-2025-07936,C1874,BRS,2025-08-07,2025-08-13,2025-08-07,Account manager,Despatched
SO-2025-07937,C1422,LIV,2025-08-07,2025-08-13,2025-08-08,Telephone,Despatched
SO-2025-07938,C1795,DAV,2025-08-08,2025-08-11,2025-08-11,Trade counter,Despatched
SO-2025-07939,C1585,DAV,2025-08-08,2025-08-14,2025-08-08,Web,Despatched
SO-2025-07940,C1440,DAV,2025-08-08,2025-08-14,2025-08-12,Account manager,Despatched
SO-2025-07941,C1648,DAV,2025-08-08,2025-08-12,2025-08-08,Telephone,Despatched
SO-2025-07942,C1521,DAV,2025-08-08,2025-08-12,2025-08-08,Telephone,Part despatched
SO-2025-07943,C1094,DAV,2025-08-08,2025-08-13,2025-08-12,Account manager,Despatched
SO-2025-07944,C1201,DAV,2025-08-08,2025-08-14,2025-08-11,Telephone,Part despatched
SO-2025-07945,C1145,DAV,2025-08-08,2025-08-14,2025-08-11,Trade counter,Despatched
SO-2025-07946,C1695,DAV,2025-08-08,2025-08-14,2025-08-11,Telephone,Despatched
SO-2025-07947,C1270,DAV,2025-08-08,2025-08-14,2025-08-11,Telephone,Despatched
SO-2025-07948,C1402,WAR,2025-08-08,2025-08-12,2025-08-08,Telephone,Despatched
SO-2025-07949,C1750,WAR,2025-08-08,2025-08-11,2025-08-08,Web,Part despatched
SO-2025-07950,C1538,WAR,2025-08-08,2025-08-12,2025-08-08,Telephone,Despatched
SO-2025-07951,C1234,WAR,2025-08-08,2025-08-13,2025-08-11,Telephone,Despatched
SO-2025-07952,C1302,BRS,2025-08-08,2025-08-13,2025-08-08,Telephone,Despatched
SO-2025-07953,C1785,BRS,2025-08-08,2025-08-13,2025-08-08,Trade counter,Despatched
SO-2025-07954,C1338,BRS,2025-08-08,2025-08-11,2025-08-08,Telephone,Despatched
SO-2025-07955,C1147,BRS,2025-08-08,2025-08-14,2025-08-08,Telephone,Despatched
SO-2025-07956,C1602,BRS,2025-08-08,2025-08-14,2025-08-08,Trade counter,Despatched
SO-2025-07957,C1525,BRS,2025-08-08,2025-08-12,2025-08-08,Trade counter,Part despatched
SO-2025-07958,C1821,LIV,2025-08-08,2025-08-11,2025-08-13,Web,Despatched
SO-2025-07959,C1878,LIV,2025-08-08,2025-08-14,2025-08-08,Web,Despatched
SO-2025-07960,C1430,LIV,2025-08-08,2025-08-13,2025-08-08,Account manager,Despatched
SO-2025-07961,C1778,LIV,2025-08-08,2025-08-14,2025-08-08,Telephone,Despatched
SO-2025-07962,C1357,LIV,2025-08-08,2025-08-14,2025-08-08,Telephone,Despatched
SO-2025-07963,C1168,LIV,2025-08-08,2025-08-14,2025-08-12,Account manager,Despatched
SO-2025-07964,C1723,LIV,2025-08-08,2025-08-12,2025-08-12,Account manager,Part despatched
SO-2025-07965,C1429,DAV,2025-08-11,2025-08-13,2025-08-12,Web,Despatched
SO-2025-07966,C1437,DAV,2025-08-11,2025-08-15,2025-08-12,Trade counter,Despatched
SO-2025-07967,C1928,DAV,2025-08-11,2025-08-15,2025-08-11,Telephone,Despatched
SO-2025-07968,C1704,DAV,2025-08-11,2025-08-12,2025-08-12,Account manager,Despatched
SO-2025-07969,C1217,DAV,2025-08-11,2025-08-12,2025-08-11,Trade counter,Part despatched
SO-2025-07970,C1211,DAV,2025-08-11,2025-08-14,2025-08-14,Web,Despatched
SO-2025-07971,C1767,DAV,2025-08-11,2025-08-13,2025-08-12,Telephone,Despatched
SO-2025-07972,C1676,DAV,2025-08-11,2025-08-12,2025-08-12,Telephone,Despatched
SO-2025-07973,C1218,DAV,2025-08-11,2025-08-15,2025-08-12,Trade counter,Part despatched
SO-2025-07974,C1947,DAV,2025-08-11,2025-08-15,2025-08-11,Account manager,Part despatched
SO-2025-07975,C1871,WAR,2025-08-11,2025-08-14,2025-08-13,Account manager,Despatched
SO-2025-07976,C1871,WAR,2025-08-11,2025-08-14,2025-08-12,Telephone,Part despatched
SO-2025-07977,C1844,WAR,2025-08-11,2025-08-12,2025-08-12,Web,Part despatched
SO-2025-07978,C1234,WAR,2025-08-11,2025-08-13,2025-08-11,Trade counter,Part despatched
SO-2025-07979,C1081,WAR,2025-08-11,2025-08-14,2025-08-12,Trade counter,Despatched
SO-2025-07980,C1866,WAR,2025-08-11,2025-08-15,2025-08-12,Trade counter,Despatched
SO-2025-07981,C1302,BRS,2025-08-11,2025-08-13,2025-08-14,Trade counter,Part despatched
SO-2025-07982,C1131,LIV,2025-08-11,2025-08-14,2025-08-11,Trade counter,Despatched
SO-2025-07983,C1333,LIV,2025-08-11,2025-08-12,2025-08-11,Trade counter,Despatched
SO-2025-07984,C1160,LIV,2025-08-11,2025-08-13,2025-08-11,Telephone,Despatched
SO-2025-07985,C1379,LIV,2025-08-11,2025-08-15,2025-08-12,Web,Part despatched
SO-2025-07986,C1137,DAV,2025-08-12,2025-08-14,2025-08-15,Trade counter,Despatched
SO-2025-07987,C1447,DAV,2025-08-12,2025-08-13,2025-08-12,Telephone,Despatched
SO-2025-07988,C1319,DAV,2025-08-12,2025-08-15,2025-08-12,Trade counter,Despatched
SO-2025-07989,C1146,DAV,2025-08-12,2025-08-18,2025-08-14,Trade counter,Despatched
SO-2025-07990,C1427,DAV,2025-08-12,2025-08-18,2025-08-12,Web,Part despatched
SO-2025-07991,C1278,DAV,2025-08-12,2025-08-15,2025-08-13,Telephone,Part despatched
SO-2025-07992,C1521,DAV,2025-08-12,2025-08-14,2025-08-12,Trade counter,Despatched
SO-2025-07993,C1755,DAV,2025-08-12,2025-08-18,2025-08-14,Telephone,Despatched
SO-2025-07994,C1319,DAV,2025-08-12,2025-08-13,2025-08-12,Telephone,Despatched
SO-2025-07995,C1720,WAR,2025-08-12,2025-08-18,2025-08-12,Trade counter,Despatched
SO-2025-07996,C1730,WAR,2025-08-12,2025-08-13,2025-08-12,Account manager,Despatched
SO-2025-07997,C1533,WAR,2025-08-12,2025-08-15,2025-08-12,Telephone,Despatched
SO-2025-07998,C1790,WAR,2025-08-12,2025-08-14,2025-08-12,Telephone,Despatched
SO-2025-07999,C1247,BRS,2025-08-12,2025-08-15,2025-08-12,Account manager,Part despatched
SO-2025-08000,C1338,BRS,2025-08-12,2025-08-14,2025-08-12,Trade counter,Despatched
SO-2025-08001,C1778,LIV,2025-08-12,2025-08-14,2025-08-13,Trade counter,Despatched
SO-2025-08002,C1478,LIV,2025-08-12,2025-08-18,2025-08-12,Web,Despatched
SO-2025-08003,C1270,DAV,2025-08-13,2025-08-19,2025-08-13,Web,Despatched
SO-2025-08004,C1098,DAV,2025-08-13,2025-08-18,2025-08-13,Account manager,Despatched
SO-2025-08005,C1211,DAV,2025-08-13,2025-08-15,2025-08-14,Trade counter,Despatched
SO-2025-08006,C1389,DAV,2025-08-13,2025-08-15,2025-08-14,Trade counter,Part despatched
SO-2025-08007,C1057,WAR,2025-08-13,2025-08-15,2025-08-15,Telephone,Part despatched
SO-2025-08008,C1264,WAR,2025-08-13,2025-08-14,2025-08-13,Trade counter,Despatched
SO-2025-08009,C1055,WAR,2025-08-13,2025-08-18,2025-08-13,Telephone,Despatched
SO-2025-08010,C1234,WAR,2025-08-13,2025-08-14,2025-08-13,Trade counter,Despatched
SO-2025-08011,C1602,BRS,2025-08-13,2025-08-18,2025-08-13,Web,Despatched
SO-2025-08012,C1584,LIV,2025-08-13,2025-08-19,2025-08-15,Telephone,Despatched
SO-2025-08013,C1726,LIV,2025-08-13,2025-08-19,2025-08-13,Web,Despatched
SO-2025-08014,C1900,LIV,2025-08-13,2025-08-14,2025-08-13,Trade counter,Despatched
SO-2025-08015,C1085,LIV,2025-08-13,2025-08-15,2025-08-13,Account manager,Despatched
SO-2025-08016,C1426,DAV,2025-08-14,2025-08-18,2025-08-14,Account manager,Part despatched
SO-2025-08017,C1648,DAV,2025-08-14,2025-08-15,2025-08-14,Web,Despatched
SO-2025-08018,C1910,DAV,2025-08-14,2025-08-18,2025-08-14,Web,Part despatched
SO-2025-08019,C1447,DAV,2025-08-14,2025-08-18,2025-08-14,Telephone,Despatched
SO-2025-08020,C1255,DAV,2025-08-14,2025-08-15,2025-08-18,Trade counter,Despatched
SO-2025-08021,C1569,DAV,2025-08-14,2025-08-15,2025-08-14,Trade counter,Despatched
SO-2025-08022,C1209,DAV,2025-08-14,2025-08-18,2025-08-18,Account manager,Part despatched
SO-2025-08023,C1015,DAV,2025-08-14,2025-08-15,2025-08-14,Telephone,Despatched
SO-2025-08024,C1154,WAR,2025-08-14,2025-08-20,2025-08-14,Telephone,Despatched
SO-2025-08025,C1802,WAR,2025-08-14,2025-08-20,2025-08-14,Trade counter,Despatched
SO-2025-08026,C1730,WAR,2025-08-14,2025-08-20,2025-08-14,Account manager,Despatched
SO-2025-08027,C1032,WAR,2025-08-14,2025-08-20,2025-08-14,Trade counter,Despatched
SO-2025-08028,C1651,WAR,2025-08-14,2025-08-18,2025-08-14,Trade counter,Part despatched
SO-2025-08029,C1044,BRS,2025-08-14,2025-08-20,2025-08-14,Web,Despatched
SO-2025-08030,C1659,BRS,2025-08-14,2025-08-20,2025-08-15,Trade counter,Despatched
SO-2025-08031,C1659,BRS,2025-08-14,2025-08-15,2025-08-14,Trade counter,Part despatched
SO-2025-08032,C1254,LIV,2025-08-14,2025-08-15,2025-08-15,Trade counter,Despatched
SO-2025-08033,C1856,LIV,2025-08-14,2025-08-18,2025-08-14,Account manager,Despatched
SO-2025-08034,C1959,LIV,2025-08-14,2025-08-18,2025-08-14,Account manager,Despatched
SO-2025-08035,C1563,DAV,2025-08-15,2025-08-19,2025-08-15,Telephone,Despatched
SO-2025-08036,C1479,DAV,2025-08-15,2025-08-20,2025-08-18,Telephone,Despatched
SO-2025-08037,C1367,DAV,2025-08-15,2025-08-21,2025-08-18,Telephone,Part despatched
SO-2025-08038,C1255,DAV,2025-08-15,2025-08-19,2025-08-15,Account manager,Part despatched
SO-2025-08039,C1442,DAV,2025-08-15,2025-08-19,2025-08-18,Trade counter,Despatched
SO-2025-08040,C1716,WAR,2025-08-15,2025-08-18,2025-08-15,Web,Despatched
SO-2025-08041,C1535,WAR,2025-08-15,2025-08-19,2025-08-18,Trade counter,Despatched
SO-2025-08042,C1597,WAR,2025-08-15,2025-08-20,2025-08-15,Account manager,Part despatched
SO-2025-08043,C1802,WAR,2025-08-15,2025-08-19,2025-08-18,Account manager,Despatched
SO-2025-08044,C1844,WAR,2025-08-15,2025-08-18,2025-08-15,Account manager,Despatched
SO-2025-08045,C1151,BRS,2025-08-15,2025-08-19,2025-08-18,Trade counter,Despatched
SO-2025-08046,C1147,BRS,2025-08-15,2025-08-20,2025-08-18,Web,Part despatched
SO-2025-08047,C1453,BRS,2025-08-15,2025-08-20,2025-08-15,Web,Despatched
SO-2025-08048,C1785,BRS,2025-08-15,2025-08-20,2025-08-18,Account manager,Despatched
SO-2025-08049,C1785,BRS,2025-08-15,2025-08-21,2025-08-15,Account manager,Despatched
SO-2025-08050,C1970,BRS,2025-08-15,2025-08-21,2025-08-15,Web,Despatched
SO-2025-08051,C1330,BRS,2025-08-15,2025-08-20,2025-08-15,Telephone,Despatched
SO-2025-08052,C1255,DAV,2025-08-18,2025-08-21,2025-08-19,Web,Despatched
SO-2025-08053,C1593,DAV,2025-08-18,2025-08-21,2025-08-18,Telephone,Despatched
SO-2025-08054,C1985,DAV,2025-08-18,2025-08-20,2025-08-20,Telephone,Despatched
SO-2025-08055,C1062,DAV,2025-08-18,2025-08-21,2025-08-18,Account manager,Part despatched
SO-2025-08056,C1183,DAV,2025-08-18,2025-08-22,2025-08-21,Account manager,Despatched
SO-2025-08057,C1371,DAV,2025-08-18,2025-08-20,2025-08-18,Trade counter,Despatched
SO-2025-08058,C1512,DAV,2025-08-18,2025-08-21,2025-08-19,Telephone,Despatched
SO-2025-08059,C1527,DAV,2025-08-18,2025-08-20,2025-08-18,Web,Despatched
SO-2025-08060,C1402,WAR,2025-08-18,2025-08-20,2025-08-18,Telephone,Despatched
SO-2025-08061,C1581,WAR,2025-08-18,2025-08-20,2025-08-18,Trade counter,Despatched
SO-2025-08062,C1026,WAR,2025-08-18,2025-08-21,2025-08-18,Trade counter,Despatched
SO-2025-08063,C1475,BRS,2025-08-18,2025-08-20,2025-08-18,Trade counter,Despatched
SO-2025-08064,C1773,BRS,2025-08-18,2025-08-22,2025-08-18,Telephone,Despatched
SO-2025-08065,C1870,BRS,2025-08-18,2025-08-22,2025-08-18,Telephone,Despatched
SO-2025-08066,C1785,BRS,2025-08-18,2025-08-19,2025-08-18,Trade counter,Part despatched
SO-2025-08067,C1785,BRS,2025-08-18,2025-08-19,2025-08-18,Telephone,Part despatched
SO-2025-08068,C1024,LIV,2025-08-18,2025-08-19,2025-08-18,Telephone,Despatched
SO-2025-08069,C1266,LIV,2025-08-18,2025-08-20,2025-08-18,Trade counter,Despatched
SO-2025-08070,C1432,LIV,2025-08-18,2025-08-21,2025-08-18,Web,Despatched
SO-2025-08071,C1566,LIV,2025-08-18,2025-08-21,2025-08-20,Web,Despatched
SO-2025-08072,C1429,DAV,2025-08-19,2025-08-22,2025-08-21,Telephone,Despatched
SO-2025-08073,C1704,DAV,2025-08-19,2025-08-21,2025-08-20,Web,Despatched
SO-2025-08074,C1278,DAV,2025-08-19,2025-08-22,2025-08-19,Telephone,Despatched
SO-2025-08075,C1098,DAV,2025-08-19,2025-08-21,2025-08-19,Telephone,Despatched
SO-2025-08076,C1563,DAV,2025-08-19,2025-08-26,2025-08-19,Telephone,Despatched
SO-2025-08077,C1098,DAV,2025-08-19,2025-08-26,2025-08-19,Account manager,Despatched
SO-2025-08078,C1928,DAV,2025-08-19,2025-08-22,2025-08-20,Telephone,Despatched
SO-2025-08079,C1416,DAV,2025-08-19,2025-08-21,2025-08-20,Web,Part despatched
SO-2025-08080,C1255,DAV,2025-08-19,2025-08-26,2025-08-19,Telephone,Despatched
SO-2025-08081,C1639,DAV,2025-08-19,2025-08-22,2025-08-19,Trade counter,Despatched
SO-2025-08082,C1398,WAR,2025-08-19,2025-08-20,2025-08-20,Trade counter,Despatched
SO-2025-08083,C1844,WAR,2025-08-19,2025-08-22,2025-08-20,Telephone,Despatched
SO-2025-08084,C1950,WAR,2025-08-19,2025-08-21,2025-08-19,Web,Despatched
SO-2025-08085,C1790,WAR,2025-08-19,2025-08-20,2025-08-19,Telephone,Despatched
SO-2025-08086,C1948,WAR,2025-08-19,2025-08-22,2025-08-19,Web,Despatched
SO-2025-08087,C1294,BRS,2025-08-19,2025-08-20,2025-08-20,Trade counter,Despatched
SO-2025-08088,C1785,BRS,2025-08-19,2025-08-26,2025-08-20,Telephone,Part despatched
SO-2025-08089,C1785,BRS,2025-08-19,2025-08-26,2025-08-19,Trade counter,Part despatched
SO-2025-08090,C1040,BRS,2025-08-19,2025-08-22,2025-08-19,Web,Despatched
SO-2025-08091,C1273,BRS,2025-08-19,2025-08-20,2025-08-20,Web,Part despatched
SO-2025-08092,C1145,DAV,2025-08-20,2025-08-22,2025-08-21,Web,Despatched
SO-2025-08093,C1613,DAV,2025-08-20,2025-08-22,2025-08-20,Account manager,Despatched
SO-2025-08094,C1882,DAV,2025-08-20,2025-08-21,2025-08-21,Trade counter,Despatched
SO-2025-08095,C1114,DAV,2025-08-20,2025-08-22,2025-08-20,Account manager,Despatched
SO-2025-08096,C1648,DAV,2025-08-20,2025-08-27,2025-08-21,Telephone,Despatched
SO-2025-08097,C1145,DAV,2025-08-20,2025-08-27,2025-08-20,Web,Despatched
SO-2025-08098,C1512,DAV,2025-08-20,2025-08-22,2025-08-20,Trade counter,Despatched
SO-2025-08099,C1447,DAV,2025-08-20,2025-08-26,2025-08-20,Web,Despatched
SO-2025-08100,C1468,DAV,2025-08-20,2025-08-22,2025-08-20,Trade counter,Despatched
SO-2025-08101,C1157,WAR,2025-08-20,2025-08-26,2025-08-21,Trade counter,Despatched
SO-2025-08102,C1057,WAR,2025-08-20,2025-08-27,2025-08-21,Trade counter,Part despatched
SO-2025-08103,C1730,WAR,2025-08-20,2025-08-21,2025-08-20,Telephone,Despatched
SO-2025-08104,C1338,BRS,2025-08-20,2025-08-26,2025-08-21,Telephone,Part despatched
SO-2025-08105,C1697,BRS,2025-08-20,2025-08-22,2025-08-20,Account manager,Part despatched
SO-2025-08106,C1266,LIV,2025-08-20,2025-08-22,2025-08-22,Telephone,Despatched
SO-2025-08107,C1085,LIV,2025-08-20,2025-08-26,2025-08-21,Telephone,Despatched
SO-2025-08108,C1821,LIV,2025-08-20,2025-08-21,2025-08-20,Telephone,Part despatched
SO-2025-08109,C1335,DAV,2025-08-21,2025-08-26,2025-08-21,Web,Part despatched
SO-2025-08110,C1447,DAV,2025-08-21,2025-08-27,2025-08-21,Web,Despatched
SO-2025-08111,C1447,DAV,2025-08-21,2025-08-26,2025-08-22,Trade counter,Despatched
SO-2025-08112,C1062,DAV,2025-08-21,2025-08-22,2025-08-21,Web,Part despatched
SO-2025-08113,C1479,DAV,2025-08-21,2025-08-27,2025-08-21,Trade counter,Despatched
SO-2025-08114,C1371,DAV,2025-08-21,2025-08-28,2025-08-21,Trade counter,Despatched
SO-2025-08115,C1078,DAV,2025-08-21,2025-08-26,2025-08-22,Telephone,Despatched
SO-2025-08116,C1728,DAV,2025-08-21,2025-08-27,2025-08-22,Telephone,Despatched
SO-2025-08117,C1319,DAV,2025-08-21,2025-08-26,2025-08-21,Web,Despatched
SO-2025-08118,C1486,DAV,2025-08-21,2025-08-28,2025-08-22,Web,Despatched
SO-2025-08119,C1656,WAR,2025-08-21,2025-08-26,2025-08-21,Web,Despatched
SO-2025-08120,C1948,WAR,2025-08-21,2025-08-27,2025-08-21,Trade counter,Despatched
SO-2025-08121,C1207,WAR,2025-08-21,2025-08-27,2025-08-21,Account manager,Despatched
SO-2025-08122,C1032,WAR,2025-08-21,2025-08-26,2025-08-21,Telephone,Despatched
SO-2025-08123,C1141,WAR,2025-08-21,2025-08-28,2025-08-21,Trade counter,Despatched
SO-2025-08124,C1482,WAR,2025-08-21,2025-08-22,2025-08-21,Web,Despatched
SO-2025-08125,C1328,BRS,2025-08-21,2025-08-26,2025-08-21,Telephone,Despatched
SO-2025-08126,C1566,LIV,2025-08-21,2025-08-22,2025-08-21,Trade counter,Despatched
SO-2025-08127,C1357,LIV,2025-08-21,2025-08-26,2025-08-21,Web,Despatched
SO-2025-08128,C1321,LIV,2025-08-21,2025-08-26,2025-08-22,Account manager,Despatched
SO-2025-08129,C1859,DAV,2025-08-22,2025-08-29,2025-08-22,Trade counter,Despatched
SO-2025-08130,C1936,DAV,2025-08-22,2025-08-29,2025-08-22,Trade counter,Despatched
SO-2025-08131,C1195,DAV,2025-08-22,2025-08-28,2025-08-22,Web,Part despatched
SO-2025-08132,C1209,DAV,2025-08-22,2025-08-29,2025-08-26,Telephone,Despatched
SO-2025-08133,C1636,DAV,2025-08-22,2025-08-29,2025-08-22,Telephone,Part despatched
SO-2025-08134,C1145,DAV,2025-08-22,2025-08-28,2025-08-22,Account manager,Despatched
SO-2025-08135,C1890,DAV,2025-08-22,2025-08-28,2025-08-22,Web,Despatched
SO-2025-08136,C1748,DAV,2025-08-22,2025-08-29,2025-08-22,Web,Part despatched
SO-2025-08137,C1211,DAV,2025-08-22,2025-08-29,2025-08-26,Trade counter,Despatched
SO-2025-08138,C1676,DAV,2025-08-22,2025-08-27,2025-08-22,Account manager,Despatched
SO-2025-08139,C1062,DAV,2025-08-22,2025-08-29,2025-08-22,Web,Part despatched
SO-2025-08140,C1367,DAV,2025-08-22,2025-08-26,2025-08-22,Web,Despatched
SO-2025-08141,C1270,DAV,2025-08-22,2025-08-27,2025-08-22,Web,Despatched
SO-2025-08142,C1055,WAR,2025-08-22,2025-08-27,2025-08-22,Telephone,Despatched
SO-2025-08143,C1234,WAR,2025-08-22,2025-08-27,2025-08-22,Telephone,Part despatched
SO-2025-08144,C1730,WAR,2025-08-22,2025-08-28,2025-08-22,Telephone,Part despatched
SO-2025-08145,C1411,BRS,2025-08-22,2025-08-27,2025-08-27,Telephone,Despatched
SO-2025-08146,C1168,LIV,2025-08-22,2025-08-28,2025-08-22,Telephone,Part despatched
SO-2025-08147,C1435,LIV,2025-08-22,2025-08-27,2025-08-27,Web,Despatched
SO-2025-08148,C1911,LIV,2025-08-22,2025-08-29,2025-08-22,Trade counter,Despatched
SO-2025-08149,C1085,LIV,2025-08-22,2025-08-28,2025-08-22,Trade counter,Despatched
SO-2025-08150,C1254,LIV,2025-08-22,2025-08-27,2025-08-22,Account manager,Despatched
SO-2025-08151,C1577,DAV,2025-08-26,2025-09-01,2025-08-26,Telephone,Despatched
SO-2025-08152,C1372,DAV,2025-08-26,2025-08-29,2025-08-26,Telephone,Despatched
SO-2025-08153,C1923,DAV,2025-08-26,2025-08-28,2025-08-26,Trade counter,Part despatched
SO-2025-08154,C1066,DAV,2025-08-26,2025-08-27,2025-08-26,Web,Despatched
SO-2025-08155,C1056,DAV,2025-08-26,2025-09-01,2025-08-26,Account manager,Part despatched
SO-2025-08156,C1871,WAR,2025-08-26,2025-08-27,2025-08-27,Trade counter,Despatched
SO-2025-08157,C1866,WAR,2025-08-26,2025-09-01,2025-08-26,Telephone,Despatched
SO-2025-08158,C1207,WAR,2025-08-26,2025-08-28,2025-08-27,Trade counter,Part despatched
SO-2025-08159,C1398,WAR,2025-08-26,2025-08-29,2025-08-28,Trade counter,Despatched
SO-2025-08160,C1702,WAR,2025-08-26,2025-08-29,2025-08-27,Web,Despatched
SO-2025-08161,C1716,WAR,2025-08-26,2025-08-27,2025-08-26,Telephone,Despatched
SO-2025-08162,C1051,WAR,2025-08-26,2025-08-28,2025-08-26,Telephone,Despatched
SO-2025-08163,C1212,BRS,2025-08-26,2025-08-27,2025-08-28,Web,Part despatched
SO-2025-08164,C1741,BRS,2025-08-26,2025-09-01,2025-08-26,Telephone,Despatched
SO-2025-08165,C1212,BRS,2025-08-26,2025-08-27,2025-08-28,Web,Despatched
SO-2025-08166,C1338,BRS,2025-08-26,2025-09-01,2025-08-27,Account manager,Part despatched
SO-2025-08167,C1343,BRS,2025-08-26,2025-08-27,2025-08-26,Trade counter,Part despatched
SO-2025-08168,C1168,LIV,2025-08-26,2025-09-01,2025-08-26,Trade counter,Despatched
SO-2025-08169,C1694,LIV,2025-08-26,2025-08-28,2025-08-26,Trade counter,Despatched
SO-2025-08170,C1423,LIV,2025-08-26,2025-08-29,2025-08-26,Telephone,Despatched
SO-2025-08171,C1584,LIV,2025-08-26,2025-08-27,2025-08-26,Account manager,Part despatched
SO-2025-08172,C1145,DAV,2025-08-27,2025-09-02,2025-08-27,Account manager,Despatched
SO-2025-08173,C1299,DAV,2025-08-27,2025-09-02,2025-08-27,Telephone,Despatched
SO-2025-08174,C1232,DAV,2025-08-27,2025-08-29,2025-08-27,Trade counter,Despatched
SO-2025-08175,C1486,DAV,2025-08-27,2025-09-02,2025-08-27,Web,Despatched
SO-2025-08176,C1078,DAV,2025-08-27,2025-08-28,2025-08-29,Trade counter,Despatched
SO-2025-08177,C1215,WAR,2025-08-27,2025-08-28,2025-08-27,Trade counter,Despatched
SO-2025-08178,C1955,WAR,2025-08-27,2025-08-28,2025-08-27,Telephone,Despatched
SO-2025-08179,C1001,WAR,2025-08-27,2025-08-28,2025-08-27,Web,Despatched
SO-2025-08180,C1785,BRS,2025-08-27,2025-09-01,2025-08-27,Telephone,Despatched
SO-2025-08181,C1674,BRS,2025-08-27,2025-08-29,2025-08-27,Trade counter,Despatched
SO-2025-08182,C1044,BRS,2025-08-27,2025-09-02,2025-08-27,Trade counter,Part despatched
SO-2025-08183,C1374,BRS,2025-08-27,2025-08-29,2025-08-28,Telephone,Despatched
SO-2025-08184,C1212,BRS,2025-08-27,2025-09-02,2025-08-29,Trade counter,Despatched
SO-2025-08185,C1330,BRS,2025-08-27,2025-08-29,2025-08-27,Telephone,Despatched
SO-2025-08186,C1258,BRS,2025-08-27,2025-08-29,2025-08-27,Trade counter,Despatched
SO-2025-08187,C1821,LIV,2025-08-27,2025-09-02,2025-08-27,Account manager,Despatched
SO-2025-08188,C1803,LIV,2025-08-27,2025-08-29,2025-09-01,Trade counter,Despatched
SO-2025-08189,C1160,LIV,2025-08-27,2025-09-01,2025-08-29,Telephone,Despatched
SO-2025-08190,C1145,DAV,2025-08-28,2025-08-29,2025-08-29,Account manager,Despatched
SO-2025-08191,C1632,DAV,2025-08-28,2025-09-01,2025-08-29,Web,Despatched
SO-2025-08192,C1952,DAV,2025-08-28,2025-08-29,2025-08-28,Telephone,Despatched
SO-2025-08193,C1032,WAR,2025-08-28,2025-08-29,2025-08-29,Trade counter,Despatched
SO-2025-08194,C1933,WAR,2025-08-28,2025-09-02,2025-08-28,Telephone,Despatched
SO-2025-08195,C1806,WAR,2025-08-28,2025-08-29,2025-08-28,Telephone,Part despatched
SO-2025-08196,C1162,WAR,2025-08-28,2025-08-29,2025-08-29,Telephone,Despatched
SO-2025-08197,C1238,BRS,2025-08-28,2025-09-01,2025-08-29,Telephone,Part despatched
SO-2025-08198,C1071,BRS,2025-08-28,2025-09-01,2025-08-28,Telephone,Part despatched
SO-2025-08199,C1357,LIV,2025-08-28,2025-09-02,2025-09-02,Trade counter,Despatched
SO-2025-08200,C1078,DAV,2025-08-29,2025-09-01,2025-09-01,Telephone,Despatched
SO-2025-08201,C1440,DAV,2025-08-29,2025-09-01,2025-08-29,Web,Despatched
SO-2025-08202,C1290,DAV,2025-08-29,2025-09-02,2025-08-29,Trade counter,Despatched
SO-2025-08203,C1563,DAV,2025-08-29,2025-09-03,2025-08-29,Account manager,Despatched
SO-2025-08204,C1145,DAV,2025-08-29,2025-09-03,2025-08-29,Trade counter,Despatched
SO-2025-08205,C1593,DAV,2025-08-29,2025-09-03,2025-08-29,Account manager,Despatched
SO-2025-08206,C1521,DAV,2025-08-29,2025-09-04,2025-08-29,Telephone,Despatched
SO-2025-08207,C1429,DAV,2025-08-29,2025-09-01,2025-08-29,Account manager,Despatched
SO-2025-08208,C1138,DAV,2025-08-29,2025-09-01,2025-08-29,Trade counter,Despatched
SO-2025-08209,C1209,DAV,2025-08-29,2025-09-03,2025-09-02,Web,Despatched
SO-2025-08210,C1597,WAR,2025-08-29,2025-09-01,2025-08-29,Telephone,Despatched
SO-2025-08211,C1651,WAR,2025-08-29,2025-09-02,2025-08-29,Account manager,Despatched
SO-2025-08212,C1374,BRS,2025-08-29,2025-09-01,2025-08-29,Telephone,Despatched
SO-2025-08213,C1374,BRS,2025-08-29,2025-09-02,2025-08-29,Telephone,Part despatched
SO-2025-08214,C1664,BRS,2025-08-29,2025-09-01,2025-08-29,Telephone,Despatched
SO-2025-08215,C1212,BRS,2025-08-29,2025-09-03,2025-08-29,Account manager,Part despatched
SO-2025-08216,C1294,BRS,2025-08-29,2025-09-04,2025-08-29,Web,Despatched
SO-2025-08217,C1505,BRS,2025-08-29,2025-09-04,2025-08-29,Telephone,Despatched
SO-2025-08218,C1557,BRS,2025-08-29,2025-09-02,2025-09-02,Trade counter,Despatched
SO-2025-08219,C1691,LIV,2025-08-29,2025-09-03,2025-08-29,Trade counter,Despatched
SO-2025-08220,C1209,DAV,2025-09-01,2025-09-05,2025-09-03,Trade counter,Despatched
SO-2025-08221,C1209,DAV,2025-09-01,2025-09-02,2025-09-04,Trade counter,Part despatched
SO-2025-08222,C1952,DAV,2025-09-01,2025-09-02,2025-09-01,Account manager,Despatched
SO-2025-08223,C1366,DAV,2025-09-01,2025-09-03,2025-09-01,Web,Despatched
SO-2025-08224,C1184,DAV,2025-09-01,2025-09-02,2025-09-01,Account manager,Despatched
SO-2025-08225,C1094,DAV,2025-09-01,2025-09-05,2025-09-01,Trade counter,Part despatched
SO-2025-08226,C1841,DAV,2025-09-01,2025-09-03,2025-09-01,Telephone,Despatched
SO-2025-08227,C1366,DAV,2025-09-01,2025-09-03,2025-09-01,Trade counter,Part despatched
SO-2025-08228,C1426,DAV,2025-09-01,2025-09-03,2025-09-01,Trade counter,Despatched
SO-2025-08229,C1447,DAV,2025-09-01,2025-09-05,2025-09-01,Telephone,Part despatched
SO-2025-08230,C1211,DAV,2025-09-01,2025-09-05,2025-09-02,Web,Despatched
SO-2025-08231,C1120,DAV,2025-09-01,2025-09-02,2025-09-04,Web,Despatched
SO-2025-08232,C1145,DAV,2025-09-01,2025-09-02,2025-09-01,Telephone,Despatched
SO-2025-08233,C1790,WAR,2025-09-01,2025-09-03,2025-09-01,Web,Despatched
SO-2025-08234,C1450,WAR,2025-09-01,2025-09-04,2025-09-01,Trade counter,Despatched
SO-2025-08235,C1866,WAR,2025-09-01,2025-09-02,2025-09-01,Trade counter,Despatched
SO-2025-08236,C1713,WAR,2025-09-01,2025-09-02,2025-09-01,Telephone,Despatched
SO-2025-08237,C1702,WAR,2025-09-01,2025-09-03,2025-09-01,Web,Despatched
SO-2025-08238,C1505,BRS,2025-09-01,2025-09-04,2025-09-01,Account manager,Despatched
SO-2025-08239,C1785,BRS,2025-09-01,2025-09-02,2025-09-01,Telephone,Part despatched
SO-2025-08240,C1475,BRS,2025-09-01,2025-09-04,2025-09-03,Web,Despatched
SO-2025-08241,C1518,BRS,2025-09-01,2025-09-05,2025-09-01,Trade counter,Part despatched
SO-2025-08242,C1610,DAV,2025-09-02,2025-09-08,2025-09-03,Account manager,Despatched
SO-2025-08243,C1366,DAV,2025-09-02,2025-09-03,2025-09-02,Account manager,Despatched
SO-2025-08244,C1629,DAV,2025-09-02,2025-09-04,2025-09-03,Web,Despatched
SO-2025-08245,C1599,DAV,2025-09-02,2025-09-08,2025-09-02,Web,Part despatched
SO-2025-08246,C1739,DAV,2025-09-02,2025-09-05,2025-09-03,Account manager,Despatched
SO-2025-08247,C1728,DAV,2025-09-02,2025-09-03,2025-09-02,Telephone,Despatched
SO-2025-08248,C1605,DAV,2025-09-02,2025-09-03,2025-09-02,Telephone,Despatched
SO-2025-08249,C1831,WAR,2025-09-02,2025-09-05,2025-09-03,Telephone,Despatched
SO-2025-08250,C1802,WAR,2025-09-02,2025-09-04,2025-09-02,Account manager,Despatched
SO-2025-08251,C1948,WAR,2025-09-02,2025-09-03,2025-09-02,Web,Despatched
SO-2025-08252,C1391,WAR,2025-09-02,2025-09-04,2025-09-02,Trade counter,Despatched
SO-2025-08253,C1374,BRS,2025-09-02,2025-09-04,2025-09-02,Web,Despatched
SO-2025-08254,C1273,BRS,2025-09-02,2025-09-05,2025-09-02,Trade counter,Despatched
SO-2025-08255,C1147,BRS,2025-09-02,2025-09-08,2025-09-02,Web,Despatched
SO-2025-08256,C1607,LIV,2025-09-02,2025-09-03,2025-09-02,Account manager,Despatched
SO-2025-08257,C1168,LIV,2025-09-02,2025-09-05,2025-09-02,Telephone,Despatched
SO-2025-08258,C1687,LIV,2025-09-02,2025-09-03,2025-09-02,Account manager,Despatched
SO-2025-08259,C1853,LIV,2025-09-02,2025-09-08,2025-09-02,Telephone,Despatched
SO-2025-08260,C1856,LIV,2025-09-02,2025-09-05,2025-09-02,Telephone,Despatched
SO-2025-08261,C1563,DAV,2025-09-03,2025-09-09,2025-09-03,Telephone,Despatched
SO-2025-08262,C1593,DAV,2025-09-03,2025-09-05,2025-09-03,Account manager,Despatched
SO-2025-08263,C1445,DAV,2025-09-03,2025-09-05,2025-09-05,Trade counter,Despatched
SO-2025-08264,C1098,DAV,2025-09-03,2025-09-08,2025-09-03,Trade counter,Despatched
SO-2025-08265,C1094,DAV,2025-09-03,2025-09-05,2025-09-04,Telephone,Despatched
SO-2025-08266,C1278,DAV,2025-09-03,2025-09-04,2025-09-03,Trade counter,Despatched
SO-2025-08267,C1336,WAR,2025-09-03,2025-09-09,2025-09-03,Trade counter,Despatched
SO-2025-08268,C1264,WAR,2025-09-03,2025-09-04,2025-09-03,Trade counter,Despatched
SO-2025-08269,C1839,WAR,2025-09-03,2025-09-08,2025-09-03,Web,Despatched
SO-2025-08270,C1802,WAR,2025-09-03,2025-09-04,2025-09-03,Web,Part despatched
SO-2025-08271,C1215,WAR,2025-09-03,2025-09-05,2025-09-04,Telephone,Despatched
SO-2025-08272,C1182,WAR,2025-09-03,2025-09-09,2025-09-03,Telephone,Part despatched
SO-2025-08273,C1382,BRS,2025-09-03,2025-09-04,2025-09-03,Account manager,Despatched
SO-2025-08274,C1343,BRS,2025-09-03,2025-09-08,2025-09-08,Web,Part despatched
SO-2025-08275,C1038,LIV,2025-09-03,2025-09-09,2025-09-05,Account manager,Despatched
SO-2025-08276,C1734,DAV,2025-09-04,2025-09-09,2025-09-04,Trade counter,Despatched
SO-2025-08277,C1389,DAV,2025-09-04,2025-09-09,2025-09-04,Telephone,Despatched
SO-2025-08278,C1094,DAV,2025-09-04,2025-09-10,2025-09-04,Trade counter,Despatched
SO-2025-08279,C1491,DAV,2025-09-04,2025-09-05,2025-09-04,Web,Part despatched
SO-2025-08280,C1599,DAV,2025-09-04,2025-09-05,2025-09-04,Web,Despatched
SO-2025-08281,C1389,DAV,2025-09-04,2025-09-09,2025-09-04,Web,Despatched
SO-2025-08282,C1767,DAV,2025-09-04,2025-09-10,2025-09-04,Trade counter,Despatched
SO-2025-08283,C1515,DAV,2025-09-04,2025-09-09,2025-09-04,Trade counter,Despatched
SO-2025-08284,C1827,DAV,2025-09-04,2025-09-09,2025-09-04,Web,Despatched
SO-2025-08285,C1599,DAV,2025-09-04,2025-09-09,2025-09-04,Web,Despatched
SO-2025-08286,C1145,DAV,2025-09-04,2025-09-05,2025-09-08,Trade counter,Despatched
SO-2025-08287,C1032,WAR,2025-09-04,2025-09-08,2025-09-05,Trade counter,Despatched
SO-2025-08288,C1790,WAR,2025-09-04,2025-09-05,2025-09-05,Telephone,Despatched
SO-2025-08289,C1808,WAR,2025-09-04,2025-09-05,2025-09-05,Account manager,Despatched
SO-2025-08290,C1535,WAR,2025-09-04,2025-09-10,2025-09-04,Trade counter,Despatched
SO-2025-08291,C1215,WAR,2025-09-04,2025-09-10,2025-09-04,Trade counter,Despatched
SO-2025-08292,C1724,WAR,2025-09-04,2025-09-05,2025-09-05,Trade counter,Despatched
SO-2025-08293,C1212,BRS,2025-09-04,2025-09-05,2025-09-04,Telephone,Despatched
SO-2025-08294,C1697,BRS,2025-09-04,2025-09-08,2025-09-04,Account manager,Despatched
SO-2025-08295,C1374,BRS,2025-09-04,2025-09-10,2025-09-09,Web,Part despatched
SO-2025-08296,C1374,BRS,2025-09-04,2025-09-09,2025-09-08,Account manager,Part despatched
SO-2025-08297,C1674,BRS,2025-09-04,2025-09-09,2025-09-04,Telephone,Despatched
SO-2025-08298,C1004,LIV,2025-09-04,2025-09-08,2025-09-04,Trade counter,Despatched
SO-2025-08299,C1888,DAV,2025-09-05,2025-09-10,2025-09-05,Telephone,Despatched
SO-2025-08300,C1299,DAV,2025-09-05,2025-09-08,2025-09-05,Account manager,Despatched
SO-2025-08301,C1599,DAV,2025-09-05,2025-09-08,2025-09-05,Account manager,Part despatched
SO-2025-08302,C1052,DAV,2025-09-05,2025-09-10,2025-09-05,Telephone,Despatched
SO-2025-08303,C1928,DAV,2025-09-05,2025-09-09,2025-09-08,Telephone,Part despatched
SO-2025-08304,C1554,DAV,2025-09-05,2025-09-09,2025-09-05,Web,Part despatched
SO-2025-08305,C1599,DAV,2025-09-05,2025-09-09,2025-09-08,Trade counter,Despatched
SO-2025-08306,C1098,DAV,2025-09-05,2025-09-10,2025-09-05,Trade counter,Despatched
SO-2025-08307,C1648,DAV,2025-09-05,2025-09-11,2025-09-05,Trade counter,Despatched
SO-2025-08308,C1744,DAV,2025-09-05,2025-09-08,2025-09-05,Telephone,Despatched
SO-2025-08309,C1278,DAV,2025-09-05,2025-09-10,2025-09-05,Trade counter,Despatched
SO-2025-08310,C1145,DAV,2025-09-05,2025-09-11,2025-09-05,Account manager,Despatched
SO-2025-08311,C1531,DAV,2025-09-05,2025-09-09,2025-09-05,Telephone,Despatched
SO-2025-08312,C1450,WAR,2025-09-05,2025-09-09,2025-09-08,Trade counter,Part despatched
SO-2025-08313,C1872,WAR,2025-09-05,2025-09-10,2025-09-05,Web,Despatched
SO-2025-08314,C1360,WAR,2025-09-05,2025-09-10,2025-09-05,Telephone,Despatched
SO-2025-08315,C1460,WAR,2025-09-05,2025-09-08,2025-09-05,Web,Part despatched
SO-2025-08316,C1010,WAR,2025-09-05,2025-09-09,2025-09-09,Web,Despatched
SO-2025-08317,C1032,WAR,2025-09-05,2025-09-10,2025-09-08,Web,Despatched
SO-2025-08318,C1238,BRS,2025-09-05,2025-09-10,2025-09-05,Trade counter,Part despatched
SO-2025-08319,C1171,BRS,2025-09-05,2025-09-09,2025-09-10,Telephone,Despatched
SO-2025-08320,C1044,BRS,2025-09-05,2025-09-10,2025-09-08,Web,Despatched
SO-2025-08321,C1004,LIV,2025-09-05,2025-09-09,2025-09-09,Telephone,Despatched
SO-2025-08322,C1004,LIV,2025-09-05,2025-09-11,2025-09-08,Trade counter,Despatched
SO-2025-08323,C1861,DAV,2025-09-08,2025-09-11,2025-09-10,Telephone,Despatched
SO-2025-08324,C1429,DAV,2025-09-08,2025-09-12,2025-09-08,Web,Despatched
SO-2025-08325,C1114,DAV,2025-09-08,2025-09-11,2025-09-10,Telephone,Despatched
SO-2025-08326,C1527,DAV,2025-09-08,2025-09-12,2025-09-08,Web,Part despatched
SO-2025-08327,C1429,DAV,2025-09-08,2025-09-11,2025-09-08,Trade counter,Part despatched
SO-2025-08328,C1366,DAV,2025-09-08,2025-09-09,2025-09-08,Telephone,Despatched
SO-2025-08329,C1429,DAV,2025-09-08,2025-09-11,2025-09-08,Web,Despatched
SO-2025-08330,C1808,WAR,2025-09-08,2025-09-10,2025-09-08,Account manager,Despatched
SO-2025-08331,C1656,WAR,2025-09-08,2025-09-10,2025-09-09,Telephone,Despatched
SO-2025-08332,C1464,WAR,2025-09-08,2025-09-11,2025-09-08,Trade counter,Despatched
SO-2025-08333,C1215,WAR,2025-09-08,2025-09-12,2025-09-08,Account manager,Despatched
SO-2025-08334,C1802,WAR,2025-09-08,2025-09-09,2025-09-08,Telephone,Despatched
SO-2025-08335,C1581,WAR,2025-09-08,2025-09-09,2025-09-09,Trade counter,Despatched
SO-2025-08336,C1051,WAR,2025-09-08,2025-09-09,2025-09-11,Web,Despatched
SO-2025-08337,C1395,WAR,2025-09-08,2025-09-11,2025-09-08,Trade counter,Despatched
SO-2025-08338,C1215,WAR,2025-09-08,2025-09-09,2025-09-08,Account manager,Despatched
SO-2025-08339,C1026,WAR,2025-09-08,2025-09-09,2025-09-08,Web,Despatched
SO-2025-08340,C1948,WAR,2025-09-08,2025-09-12,2025-09-08,Trade counter,Part despatched
SO-2025-08341,C1475,BRS,2025-09-08,2025-09-09,2025-09-08,Telephone,Despatched
SO-2025-08342,C1212,BRS,2025-09-08,2025-09-12,2025-09-08,Trade counter,Despatched
SO-2025-08343,C1044,BRS,2025-09-08,2025-09-11,2025-09-10,Web,Despatched
SO-2025-08344,C1578,BRS,2025-09-08,2025-09-11,2025-09-08,Telephone,Despatched
SO-2025-08345,C1423,LIV,2025-09-08,2025-09-12,2025-09-08,Telephone,Despatched
SO-2025-08346,C1422,LIV,2025-09-08,2025-09-12,2025-09-08,Account manager,Despatched
SO-2025-08347,C1201,DAV,2025-09-09,2025-09-12,2025-09-10,Telephone,Despatched
SO-2025-08348,C1316,DAV,2025-09-09,2025-09-11,2025-09-09,Telephone,Despatched
SO-2025-08349,C1447,DAV,2025-09-09,2025-09-12,2025-09-10,Trade counter,Despatched
SO-2025-08350,C1262,DAV,2025-09-09,2025-09-15,2025-09-09,Telephone,Part despatched
SO-2025-08351,C1137,DAV,2025-09-09,2025-09-15,2025-09-10,Telephone,Despatched
SO-2025-08352,C1613,DAV,2025-09-09,2025-09-10,2025-09-10,Account manager,Despatched
SO-2025-08353,C1952,DAV,2025-09-09,2025-09-15,2025-09-10,Trade counter,Despatched
SO-2025-08354,C1429,DAV,2025-09-09,2025-09-11,2025-09-10,Trade counter,Despatched
SO-2025-08355,C1249,DAV,2025-09-09,2025-09-15,2025-09-09,Telephone,Despatched
SO-2025-08356,C1385,DAV,2025-09-09,2025-09-12,2025-09-10,Telephone,Despatched
SO-2025-08357,C1211,DAV,2025-09-09,2025-09-15,2025-09-09,Telephone,Despatched
SO-2025-08358,C1372,DAV,2025-09-09,2025-09-10,2025-09-09,Trade counter,Despatched
SO-2025-08359,C1141,WAR,2025-09-09,2025-09-15,2025-09-09,Trade counter,Despatched
SO-2025-08360,C1960,WAR,2025-09-09,2025-09-11,2025-09-09,Trade counter,Despatched
SO-2025-08361,C1713,WAR,2025-09-09,2025-09-10,2025-09-09,Telephone,Despatched
SO-2025-08362,C1374,BRS,2025-09-09,2025-09-11,2025-09-09,Web,Despatched
SO-2025-08363,C1374,BRS,2025-09-09,2025-09-11,2025-09-09,Web,Despatched
SO-2025-08364,C1238,BRS,2025-09-09,2025-09-12,,Account manager,Cancelled
SO-2025-08365,C1374,BRS,2025-09-09,2025-09-10,2025-09-09,Telephone,Despatched
SO-2025-08366,C1071,BRS,2025-09-09,2025-09-15,2025-09-10,Web,Despatched
SO-2025-08367,C1422,LIV,2025-09-09,2025-09-15,2025-09-09,Trade counter,Despatched
SO-2025-08368,C1478,LIV,2025-09-09,2025-09-10,2025-09-09,Trade counter,Part despatched
SO-2025-08369,C1085,LIV,2025-09-09,2025-09-11,2025-09-09,Web,Despatched
SO-2025-08370,C1881,DAV,2025-09-10,2025-09-16,2025-09-10,Trade counter,Despatched
SO-2025-08371,C1426,DAV,2025-09-10,2025-09-12,2025-09-10,Telephone,Despatched
SO-2025-08372,C1728,DAV,2025-09-10,2025-09-11,,Account manager,Cancelled
SO-2025-08373,C1278,DAV,2025-09-10,2025-09-15,2025-09-15,Telephone,Despatched
SO-2025-08374,C1734,DAV,2025-09-10,2025-09-11,2025-09-10,Web,Despatched
SO-2025-08375,C1366,DAV,2025-09-10,2025-09-11,2025-09-10,Trade counter,Despatched
SO-2025-08376,C1227,DAV,2025-09-10,2025-09-11,2025-09-11,Account manager,Despatched
SO-2025-08377,C1563,DAV,2025-09-10,2025-09-11,2025-09-10,Telephone,Despatched
SO-2025-08378,C1098,DAV,2025-09-10,2025-09-11,2025-09-11,Trade counter,Part despatched
SO-2025-08379,C1854,DAV,2025-09-10,2025-09-12,2025-09-10,Web,Part despatched
SO-2025-08380,C1402,WAR,2025-09-10,2025-09-11,2025-09-10,Telephone,Despatched
SO-2025-08381,C1001,WAR,2025-09-10,2025-09-11,2025-09-10,Trade counter,Part despatched
SO-2025-08382,C1752,WAR,2025-09-10,2025-09-16,2025-09-10,Account manager,Despatched
SO-2025-08383,C1032,WAR,2025-09-10,2025-09-12,2025-09-10,Telephone,Despatched
SO-2025-08384,C1019,BRS,2025-09-10,2025-09-16,2025-09-10,Account manager,Despatched
SO-2025-08385,C1115,BRS,2025-09-10,2025-09-16,2025-09-10,Web,Despatched
SO-2025-08386,C1044,BRS,2025-09-10,2025-09-15,2025-09-10,Web,Part despatched
SO-2025-08387,C1247,BRS,2025-09-10,2025-09-11,2025-09-10,Telephone,Part despatched
SO-2025-08388,C1697,BRS,2025-09-10,2025-09-16,2025-09-11,Trade counter,Despatched
SO-2025-08389,C1321,LIV,2025-09-10,2025-09-12,2025-09-12,Trade counter,Despatched
SO-2025-08390,C1168,LIV,2025-09-10,2025-09-16,2025-09-11,Web,Despatched
SO-2025-08391,C1267,LIV,2025-09-10,2025-09-16,2025-09-11,Telephone,Despatched
SO-2025-08392,C1599,DAV,2025-09-11,2025-09-16,2025-09-11,Account manager,Despatched
SO-2025-08393,C1447,DAV,2025-09-11,2025-09-17,2025-09-11,Web,Despatched
SO-2025-08394,C1290,DAV,2025-09-11,2025-09-12,2025-09-11,Telephone,Despatched
SO-2025-08395,C1447,DAV,2025-09-11,2025-09-17,2025-09-12,Telephone,Despatched
SO-2025-08396,C1610,DAV,2025-09-11,2025-09-12,2025-09-11,Account manager,Despatched
SO-2025-08397,C1194,DAV,2025-09-11,2025-09-15,2025-09-11,Telephone,Despatched
SO-2025-08398,C1734,DAV,2025-09-11,2025-09-15,2025-09-11,Trade counter,Part despatched
SO-2025-08399,C1800,DAV,2025-09-11,2025-09-16,2025-09-11,Telephone,Despatched
SO-2025-08400,C1581,WAR,2025-09-11,2025-09-15,2025-09-12,Trade counter,Despatched
SO-2025-08401,C1482,WAR,2025-09-11,2025-09-16,2025-09-12,Web,Despatched
SO-2025-08402,C1395,WAR,2025-09-11,2025-09-17,2025-09-11,Trade counter,Despatched
SO-2025-08403,C1948,WAR,2025-09-11,2025-09-12,2025-09-11,Trade counter,Despatched
SO-2025-08404,C1032,WAR,2025-09-11,2025-09-12,2025-09-12,Account manager,Despatched
SO-2025-08405,C1844,WAR,2025-09-11,2025-09-15,2025-09-11,Web,Despatched
SO-2025-08406,C1004,LIV,2025-09-11,2025-09-12,2025-09-11,Telephone,Despatched
SO-2025-08407,C1379,LIV,2025-09-11,2025-09-12,2025-09-12,Trade counter,Part despatched
SO-2025-08408,C1085,LIV,2025-09-11,2025-09-12,2025-09-11,Account manager,Despatched
SO-2025-08409,C1478,LIV,2025-09-11,2025-09-17,2025-09-11,Web,Despatched
SO-2025-08410,C1685,LIV,2025-09-11,2025-09-17,2025-09-12,Telephone,Despatched
SO-2025-08411,C1669,DAV,2025-09-12,2025-09-18,2025-09-15,Account manager,Despatched
SO-2025-08412,C1728,DAV,2025-09-12,2025-09-18,2025-09-16,Trade counter,Despatched
SO-2025-08413,C1201,DAV,2025-09-12,2025-09-15,2025-09-12,Telephone,Despatched
SO-2025-08414,C1952,DAV,2025-09-12,2025-09-15,2025-09-12,Web,Despatched
SO-2025-08415,C1145,DAV,2025-09-12,2025-09-18,2025-09-12,Telephone,Despatched
SO-2025-08416,C1211,DAV,2025-09-12,2025-09-17,2025-09-15,Account manager,Part despatched
SO-2025-08417,C1094,DAV,2025-09-12,2025-09-18,2025-09-12,Telephone,Part despatched
SO-2025-08418,C1001,WAR,2025-09-12,2025-09-16,2025-09-12,Web,Despatched
SO-2025-08419,C1802,WAR,2025-09-12,2025-09-18,2025-09-15,Web,Despatched
SO-2025-08420,C1215,WAR,2025-09-12,2025-09-16,2025-09-12,Trade counter,Despatched
SO-2025-08421,C1839,WAR,2025-09-12,2025-09-17,2025-09-16,Web,Part despatched
SO-2025-08422,C1697,BRS,2025-09-12,2025-09-16,2025-09-12,Trade counter,Despatched
SO-2025-08423,C1339,BRS,2025-09-12,2025-09-16,2025-09-16,Account manager,Part despatched
SO-2025-08424,C1328,BRS,2025-09-12,2025-09-16,2025-09-16,Trade counter,Part despatched
SO-2025-08425,C1466,LIV,2025-09-12,2025-09-18,2025-09-15,Telephone,Despatched
SO-2025-08426,C1853,LIV,2025-09-12,2025-09-15,2025-09-12,Trade counter,Despatched
SO-2025-08427,C1853,LIV,2025-09-12,2025-09-15,2025-09-12,Trade counter,Despatched
SO-2025-08428,C1821,LIV,2025-09-12,2025-09-18,2025-09-12,Telephone,Despatched
SO-2025-08429,C1004,LIV,2025-09-12,2025-09-16,2025-09-12,Telephone,Despatched
SO-2025-08430,C1478,LIV,2025-09-12,2025-09-17,2025-09-12,Telephone,Despatched
SO-2025-08431,C1249,DAV,2025-09-15,2025-09-16,2025-09-15,Trade counter,Despatched
SO-2025-08432,C1133,DAV,2025-09-15,2025-09-17,2025-09-15,Web,Despatched
SO-2025-08433,C1593,DAV,2025-09-15,2025-09-18,2025-09-15,Web,Despatched
SO-2025-08434,C1270,DAV,2025-09-15,2025-09-18,2025-09-15,Account manager,Despatched
SO-2025-08435,C1145,DAV,2025-09-15,2025-09-17,2025-09-15,Trade counter,Despatched
SO-2025-08436,C1227,DAV,2025-09-15,2025-09-17,2025-09-15,Telephone,Despatched
SO-2025-08437,C1831,WAR,2025-09-15,2025-09-17,2025-09-15,Trade counter,Despatched
SO-2025-08438,C1464,WAR,2025-09-15,2025-09-19,2025-09-15,Telephone,Part despatched
SO-2025-08439,C1164,WAR,2025-09-15,2025-09-17,2025-09-17,Account manager,Despatched
SO-2025-08440,C1071,BRS,2025-09-15,2025-09-19,2025-09-16,Telephone,Despatched
SO-2025-08441,C1697,BRS,2025-09-15,2025-09-19,2025-09-15,Account manager,Part despatched
SO-2025-08442,C1463,BRS,2025-09-15,2025-09-18,2025-09-16,Web,Despatched
SO-2025-08443,C1044,BRS,2025-09-15,2025-09-19,2025-09-15,Telephone,Despatched
SO-2025-08444,C1338,BRS,2025-09-15,2025-09-16,2025-09-15,Web,Despatched
SO-2025-08445,C1821,LIV,2025-09-15,2025-09-18,2025-09-15,Web,Despatched
SO-2025-08446,C1911,LIV,2025-09-15,2025-09-18,2025-09-15,Account manager,Part despatched
SO-2025-08447,C1569,DAV,2025-09-16,2025-09-17,2025-09-16,Trade counter,Part despatched
SO-2025-08448,C1563,DAV,2025-09-16,2025-09-19,2025-09-16,Web,Part despatched
SO-2025-08449,C1479,DAV,2025-09-16,2025-09-22,2025-09-16,Trade counter,Despatched
SO-2025-08450,C1734,DAV,2025-09-16,2025-09-17,2025-09-16,Telephone,Despatched
SO-2025-08451,C1234,WAR,2025-09-16,2025-09-22,2025-09-17,Telephone,Despatched
SO-2025-08452,C1679,WAR,2025-09-16,2025-09-22,2025-09-16,Account manager,Despatched
SO-2025-08453,C1234,WAR,2025-09-16,2025-09-17,2025-09-16,Telephone,Despatched
SO-2025-08454,C1051,WAR,2025-09-16,2025-09-18,2025-09-17,Web,Despatched
SO-2025-08455,C1075,WAR,2025-09-16,2025-09-18,2025-09-17,Telephone,Despatched
SO-2025-08456,C1757,BRS,2025-09-16,2025-09-19,2025-09-16,Trade counter,Despatched
SO-2025-08457,C1374,BRS,2025-09-16,2025-09-17,2025-09-16,Web,Despatched
SO-2025-08458,C1659,BRS,2025-09-16,2025-09-17,2025-09-16,Telephone,Part despatched
SO-2025-08459,C1435,LIV,2025-09-16,2025-09-17,2025-09-16,Web,Part despatched
SO-2025-08460,C1422,LIV,2025-09-16,2025-09-18,2025-09-16,Telephone,Despatched
SO-2025-08461,C1478,LIV,2025-09-16,2025-09-17,2025-09-16,Telephone,Despatched
SO-2025-08462,C1800,DAV,2025-09-17,2025-09-22,2025-09-17,Telephone,Part despatched
SO-2025-08463,C1901,DAV,2025-09-17,2025-09-23,2025-09-17,Account manager,Despatched
SO-2025-08464,C1255,DAV,2025-09-17,2025-09-19,2025-09-22,Telephone,Despatched
SO-2025-08465,C1429,DAV,2025-09-17,2025-09-23,2025-09-17,Web,Despatched
SO-2025-08466,C1593,DAV,2025-09-17,2025-09-23,2025-09-17,Trade counter,Despatched
SO-2025-08467,C1554,DAV,2025-09-17,2025-09-19,2025-09-17,Web,Despatched
SO-2025-08468,C1336,WAR,2025-09-17,2025-09-23,2025-09-17,Web,Despatched
SO-2025-08469,C1032,WAR,2025-09-17,2025-09-18,2025-09-17,Account manager,Part despatched
SO-2025-08470,C1032,WAR,2025-09-17,2025-09-18,2025-09-17,Web,Despatched
SO-2025-08471,C1837,WAR,2025-09-17,2025-09-23,2025-09-18,Telephone,Despatched
SO-2025-08472,C1343,BRS,2025-09-17,2025-09-18,2025-09-17,Account manager,Despatched
SO-2025-08473,C1330,BRS,2025-09-17,2025-09-19,2025-09-17,Web,Part despatched
SO-2025-08474,C1065,BRS,2025-09-17,2025-09-23,2025-09-17,Trade counter,Despatched
SO-2025-08475,C1659,BRS,2025-09-17,2025-09-18,2025-09-17,Telephone,Despatched
SO-2025-08476,C1557,BRS,2025-09-17,2025-09-18,2025-09-17,Web,Despatched
SO-2025-08477,C1267,LIV,2025-09-17,2025-09-19,2025-09-17,Web,Despatched
SO-2025-08478,C1270,DAV,2025-09-18,2025-09-23,2025-09-18,Trade counter,Part despatched
SO-2025-08479,C1372,DAV,2025-09-18,2025-09-24,2025-09-22,Telephone,Despatched
SO-2025-08480,C1563,DAV,2025-09-18,2025-09-23,2025-09-18,Account manager,Despatched
SO-2025-08481,C1479,DAV,2025-09-18,2025-09-19,2025-09-18,Telephone,Despatched
SO-2025-08482,C1940,DAV,2025-09-18,2025-09-19,2025-09-18,Trade counter,Part despatched
SO-2025-08483,C1215,WAR,2025-09-18,2025-09-19,2025-09-18,Trade counter,Despatched
SO-2025-08484,C1032,WAR,2025-09-18,2025-09-19,2025-09-18,Trade counter,Despatched
SO-2025-08485,C1948,WAR,2025-09-18,2025-09-24,2025-09-18,Trade counter,Despatched
SO-2025-08486,C1207,WAR,2025-09-18,2025-09-22,2025-09-18,Account manager,Despatched
SO-2025-08487,C1010,WAR,2025-09-18,2025-09-23,2025-09-22,Web,Part despatched
SO-2025-08488,C1234,WAR,2025-09-18,2025-09-24,2025-09-22,Trade counter,Despatched
SO-2025-08489,C1215,WAR,2025-09-18,2025-09-23,2025-09-23,Telephone,Despatched
SO-2025-08490,C1475,BRS,2025-09-18,2025-09-19,2025-09-18,Telephone,Part despatched
SO-2025-08491,C1602,BRS,2025-09-18,2025-09-23,2025-09-18,Trade counter,Despatched
SO-2025-08492,C1151,BRS,2025-09-18,2025-09-23,2025-09-18,Trade counter,Despatched
SO-2025-08493,C1168,LIV,2025-09-18,2025-09-22,2025-09-19,Telephone,Despatched
SO-2025-08494,C1160,LIV,2025-09-18,2025-09-22,2025-09-18,Trade counter,Part despatched
SO-2025-08495,C1168,LIV,2025-09-18,2025-09-23,2025-09-18,Trade counter,Part despatched
SO-2025-08496,C1133,DAV,2025-09-19,2025-09-24,2025-09-19,Telephone,Despatched
SO-2025-08497,C1097,DAV,2025-09-19,2025-09-22,2025-09-19,Trade counter,Despatched
SO-2025-08498,C1734,DAV,2025-09-19,2025-09-23,2025-09-22,Trade counter,Despatched
SO-2025-08499,C1194,DAV,2025-09-19,2025-09-24,2025-09-19,Account manager,Part despatched
SO-2025-08500,C1184,DAV,2025-09-19,2025-09-23,2025-09-19,Telephone,Despatched
SO-2025-08501,C1235,DAV,2025-09-19,2025-09-22,2025-09-23,Web,Despatched
SO-2025-08502,C1734,DAV,2025-09-19,2025-09-22,2025-09-19,Trade counter,Despatched
SO-2025-08503,C1734,DAV,2025-09-19,2025-09-22,2025-09-19,Account manager,Despatched
SO-2025-08504,C1632,DAV,2025-09-19,2025-09-25,2025-09-19,Telephone,Despatched
SO-2025-08505,C1278,DAV,2025-09-19,2025-09-22,2025-09-19,Trade counter,Despatched
SO-2025-08506,C1734,DAV,2025-09-19,2025-09-24,2025-09-19,Trade counter,Despatched
SO-2025-08507,C1479,DAV,2025-09-19,2025-09-22,2025-09-19,Account manager,Despatched
SO-2025-08508,C1097,DAV,2025-09-19,2025-09-23,2025-09-19,Web,Despatched
SO-2025-08509,C1126,DAV,2025-09-19,2025-09-23,2025-09-22,Trade counter,Despatched
SO-2025-08510,C1460,WAR,2025-09-19,2025-09-22,2025-09-19,Web,Despatched
SO-2025-08511,C1032,WAR,2025-09-19,2025-09-23,2025-09-22,Trade counter,Part despatched
SO-2025-08512,C1234,WAR,2025-09-19,2025-09-22,2025-09-19,Account manager,Despatched
SO-2025-08513,C1225,BRS,2025-09-19,2025-09-25,2025-09-19,Trade counter,Despatched
SO-2025-08514,C1140,BRS,2025-09-19,2025-09-24,2025-09-24,Trade counter,Despatched
SO-2025-08515,C1659,BRS,2025-09-19,2025-09-23,2025-09-19,Trade counter,Despatched
SO-2025-08516,C1171,BRS,2025-09-19,2025-09-25,2025-09-19,Trade counter,Despatched
SO-2025-08517,C1238,BRS,2025-09-19,2025-09-25,2025-09-19,Web,Despatched
SO-2025-08518,C1689,LIV,2025-09-19,2025-09-23,2025-09-19,Telephone,Despatched
SO-2025-08519,C1085,LIV,2025-09-19,2025-09-24,2025-09-22,Web,Despatched
SO-2025-08520,C1821,LIV,2025-09-19,2025-09-25,2025-09-19,Telephone,Despatched
SO-2025-08521,C1168,LIV,2025-09-19,2025-09-24,2025-09-19,Telephone,Despatched
SO-2025-08522,C1693,LIV,2025-09-19,2025-09-25,2025-09-22,Trade counter,Part despatched
SO-2025-08523,C1056,DAV,2025-09-22,2025-09-24,2025-09-23,Telephone,Despatched
SO-2025-08524,C1979,DAV,2025-09-22,2025-09-24,2025-09-23,Trade counter,Part despatched
SO-2025-08525,C1098,DAV,2025-09-22,2025-09-25,2025-09-22,Account manager,Despatched
SO-2025-08526,C1563,DAV,2025-09-22,2025-09-24,2025-09-22,Web,Despatched
SO-2025-08527,C1094,DAV,2025-09-22,2025-09-26,2025-09-22,Trade counter,Despatched
SO-2025-08528,C1402,WAR,2025-09-22,2025-09-23,2025-09-22,Trade counter,Despatched
SO-2025-08529,C1355,WAR,2025-09-22,2025-09-24,2025-09-22,Web,Despatched
SO-2025-08530,C1960,WAR,2025-09-22,2025-09-25,2025-09-22,Account manager,Despatched
SO-2025-08531,C1463,BRS,2025-09-22,2025-09-26,2025-09-23,Trade counter,Despatched
SO-2025-08532,C1783,BRS,2025-09-22,2025-09-25,2025-09-23,Web,Despatched
SO-2025-08533,C1338,BRS,2025-09-22,2025-09-25,,Trade counter,Cancelled
SO-2025-08534,C1874,BRS,2025-09-22,2025-09-25,2025-09-22,Telephone,Despatched
SO-2025-08535,C1697,BRS,2025-09-22,2025-09-26,2025-09-22,Trade counter,Despatched
SO-2025-08536,C1328,BRS,2025-09-22,2025-09-25,2025-09-24,Trade counter,Part despatched
SO-2025-08537,C1475,BRS,2025-09-22,2025-09-26,2025-09-22,Trade counter,Part despatched
SO-2025-08538,C1757,BRS,2025-09-22,2025-09-23,2025-09-22,Trade counter,Part despatched
SO-2025-08539,C1151,BRS,2025-09-22,2025-09-25,2025-09-23,Telephone,Despatched
SO-2025-08540,C1430,LIV,2025-09-22,2025-09-26,2025-09-22,Telephone,Despatched
SO-2025-08541,C1975,LIV,2025-09-22,2025-09-25,2025-09-22,Web,Despatched
SO-2025-08542,C1379,LIV,2025-09-22,2025-09-26,2025-09-22,Trade counter,Despatched
SO-2025-08543,C1634,LIV,2025-09-22,2025-09-23,2025-09-22,Trade counter,Part despatched
SO-2025-08544,C1821,LIV,2025-09-22,2025-09-26,2025-09-22,Web,Despatched
SO-2025-08545,C1821,LIV,2025-09-22,2025-09-25,2025-09-22,Web,Despatched
SO-2025-08546,C1835,LIV,2025-09-22,2025-09-25,2025-09-24,Account manager,Despatched
SO-2025-08547,C1959,LIV,2025-09-22,2025-09-23,2025-09-22,Trade counter,Part despatched
SO-2025-08548,C1085,LIV,2025-09-22,2025-09-26,2025-09-22,Telephone,Despatched
SO-2025-08549,C1145,DAV,2025-09-23,2025-09-26,2025-09-23,Trade counter,Despatched
SO-2025-08550,C1098,DAV,2025-09-23,2025-09-29,2025-09-23,Trade counter,Despatched
SO-2025-08551,C1928,DAV,2025-09-23,2025-09-24,2025-09-25,Telephone,Part despatched
SO-2025-08552,C1084,DAV,2025-09-23,2025-09-24,2025-09-23,Telephone,Despatched
SO-2025-08553,C1587,DAV,2025-09-23,2025-09-26,2025-09-23,Trade counter,Part despatched
SO-2025-08554,C1133,DAV,2025-09-23,2025-09-29,2025-09-25,Trade counter,Despatched
SO-2025-08555,C1145,DAV,2025-09-23,2025-09-25,2025-09-23,Account manager,Part despatched
SO-2025-08556,C1056,DAV,2025-09-23,2025-09-24,2025-09-25,Telephone,Despatched
SO-2025-08557,C1454,WAR,2025-09-23,2025-09-26,2025-09-23,Trade counter,Despatched
SO-2025-08558,C1346,WAR,2025-09-23,2025-09-29,2025-09-24,Telephone,Despatched
SO-2025-08559,C1123,WAR,2025-09-23,2025-09-25,2025-09-24,Telephone,Despatched
SO-2025-08560,C1156,WAR,2025-09-23,2025-09-25,2025-09-23,Telephone,Despatched
SO-2025-08561,C1535,WAR,2025-09-23,2025-09-25,2025-09-25,Telephone,Despatched
SO-2025-08562,C1802,WAR,2025-09-23,2025-09-29,2025-09-23,Account manager,Part despatched
SO-2025-08563,C1151,BRS,2025-09-23,2025-09-24,2025-09-23,Trade counter,Part despatched
SO-2025-08564,C1343,BRS,2025-09-23,2025-09-25,2025-09-23,Web,Part despatched
SO-2025-08565,C1071,BRS,2025-09-23,2025-09-25,2025-09-23,Telephone,Despatched
SO-2025-08566,C1109,LIV,2025-09-23,2025-09-25,2025-09-23,Account manager,Despatched
SO-2025-08567,C1723,LIV,2025-09-23,2025-09-29,2025-09-23,Trade counter,Part despatched
SO-2025-08568,C1168,LIV,2025-09-23,2025-09-29,2025-09-23,Trade counter,Despatched
SO-2025-08569,C1821,LIV,2025-09-23,2025-09-29,2025-09-23,Telephone,Despatched
SO-2025-08570,C1257,DAV,2025-09-24,2025-09-30,2025-09-24,Telephone,Despatched
SO-2025-08571,C1521,DAV,2025-09-24,2025-09-25,2025-09-24,Telephone,Despatched
SO-2025-08572,C1971,DAV,2025-09-24,2025-09-26,2025-09-25,Web,Despatched
SO-2025-08573,C1389,DAV,2025-09-24,2025-09-29,2025-09-25,Web,Despatched
SO-2025-08574,C1636,DAV,2025-09-24,2025-09-26,2025-09-25,Web,Part despatched
SO-2025-08575,C1940,DAV,2025-09-24,2025-09-30,2025-09-24,Trade counter,Despatched
SO-2025-08576,C1278,DAV,2025-09-24,2025-09-26,2025-09-24,Trade counter,Despatched
SO-2025-08577,C1143,DAV,2025-09-24,2025-09-29,2025-09-25,Trade counter,Despatched
SO-2025-08578,C1460,WAR,2025-09-24,2025-09-30,2025-09-24,Trade counter,Despatched
SO-2025-08579,C1032,WAR,2025-09-24,2025-09-26,2025-09-24,Account manager,Despatched
SO-2025-08580,C1918,WAR,2025-09-24,2025-09-26,2025-09-24,Trade counter,Despatched
SO-2025-08581,C1450,WAR,2025-09-24,2025-09-25,2025-09-24,Web,Part despatched
SO-2025-08582,C1844,WAR,2025-09-24,2025-09-29,2025-09-24,Trade counter,Despatched
SO-2025-08583,C1874,BRS,2025-09-24,2025-09-29,2025-09-24,Trade counter,Despatched
SO-2025-08584,C1475,BRS,2025-09-24,2025-09-30,2025-09-24,Web,Part despatched
SO-2025-08585,C1374,BRS,2025-09-24,2025-09-30,2025-09-24,Telephone,Part despatched
SO-2025-08586,C1574,LIV,2025-09-24,2025-09-25,2025-09-24,Web,Despatched
SO-2025-08587,C1563,DAV,2025-09-25,2025-09-30,2025-09-25,Account manager,Part despatched
SO-2025-08588,C1251,DAV,2025-09-25,2025-10-01,2025-09-25,Web,Part despatched
SO-2025-08589,C1201,DAV,2025-09-25,2025-09-29,2025-09-25,Trade counter,Despatched
SO-2025-08590,C1366,DAV,2025-09-25,2025-09-26,2025-09-30,Telephone,Despatched
SO-2025-08591,C1486,DAV,2025-09-25,2025-09-30,2025-09-25,Telephone,Despatched
SO-2025-08592,C1407,DAV,2025-09-25,2025-09-26,2025-09-29,Trade counter,Despatched
SO-2025-08593,C1032,WAR,2025-09-25,2025-09-26,2025-09-25,Telephone,Despatched
SO-2025-08594,C1207,WAR,2025-09-25,2025-09-29,2025-09-29,Telephone,Despatched
SO-2025-08595,C1912,WAR,2025-09-25,2025-09-30,2025-09-25,Web,Despatched
SO-2025-08596,C1398,WAR,2025-09-25,2025-09-30,2025-09-26,Account manager,Despatched
SO-2025-08597,C1948,WAR,2025-09-25,2025-09-29,2025-09-25,Web,Despatched
SO-2025-08598,C1783,BRS,2025-09-25,2025-09-30,2025-09-25,Trade counter,Despatched
SO-2025-08599,C1697,BRS,2025-09-25,2025-10-01,2025-09-25,Account manager,Part despatched
SO-2025-08600,C1475,BRS,2025-09-25,2025-09-26,2025-09-26,Telephone,Part despatched
SO-2025-08601,C1773,BRS,2025-09-25,2025-10-01,2025-09-25,Trade counter,Part despatched
SO-2025-08602,C1697,BRS,2025-09-25,2025-09-30,2025-09-25,Trade counter,Despatched
SO-2025-08603,C1900,LIV,2025-09-25,2025-09-30,2025-09-25,Telephone,Despatched
SO-2025-08604,C1422,LIV,2025-09-25,2025-10-01,2025-09-25,Web,Despatched
SO-2025-08605,C1584,LIV,2025-09-25,2025-09-29,2025-09-25,Trade counter,Part despatched
SO-2025-08606,C1694,LIV,2025-09-25,2025-10-01,2025-09-25,Trade counter,Part despatched
SO-2025-08607,C1085,LIV,2025-09-25,2025-09-30,2025-09-26,Trade counter,Part despatched
SO-2025-08608,C1004,LIV,2025-09-25,2025-09-29,2025-09-25,Account manager,Part despatched
SO-2025-08609,C1276,DAV,2025-09-26,2025-09-29,2025-09-26,Telephone,Part despatched
SO-2025-08610,C1895,DAV,2025-09-26,2025-09-30,2025-09-26,Telephone,Part despatched
SO-2025-08611,C1389,DAV,2025-09-26,2025-09-30,2025-09-26,Trade counter,Despatched
SO-2025-08612,C1681,DAV,2025-09-26,2025-09-29,2025-09-26,Trade counter,Despatched
SO-2025-08613,C1366,DAV,2025-09-26,2025-09-29,2025-09-29,Telephone,Part despatched
SO-2025-08614,C1078,DAV,2025-09-26,2025-10-02,2025-09-26,Trade counter,Despatched
SO-2025-08615,C1767,DAV,2025-09-26,2025-10-01,2025-09-30,Trade counter,Despatched
SO-2025-08616,C1104,DAV,2025-09-26,2025-10-02,2025-09-29,Web,Despatched
SO-2025-08617,C1521,DAV,2025-09-26,2025-10-02,2025-09-26,Trade counter,Part despatched
SO-2025-08618,C1593,DAV,2025-09-26,2025-10-02,2025-09-26,Account manager,Despatched
SO-2025-08619,C1270,DAV,2025-09-26,2025-10-01,2025-09-26,Telephone,Part despatched
SO-2025-08620,C1610,DAV,2025-09-26,2025-10-01,2025-09-29,Web,Despatched
SO-2025-08621,C1960,WAR,2025-09-26,2025-10-02,2025-09-29,Web,Despatched
SO-2025-08622,C1955,WAR,2025-09-26,2025-10-02,2025-09-26,Web,Despatched
SO-2025-08623,C1215,WAR,2025-09-26,2025-09-30,2025-09-30,Web,Despatched
SO-2025-08624,C1398,WAR,2025-09-26,2025-09-29,2025-09-26,Trade counter,Despatched
SO-2025-08625,C1156,WAR,2025-09-26,2025-09-29,2025-09-30,Trade counter,Part despatched
SO-2025-08626,C1193,WAR,2025-09-26,2025-09-29,2025-09-29,Telephone,Part despatched
SO-2025-08627,C1581,WAR,2025-09-26,2025-10-01,2025-09-26,Account manager,Despatched
SO-2025-08628,C1839,WAR,2025-09-26,2025-09-29,2025-09-29,Trade counter,Part despatched
SO-2025-08629,C1482,WAR,2025-09-26,2025-10-02,2025-09-29,Account manager,Despatched
SO-2025-08630,C1238,BRS,2025-09-26,2025-09-30,2025-09-26,Telephone,Despatched
SO-2025-08631,C1247,BRS,2025-09-26,2025-09-29,2025-09-26,Trade counter,Despatched
SO-2025-08632,C1463,BRS,2025-09-26,2025-10-02,2025-09-30,Trade counter,Part despatched
SO-2025-08633,C1330,BRS,2025-09-26,2025-10-02,2025-09-26,Telephone,Despatched
SO-2025-08634,C1382,BRS,2025-09-26,2025-09-29,2025-09-30,Telephone,Despatched
SO-2025-08635,C1379,LIV,2025-09-26,2025-09-30,2025-09-26,Telephone,Despatched
SO-2025-08636,C1803,LIV,2025-09-26,2025-10-02,2025-09-26,Web,Part despatched
SO-2025-08637,C1300,DAV,2025-09-29,2025-10-02,2025-09-30,Telephone,Part despatched
SO-2025-08638,C1447,DAV,2025-09-29,2025-10-03,2025-09-29,Telephone,Despatched
SO-2025-08639,C1145,DAV,2025-09-29,2025-09-30,2025-09-29,Web,Despatched
SO-2025-08640,C1278,DAV,2025-09-29,2025-10-03,2025-09-29,Account manager,Part despatched
SO-2025-08641,C1385,DAV,2025-09-29,2025-10-01,2025-09-30,Trade counter,Despatched
SO-2025-08642,C1094,DAV,2025-09-29,2025-10-03,2025-09-29,Account manager,Despatched
SO-2025-08643,C1447,DAV,2025-09-29,2025-10-03,2025-09-30,Trade counter,Despatched
SO-2025-08644,C1215,WAR,2025-09-29,2025-10-03,2025-09-29,Web,Part despatched
SO-2025-08645,C1871,WAR,2025-09-29,2025-10-03,2025-09-29,Trade counter,Despatched
SO-2025-08646,C1156,WAR,2025-09-29,2025-10-02,2025-09-29,Web,Despatched
SO-2025-08647,C1730,WAR,2025-09-29,2025-09-30,2025-09-30,Telephone,Despatched
SO-2025-08648,C1234,WAR,2025-09-29,2025-10-01,2025-10-02,Web,Despatched
SO-2025-08649,C1234,WAR,2025-09-29,2025-09-30,2025-09-29,Web,Part despatched
SO-2025-08650,C1822,WAR,2025-09-29,2025-10-01,2025-09-29,Trade counter,Part despatched
SO-2025-08651,C1697,BRS,2025-09-29,2025-10-03,2025-09-29,Web,Part despatched
SO-2025-08652,C1258,BRS,2025-09-29,2025-10-01,2025-09-29,Telephone,Part despatched
SO-2025-08653,C1578,BRS,2025-09-29,2025-09-30,2025-09-29,Web,Despatched
SO-2025-08654,C1697,BRS,2025-09-29,2025-10-01,2025-09-29,Telephone,Despatched
SO-2025-08655,C1578,BRS,2025-09-29,2025-10-02,2025-09-29,Telephone,Part despatched
SO-2025-08656,C1659,BRS,2025-09-29,2025-10-01,2025-10-01,Telephone,Part despatched
SO-2025-08657,C1151,BRS,2025-09-29,2025-10-02,2025-09-29,Web,Despatched
SO-2025-08658,C1004,LIV,2025-09-29,2025-10-03,2025-09-29,Trade counter,Despatched
SO-2025-08659,C1566,LIV,2025-09-29,2025-09-30,2025-09-30,Trade counter,Despatched
SO-2025-08660,C1085,LIV,2025-09-29,2025-10-03,2025-09-30,Trade counter,Despatched
SO-2025-08661,C1085,LIV,2025-09-29,2025-10-03,2025-09-30,Trade counter,Despatched
SO-2025-08662,C1823,LIV,2025-09-29,2025-10-02,2025-09-29,Telephone,Despatched
SO-2025-08663,C1422,LIV,2025-09-29,2025-10-03,2025-09-29,Trade counter,Despatched
SO-2025-08664,C1194,DAV,2025-09-30,2025-10-01,2025-09-30,Account manager,Part despatched
SO-2025-08665,C1270,DAV,2025-09-30,2025-10-06,2025-09-30,Trade counter,Despatched
SO-2025-08666,C1035,DAV,2025-09-30,2025-10-03,2025-10-02,Telephone,Despatched
SO-2025-08667,C1931,DAV,2025-09-30,2025-10-01,2025-09-30,Trade counter,Despatched
SO-2025-08668,C1401,DAV,2025-09-30,2025-10-03,2025-09-30,Account manager,Despatched
SO-2025-08669,C1270,DAV,2025-09-30,2025-10-06,2025-10-02,Trade counter,Despatched
SO-2025-08670,C1307,DAV,2025-09-30,2025-10-02,2025-09-30,Trade counter,Despatched
SO-2025-08671,C1765,DAV,2025-09-30,2025-10-02,,Telephone,Cancelled
SO-2025-08672,C1591,WAR,2025-09-30,2025-10-03,2025-09-30,Telephone,Part despatched
SO-2025-08673,C1948,WAR,2025-09-30,2025-10-06,2025-09-30,Telephone,Despatched
SO-2025-08674,C1533,WAR,2025-09-30,2025-10-01,2025-10-01,Trade counter,Despatched
SO-2025-08675,C1730,WAR,2025-09-30,2025-10-02,2025-09-30,Telephone,Despatched
SO-2025-08676,C1697,BRS,2025-09-30,2025-10-06,2025-09-30,Web,Part despatched
SO-2025-08677,C1475,BRS,2025-09-30,2025-10-02,2025-10-03,Trade counter,Despatched
SO-2025-08678,C1374,BRS,2025-09-30,2025-10-03,2025-10-01,Telephone,Despatched
SO-2025-08679,C1607,LIV,2025-09-30,2025-10-01,2025-10-01,Telephone,Despatched
SO-2025-08680,C1109,LIV,2025-09-30,2025-10-06,2025-10-01,Web,Despatched
SO-2025-08681,C1827,DAV,2025-10-01,2025-10-06,2025-10-01,Web,Despatched
SO-2025-08682,C1255,DAV,2025-10-01,2025-10-02,2025-10-01,Telephone,Part despatched
SO-2025-08683,C1255,DAV,2025-10-01,2025-10-03,2025-10-03,Web,Despatched
SO-2025-08684,C1145,DAV,2025-10-01,2025-10-02,2025-10-01,Web,Despatched
SO-2025-08685,C1708,DAV,2025-10-01,2025-10-06,2025-10-01,Trade counter,Part despatched
SO-2025-08686,C1491,DAV,2025-10-01,2025-10-06,2025-10-01,Trade counter,Despatched
SO-2025-08687,C1760,DAV,2025-10-01,2025-10-07,2025-10-02,Trade counter,Despatched
SO-2025-08688,C1078,DAV,2025-10-01,2025-10-03,2025-10-01,Telephone,Part despatched
SO-2025-08689,C1253,DAV,2025-10-01,2025-10-07,2025-10-01,Web,Despatched
SO-2025-08690,C1366,DAV,2025-10-01,2025-10-07,2025-10-01,Trade counter,Despatched
SO-2025-08691,C1948,WAR,2025-10-01,2025-10-02,2025-10-01,Web,Despatched
SO-2025-08692,C1651,WAR,2025-10-01,2025-10-07,2025-10-02,Trade counter,Part despatched
SO-2025-08693,C1802,WAR,2025-10-01,2025-10-06,2025-10-01,Trade counter,Despatched
SO-2025-08694,C1398,WAR,2025-10-01,2025-10-06,2025-10-01,Account manager,Part despatched
SO-2025-08695,C1730,WAR,2025-10-01,2025-10-02,2025-10-01,Web,Despatched
SO-2025-08696,C1360,WAR,2025-10-01,2025-10-07,2025-10-01,Web,Despatched
SO-2025-08697,C1204,WAR,2025-10-01,2025-10-02,2025-10-01,Telephone,Despatched
SO-2025-08698,C1032,WAR,2025-10-01,2025-10-06,2025-10-02,Web,Despatched
SO-2025-08699,C1302,BRS,2025-10-01,2025-10-06,2025-10-01,Account manager,Despatched
SO-2025-08700,C1501,BRS,2025-10-01,2025-10-07,2025-10-02,Account manager,Despatched
SO-2025-08701,C1065,BRS,2025-10-01,2025-10-02,2025-10-02,Account manager,Despatched
SO-2025-08702,C1254,LIV,2025-10-01,2025-10-03,2025-10-03,Telephone,Despatched
SO-2025-08703,C1432,LIV,2025-10-01,2025-10-03,2025-10-01,Trade counter,Despatched
SO-2025-08704,C1124,LIV,2025-10-01,2025-10-07,2025-10-01,Telephone,Despatched
SO-2025-08705,C1085,LIV,2025-10-01,2025-10-03,2025-10-01,Account manager,Despatched
SO-2025-08706,C1146,DAV,2025-10-02,2025-10-06,2025-10-02,Trade counter,Despatched
SO-2025-08707,C1881,DAV,2025-10-02,2025-10-03,2025-10-03,Trade counter,Part despatched
SO-2025-08708,C1211,DAV,2025-10-02,2025-10-03,2025-10-02,Trade counter,Despatched
SO-2025-08709,C1255,DAV,2025-10-02,2025-10-06,2025-10-06,Web,Despatched
SO-2025-08710,C1728,DAV,2025-10-02,2025-10-07,2025-10-06,Telephone,Despatched
SO-2025-08711,C1367,DAV,2025-10-02,2025-10-08,2025-10-03,Account manager,Despatched
SO-2025-08712,C1940,DAV,2025-10-02,2025-10-03,2025-10-02,Trade counter,Despatched
SO-2025-08713,C1276,DAV,2025-10-02,2025-10-08,2025-10-02,Account manager,Despatched
SO-2025-08714,C1632,DAV,2025-10-02,2025-10-08,2025-10-02,Web,Part despatched
SO-2025-08715,C1734,DAV,2025-10-02,2025-10-07,2025-10-02,Web,Part despatched
SO-2025-08716,C1307,DAV,2025-10-02,2025-10-08,2025-10-03,Web,Despatched
SO-2025-08717,C1145,DAV,2025-10-02,2025-10-06,2025-10-03,Telephone,Despatched
SO-2025-08718,C1366,DAV,2025-10-02,2025-10-03,2025-10-02,Telephone,Despatched
SO-2025-08719,C1389,DAV,2025-10-02,2025-10-06,2025-10-03,Trade counter,Despatched
SO-2025-08720,C1743,DAV,2025-10-02,2025-10-06,2025-10-06,Trade counter,Despatched
SO-2025-08721,C1032,WAR,2025-10-02,2025-10-06,2025-10-02,Web,Despatched
SO-2025-08722,C1032,WAR,2025-10-02,2025-10-06,2025-10-03,Web,Despatched
SO-2025-08723,C1752,WAR,2025-10-02,2025-10-03,2025-10-02,Web,Despatched
SO-2025-08724,C1346,WAR,2025-10-02,2025-10-08,2025-10-02,Trade counter,Despatched
SO-2025-08725,C1844,WAR,2025-10-02,2025-10-08,2025-10-02,Web,Part despatched
SO-2025-08726,C1715,LIV,2025-10-02,2025-10-08,2025-10-02,Web,Despatched
SO-2025-08727,C1607,LIV,2025-10-02,2025-10-03,2025-10-02,Telephone,Part despatched
SO-2025-08728,C1435,LIV,2025-10-02,2025-10-03,2025-10-02,Telephone,Despatched
SO-2025-08729,C1726,LIV,2025-10-02,2025-10-03,2025-10-03,Web,Despatched
SO-2025-08730,C1110,DAV,2025-10-03,2025-10-08,2025-10-03,Trade counter,Despatched
SO-2025-08731,C1559,DAV,2025-10-03,2025-10-07,2025-10-03,Telephone,Despatched
SO-2025-08732,C1270,DAV,2025-10-03,2025-10-07,2025-10-03,Account manager,Part despatched
SO-2025-08733,C1340,DAV,2025-10-03,2025-10-08,2025-10-03,Account manager,Despatched
SO-2025-08734,C1938,DAV,2025-10-03,2025-10-08,2025-10-03,Account manager,Despatched
SO-2025-08735,C1593,DAV,2025-10-03,2025-10-07,2025-10-06,Account manager,Despatched
SO-2025-08736,C1372,DAV,2025-10-03,2025-10-06,2025-10-03,Trade counter,Despatched
SO-2025-08737,C1844,WAR,2025-10-03,2025-10-06,2025-10-03,Web,Despatched
SO-2025-08738,C1346,WAR,2025-10-03,2025-10-09,2025-10-06,Trade counter,Despatched
SO-2025-08739,C1402,WAR,2025-10-03,2025-10-06,2025-10-03,Telephone,Despatched
SO-2025-08740,C1001,WAR,2025-10-03,2025-10-08,2025-10-03,Account manager,Despatched
SO-2025-08741,C1581,WAR,2025-10-03,2025-10-06,2025-10-03,Account manager,Despatched
SO-2025-08742,C1398,WAR,2025-10-03,2025-10-08,2025-10-07,Trade counter,Part despatched
SO-2025-08743,C1546,BRS,2025-10-03,2025-10-08,2025-10-07,Account manager,Part despatched
SO-2025-08744,C1697,BRS,2025-10-03,2025-10-09,2025-10-06,Telephone,Despatched
SO-2025-08745,C1374,BRS,2025-10-03,2025-10-06,2025-10-07,Trade counter,Despatched
SO-2025-08746,C1147,BRS,2025-10-03,2025-10-06,2025-10-06,Trade counter,Despatched
SO-2025-08747,C1737,BRS,2025-10-03,2025-10-08,2025-10-06,Trade counter,Despatched
SO-2025-08748,C1044,BRS,2025-10-03,2025-10-09,2025-10-03,Telephone,Despatched
SO-2025-08749,C1691,LIV,2025-10-03,2025-10-06,2025-10-03,Web,Despatched
SO-2025-08750,C1435,LIV,2025-10-03,2025-10-08,2025-10-06,Trade counter,Despatched
SO-2025-08751,C1131,LIV,2025-10-03,2025-10-09,2025-10-03,Trade counter,Despatched
SO-2025-08752,C1607,LIV,2025-10-03,2025-10-09,2025-10-03,Trade counter,Despatched
SO-2025-08753,C1821,LIV,2025-10-03,2025-10-09,2025-10-03,Trade counter,Despatched
SO-2025-08754,C1569,DAV,2025-10-06,2025-10-07,2025-10-06,Web,Despatched
SO-2025-08755,C1563,DAV,2025-10-06,2025-10-10,2025-10-06,Web,Part despatched
SO-2025-08756,C1434,DAV,2025-10-06,2025-10-09,2025-10-06,Web,Despatched
SO-2025-08757,C1447,DAV,2025-10-06,2025-10-07,2025-10-06,Web,Part despatched
SO-2025-08758,C1470,DAV,2025-10-06,2025-10-07,2025-10-06,Account manager,Despatched
SO-2025-08759,C1788,DAV,2025-10-06,2025-10-09,2025-10-07,Telephone,Despatched
SO-2025-08760,C1931,DAV,2025-10-06,2025-10-07,2025-10-08,Telephone,Despatched
SO-2025-08761,C1335,DAV,2025-10-06,2025-10-07,2025-10-07,Account manager,Despatched
SO-2025-08762,C1728,DAV,2025-10-06,2025-10-09,2025-10-06,Trade counter,Despatched
SO-2025-08763,C1032,WAR,2025-10-06,2025-10-08,2025-10-06,Trade counter,Despatched
SO-2025-08764,C1866,WAR,2025-10-06,2025-10-09,2025-10-06,Web,Part despatched
SO-2025-08765,C1156,WAR,2025-10-06,2025-10-07,2025-10-07,Web,Part despatched
SO-2025-08766,C1866,WAR,2025-10-06,2025-10-08,2025-10-06,Telephone,Despatched
SO-2025-08767,C1501,BRS,2025-10-06,2025-10-10,2025-10-07,Account manager,Despatched
SO-2025-08768,C1674,BRS,2025-10-06,2025-10-08,2025-10-06,Telephone,Despatched
SO-2025-08769,C1071,BRS,2025-10-06,2025-10-08,2025-10-06,Trade counter,Despatched
SO-2025-08770,C1046,BRS,2025-10-06,2025-10-09,2025-10-06,Account manager,Part despatched
SO-2025-08771,C1212,BRS,2025-10-06,2025-10-08,2025-10-06,Telephone,Despatched
SO-2025-08772,C1435,LIV,2025-10-06,2025-10-07,2025-10-06,Account manager,Despatched
SO-2025-08773,C1085,LIV,2025-10-06,2025-10-09,2025-10-06,Trade counter,Despatched
SO-2025-08774,C1800,DAV,2025-10-07,2025-10-08,2025-10-07,Trade counter,Part despatched
SO-2025-08775,C1211,DAV,2025-10-07,2025-10-09,2025-10-09,Account manager,Despatched
SO-2025-08776,C1599,DAV,2025-10-07,2025-10-09,2025-10-07,Web,Despatched
SO-2025-08777,C1389,DAV,2025-10-07,2025-10-13,2025-10-08,Telephone,Despatched
SO-2025-08778,C1366,DAV,2025-10-07,2025-10-09,2025-10-08,Account manager,Despatched
SO-2025-08779,C1521,DAV,2025-10-07,2025-10-09,2025-10-07,Telephone,Despatched
SO-2025-08780,C1515,DAV,2025-10-07,2025-10-10,2025-10-07,Telephone,Despatched
SO-2025-08781,C1936,DAV,2025-10-07,2025-10-13,2025-10-09,Account manager,Despatched
SO-2025-08782,C1512,DAV,2025-10-07,2025-10-10,2025-10-08,Telephone,Part despatched
SO-2025-08783,C1491,DAV,2025-10-07,2025-10-13,2025-10-10,Web,Despatched
SO-2025-08784,C1538,WAR,2025-10-07,2025-10-09,2025-10-07,Telephone,Despatched
SO-2025-08785,C1730,WAR,2025-10-07,2025-10-08,2025-10-08,Trade counter,Despatched
SO-2025-08786,C1866,WAR,2025-10-07,2025-10-09,2025-10-08,Telephone,Part despatched
SO-2025-08787,C1730,WAR,2025-10-07,2025-10-10,2025-10-07,Web,Despatched
SO-2025-08788,C1032,WAR,2025-10-07,2025-10-08,2025-10-07,Trade counter,Part despatched
SO-2025-08789,C1391,WAR,2025-10-07,2025-10-08,2025-10-07,Trade counter,Part despatched
SO-2025-08790,C1032,WAR,2025-10-07,2025-10-08,2025-10-07,Telephone,Part despatched
SO-2025-08791,C1733,BRS,2025-10-07,2025-10-08,2025-10-07,Account manager,Part despatched
SO-2025-08792,C1501,BRS,2025-10-07,2025-10-09,2025-10-08,Telephone,Despatched
SO-2025-08793,C1107,BRS,2025-10-07,2025-10-10,2025-10-07,Telephone,Despatched
SO-2025-08794,C1238,BRS,2025-10-07,2025-10-09,2025-10-07,Telephone,Part despatched
SO-2025-08795,C1475,BRS,2025-10-07,2025-10-10,2025-10-08,Trade counter,Despatched
SO-2025-08796,C1697,BRS,2025-10-07,2025-10-09,2025-10-07,Trade counter,Part despatched
SO-2025-08797,C1147,BRS,2025-10-07,2025-10-13,2025-10-07,Web,Part despatched
SO-2025-08798,C1374,BRS,2025-10-07,2025-10-10,2025-10-07,Telephone,Part despatched
SO-2025-08799,C1959,LIV,2025-10-07,2025-10-13,2025-10-07,Trade counter,Despatched
SO-2025-08800,C1817,LIV,2025-10-07,2025-10-13,2025-10-08,Trade counter,Part despatched
SO-2025-08801,C1366,DAV,2025-10-08,2025-10-13,2025-10-08,Trade counter,Despatched
SO-2025-08802,C1818,DAV,2025-10-08,2025-10-14,2025-10-08,Trade counter,Part despatched
SO-2025-08803,C1563,DAV,2025-10-08,2025-10-14,2025-10-08,Account manager,Part despatched
SO-2025-08804,C1201,DAV,2025-10-08,2025-10-09,2025-10-09,Telephone,Despatched
SO-2025-08805,C1236,DAV,2025-10-08,2025-10-14,2025-10-08,Trade counter,Despatched
SO-2025-08806,C1440,DAV,2025-10-08,2025-10-13,2025-10-08,Web,Despatched
SO-2025-08807,C1367,DAV,2025-10-08,2025-10-14,2025-10-08,Telephone,Despatched
SO-2025-08808,C1145,DAV,2025-10-08,2025-10-13,2025-10-09,Telephone,Part despatched
SO-2025-08809,C1434,DAV,2025-10-08,2025-10-10,2025-10-08,Trade counter,Despatched
SO-2025-08810,C1474,WAR,2025-10-08,2025-10-09,2025-10-08,Web,Despatched
SO-2025-08811,C1871,WAR,2025-10-08,2025-10-14,2025-10-08,Telephone,Despatched
SO-2025-08812,C1802,WAR,2025-10-08,2025-10-13,2025-10-08,Trade counter,Part despatched
SO-2025-08813,C1535,WAR,2025-10-08,2025-10-14,2025-10-08,Trade counter,Despatched
SO-2025-08814,C1101,WAR,2025-10-08,2025-10-10,2025-10-08,Trade counter,Despatched
SO-2025-08815,C1497,WAR,2025-10-08,2025-10-14,2025-10-09,Trade counter,Part despatched
SO-2025-08816,C1164,WAR,2025-10-08,2025-10-09,2025-10-10,Web,Part despatched
SO-2025-08817,C1017,WAR,2025-10-08,2025-10-10,2025-10-08,Account manager,Despatched
SO-2025-08818,C1970,BRS,2025-10-08,2025-10-09,2025-10-08,Telephone,Despatched
SO-2025-08819,C1259,BRS,2025-10-08,2025-10-09,2025-10-09,Account manager,Part despatched
SO-2025-08820,C1634,LIV,2025-10-08,2025-10-10,2025-10-08,Trade counter,Despatched
SO-2025-08821,C1085,LIV,2025-10-08,2025-10-10,2025-10-08,Account manager,Despatched
SO-2025-08822,C1435,LIV,2025-10-08,2025-10-10,2025-10-08,Telephone,Despatched
SO-2025-08823,C1800,DAV,2025-10-09,2025-10-15,2025-10-09,Web,Despatched
SO-2025-08824,C1708,DAV,2025-10-09,2025-10-15,2025-10-09,Account manager,Despatched
SO-2025-08825,C1447,DAV,2025-10-09,2025-10-15,2025-10-09,Web,Despatched
SO-2025-08826,C1440,DAV,2025-10-09,2025-10-13,2025-10-09,Telephone,Despatched
SO-2025-08827,C1385,DAV,2025-10-09,2025-10-13,2025-10-10,Web,Despatched
SO-2025-08828,C1429,DAV,2025-10-09,2025-10-10,2025-10-09,Trade counter,Despatched
SO-2025-08829,C1307,DAV,2025-10-09,2025-10-14,2025-10-09,Telephone,Despatched
SO-2025-08830,C1593,DAV,2025-10-09,2025-10-13,2025-10-09,Trade counter,Part despatched
SO-2025-08831,C1032,WAR,2025-10-09,2025-10-14,2025-10-09,Web,Despatched
SO-2025-08832,C1844,WAR,2025-10-09,2025-10-15,2025-10-09,Web,Part despatched
SO-2025-08833,C1802,WAR,2025-10-09,2025-10-14,2025-10-09,Telephone,Despatched
SO-2025-08834,C1844,WAR,2025-10-09,2025-10-10,2025-10-09,Web,Despatched
SO-2025-08835,C1702,WAR,2025-10-09,2025-10-13,2025-10-09,Trade counter,Despatched
SO-2025-08836,C1339,BRS,2025-10-09,2025-10-15,2025-10-09,Trade counter,Part despatched
SO-2025-08837,C1258,BRS,2025-10-09,2025-10-14,2025-10-09,Telephone,Despatched
SO-2025-08838,C1821,LIV,2025-10-09,2025-10-15,2025-10-10,Trade counter,Despatched
SO-2025-08839,C1821,LIV,2025-10-09,2025-10-15,2025-10-09,Telephone,Despatched
SO-2025-08840,C1305,LIV,2025-10-09,2025-10-13,2025-10-09,Trade counter,Despatched
SO-2025-08841,C1817,LIV,2025-10-09,2025-10-15,2025-10-09,Account manager,Despatched
SO-2025-08842,C1168,LIV,2025-10-09,2025-10-14,2025-10-09,Web,Despatched
SO-2025-08843,C1971,DAV,2025-10-10,2025-10-13,2025-10-14,Web,Despatched
SO-2025-08844,C1201,DAV,2025-10-10,2025-10-14,2025-10-10,Telephone,Despatched
SO-2025-08845,C1072,DAV,2025-10-10,2025-10-15,2025-10-13,Trade counter,Despatched
SO-2025-08846,C1120,DAV,2025-10-10,2025-10-16,2025-10-10,Trade counter,Despatched
SO-2025-08847,C1375,DAV,2025-10-10,2025-10-16,2025-10-10,Trade counter,Despatched
SO-2025-08848,C1936,DAV,2025-10-10,2025-10-15,2025-10-10,Trade counter,Part despatched
SO-2025-08849,C1826,DAV,2025-10-10,2025-10-15,2025-10-10,Account manager,Despatched
SO-2025-08850,C1218,DAV,2025-10-10,2025-10-15,2025-10-13,Telephone,Despatched
SO-2025-08851,C1429,DAV,2025-10-10,2025-10-15,2025-10-10,Telephone,Despatched
SO-2025-08852,C1651,WAR,2025-10-10,2025-10-13,2025-10-13,Telephone,Despatched
SO-2025-08853,C1349,WAR,2025-10-10,2025-10-15,2025-10-10,Telephone,Part despatched
SO-2025-08854,C1001,WAR,2025-10-10,2025-10-13,2025-10-13,Web,Despatched
SO-2025-08855,C1535,WAR,2025-10-10,2025-10-15,2025-10-10,Trade counter,Despatched
SO-2025-08856,C1343,BRS,2025-10-10,2025-10-15,2025-10-10,Web,Part despatched
SO-2025-08857,C1821,LIV,2025-10-10,2025-10-15,2025-10-10,Account manager,Despatched
SO-2025-08858,C1911,LIV,2025-10-10,2025-10-13,2025-10-14,Web,Part despatched
SO-2025-08859,C1435,LIV,2025-10-10,2025-10-14,2025-10-15,Web,Despatched
SO-2025-08860,C1160,LIV,2025-10-10,2025-10-16,2025-10-14,Trade counter,Despatched
SO-2025-08861,C1194,DAV,2025-10-13,2025-10-14,2025-10-13,Trade counter,Despatched
SO-2025-08862,C1429,DAV,2025-10-13,2025-10-16,2025-10-13,Telephone,Despatched
SO-2025-08863,C1327,DAV,2025-10-13,2025-10-16,2025-10-14,Telephone,Despatched
SO-2025-08864,C1389,DAV,2025-10-13,2025-10-17,2025-10-14,Trade counter,Despatched
SO-2025-08865,C1708,DAV,2025-10-13,2025-10-14,2025-10-14,Trade counter,Despatched
SO-2025-08866,C1278,DAV,2025-10-13,2025-10-17,2025-10-13,Account manager,Despatched
SO-2025-08867,C1094,DAV,2025-10-13,2025-10-17,2025-10-13,Trade counter,Despatched
SO-2025-08868,C1629,DAV,2025-10-13,2025-10-14,2025-10-14,Web,Despatched
SO-2025-08869,C1120,DAV,2025-10-13,2025-10-15,2025-10-13,Telephone,Despatched
SO-2025-08870,C1952,DAV,2025-10-13,2025-10-16,2025-10-13,Telephone,Despatched
SO-2025-08871,C1133,DAV,2025-10-13,2025-10-16,2025-10-14,Trade counter,Despatched
SO-2025-08872,C1739,DAV,2025-10-13,2025-10-17,2025-10-15,Telephone,Despatched
SO-2025-08873,C1372,DAV,2025-10-13,2025-10-17,2025-10-15,Trade counter,Part despatched
SO-2025-08874,C1391,WAR,2025-10-13,2025-10-17,2025-10-14,Account manager,Despatched
SO-2025-08875,C1656,WAR,2025-10-13,2025-10-17,2025-10-13,Web,Despatched
SO-2025-08876,C1402,WAR,2025-10-13,2025-10-16,2025-10-13,Telephone,Despatched
SO-2025-08877,C1264,WAR,2025-10-13,2025-10-17,2025-10-14,Account manager,Despatched
SO-2025-08878,C1207,WAR,2025-10-13,2025-10-16,2025-10-13,Trade counter,Part despatched
SO-2025-08879,C1697,BRS,2025-10-13,2025-10-14,2025-10-13,Telephone,Despatched
SO-2025-08880,C1411,BRS,2025-10-13,2025-10-14,2025-10-13,Web,Part despatched
SO-2025-08881,C1212,BRS,2025-10-13,2025-10-15,2025-10-13,Trade counter,Despatched
SO-2025-08882,C1212,BRS,2025-10-13,2025-10-15,2025-10-13,Trade counter,Part despatched
SO-2025-08883,C1741,BRS,2025-10-13,2025-10-16,2025-10-13,Trade counter,Despatched
SO-2025-08884,C1541,BRS,2025-10-13,2025-10-15,2025-10-14,Telephone,Despatched
SO-2025-08885,C1878,LIV,2025-10-13,2025-10-14,2025-10-13,Web,Part despatched
SO-2025-08886,C1038,LIV,2025-10-13,2025-10-17,2025-10-13,Telephone,Despatched
SO-2025-08887,C1085,LIV,2025-10-13,2025-10-17,2025-10-13,Trade counter,Despatched
SO-2025-08888,C1689,LIV,2025-10-13,2025-10-16,2025-10-14,Web,Despatched
SO-2025-08889,C1940,DAV,2025-10-14,2025-10-20,2025-10-14,Account manager,Part despatched
SO-2025-08890,C1072,DAV,2025-10-14,2025-10-20,2025-10-16,Trade counter,Despatched
SO-2025-08891,C1440,DAV,2025-10-14,2025-10-17,2025-10-15,Web,Despatched
SO-2025-08892,C1201,DAV,2025-10-14,2025-10-16,2025-10-14,Trade counter,Despatched
SO-2025-08893,C1527,DAV,2025-10-14,2025-10-15,2025-10-14,Web,Despatched
SO-2025-08894,C1372,DAV,2025-10-14,2025-10-16,2025-10-14,Web,Part despatched
SO-2025-08895,C1788,DAV,2025-10-14,2025-10-15,2025-10-15,Trade counter,Despatched
SO-2025-08896,C1734,DAV,2025-10-14,2025-10-20,2025-10-14,Trade counter,Despatched
SO-2025-08897,C1191,DAV,2025-10-14,2025-10-16,2025-10-15,Web,Part despatched
SO-2025-08898,C1354,DAV,2025-10-14,2025-10-16,2025-10-14,Trade counter,Despatched
SO-2025-08899,C1227,DAV,2025-10-14,2025-10-16,2025-10-14,Web,Despatched
SO-2025-08900,C1429,DAV,2025-10-14,2025-10-16,2025-10-14,Web,Despatched
SO-2025-08901,C1134,DAV,2025-10-14,2025-10-17,2025-10-14,Web,Despatched
SO-2025-08902,C1866,WAR,2025-10-14,2025-10-17,2025-10-14,Trade counter,Despatched
SO-2025-08903,C1482,WAR,2025-10-14,2025-10-20,2025-10-15,Account manager,Despatched
SO-2025-08904,C1492,WAR,2025-10-14,2025-10-15,2025-10-15,Account manager,Part despatched
SO-2025-08905,C1802,WAR,2025-10-14,2025-10-20,2025-10-14,Telephone,Despatched
SO-2025-08906,C1360,WAR,2025-10-14,2025-10-17,2025-10-14,Account manager,Part despatched
SO-2025-08907,C1802,WAR,2025-10-14,2025-10-16,2025-10-16,Account manager,Despatched
SO-2025-08908,C1785,BRS,2025-10-14,2025-10-20,2025-10-14,Telephone,Part despatched
SO-2025-08909,C1065,BRS,2025-10-14,2025-10-15,2025-10-14,Trade counter,Despatched
SO-2025-08910,C1330,BRS,2025-10-14,2025-10-17,2025-10-14,Account manager,Part despatched
SO-2025-08911,C1856,LIV,2025-10-14,2025-10-16,2025-10-14,Telephone,Despatched
SO-2025-08912,C1856,LIV,2025-10-14,2025-10-17,2025-10-16,Telephone,Despatched
SO-2025-08913,C1821,LIV,2025-10-14,2025-10-16,2025-10-15,Telephone,Despatched
SO-2025-08914,C1004,LIV,2025-10-14,2025-10-17,2025-10-14,Account manager,Despatched
SO-2025-08915,C1109,LIV,2025-10-14,2025-10-17,2025-10-14,Account manager,Despatched
SO-2025-08916,C1145,DAV,2025-10-15,2025-10-20,2025-10-15,Trade counter,Despatched
SO-2025-08917,C1599,DAV,2025-10-15,2025-10-16,2025-10-15,Web,Part despatched
SO-2025-08918,C1255,DAV,2025-10-15,2025-10-17,2025-10-15,Telephone,Despatched
SO-2025-08919,C1201,DAV,2025-10-15,2025-10-21,2025-10-15,Web,Despatched
SO-2025-08920,C1795,DAV,2025-10-15,2025-10-16,2025-10-15,Trade counter,Part despatched
SO-2025-08921,C1176,DAV,2025-10-15,2025-10-17,2025-10-15,Trade counter,Part despatched
SO-2025-08922,C1554,DAV,2025-10-15,2025-10-20,2025-10-15,Trade counter,Despatched
SO-2025-08923,C1376,WAR,2025-10-15,2025-10-20,2025-10-15,Telephone,Despatched
SO-2025-08924,C1844,WAR,2025-10-15,2025-10-21,2025-10-15,Trade counter,Despatched
SO-2025-08925,C1346,WAR,2025-10-15,2025-10-21,2025-10-15,Web,Despatched
SO-2025-08926,C1730,WAR,2025-10-15,2025-10-20,2025-10-15,Telephone,Despatched
SO-2025-08927,C1460,WAR,2025-10-15,2025-10-17,2025-10-16,Web,Despatched
SO-2025-08928,C1032,WAR,2025-10-15,2025-10-21,2025-10-15,Account manager,Despatched
SO-2025-08929,C1802,WAR,2025-10-15,2025-10-17,2025-10-17,Web,Despatched
SO-2025-08930,C1752,WAR,2025-10-15,2025-10-17,2025-10-16,Telephone,Despatched
SO-2025-08931,C1685,LIV,2025-10-15,2025-10-16,2025-10-15,Web,Despatched
SO-2025-08932,C1085,LIV,2025-10-15,2025-10-20,2025-10-15,Trade counter,Despatched
SO-2025-08933,C1201,DAV,2025-10-16,2025-10-20,2025-10-16,Trade counter,Despatched
SO-2025-08934,C1366,DAV,2025-10-16,2025-10-22,2025-10-16,Web,Despatched
SO-2025-08935,C1447,DAV,2025-10-16,2025-10-22,2025-10-20,Trade counter,Part despatched
SO-2025-08936,C1931,DAV,2025-10-16,2025-10-22,2025-10-16,Trade counter,Despatched
SO-2025-08937,C1827,DAV,2025-10-16,2025-10-21,2025-10-16,Trade counter,Despatched
SO-2025-08938,C1217,DAV,2025-10-16,2025-10-17,2025-10-17,Telephone,Part despatched
SO-2025-08939,C1936,DAV,2025-10-16,2025-10-22,2025-10-16,Telephone,Part despatched
SO-2025-08940,C1971,DAV,2025-10-16,2025-10-17,2025-10-20,Telephone,Part despatched
SO-2025-08941,C1912,WAR,2025-10-16,2025-10-17,2025-10-20,Telephone,Despatched
SO-2025-08942,C1071,BRS,2025-10-16,2025-10-17,2025-10-16,Telephone,Despatched
SO-2025-08943,C1463,BRS,2025-10-16,2025-10-21,2025-10-16,Telephone,Despatched
SO-2025-08944,C1352,BRS,2025-10-16,2025-10-22,2025-10-20,Web,Part despatched
SO-2025-08945,C1907,BRS,2025-10-16,2025-10-17,2025-10-17,Telephone,Despatched
SO-2025-08946,C1697,BRS,2025-10-16,2025-10-22,2025-10-17,Account manager,Part despatched
SO-2025-08947,C1697,BRS,2025-10-16,2025-10-21,2025-10-16,Telephone,Part despatched
SO-2025-08948,C1422,LIV,2025-10-16,2025-10-20,2025-10-17,Trade counter,Despatched
SO-2025-08949,C1853,LIV,2025-10-16,2025-10-17,2025-10-17,Telephone,Despatched
SO-2025-08950,C1504,LIV,2025-10-16,2025-10-20,2025-10-20,Telephone,Despatched
SO-2025-08951,C1765,DAV,2025-10-17,2025-10-20,2025-10-17,Telephone,Despatched
SO-2025-08952,C1145,DAV,2025-10-17,2025-10-23,2025-10-20,Telephone,Part despatched
SO-2025-08953,C1882,DAV,2025-10-17,2025-10-23,2025-10-17,Account manager,Despatched
SO-2025-08954,C1407,DAV,2025-10-17,2025-10-21,2025-10-21,Account manager,Despatched
SO-2025-08955,C1354,DAV,2025-10-17,2025-10-21,2025-10-17,Trade counter,Despatched
SO-2025-08956,C1320,DAV,2025-10-17,2025-10-23,2025-10-17,Trade counter,Despatched
SO-2025-08957,C1391,WAR,2025-10-17,2025-10-20,2025-10-17,Telephone,Despatched
SO-2025-08958,C1059,WAR,2025-10-17,2025-10-22,2025-10-17,Web,Part despatched
SO-2025-08959,C1215,WAR,2025-10-17,2025-10-20,2025-10-17,Telephone,Despatched
SO-2025-08960,C1651,WAR,2025-10-17,2025-10-20,2025-10-17,Account manager,Despatched
SO-2025-08961,C1568,WAR,2025-10-17,2025-10-22,2025-10-21,Telephone,Part despatched
SO-2025-08962,C1730,WAR,2025-10-17,2025-10-23,2025-10-17,Account manager,Despatched
SO-2025-08963,C1387,BRS,2025-10-17,2025-10-21,2025-10-17,Telephone,Despatched
SO-2025-08964,C1659,BRS,2025-10-17,2025-10-23,2025-10-17,Trade counter,Despatched
SO-2025-08965,C1328,BRS,2025-10-17,2025-10-22,2025-10-17,Telephone,Despatched
SO-2025-08966,C1674,BRS,2025-10-17,2025-10-21,2025-10-17,Trade counter,Despatched
SO-2025-08967,C1697,BRS,2025-10-17,2025-10-23,2025-10-17,Telephone,Despatched
SO-2025-08968,C1697,BRS,2025-10-17,2025-10-22,2025-10-20,Trade counter,Part despatched
SO-2025-08969,C1247,BRS,2025-10-17,2025-10-21,2025-10-17,Telephone,Part despatched
SO-2025-08970,C1343,BRS,2025-10-17,2025-10-20,2025-10-17,Account manager,Despatched
SO-2025-08971,C1168,LIV,2025-10-17,2025-10-21,2025-10-17,Trade counter,Despatched
SO-2025-08972,C1168,LIV,2025-10-17,2025-10-22,2025-10-17,Web,Part despatched
SO-2025-08973,C1447,DAV,2025-10-20,2025-10-21,2025-10-20,Telephone,Despatched
SO-2025-08974,C1363,DAV,2025-10-20,2025-10-21,2025-10-21,Trade counter,Despatched
SO-2025-08975,C1416,DAV,2025-10-20,2025-10-21,2025-10-20,Telephone,Part despatched
SO-2025-08976,C1713,WAR,2025-10-20,2025-10-22,2025-10-20,Telephone,Despatched
SO-2025-08977,C1844,WAR,2025-10-20,2025-10-23,2025-10-20,Telephone,Despatched
SO-2025-08978,C1983,WAR,2025-10-20,2025-10-21,2025-10-21,Web,Despatched
SO-2025-08979,C1355,WAR,2025-10-20,2025-10-21,2025-10-21,Web,Despatched
SO-2025-08980,C1948,WAR,2025-10-20,2025-10-23,2025-10-21,Trade counter,Part despatched
SO-2025-08981,C1960,WAR,2025-10-20,2025-10-23,2025-10-20,Account manager,Despatched
SO-2025-08982,C1713,WAR,2025-10-20,2025-10-22,2025-10-20,Trade counter,Despatched
SO-2025-08983,C1482,WAR,2025-10-20,2025-10-21,2025-10-20,Account manager,Despatched
SO-2025-08984,C1867,LIV,2025-10-20,2025-10-24,2025-10-20,Trade counter,Despatched
SO-2025-08985,C1407,DAV,2025-10-21,2025-10-22,2025-10-21,Trade counter,Despatched
SO-2025-08986,C1515,DAV,2025-10-21,2025-10-23,2025-10-21,Account manager,Despatched
SO-2025-08987,C1097,DAV,2025-10-21,2025-10-23,2025-10-24,Telephone,Despatched
SO-2025-08988,C1704,DAV,2025-10-21,2025-10-24,2025-10-21,Trade counter,Despatched
SO-2025-08989,C1098,DAV,2025-10-21,2025-10-27,2025-10-21,Trade counter,Despatched
SO-2025-08990,C1577,DAV,2025-10-21,2025-10-23,2025-10-21,Trade counter,Part despatched
SO-2025-08991,C1307,DAV,2025-10-21,2025-10-22,2025-10-21,Trade counter,Despatched
SO-2025-08992,C1249,DAV,2025-10-21,2025-10-22,2025-10-21,Web,Part despatched
SO-2025-08993,C1389,DAV,2025-10-21,2025-10-22,2025-10-23,Telephone,Despatched
SO-2025-08994,C1596,DAV,2025-10-21,2025-10-24,2025-10-21,Trade counter,Despatched
SO-2025-08995,C1026,WAR,2025-10-21,2025-10-22,2025-10-21,Account manager,Despatched
SO-2025-08996,C1950,WAR,2025-10-21,2025-10-27,2025-10-22,Telephone,Despatched
SO-2025-08997,C1535,WAR,2025-10-21,2025-10-22,2025-10-21,Trade counter,Despatched
SO-2025-08998,C1032,WAR,2025-10-21,2025-10-23,2025-10-21,Web,Despatched
SO-2025-08999,C1802,WAR,2025-10-21,2025-10-27,2025-10-21,Telephone,Despatched
SO-2025-09000,C1017,WAR,2025-10-21,2025-10-27,2025-10-21,Web,Part despatched
SO-2025-09001,C1475,BRS,2025-10-21,2025-10-22,2025-10-21,Telephone,Despatched
SO-2025-09002,C1697,BRS,2025-10-21,2025-10-23,2025-10-21,Web,Despatched
SO-2025-09003,C1374,BRS,2025-10-21,2025-10-23,2025-10-21,Trade counter,Despatched
SO-2025-09004,C1659,BRS,2025-10-21,2025-10-22,2025-10-21,Web,Despatched
SO-2025-09005,C1599,DAV,2025-10-22,2025-10-28,2025-10-22,Account manager,Despatched
SO-2025-09006,C1145,DAV,2025-10-22,2025-10-28,2025-10-22,Telephone,Despatched
SO-2025-09007,C1146,DAV,2025-10-22,2025-10-28,2025-10-22,Trade counter,Despatched
SO-2025-09008,C1429,DAV,2025-10-22,2025-10-27,2025-10-27,Trade counter,Despatched
SO-2025-09009,C1290,DAV,2025-10-22,2025-10-23,2025-10-23,Account manager,Despatched
SO-2025-09010,C1366,DAV,2025-10-22,2025-10-24,2025-10-22,Trade counter,Part despatched
SO-2025-09011,C1278,DAV,2025-10-22,2025-10-23,2025-10-22,Web,Part despatched
SO-2025-09012,C1066,DAV,2025-10-22,2025-10-27,2025-10-22,Trade counter,Part despatched
SO-2025-09013,C1051,WAR,2025-10-22,2025-10-23,2025-10-23,Telephone,Despatched
SO-2025-09014,C1204,WAR,2025-10-22,2025-10-23,2025-10-22,Trade counter,Despatched
SO-2025-09015,C1460,WAR,2025-10-22,2025-10-24,2025-10-23,Account manager,Despatched
SO-2025-09016,C1032,WAR,2025-10-22,2025-10-23,2025-10-22,Trade counter,Despatched
SO-2025-09017,C1702,WAR,2025-10-22,2025-10-27,2025-10-22,Web,Despatched
SO-2025-09018,C1174,WAR,2025-10-22,2025-10-24,2025-10-22,Account manager,Despatched
SO-2025-09019,C1147,BRS,2025-10-22,2025-10-28,2025-10-22,Telephone,Part despatched
SO-2025-09020,C1343,BRS,2025-10-22,2025-10-24,2025-10-27,Telephone,Despatched
SO-2025-09021,C1065,BRS,2025-10-22,2025-10-27,2025-10-22,Trade counter,Part despatched
SO-2025-09022,C1338,BRS,2025-10-22,2025-10-23,2025-10-22,Web,Part despatched
SO-2025-09023,C1911,LIV,2025-10-22,2025-10-24,2025-10-22,Trade counter,Despatched
SO-2025-09024,C1069,LIV,2025-10-22,2025-10-28,2025-10-22,Account manager,Part despatched
SO-2025-09025,C1936,DAV,2025-10-23,2025-10-24,2025-10-23,Trade counter,Despatched
SO-2025-09026,C1255,DAV,2025-10-23,2025-10-27,2025-10-23,Account manager,Despatched
SO-2025-09027,C1094,DAV,2025-10-23,2025-10-24,2025-10-23,Telephone,Despatched
SO-2025-09028,C1447,DAV,2025-10-23,2025-10-24,2025-10-23,Trade counter,Despatched
SO-2025-09029,C1940,DAV,2025-10-23,2025-10-24,2025-10-27,Web,Part despatched
SO-2025-09030,C1072,DAV,2025-10-23,2025-10-29,2025-10-23,Trade counter,Despatched
SO-2025-09031,C1450,WAR,2025-10-23,2025-10-24,2025-10-23,Account manager,Despatched
SO-2025-09032,C1724,WAR,2025-10-23,2025-10-28,2025-10-23,Web,Despatched
SO-2025-09033,C1831,WAR,2025-10-23,2025-10-28,2025-10-27,Trade counter,Despatched
SO-2025-09034,C1032,WAR,2025-10-23,2025-10-29,2025-10-23,Trade counter,Despatched
SO-2025-09035,C1032,WAR,2025-10-23,2025-10-27,2025-10-24,Trade counter,Despatched
SO-2025-09036,C1724,WAR,2025-10-23,2025-10-24,2025-10-23,Telephone,Despatched
SO-2025-09037,C1844,WAR,2025-10-23,2025-10-27,2025-10-23,Telephone,Despatched
SO-2025-09038,C1802,WAR,2025-10-23,2025-10-28,2025-10-24,Web,Despatched
SO-2025-09039,C1247,BRS,2025-10-23,2025-10-29,2025-10-23,Telephone,Despatched
SO-2025-09040,C1071,BRS,2025-10-23,2025-10-28,2025-10-23,Trade counter,Despatched
SO-2025-09041,C1266,LIV,2025-10-23,2025-10-27,2025-10-24,Trade counter,Despatched
SO-2025-09042,C1038,LIV,2025-10-23,2025-10-28,2025-10-28,Account manager,Despatched
SO-2025-09043,C1685,LIV,2025-10-23,2025-10-28,2025-10-23,Trade counter,Despatched
SO-2025-09044,C1532,DAV,2025-10-24,2025-10-29,2025-10-24,Account manager,Despatched
SO-2025-09045,C1593,DAV,2025-10-24,2025-10-30,2025-10-24,Web,Part despatched
SO-2025-09046,C1447,DAV,2025-10-24,2025-10-27,2025-10-24,Telephone,Despatched
SO-2025-09047,C1841,DAV,2025-10-24,2025-10-28,2025-10-27,Web,Part despatched
SO-2025-09048,C1372,DAV,2025-10-24,2025-10-27,2025-10-27,Account manager,Part despatched
SO-2025-09049,C1429,DAV,2025-10-24,2025-10-27,2025-10-24,Web,Despatched
SO-2025-09050,C1367,DAV,2025-10-24,2025-10-30,2025-10-24,Trade counter,Despatched
SO-2025-09051,C1255,DAV,2025-10-24,2025-10-29,2025-10-24,Telephone,Despatched
SO-2025-09052,C1389,DAV,2025-10-24,2025-10-27,2025-10-27,Trade counter,Despatched
SO-2025-09053,C1479,DAV,2025-10-24,2025-10-28,2025-10-27,Telephone,Despatched
SO-2025-09054,C1278,DAV,2025-10-24,2025-10-28,2025-10-24,Account manager,Despatched
SO-2025-09055,C1278,DAV,2025-10-24,2025-10-29,2025-10-24,Trade counter,Despatched
SO-2025-09056,C1728,DAV,2025-10-24,2025-10-30,2025-10-24,Web,Despatched
SO-2025-09057,C1032,WAR,2025-10-24,2025-10-29,2025-10-24,Trade counter,Despatched
SO-2025-09058,C1790,WAR,2025-10-24,2025-10-29,2025-10-24,Trade counter,Part despatched
SO-2025-09059,C1802,WAR,2025-10-24,2025-10-28,2025-10-24,Telephone,Despatched
SO-2025-09060,C1933,WAR,2025-10-24,2025-10-28,2025-10-27,Account manager,Despatched
SO-2025-09061,C1955,WAR,2025-10-24,2025-10-28,2025-10-24,Web,Despatched
SO-2025-09062,C1402,WAR,2025-10-24,2025-10-29,2025-10-24,Trade counter,Part despatched
SO-2025-09063,C1234,WAR,2025-10-24,2025-10-30,2025-10-24,Telephone,Despatched
SO-2025-09064,C1338,BRS,2025-10-24,2025-10-27,2025-10-27,Trade counter,Part despatched
SO-2025-09065,C1557,BRS,2025-10-24,2025-10-30,2025-10-27,Web,Despatched
SO-2025-09066,C1339,BRS,2025-10-24,2025-10-28,2025-10-27,Web,Part despatched
SO-2025-09067,C1430,LIV,2025-10-24,2025-10-28,2025-10-24,Telephone,Despatched
SO-2025-09068,C1085,LIV,2025-10-24,2025-10-27,2025-10-24,Web,Despatched
SO-2025-09069,C1307,DAV,2025-10-27,2025-10-30,2025-10-27,Account manager,Despatched
SO-2025-09070,C1447,DAV,2025-10-27,2025-10-29,2025-10-27,Telephone,Despatched
SO-2025-09071,C1515,DAV,2025-10-27,2025-10-28,2025-10-27,Trade counter,Part despatched
SO-2025-09072,C1389,DAV,2025-10-27,2025-10-28,2025-10-27,Trade counter,Despatched
SO-2025-09073,C1050,DAV,2025-10-27,2025-10-30,2025-10-27,Web,Despatched
SO-2025-09074,C1593,DAV,2025-10-27,2025-10-31,2025-10-27,Trade counter,Despatched
SO-2025-09075,C1554,DAV,2025-10-27,2025-10-30,2025-10-27,Web,Despatched
SO-2025-09076,C1255,DAV,2025-10-27,2025-10-30,2025-10-27,Telephone,Despatched
SO-2025-09077,C1651,WAR,2025-10-27,2025-10-30,2025-10-27,Trade counter,Despatched
SO-2025-09078,C1651,WAR,2025-10-27,2025-10-28,2025-10-27,Telephone,Despatched
SO-2025-09079,C1264,WAR,2025-10-27,2025-10-30,2025-10-27,Account manager,Despatched
SO-2025-09080,C1697,BRS,2025-10-27,2025-10-30,2025-10-29,Account manager,Despatched
SO-2025-09081,C1115,BRS,2025-10-27,2025-10-28,2025-10-28,Trade counter,Part despatched
SO-2025-09082,C1475,BRS,2025-10-27,2025-10-28,2025-10-27,Telephone,Despatched
SO-2025-09083,C1109,LIV,2025-10-27,2025-10-31,2025-10-27,Telephone,Despatched
SO-2025-09084,C1357,LIV,2025-10-27,2025-10-31,2025-10-27,Trade counter,Part despatched
SO-2025-09085,C1818,DAV,2025-10-28,2025-11-03,2025-10-28,Web,Despatched
SO-2025-09086,C1928,DAV,2025-10-28,2025-11-03,2025-10-28,Trade counter,Part despatched
SO-2025-09087,C1512,DAV,2025-10-28,2025-10-31,2025-10-28,Web,Part despatched
SO-2025-09088,C1470,DAV,2025-10-28,2025-11-03,2025-10-28,Web,Despatched
SO-2025-09089,C1113,DAV,2025-10-28,2025-10-29,2025-10-28,Trade counter,Despatched
SO-2025-09090,C1097,DAV,2025-10-28,2025-10-29,2025-10-28,Trade counter,Despatched
SO-2025-09091,C1871,WAR,2025-10-28,2025-10-31,2025-10-28,Trade counter,Despatched
SO-2025-09092,C1844,WAR,2025-10-28,2025-11-03,2025-10-28,Trade counter,Despatched
SO-2025-09093,C1752,WAR,2025-10-28,2025-11-03,2025-10-28,Web,Despatched
SO-2025-09094,C1208,WAR,2025-10-28,2025-11-03,2025-10-29,Trade counter,Part despatched
SO-2025-09095,C1234,WAR,2025-10-28,2025-10-29,2025-10-28,Trade counter,Despatched
SO-2025-09096,C1402,WAR,2025-10-28,2025-10-31,2025-10-28,Telephone,Part despatched
SO-2025-09097,C1733,BRS,2025-10-28,2025-10-30,2025-10-28,Trade counter,Despatched
SO-2025-09098,C1498,BRS,2025-10-28,2025-10-31,2025-10-28,Telephone,Despatched
SO-2025-09099,C1044,BRS,2025-10-28,2025-10-31,2025-10-28,Telephone,Despatched
SO-2025-09100,C1501,BRS,2025-10-28,2025-10-29,2025-10-28,Telephone,Despatched
SO-2025-09101,C1085,LIV,2025-10-28,2025-10-30,2025-10-28,Trade counter,Despatched
SO-2025-09102,C1821,LIV,2025-10-28,2025-11-03,2025-10-31,Account manager,Despatched
SO-2025-09103,C1422,LIV,2025-10-28,2025-10-30,2025-10-29,Account manager,Despatched
SO-2025-09104,C1266,LIV,2025-10-28,2025-10-31,2025-10-29,Telephone,Despatched
SO-2025-09105,C1941,LIV,2025-10-28,2025-10-31,2025-10-28,Account manager,Despatched
SO-2025-09106,C1033,LIV,2025-10-28,2025-10-29,2025-10-28,Trade counter,Despatched
SO-2025-09107,C1422,LIV,2025-10-28,2025-11-03,2025-10-28,Telephone,Despatched
SO-2025-09108,C1367,DAV,2025-10-29,2025-11-03,2025-10-29,Telephone,Despatched
SO-2025-09109,C1881,DAV,2025-10-29,2025-10-31,2025-10-29,Telephone,Despatched
SO-2025-09110,C1078,DAV,2025-10-29,2025-11-03,2025-10-29,Trade counter,Despatched
SO-2025-09111,C1015,DAV,2025-10-29,2025-10-31,2025-10-29,Telephone,Despatched
SO-2025-09112,C1928,DAV,2025-10-29,2025-11-04,2025-10-29,Telephone,Part despatched
SO-2025-09113,C1521,DAV,2025-10-29,2025-11-03,2025-10-29,Trade counter,Despatched
SO-2025-09114,C1563,DAV,2025-10-29,2025-11-03,2025-10-29,Account manager,Despatched
SO-2025-09115,C1089,DAV,2025-10-29,2025-11-04,2025-10-29,Account manager,Despatched
SO-2025-09116,C1434,DAV,2025-10-29,2025-10-30,2025-10-29,Telephone,Part despatched
SO-2025-09117,C1300,DAV,2025-10-29,2025-10-30,2025-10-29,Trade counter,Despatched
SO-2025-09118,C1629,DAV,2025-10-29,2025-11-04,2025-10-29,Telephone,Part despatched
SO-2025-09119,C1162,WAR,2025-10-29,2025-10-31,2025-10-30,Web,Despatched
SO-2025-09120,C1292,WAR,2025-10-29,2025-11-04,2025-10-29,Telephone,Despatched
SO-2025-09121,C1866,WAR,2025-10-29,2025-11-03,2025-10-29,Account manager,Part despatched
SO-2025-09122,C1679,WAR,2025-10-29,2025-10-30,2025-10-29,Account manager,Despatched
SO-2025-09123,C1402,WAR,2025-10-29,2025-11-03,2025-10-29,Trade counter,Despatched
SO-2025-09124,C1411,BRS,2025-10-29,2025-11-03,2025-10-29,Telephone,Despatched
SO-2025-09125,C1338,BRS,2025-10-29,2025-10-31,2025-10-29,Telephone,Part despatched
SO-2025-09126,C1697,BRS,2025-10-29,2025-11-03,2025-10-30,Telephone,Part despatched
SO-2025-09127,C1382,BRS,2025-10-29,2025-10-30,2025-10-29,Trade counter,Despatched
SO-2025-09128,C1357,LIV,2025-10-29,2025-10-31,2025-10-29,Trade counter,Despatched
SO-2025-09129,C1821,LIV,2025-10-29,2025-10-30,2025-10-29,Trade counter,Part despatched
SO-2025-09130,C1085,LIV,2025-10-29,2025-10-30,2025-10-29,Trade counter,Part despatched
SO-2025-09131,C1821,LIV,2025-10-29,2025-11-04,2025-10-31,Web,Despatched
SO-2025-09132,C1379,LIV,2025-10-29,2025-10-31,2025-10-29,Account manager,Part despatched
SO-2025-09133,C1160,LIV,2025-10-29,2025-11-03,2025-10-29,Telephone,Despatched
SO-2025-09134,C1693,LIV,2025-10-29,2025-11-03,2025-10-31,Telephone,Despatched
SO-2025-09135,C1379,LIV,2025-10-29,2025-11-04,2025-10-29,Trade counter,Despatched
SO-2025-09136,C1085,LIV,2025-10-29,2025-11-04,2025-10-29,Telephone,Despatched
SO-2025-09137,C1634,LIV,2025-10-29,2025-10-30,2025-10-29,Telephone,Part despatched
SO-2025-09138,C1429,DAV,2025-10-30,2025-11-05,2025-10-31,Web,Part despatched
SO-2025-09139,C1194,DAV,2025-10-30,2025-11-03,2025-10-30,Trade counter,Part despatched
SO-2025-09140,C1050,DAV,2025-10-30,2025-10-31,2025-10-30,Account manager,Despatched
SO-2025-09141,C1176,DAV,2025-10-30,2025-11-05,2025-10-30,Telephone,Despatched
SO-2025-09142,C1841,DAV,2025-10-30,2025-10-31,2025-10-30,Trade counter,Despatched
SO-2025-09143,C1479,DAV,2025-10-30,2025-10-31,2025-10-30,Account manager,Despatched
SO-2025-09144,C1278,DAV,2025-10-30,2025-11-05,2025-10-30,Trade counter,Part despatched
SO-2025-09145,C1010,WAR,2025-10-30,2025-11-03,2025-10-30,Telephone,Part despatched
SO-2025-09146,C1581,WAR,2025-10-30,2025-11-04,2025-10-30,Telephone,Despatched
SO-2025-09147,C1026,WAR,2025-10-30,2025-11-03,2025-10-30,Trade counter,Despatched
SO-2025-09148,C1730,WAR,2025-10-30,2025-11-05,2025-10-31,Trade counter,Part despatched
SO-2025-09149,C1057,WAR,2025-10-30,2025-10-31,2025-10-31,Telephone,Part despatched
SO-2025-09150,C1392,WAR,2025-10-30,2025-10-31,2025-10-30,Account manager,Despatched
SO-2025-09151,C1032,WAR,2025-10-30,2025-11-05,2025-10-30,Telephone,Despatched
SO-2025-09152,C1338,BRS,2025-10-30,2025-11-04,2025-10-31,Account manager,Despatched
SO-2025-09153,C1733,BRS,2025-10-30,2025-11-05,2025-11-03,Web,Part despatched
SO-2025-09154,C1501,BRS,2025-10-30,2025-10-31,2025-10-31,Web,Despatched
SO-2025-09155,C1785,BRS,2025-10-30,2025-11-04,2025-10-30,Telephone,Despatched
SO-2025-09156,C1423,LIV,2025-10-30,2025-11-05,2025-10-30,Trade counter,Despatched
SO-2025-09157,C1432,LIV,2025-10-30,2025-11-03,2025-10-30,Telephone,Despatched
SO-2025-09158,C1321,LIV,2025-10-30,2025-11-03,2025-10-31,Trade counter,Despatched
SO-2025-09159,C1466,LIV,2025-10-30,2025-11-04,2025-10-30,Telephone,Despatched
SO-2025-09160,C1145,DAV,2025-10-31,2025-11-04,2025-11-03,Telephone,Despatched
SO-2025-09161,C1442,DAV,2025-10-31,2025-11-05,2025-10-31,Web,Despatched
SO-2025-09162,C1468,DAV,2025-10-31,2025-11-06,2025-10-31,Trade counter,Part despatched
SO-2025-09163,C1335,DAV,2025-10-31,2025-11-03,2025-11-05,Web,Despatched
SO-2025-09164,C1255,DAV,2025-10-31,2025-11-06,2025-10-31,Trade counter,Despatched
SO-2025-09165,C1549,DAV,2025-10-31,2025-11-03,2025-10-31,Account manager,Part despatched
SO-2025-09166,C1366,DAV,2025-10-31,2025-11-06,2025-10-31,Account manager,Despatched
SO-2025-09167,C1818,DAV,2025-10-31,2025-11-05,2025-11-03,Trade counter,Part despatched
SO-2025-09168,C1734,DAV,2025-10-31,2025-11-03,2025-10-31,Web,Part despatched
SO-2025-09169,C1407,DAV,2025-10-31,2025-11-04,2025-10-31,Trade counter,Despatched
SO-2025-09170,C1290,DAV,2025-10-31,2025-11-03,2025-10-31,Web,Part despatched
SO-2025-09171,C1032,WAR,2025-10-31,2025-11-04,2025-11-03,Web,Part despatched
SO-2025-09172,C1866,WAR,2025-10-31,2025-11-03,2025-10-31,Telephone,Part despatched
SO-2025-09173,C1651,WAR,2025-10-31,2025-11-06,2025-10-31,Web,Despatched
SO-2025-09174,C1948,WAR,2025-10-31,2025-11-03,2025-10-31,Telephone,Despatched
SO-2025-09175,C1234,WAR,2025-10-31,2025-11-06,2025-10-31,Telephone,Despatched
SO-2025-09176,C1215,WAR,2025-10-31,2025-11-03,2025-11-03,Web,Part despatched
SO-2025-09177,C1597,WAR,2025-10-31,2025-11-05,2025-10-31,Account manager,Despatched
SO-2025-09178,C1338,BRS,2025-10-31,2025-11-03,2025-11-03,Account manager,Despatched
SO-2025-09179,C1343,BRS,2025-10-31,2025-11-05,2025-10-31,Trade counter,Despatched
SO-2025-09180,C1338,BRS,2025-10-31,2025-11-03,2025-10-31,Telephone,Despatched
SO-2025-09181,C1557,BRS,2025-10-31,2025-11-03,2025-10-31,Telephone,Despatched
SO-2025-09182,C1411,BRS,2025-10-31,2025-11-04,2025-10-31,Web,Despatched
SO-2025-09183,C1302,BRS,2025-10-31,2025-11-05,2025-11-05,Trade counter,Part despatched
SO-2025-09184,C1140,BRS,2025-10-31,2025-11-05,2025-10-31,Web,Despatched
SO-2025-09185,C1501,BRS,2025-10-31,2025-11-05,2025-11-03,Web,Despatched
SO-2025-09186,C1168,LIV,2025-10-31,2025-11-04,2025-10-31,Web,Despatched
SO-2025-09187,C1959,LIV,2025-10-31,2025-11-03,2025-10-31,Web,Part despatched
SO-2025-09188,C1255,DAV,2025-11-03,2025-11-04,2025-11-03,Web,Despatched
SO-2025-09189,C1367,DAV,2025-11-03,2025-11-05,2025-11-03,Telephone,Despatched
SO-2025-09190,C1183,DAV,2025-11-03,2025-11-06,2025-11-03,Telephone,Despatched
SO-2025-09191,C1563,DAV,2025-11-03,2025-11-07,2025-11-04,Account manager,Part despatched
SO-2025-09192,C1179,DAV,2025-11-03,2025-11-05,2025-11-03,Account manager,Despatched
SO-2025-09193,C1535,WAR,2025-11-03,2025-11-06,2025-11-03,Telephone,Despatched
SO-2025-09194,C1948,WAR,2025-11-03,2025-11-05,2025-11-04,Trade counter,Despatched
SO-2025-09195,C1460,WAR,2025-11-03,2025-11-04,2025-11-03,Trade counter,Part despatched
SO-2025-09196,C1157,WAR,2025-11-03,2025-11-05,2025-11-03,Trade counter,Despatched
SO-2025-09197,C1212,BRS,2025-11-03,2025-11-07,2025-11-04,Trade counter,Despatched
SO-2025-09198,C1065,BRS,2025-11-03,2025-11-07,2025-11-03,Trade counter,Despatched
SO-2025-09199,C1379,LIV,2025-11-03,2025-11-04,2025-11-03,Account manager,Part despatched
SO-2025-09200,C1959,LIV,2025-11-03,2025-11-07,2025-11-03,Trade counter,Despatched
SO-2025-09201,C1607,LIV,2025-11-03,2025-11-07,2025-11-03,Trade counter,Despatched
SO-2025-09202,C1389,DAV,2025-11-04,2025-11-05,2025-11-04,Account manager,Part despatched
SO-2025-09203,C1097,DAV,2025-11-04,2025-11-10,2025-11-05,Web,Despatched
SO-2025-09204,C1073,DAV,2025-11-04,2025-11-07,2025-11-04,Trade counter,Part despatched
SO-2025-09205,C1416,DAV,2025-11-04,2025-11-05,2025-11-04,Web,Part despatched
SO-2025-09206,C1827,DAV,2025-11-04,2025-11-06,2025-11-04,Web,Despatched
SO-2025-09207,C1162,WAR,2025-11-04,2025-11-06,2025-11-05,Telephone,Part despatched
SO-2025-09208,C1349,WAR,2025-11-04,2025-11-10,2025-11-04,Account manager,Despatched
SO-2025-09209,C1948,WAR,2025-11-04,2025-11-10,2025-11-04,Web,Despatched
SO-2025-09210,C1398,WAR,2025-11-04,2025-11-07,2025-11-04,Web,Despatched
SO-2025-09211,C1581,WAR,2025-11-04,2025-11-05,2025-11-04,Trade counter,Despatched
SO-2025-09212,C1343,BRS,2025-11-04,2025-11-06,2025-11-04,Account manager,Despatched
SO-2025-09213,C1238,BRS,2025-11-04,2025-11-05,2025-11-06,Account manager,Part despatched
SO-2025-09214,C1557,BRS,2025-11-04,2025-11-06,2025-11-06,Telephone,Despatched
SO-2025-09215,C1911,LIV,2025-11-04,2025-11-07,2025-11-04,Trade counter,Despatched
SO-2025-09216,C1168,LIV,2025-11-04,2025-11-06,2025-11-04,Trade counter,Despatched
SO-2025-09217,C1160,LIV,2025-11-04,2025-11-07,2025-11-04,Telephone,Despatched
SO-2025-09218,C1900,LIV,2025-11-04,2025-11-06,2025-11-05,Telephone,Despatched
SO-2025-09219,C1821,LIV,2025-11-04,2025-11-10,2025-11-04,Account manager,Despatched
SO-2025-09220,C1426,DAV,2025-11-05,2025-11-11,2025-11-06,Web,Despatched
SO-2025-09221,C1936,DAV,2025-11-05,2025-11-07,2025-11-05,Web,Part despatched
SO-2025-09222,C1419,DAV,2025-11-05,2025-11-11,2025-11-05,Trade counter,Despatched
SO-2025-09223,C1145,DAV,2025-11-05,2025-11-11,2025-11-05,Trade counter,Part despatched
SO-2025-09224,C1452,DAV,2025-11-05,2025-11-07,2025-11-07,Account manager,Despatched
SO-2025-09225,C1563,DAV,2025-11-05,2025-11-06,2025-11-05,Telephone,Part despatched
SO-2025-09226,C1145,DAV,2025-11-05,2025-11-11,2025-11-05,Telephone,Part despatched
SO-2025-09227,C1114,DAV,2025-11-05,2025-11-06,2025-11-05,Telephone,Despatched
SO-2025-09228,C1760,DAV,2025-11-05,2025-11-11,2025-11-06,Web,Despatched
SO-2025-09229,C1389,DAV,2025-11-05,2025-11-06,2025-11-05,Account manager,Despatched
SO-2025-09230,C1032,WAR,2025-11-05,2025-11-06,2025-11-06,Telephone,Part despatched
SO-2025-09231,C1730,WAR,2025-11-05,2025-11-06,2025-11-05,Web,Despatched
SO-2025-09232,C1866,WAR,2025-11-05,2025-11-07,2025-11-06,Account manager,Despatched
SO-2025-09233,C1032,WAR,2025-11-05,2025-11-11,2025-11-05,Telephone,Despatched
SO-2025-09234,C1802,WAR,2025-11-05,2025-11-06,2025-11-05,Trade counter,Despatched
SO-2025-09235,C1475,BRS,2025-11-05,2025-11-11,2025-11-06,Trade counter,Despatched
SO-2025-09236,C1463,BRS,2025-11-05,2025-11-10,2025-11-05,Trade counter,Part despatched
SO-2025-09237,C1602,BRS,2025-11-05,2025-11-06,2025-11-05,Telephone,Despatched
SO-2025-09238,C1785,BRS,2025-11-05,2025-11-06,2025-11-05,Account manager,Despatched
SO-2025-09239,C1267,LIV,2025-11-05,2025-11-11,2025-11-06,Trade counter,Despatched
SO-2025-09240,C1478,LIV,2025-11-05,2025-11-06,2025-11-10,Trade counter,Despatched
SO-2025-09241,C1038,LIV,2025-11-05,2025-11-06,2025-11-05,Trade counter,Despatched
SO-2025-09242,C1429,DAV,2025-11-06,2025-11-07,2025-11-06,Telephone,Despatched
SO-2025-09243,C1211,DAV,2025-11-06,2025-11-11,2025-11-06,Web,Despatched
SO-2025-09244,C1366,DAV,2025-11-06,2025-11-12,2025-11-07,Telephone,Despatched
SO-2025-09245,C1201,DAV,2025-11-06,2025-11-12,2025-11-06,Telephone,Despatched
SO-2025-09246,C1610,DAV,2025-11-06,2025-11-10,2025-11-11,Trade counter,Despatched
SO-2025-09247,C1936,DAV,2025-11-06,2025-11-07,2025-11-06,Telephone,Despatched
SO-2025-09248,C1569,DAV,2025-11-06,2025-11-07,2025-11-07,Telephone,Despatched
SO-2025-09249,C1593,DAV,2025-11-06,2025-11-10,2025-11-06,Telephone,Despatched
SO-2025-09250,C1255,DAV,2025-11-06,2025-11-11,2025-11-07,Trade counter,Despatched
SO-2025-09251,C1391,WAR,2025-11-06,2025-11-12,2025-11-06,Web,Part despatched
SO-2025-09252,C1398,WAR,2025-11-06,2025-11-11,2025-11-06,Telephone,Part despatched
SO-2025-09253,C1215,WAR,2025-11-06,2025-11-07,2025-11-07,Trade counter,Part despatched
SO-2025-09254,C1032,WAR,2025-11-06,2025-11-12,2025-11-06,Telephone,Despatched
SO-2025-09255,C1757,BRS,2025-11-06,2025-11-12,2025-11-06,Telephone,Part despatched
SO-2025-09256,C1475,BRS,2025-11-06,2025-11-11,2025-11-06,Trade counter,Part despatched
SO-2025-09257,C1107,BRS,2025-11-06,2025-11-10,2025-11-06,Trade counter,Part despatched
SO-2025-09258,C1856,LIV,2025-11-06,2025-11-07,2025-11-06,Web,Despatched
SO-2025-09259,C1835,LIV,2025-11-06,2025-11-11,2025-11-06,Telephone,Despatched
SO-2025-09260,C1038,LIV,2025-11-06,2025-11-11,2025-11-07,Telephone,Despatched
SO-2025-09261,C1145,DAV,2025-11-07,2025-11-12,2025-11-07,Telephone,Despatched
SO-2025-09262,C1447,DAV,2025-11-07,2025-11-10,2025-11-07,Account manager,Part despatched
SO-2025-09263,C1429,DAV,2025-11-07,2025-11-11,2025-11-07,Web,Despatched
SO-2025-09264,C1527,DAV,2025-11-07,2025-11-11,2025-11-07,Trade counter,Despatched
SO-2025-09265,C1278,DAV,2025-11-07,2025-11-13,2025-11-07,Trade counter,Part despatched
SO-2025-09266,C1052,DAV,2025-11-07,2025-11-11,2025-11-07,Trade counter,Despatched
SO-2025-09267,C1145,DAV,2025-11-07,2025-11-10,2025-11-07,Telephone,Part despatched
SO-2025-09268,C1243,WAR,2025-11-07,2025-11-10,2025-11-10,Web,Despatched
SO-2025-09269,C1402,WAR,2025-11-07,2025-11-12,2025-11-07,Web,Despatched
SO-2025-09270,C1948,WAR,2025-11-07,2025-11-12,2025-11-07,Telephone,Despatched
SO-2025-09271,C1955,WAR,2025-11-07,2025-11-13,2025-11-07,Account manager,Part despatched
SO-2025-09272,C1960,WAR,2025-11-07,2025-11-11,2025-11-10,Trade counter,Part despatched
SO-2025-09273,C1339,BRS,2025-11-07,2025-11-11,2025-11-07,Trade counter,Despatched
SO-2025-09274,C1475,BRS,2025-11-07,2025-11-11,2025-11-07,Trade counter,Despatched
SO-2025-09275,C1785,BRS,2025-11-07,2025-11-11,2025-11-07,Trade counter,Despatched
SO-2025-09276,C1697,BRS,2025-11-07,2025-11-13,2025-11-07,Trade counter,Despatched
SO-2025-09277,C1338,BRS,2025-11-07,2025-11-11,2025-11-07,Web,Part despatched
SO-2025-09278,C1238,BRS,2025-11-07,2025-11-12,2025-11-10,Trade counter,Part despatched
SO-2025-09279,C1115,BRS,2025-11-07,2025-11-13,2025-11-07,Telephone,Part despatched
SO-2025-09280,C1478,LIV,2025-11-07,2025-11-13,2025-11-11,Account manager,Despatched
SO-2025-09281,C1124,LIV,2025-11-07,2025-11-11,2025-11-07,Telephone,Despatched
SO-2025-09282,C1911,LIV,2025-11-07,2025-11-10,2025-11-10,Web,Despatched
SO-2025-09283,C1094,DAV,2025-11-10,2025-11-11,2025-11-10,Trade counter,Despatched
SO-2025-09284,C1340,DAV,2025-11-10,2025-11-13,2025-11-10,Trade counter,Despatched
SO-2025-09285,C1882,DAV,2025-11-10,2025-11-12,2025-11-10,Telephone,Despatched
SO-2025-09286,C1366,DAV,2025-11-10,2025-11-13,2025-11-10,Telephone,Despatched
SO-2025-09287,C1450,WAR,2025-11-10,2025-11-11,2025-11-10,Web,Despatched
SO-2025-09288,C1032,WAR,2025-11-10,2025-11-13,2025-11-11,Telephone,Despatched
SO-2025-09289,C1032,WAR,2025-11-10,2025-11-12,2025-11-10,Trade counter,Despatched
SO-2025-09290,C1790,WAR,2025-11-10,2025-11-11,2025-11-10,Trade counter,Despatched
SO-2025-09291,C1831,WAR,2025-11-10,2025-11-11,2025-11-11,Telephone,Part despatched
SO-2025-09292,C1398,WAR,2025-11-10,2025-11-14,2025-11-10,Telephone,Despatched
SO-2025-09293,C1212,BRS,2025-11-10,2025-11-11,2025-11-11,Telephone,Despatched
SO-2025-09294,C1659,BRS,2025-11-10,2025-11-14,2025-11-10,Web,Despatched
SO-2025-09295,C1107,BRS,2025-11-10,2025-11-14,2025-11-11,Web,Despatched
SO-2025-09296,C1435,LIV,2025-11-10,2025-11-14,2025-11-10,Web,Despatched
SO-2025-09297,C1856,LIV,2025-11-10,2025-11-12,2025-11-10,Trade counter,Part despatched
SO-2025-09298,C1168,LIV,2025-11-10,2025-11-14,2025-11-13,Web,Despatched
SO-2025-09299,C1004,LIV,2025-11-10,2025-11-14,2025-11-10,Telephone,Despatched
SO-2025-09300,C1856,LIV,2025-11-10,2025-11-13,2025-11-10,Web,Despatched
SO-2025-09301,C1821,LIV,2025-11-10,2025-11-13,2025-11-10,Telephone,Part despatched
SO-2025-09302,C1255,DAV,2025-11-11,2025-11-14,2025-11-11,Web,Despatched
SO-2025-09303,C1890,DAV,2025-11-11,2025-11-17,2025-11-11,Web,Despatched
SO-2025-09304,C1145,DAV,2025-11-11,2025-11-12,2025-11-11,Telephone,Despatched
SO-2025-09305,C1335,DAV,2025-11-11,2025-11-17,2025-11-11,Web,Part despatched
SO-2025-09306,C1605,DAV,2025-11-11,2025-11-12,2025-11-12,Web,Despatched
SO-2025-09307,C1078,DAV,2025-11-11,2025-11-17,2025-11-12,Telephone,Despatched
SO-2025-09308,C1985,DAV,2025-11-11,2025-11-13,2025-11-11,Web,Despatched
SO-2025-09309,C1734,DAV,2025-11-11,2025-11-14,2025-11-12,Telephone,Part despatched
SO-2025-09310,C1098,DAV,2025-11-11,2025-11-17,2025-11-11,Telephone,Despatched
SO-2025-09311,C1748,DAV,2025-11-11,2025-11-17,2025-11-11,Trade counter,Despatched
SO-2025-09312,C1593,DAV,2025-11-11,2025-11-17,2025-11-11,Trade counter,Despatched
SO-2025-09313,C1822,WAR,2025-11-11,2025-11-14,2025-11-11,Trade counter,Despatched
SO-2025-09314,C1450,WAR,2025-11-11,2025-11-13,2025-11-11,Trade counter,Part despatched
SO-2025-09315,C1464,WAR,2025-11-11,2025-11-17,2025-11-11,Account manager,Despatched
SO-2025-09316,C1032,WAR,2025-11-11,2025-11-14,2025-11-11,Trade counter,Part despatched
SO-2025-09317,C1697,BRS,2025-11-11,2025-11-13,2025-11-12,Trade counter,Despatched
SO-2025-09318,C1691,LIV,2025-11-11,2025-11-12,2025-11-11,Web,Despatched
SO-2025-09319,C1128,LIV,2025-11-11,2025-11-13,2025-11-11,Trade counter,Despatched
SO-2025-09320,C1085,LIV,2025-11-11,2025-11-13,2025-11-11,Trade counter,Part despatched
SO-2025-09321,C1551,DAV,2025-11-12,2025-11-13,2025-11-14,Web,Part despatched
SO-2025-09322,C1094,DAV,2025-11-12,2025-11-17,2025-11-12,Telephone,Part despatched
SO-2025-09323,C1366,DAV,2025-11-12,2025-11-13,2025-11-12,Account manager,Part despatched
SO-2025-09324,C1551,DAV,2025-11-12,2025-11-13,2025-11-13,Web,Despatched
SO-2025-09325,C1413,DAV,2025-11-12,2025-11-18,2025-11-12,Trade counter,Part despatched
SO-2025-09326,C1366,DAV,2025-11-12,2025-11-18,2025-11-12,Web,Part despatched
SO-2025-09327,C1495,WAR,2025-11-12,2025-11-17,2025-11-14,Account manager,Despatched
SO-2025-09328,C1950,WAR,2025-11-12,2025-11-14,2025-11-12,Telephone,Despatched
SO-2025-09329,C1844,WAR,2025-11-12,2025-11-18,2025-11-12,Web,Despatched
SO-2025-09330,C1391,WAR,2025-11-12,2025-11-17,2025-11-12,Trade counter,Despatched
SO-2025-09331,C1010,WAR,2025-11-12,2025-11-18,2025-11-12,Trade counter,Despatched
SO-2025-09332,C1032,WAR,2025-11-12,2025-11-14,2025-11-12,Web,Despatched
SO-2025-09333,C1501,BRS,2025-11-12,2025-11-18,2025-11-12,Trade counter,Part despatched
SO-2025-09334,C1475,BRS,2025-11-12,2025-11-14,2025-11-12,Trade counter,Despatched
SO-2025-09335,C1697,BRS,2025-11-12,2025-11-18,2025-11-12,Telephone,Despatched
SO-2025-09336,C1374,BRS,2025-11-12,2025-11-14,2025-11-12,Web,Part despatched
SO-2025-09337,C1411,BRS,2025-11-12,2025-11-18,2025-11-12,Telephone,Part despatched
SO-2025-09338,C1267,LIV,2025-11-12,2025-11-14,2025-11-12,Trade counter,Despatched
SO-2025-09339,C1726,LIV,2025-11-12,2025-11-17,2025-11-12,Account manager,Part despatched
SO-2025-09340,C1853,LIV,2025-11-12,2025-11-17,2025-11-17,Telephone,Despatched
SO-2025-09341,C1422,LIV,2025-11-12,2025-11-13,2025-11-12,Trade counter,Despatched
SO-2025-09342,C1429,DAV,2025-11-13,2025-11-19,2025-11-13,Trade counter,Part despatched
SO-2025-09343,C1389,DAV,2025-11-13,2025-11-14,2025-11-13,Trade counter,Despatched
SO-2025-09344,C1235,DAV,2025-11-13,2025-11-19,2025-11-14,Web,Part despatched
SO-2025-09345,C1795,DAV,2025-11-13,2025-11-14,2025-11-13,Telephone,Despatched
SO-2025-09346,C1201,DAV,2025-11-13,2025-11-19,2025-11-13,Web,Despatched
SO-2025-09347,C1559,DAV,2025-11-13,2025-11-14,2025-11-13,Trade counter,Despatched
SO-2025-09348,C1802,WAR,2025-11-13,2025-11-18,2025-11-13,Telephone,Part despatched
SO-2025-09349,C1724,WAR,2025-11-13,2025-11-19,2025-11-13,Web,Despatched
SO-2025-09350,C1752,WAR,2025-11-13,2025-11-19,2025-11-13,Trade counter,Despatched
SO-2025-09351,C1475,BRS,2025-11-13,2025-11-14,2025-11-13,Telephone,Part despatched
SO-2025-09352,C1821,LIV,2025-11-13,2025-11-17,2025-11-13,Trade counter,Despatched
SO-2025-09353,C1821,LIV,2025-11-13,2025-11-19,2025-11-13,Web,Despatched
SO-2025-09354,C1366,DAV,2025-11-14,2025-11-17,2025-11-14,Telephone,Despatched
SO-2025-09355,C1194,DAV,2025-11-14,2025-11-20,2025-11-14,Telephone,Despatched
SO-2025-09356,C1366,DAV,2025-11-14,2025-11-18,2025-11-14,Telephone,Despatched
SO-2025-09357,C1098,DAV,2025-11-14,2025-11-18,2025-11-18,Web,Despatched
SO-2025-09358,C1636,DAV,2025-11-14,2025-11-20,2025-11-14,Web,Part despatched
SO-2025-09359,C1532,DAV,2025-11-14,2025-11-19,2025-11-14,Telephone,Despatched
SO-2025-09360,C1143,DAV,2025-11-14,2025-11-17,2025-11-14,Web,Despatched
SO-2025-09361,C1491,DAV,2025-11-14,2025-11-18,2025-11-17,Account manager,Despatched
SO-2025-09362,C1558,WAR,2025-11-14,2025-11-19,2025-11-14,Telephone,Part despatched
SO-2025-09363,C1495,WAR,2025-11-14,2025-11-20,2025-11-18,Telephone,Despatched
SO-2025-09364,C1051,WAR,2025-11-14,2025-11-20,2025-11-14,Account manager,Part despatched
SO-2025-09365,C1123,WAR,2025-11-14,2025-11-19,2025-11-14,Account manager,Despatched
SO-2025-09366,C1844,WAR,2025-11-14,2025-11-17,2025-11-14,Telephone,Despatched
SO-2025-09367,C1115,BRS,2025-11-14,2025-11-17,2025-11-17,Telephone,Part despatched
SO-2025-09368,C1212,BRS,2025-11-14,2025-11-20,2025-11-14,Web,Despatched
SO-2025-09369,C1374,BRS,2025-11-14,2025-11-19,2025-11-14,Telephone,Part despatched
SO-2025-09370,C1212,BRS,2025-11-14,2025-11-20,2025-11-17,Telephone,Part despatched
SO-2025-09371,C1911,LIV,2025-11-14,2025-11-18,2025-11-14,Telephone,Despatched
SO-2025-09372,C1085,LIV,2025-11-14,2025-11-17,2025-11-14,Trade counter,Despatched
SO-2025-09373,C1669,DAV,2025-11-17,2025-11-18,2025-11-17,Trade counter,Part despatched
SO-2025-09374,C1947,DAV,2025-11-17,2025-11-20,2025-11-17,Account manager,Despatched
SO-2025-09375,C1366,DAV,2025-11-17,2025-11-20,2025-11-18,Trade counter,Despatched
SO-2025-09376,C1335,DAV,2025-11-17,2025-11-18,2025-11-17,Trade counter,Despatched
SO-2025-09377,C1767,DAV,2025-11-17,2025-11-21,2025-11-19,Account manager,Despatched
SO-2025-09378,C1251,DAV,2025-11-17,2025-11-19,2025-11-17,Telephone,Despatched
SO-2025-09379,C1429,DAV,2025-11-17,2025-11-20,2025-11-19,Telephone,Part despatched
SO-2025-09380,C1184,DAV,2025-11-17,2025-11-19,2025-11-17,Trade counter,Part despatched
SO-2025-09381,C1593,DAV,2025-11-17,2025-11-21,2025-11-17,Trade counter,Part despatched
SO-2025-09382,C1299,DAV,2025-11-17,2025-11-21,2025-11-17,Telephone,Part despatched
SO-2025-09383,C1145,DAV,2025-11-17,2025-11-18,2025-11-17,Account manager,Despatched
SO-2025-09384,C1790,WAR,2025-11-17,2025-11-18,2025-11-17,Account manager,Despatched
SO-2025-09385,C1597,WAR,2025-11-17,2025-11-20,2025-11-18,Account manager,Despatched
SO-2025-09386,C1238,BRS,2025-11-17,2025-11-19,2025-11-17,Web,Despatched
SO-2025-09387,C1785,BRS,2025-11-17,2025-11-21,2025-11-17,Trade counter,Despatched
SO-2025-09388,C1584,LIV,2025-11-17,2025-11-21,2025-11-17,Trade counter,Part despatched
SO-2025-09389,C1821,LIV,2025-11-17,2025-11-18,2025-11-17,Telephone,Despatched
SO-2025-09390,C1159,LIV,2025-11-17,2025-11-18,2025-11-17,Telephone,Part despatched
SO-2025-09391,C1429,DAV,2025-11-18,2025-11-20,2025-11-19,Telephone,Despatched
SO-2025-09392,C1056,DAV,2025-11-18,2025-11-19,2025-11-21,Web,Despatched
SO-2025-09393,C1429,DAV,2025-11-18,2025-11-20,2025-11-19,Trade counter,Despatched
SO-2025-09394,C1145,DAV,2025-11-18,2025-11-20,2025-11-19,Account manager,Despatched
SO-2025-09395,C1559,DAV,2025-11-18,2025-11-20,2025-11-18,Trade counter,Part despatched
SO-2025-09396,C1429,DAV,2025-11-18,2025-11-19,2025-11-18,Telephone,Despatched
SO-2025-09397,C1366,DAV,2025-11-18,2025-11-21,2025-11-18,Trade counter,Part despatched
SO-2025-09398,C1599,DAV,2025-11-18,2025-11-20,2025-11-18,Telephone,Part despatched
SO-2025-09399,C1515,DAV,2025-11-18,2025-11-21,2025-11-18,Web,Despatched
SO-2025-09400,C1032,WAR,2025-11-18,2025-11-19,2025-11-18,Telephone,Part despatched
SO-2025-09401,C1243,WAR,2025-11-18,2025-11-24,2025-11-18,Telephone,Despatched
SO-2025-09402,C1032,WAR,2025-11-18,2025-11-24,2025-11-18,Telephone,Despatched
SO-2025-09403,C1720,WAR,2025-11-18,2025-11-19,2025-11-18,Telephone,Despatched
SO-2025-09404,C1498,BRS,2025-11-18,2025-11-24,2025-11-18,Trade counter,Despatched
SO-2025-09405,C1501,BRS,2025-11-18,2025-11-20,2025-11-18,Web,Despatched
SO-2025-09406,C1578,BRS,2025-11-18,2025-11-20,2025-11-18,Telephone,Despatched
SO-2025-09407,C1238,BRS,2025-11-18,2025-11-24,2025-11-19,Trade counter,Despatched
SO-2025-09408,C1085,LIV,2025-11-18,2025-11-19,2025-11-18,Account manager,Despatched
SO-2025-09409,C1004,LIV,2025-11-18,2025-11-21,2025-11-20,Trade counter,Despatched
SO-2025-09410,C1320,DAV,2025-11-19,2025-11-21,2025-11-19,Web,Despatched
SO-2025-09411,C1187,DAV,2025-11-19,2025-11-20,2025-11-19,Account manager,Despatched
SO-2025-09412,C1440,DAV,2025-11-19,2025-11-21,2025-11-20,Telephone,Despatched
SO-2025-09413,C1300,DAV,2025-11-19,2025-11-24,2025-11-20,Account manager,Despatched
SO-2025-09414,C1389,DAV,2025-11-19,2025-11-20,2025-11-19,Trade counter,Despatched
SO-2025-09415,C1398,WAR,2025-11-19,2025-11-20,2025-11-19,Telephone,Despatched
SO-2025-09416,C1581,WAR,2025-11-19,2025-11-25,2025-11-19,Telephone,Part despatched
SO-2025-09417,C1557,BRS,2025-11-19,2025-11-24,2025-11-19,Trade counter,Despatched
SO-2025-09418,C1659,BRS,2025-11-19,2025-11-24,2025-11-19,Web,Despatched
SO-2025-09419,C1071,BRS,2025-11-19,2025-11-20,2025-11-19,Account manager,Part despatched
SO-2025-09420,C1107,BRS,2025-11-19,2025-11-25,2025-11-19,Telephone,Despatched
SO-2025-09421,C1634,LIV,2025-11-19,2025-11-24,2025-11-19,Trade counter,Part despatched
SO-2025-09422,C1639,DAV,2025-11-20,2025-11-25,2025-11-20,Web,Despatched
SO-2025-09423,C1145,DAV,2025-11-20,2025-11-24,2025-11-20,Account manager,Despatched
SO-2025-09424,C1094,DAV,2025-11-20,2025-11-25,2025-11-20,Telephone,Despatched
SO-2025-09425,C1001,WAR,2025-11-20,2025-11-26,2025-11-20,Telephone,Despatched
SO-2025-09426,C1724,WAR,2025-11-20,2025-11-26,2025-11-20,Telephone,Despatched
SO-2025-09427,C1360,WAR,2025-11-20,2025-11-26,2025-11-20,Trade counter,Part despatched
SO-2025-09428,C1051,WAR,2025-11-20,2025-11-26,2025-11-20,Trade counter,Part despatched
SO-2025-09429,C1839,WAR,2025-11-20,2025-11-26,2025-11-20,Web,Despatched
SO-2025-09430,C1057,WAR,2025-11-20,2025-11-25,2025-11-20,Account manager,Despatched
SO-2025-09431,C1032,WAR,2025-11-20,2025-11-25,2025-11-21,Web,Despatched
SO-2025-09432,C1664,BRS,2025-11-20,2025-11-24,2025-11-24,Trade counter,Part despatched
SO-2025-09433,C1374,BRS,2025-11-20,2025-11-24,2025-11-20,Telephone,Despatched
SO-2025-09434,C1338,BRS,2025-11-20,2025-11-21,2025-11-21,Telephone,Despatched
SO-2025-09435,C1071,BRS,2025-11-20,2025-11-25,2025-11-20,Trade counter,Part despatched
SO-2025-09436,C1022,LIV,2025-11-20,2025-11-25,2025-11-20,Trade counter,Despatched
SO-2025-09437,C1168,LIV,2025-11-20,2025-11-26,2025-11-20,Trade counter,Despatched
SO-2025-09438,C1878,LIV,2025-11-20,2025-11-26,2025-11-21,Trade counter,Despatched
SO-2025-09439,C1689,LIV,2025-11-20,2025-11-24,2025-11-20,Account manager,Despatched
SO-2025-09440,C1566,LIV,2025-11-20,2025-11-24,2025-11-20,Web,Despatched
SO-2025-09441,C1685,LIV,2025-11-20,2025-11-25,2025-11-20,Trade counter,Despatched
SO-2025-09442,C1168,LIV,2025-11-20,2025-11-25,2025-11-21,Trade counter,Despatched
SO-2025-09443,C1704,DAV,2025-11-21,2025-11-25,2025-11-21,Web,Despatched
SO-2025-09444,C1447,DAV,2025-11-21,2025-11-24,2025-11-21,Web,Part despatched
SO-2025-09445,C1098,DAV,2025-11-21,2025-11-24,,Telephone,Cancelled
SO-2025-09446,C1936,DAV,2025-11-21,2025-11-24,2025-11-21,Web,Part despatched
SO-2025-09447,C1372,DAV,2025-11-21,2025-11-27,,Web,Cancelled
SO-2025-09448,C1284,DAV,2025-11-21,2025-11-24,2025-11-21,Trade counter,Despatched
SO-2025-09449,C1211,DAV,2025-11-21,2025-11-26,2025-11-21,Telephone,Despatched
SO-2025-09450,C1056,DAV,2025-11-21,2025-11-27,2025-11-21,Web,Despatched
SO-2025-09451,C1084,DAV,2025-11-21,2025-11-26,2025-11-25,Web,Despatched
SO-2025-09452,C1235,DAV,2025-11-21,2025-11-26,2025-11-21,Account manager,Despatched
SO-2025-09453,C1211,DAV,2025-11-21,2025-11-27,2025-11-21,Telephone,Despatched
SO-2025-09454,C1669,DAV,2025-11-21,2025-11-25,2025-11-21,Web,Part despatched
SO-2025-09455,C1947,DAV,2025-11-21,2025-11-24,2025-11-21,Trade counter,Part despatched
SO-2025-09456,C1299,DAV,2025-11-21,2025-11-25,2025-11-24,Web,Despatched
SO-2025-09457,C1051,WAR,2025-11-21,2025-11-24,2025-11-21,Web,Despatched
SO-2025-09458,C1802,WAR,2025-11-21,2025-11-24,2025-11-21,Account manager,Despatched
SO-2025-09459,C1032,WAR,2025-11-21,2025-11-26,2025-11-21,Web,Part despatched
SO-2025-09460,C1679,WAR,2025-11-21,2025-11-24,2025-11-21,Trade counter,Part despatched
SO-2025-09461,C1460,WAR,2025-11-21,2025-11-27,2025-11-21,Trade counter,Despatched
SO-2025-09462,C1010,WAR,2025-11-21,2025-11-26,2025-11-25,Trade counter,Part despatched
SO-2025-09463,C1802,WAR,2025-11-21,2025-11-26,2025-11-21,Trade counter,Despatched
SO-2025-09464,C1212,BRS,2025-11-21,2025-11-26,2025-11-21,Web,Despatched
SO-2025-09465,C1140,BRS,2025-11-21,2025-11-24,2025-11-21,Web,Part despatched
SO-2025-09466,C1338,BRS,2025-11-21,2025-11-27,2025-11-21,Trade counter,Despatched
SO-2025-09467,C1151,BRS,2025-11-21,2025-11-24,2025-11-21,Web,Despatched
SO-2025-09468,C1785,BRS,2025-11-21,2025-11-25,2025-11-21,Trade counter,Despatched
SO-2025-09469,C1674,BRS,2025-11-21,2025-11-27,2025-11-26,Telephone,Despatched
SO-2025-09470,C1475,BRS,2025-11-21,2025-11-26,2025-11-21,Trade counter,Despatched
SO-2025-09471,C1085,LIV,2025-11-21,2025-11-27,2025-11-24,Trade counter,Part despatched
SO-2025-09472,C1379,LIV,2025-11-21,2025-11-26,2025-11-21,Account manager,Despatched
SO-2025-09473,C1853,LIV,2025-11-21,2025-11-26,2025-11-21,Telephone,Despatched
SO-2025-09474,C1911,LIV,2025-11-21,2025-11-27,2025-11-21,Trade counter,Despatched
SO-2025-09475,C1687,LIV,2025-11-21,2025-11-26,2025-11-21,Account manager,Despatched
SO-2025-09476,C1133,DAV,2025-11-24,2025-11-28,2025-11-24,Trade counter,Despatched
SO-2025-09477,C1299,DAV,2025-11-24,2025-11-27,2025-11-24,Account manager,Despatched
SO-2025-09478,C1270,DAV,2025-11-24,2025-11-27,2025-11-24,Trade counter,Part despatched
SO-2025-09479,C1255,DAV,2025-11-24,2025-11-26,2025-11-25,Trade counter,Despatched
SO-2025-09480,C1209,DAV,2025-11-24,2025-11-25,2025-11-25,Telephone,Despatched
SO-2025-09481,C1078,DAV,2025-11-24,2025-11-28,2025-11-24,Telephone,Despatched
SO-2025-09482,C1299,DAV,2025-11-24,2025-11-28,2025-11-24,Trade counter,Despatched
SO-2025-09483,C1389,DAV,2025-11-24,2025-11-25,2025-11-25,Trade counter,Part despatched
SO-2025-09484,C1146,DAV,2025-11-24,2025-11-25,2025-11-24,Account manager,Despatched
SO-2025-09485,C1094,DAV,2025-11-24,2025-11-25,2025-11-24,Account manager,Part despatched
SO-2025-09486,C1593,DAV,2025-11-24,2025-11-26,2025-11-25,Trade counter,Despatched
SO-2025-09487,C1429,DAV,2025-11-24,2025-11-25,2025-11-27,Trade counter,Despatched
SO-2025-09488,C1114,DAV,2025-11-24,2025-11-26,2025-11-24,Telephone,Despatched
SO-2025-09489,C1827,DAV,2025-11-24,2025-11-28,2025-11-24,Trade counter,Despatched
SO-2025-09490,C1936,DAV,2025-11-24,2025-11-27,2025-11-24,Web,Part despatched
SO-2025-09491,C1748,DAV,2025-11-24,2025-11-26,2025-11-24,Trade counter,Despatched
SO-2025-09492,C1533,WAR,2025-11-24,2025-11-25,2025-11-24,Trade counter,Despatched
SO-2025-09493,C1955,WAR,2025-11-24,2025-11-28,2025-11-25,Web,Despatched
SO-2025-09494,C1918,WAR,2025-11-24,2025-11-26,2025-11-25,Web,Despatched
SO-2025-09495,C1871,WAR,2025-11-24,2025-11-25,2025-11-25,Account manager,Despatched
SO-2025-09496,C1164,WAR,2025-11-24,2025-11-25,2025-11-24,Telephone,Despatched
SO-2025-09497,C1844,WAR,2025-11-24,2025-11-27,2025-11-24,Telephone,Despatched
SO-2025-09498,C1656,WAR,2025-11-24,2025-11-27,2025-11-24,Telephone,Despatched
SO-2025-09499,C1557,BRS,2025-11-24,2025-11-26,2025-11-24,Telephone,Despatched
SO-2025-09500,C1737,BRS,2025-11-24,2025-11-28,2025-11-24,Account manager,Despatched
SO-2025-09501,C1107,BRS,2025-11-24,2025-11-28,2025-11-25,Trade counter,Despatched
SO-2025-09502,C1590,BRS,2025-11-24,2025-11-28,2025-11-24,Telephone,Despatched
SO-2025-09503,C1430,LIV,2025-11-24,2025-11-25,2025-11-25,Telephone,Part despatched
SO-2025-09504,C1687,LIV,2025-11-24,2025-11-25,2025-11-24,Telephone,Despatched
SO-2025-09505,C1821,LIV,2025-11-24,2025-11-28,2025-11-24,Telephone,Part despatched
SO-2025-09506,C1821,LIV,2025-11-24,2025-11-27,2025-11-24,Telephone,Despatched
SO-2025-09507,C1634,LIV,2025-11-24,2025-11-26,2025-11-24,Trade counter,Despatched
SO-2025-09508,C1435,LIV,2025-11-24,2025-11-27,2025-11-27,Trade counter,Despatched
SO-2025-09509,C1085,LIV,2025-11-24,2025-11-27,2025-11-25,Account manager,Despatched
SO-2025-09510,C1085,LIV,2025-11-24,2025-11-26,2025-11-24,Trade counter,Despatched
SO-2025-09511,C1109,LIV,2025-11-24,2025-11-28,2025-11-26,Trade counter,Despatched
SO-2025-09512,C1823,LIV,2025-11-24,2025-11-27,2025-11-24,Telephone,Despatched
SO-2025-09513,C1599,DAV,2025-11-25,2025-11-28,2025-11-26,Web,Despatched
SO-2025-09514,C1235,DAV,2025-11-25,2025-11-26,2025-11-25,Telephone,Despatched
SO-2025-09515,C1521,DAV,2025-11-25,2025-11-26,2025-11-26,Telephone,Despatched
SO-2025-09516,C1563,DAV,2025-11-25,2025-12-01,2025-11-26,Telephone,Part despatched
SO-2025-09517,C1563,DAV,2025-11-25,2025-11-26,2025-11-25,Account manager,Part despatched
SO-2025-09518,C1284,DAV,2025-11-25,2025-11-26,2025-11-25,Telephone,Despatched
SO-2025-09519,C1593,DAV,2025-11-25,2025-11-26,2025-11-26,Trade counter,Part despatched
SO-2025-09520,C1682,DAV,2025-11-25,2025-11-28,2025-11-26,Trade counter,Despatched
SO-2025-09521,C1844,WAR,2025-11-25,2025-11-26,2025-11-26,Trade counter,Despatched
SO-2025-09522,C1234,WAR,2025-11-25,2025-11-26,2025-11-25,Telephone,Despatched
SO-2025-09523,C1010,WAR,2025-11-25,2025-12-01,2025-11-25,Web,Despatched
SO-2025-09524,C1032,WAR,2025-11-25,2025-11-28,2025-11-25,Trade counter,Despatched
SO-2025-09525,C1508,WAR,2025-11-25,2025-12-01,2025-11-25,Web,Part despatched
SO-2025-09526,C1392,WAR,2025-11-25,2025-11-28,2025-11-25,Account manager,Despatched
SO-2025-09527,C1026,WAR,2025-11-25,2025-11-26,2025-11-25,Telephone,Despatched
SO-2025-09528,C1492,WAR,2025-11-25,2025-11-26,2025-11-25,Telephone,Despatched
SO-2025-09529,C1651,WAR,2025-11-25,2025-11-26,2025-11-25,Account manager,Part despatched
SO-2025-09530,C1831,WAR,2025-11-25,2025-11-28,2025-11-25,Telephone,Part despatched
SO-2025-09531,C1258,BRS,2025-11-25,2025-12-01,2025-11-25,Telephone,Despatched
SO-2025-09532,C1338,BRS,2025-11-25,2025-12-01,2025-11-25,Trade counter,Despatched
SO-2025-09533,C1518,BRS,2025-11-25,2025-11-27,2025-11-26,Account manager,Part despatched
SO-2025-09534,C1302,BRS,2025-11-25,2025-12-01,2025-11-25,Trade counter,Despatched
SO-2025-09535,C1904,LIV,2025-11-25,2025-11-27,2025-11-26,Trade counter,Despatched
SO-2025-09536,C1634,LIV,2025-11-25,2025-11-26,2025-11-25,Web,Despatched
SO-2025-09537,C1964,LIV,2025-11-25,2025-11-28,2025-11-25,Web,Despatched
SO-2025-09538,C1941,LIV,2025-11-25,2025-11-28,2025-11-27,Trade counter,Part despatched
SO-2025-09539,C1728,DAV,2025-11-26,2025-11-27,2025-11-28,Trade counter,Despatched
SO-2025-09540,C1599,DAV,2025-11-26,2025-12-01,2025-11-26,Account manager,Despatched
SO-2025-09541,C1145,DAV,2025-11-26,2025-12-01,2025-11-27,Web,Despatched
SO-2025-09542,C1194,DAV,2025-11-26,2025-12-02,2025-11-26,Trade counter,Despatched
SO-2025-09543,C1407,DAV,2025-11-26,2025-12-01,2025-11-26,Trade counter,Despatched
SO-2025-09544,C1454,WAR,2025-11-26,2025-11-28,2025-11-26,Web,Despatched
SO-2025-09545,C1581,WAR,2025-11-26,2025-11-27,2025-11-26,Web,Despatched
SO-2025-09546,C1409,WAR,2025-11-26,2025-11-28,2025-11-26,Telephone,Despatched
SO-2025-09547,C1156,WAR,2025-11-26,2025-12-01,2025-11-26,Account manager,Part despatched
SO-2025-09548,C1702,WAR,2025-11-26,2025-11-27,2025-11-26,Trade counter,Despatched
SO-2025-09549,C1492,WAR,2025-11-26,2025-12-02,2025-11-26,Trade counter,Despatched
SO-2025-09550,C1349,WAR,2025-11-26,2025-11-27,2025-11-26,Trade counter,Part despatched
SO-2025-09551,C1822,WAR,2025-11-26,2025-12-01,2025-11-27,Account manager,Despatched
SO-2025-09552,C1247,BRS,2025-11-26,2025-12-02,2025-11-27,Telephone,Part despatched
SO-2025-09553,C1505,BRS,2025-11-26,2025-11-28,2025-11-26,Web,Despatched
SO-2025-09554,C1715,LIV,2025-11-26,2025-11-28,2025-11-27,Trade counter,Part despatched
SO-2025-09555,C1941,LIV,2025-11-26,2025-11-27,2025-11-26,Web,Despatched
SO-2025-09556,C1004,LIV,2025-11-26,2025-12-01,2025-11-28,Telephone,Despatched
SO-2025-09557,C1856,LIV,2025-11-26,2025-12-01,2025-11-26,Telephone,Despatched
SO-2025-09558,C1900,LIV,2025-11-26,2025-11-27,2025-11-26,Web,Despatched
SO-2025-09559,C1372,DAV,2025-11-27,2025-11-28,2025-11-27,Web,Despatched
SO-2025-09560,C1255,DAV,2025-11-27,2025-12-02,2025-11-27,Web,Despatched
SO-2025-09561,C1211,DAV,2025-11-27,2025-12-02,2025-11-27,Account manager,Despatched
SO-2025-09562,C1372,DAV,2025-11-27,2025-12-03,2025-11-27,Trade counter,Despatched
SO-2025-09563,C1936,DAV,2025-11-27,2025-11-28,2025-12-01,Trade counter,Despatched
SO-2025-09564,C1270,DAV,2025-11-27,2025-12-02,2025-11-27,Trade counter,Despatched
SO-2025-09565,C1366,DAV,2025-11-27,2025-12-02,2025-11-27,Web,Despatched
SO-2025-09566,C1307,DAV,2025-11-27,2025-11-28,2025-11-27,Web,Despatched
SO-2025-09567,C1001,WAR,2025-11-27,2025-12-01,2025-11-27,Trade counter,Despatched
SO-2025-09568,C1234,WAR,2025-11-27,2025-12-01,2025-11-27,Trade counter,Despatched
SO-2025-09569,C1441,WAR,2025-11-27,2025-12-01,2025-11-27,Web,Part despatched
SO-2025-09570,C1207,WAR,2025-11-27,2025-12-02,2025-12-02,Telephone,Despatched
SO-2025-09571,C1010,WAR,2025-11-27,2025-12-03,2025-11-28,Account manager,Part despatched
SO-2025-09572,C1679,WAR,2025-11-27,2025-12-01,2025-11-27,Account manager,Despatched
SO-2025-09573,C1659,BRS,2025-11-27,2025-12-01,2025-11-28,Trade counter,Despatched
SO-2025-09574,C1435,LIV,2025-11-27,2025-12-01,2025-11-27,Trade counter,Despatched
SO-2025-09575,C1168,LIV,2025-11-27,2025-12-03,2025-12-01,Trade counter,Despatched
SO-2025-09576,C1521,DAV,2025-11-28,2025-12-01,2025-11-28,Web,Despatched
SO-2025-09577,C1447,DAV,2025-11-28,2025-12-04,2025-11-28,Account manager,Despatched
SO-2025-09578,C1563,DAV,2025-11-28,2025-12-03,2025-11-28,Trade counter,Despatched
SO-2025-09579,C1593,DAV,2025-11-28,2025-12-01,2025-11-28,Telephone,Part despatched
SO-2025-09580,C1270,DAV,2025-11-28,2025-12-01,2025-11-28,Telephone,Despatched
SO-2025-09581,C1372,DAV,2025-11-28,2025-12-04,2025-11-28,Trade counter,Despatched
SO-2025-09582,C1426,DAV,2025-11-28,2025-12-03,2025-11-28,Telephone,Despatched
SO-2025-09583,C1559,DAV,2025-11-28,2025-12-03,2025-11-28,Telephone,Despatched
SO-2025-09584,C1734,DAV,2025-11-28,2025-12-04,2025-12-02,Telephone,Despatched
SO-2025-09585,C1800,DAV,2025-11-28,2025-12-04,2025-11-28,Trade counter,Despatched
SO-2025-09586,C1885,WAR,2025-11-28,2025-12-02,2025-12-01,Web,Despatched
SO-2025-09587,C1391,WAR,2025-11-28,2025-12-02,2025-11-28,Trade counter,Despatched
SO-2025-09588,C1075,WAR,2025-11-28,2025-12-03,2025-12-01,Web,Despatched
SO-2025-09589,C1207,WAR,2025-11-28,2025-12-03,2025-12-01,Telephone,Part despatched
SO-2025-09590,C1533,WAR,2025-11-28,2025-12-02,2025-11-28,Telephone,Despatched
SO-2025-09591,C1581,WAR,2025-11-28,2025-12-02,2025-12-02,Web,Despatched
SO-2025-09592,C1522,WAR,2025-11-28,2025-12-02,2025-12-02,Trade counter,Despatched
SO-2025-09593,C1032,WAR,2025-11-28,2025-12-03,2025-12-01,Trade counter,Despatched
SO-2025-09594,C1234,WAR,2025-11-28,2025-12-01,2025-11-28,Account manager,Part despatched
SO-2025-09595,C1478,LIV,2025-11-28,2025-12-01,2025-11-28,Web,Despatched
SO-2025-09596,C1024,LIV,2025-11-28,2025-12-03,2025-12-01,Telephone,Despatched
SO-2025-09597,C1143,DAV,2025-12-01,2025-12-04,2025-12-01,Trade counter,Part despatched
SO-2025-09598,C1486,DAV,2025-12-01,2025-12-05,2025-12-01,Telephone,Part despatched
SO-2025-09599,C1613,DAV,2025-12-01,2025-12-02,2025-12-01,Trade counter,Despatched
SO-2025-09600,C1097,DAV,2025-12-01,2025-12-05,2025-12-03,Trade counter,Despatched
SO-2025-09601,C1042,DAV,2025-12-01,2025-12-04,2025-12-01,Trade counter,Despatched
SO-2025-09602,C1051,WAR,2025-12-01,2025-12-04,2025-12-01,Account manager,Part despatched
SO-2025-09603,C1790,WAR,2025-12-01,2025-12-03,2025-12-01,Telephone,Despatched
SO-2025-09604,C1844,WAR,2025-12-01,2025-12-05,2025-12-01,Trade counter,Despatched
SO-2025-09605,C1495,WAR,2025-12-01,2025-12-05,2025-12-03,Web,Despatched
SO-2025-09606,C1495,WAR,2025-12-01,2025-12-02,2025-12-02,Trade counter,Part despatched
SO-2025-09607,C1844,WAR,2025-12-01,2025-12-04,2025-12-01,Trade counter,Despatched
SO-2025-09608,C1844,WAR,2025-12-01,2025-12-02,2025-12-01,Trade counter,Despatched
SO-2025-09609,C1450,WAR,2025-12-01,2025-12-02,2025-12-01,Telephone,Despatched
SO-2025-09610,C1238,BRS,2025-12-01,2025-12-04,2025-12-01,Telephone,Despatched
SO-2025-09611,C1674,BRS,2025-12-01,2025-12-03,2025-12-01,Account manager,Despatched
SO-2025-09612,C1785,BRS,2025-12-01,2025-12-03,2025-12-02,Trade counter,Despatched
SO-2025-09613,C1518,BRS,2025-12-01,2025-12-03,2025-12-01,Telephone,Despatched
SO-2025-09614,C1046,BRS,2025-12-01,2025-12-05,2025-12-01,Telephone,Despatched
SO-2025-09615,C1168,LIV,2025-12-01,2025-12-03,2025-12-02,Telephone,Despatched
SO-2025-09616,C1835,LIV,2025-12-01,2025-12-02,2025-12-01,Trade counter,Despatched
SO-2025-09617,C1821,LIV,2025-12-01,2025-12-04,2025-12-01,Web,Despatched
SO-2025-09618,C1975,LIV,2025-12-01,2025-12-03,2025-12-01,Trade counter,Part despatched
SO-2025-09619,C1977,DAV,2025-12-02,2025-12-04,2025-12-02,Trade counter,Despatched
SO-2025-09620,C1078,DAV,2025-12-02,2025-12-05,2025-12-02,Telephone,Despatched
SO-2025-09621,C1563,DAV,2025-12-02,2025-12-03,2025-12-02,Web,Despatched
SO-2025-09622,C1760,DAV,2025-12-02,2025-12-05,2025-12-02,Telephone,Despatched
SO-2025-09623,C1521,DAV,2025-12-02,2025-12-04,2025-12-03,Telephone,Part despatched
SO-2025-09624,C1145,DAV,2025-12-02,2025-12-03,2025-12-02,Trade counter,Part despatched
SO-2025-09625,C1563,DAV,2025-12-02,2025-12-03,2025-12-03,Trade counter,Part despatched
SO-2025-09626,C1486,DAV,2025-12-02,2025-12-04,2025-12-03,Telephone,Despatched
SO-2025-09627,C1599,DAV,2025-12-02,2025-12-04,2025-12-04,Telephone,Despatched
SO-2025-09628,C1257,DAV,2025-12-02,2025-12-08,2025-12-02,Telephone,Despatched
SO-2025-09629,C1278,DAV,2025-12-02,2025-12-08,2025-12-02,Trade counter,Despatched
SO-2025-09630,C1146,DAV,2025-12-02,2025-12-05,2025-12-03,Trade counter,Despatched
SO-2025-09631,C1734,DAV,2025-12-02,2025-12-03,2025-12-03,Account manager,Part despatched
SO-2025-09632,C1985,DAV,2025-12-02,2025-12-04,2025-12-05,Web,Despatched
SO-2025-09633,C1143,DAV,2025-12-02,2025-12-05,2025-12-02,Account manager,Despatched
SO-2025-09634,C1098,DAV,2025-12-02,2025-12-08,2025-12-02,Web,Despatched
SO-2025-09635,C1251,DAV,2025-12-02,2025-12-03,2025-12-02,Telephone,Despatched
SO-2025-09636,C1257,DAV,2025-12-02,2025-12-05,2025-12-02,Trade counter,Part despatched
SO-2025-09637,C1032,WAR,2025-12-02,2025-12-03,2025-12-02,Web,Despatched
SO-2025-09638,C1174,WAR,2025-12-02,2025-12-08,2025-12-03,Web,Despatched
SO-2025-09639,C1730,WAR,2025-12-02,2025-12-04,2025-12-02,Telephone,Part despatched
SO-2025-09640,C1032,WAR,2025-12-02,2025-12-08,2025-12-02,Account manager,Part despatched
SO-2025-09641,C1896,WAR,2025-12-02,2025-12-04,2025-12-02,Telephone,Despatched
SO-2025-09642,C1948,WAR,2025-12-02,2025-12-04,2025-12-02,Telephone,Despatched
SO-2025-09643,C1844,WAR,2025-12-02,2025-12-08,2025-12-02,Web,Despatched
SO-2025-09644,C1871,WAR,2025-12-02,2025-12-04,2025-12-02,Telephone,Part despatched
SO-2025-09645,C1463,BRS,2025-12-02,2025-12-04,2025-12-02,Web,Despatched
SO-2025-09646,C1168,LIV,2025-12-02,2025-12-04,2025-12-03,Trade counter,Despatched
SO-2025-09647,C1584,LIV,2025-12-02,2025-12-08,2025-12-02,Telephone,Part despatched
SO-2025-09648,C1407,DAV,2025-12-03,2025-12-09,2025-12-05,Trade counter,Despatched
SO-2025-09649,C1211,DAV,2025-12-03,2025-12-05,2025-12-03,Trade counter,Despatched
SO-2025-09650,C1056,DAV,2025-12-03,2025-12-05,2025-12-04,Account manager,Despatched
SO-2025-09651,C1255,DAV,2025-12-03,2025-12-04,2025-12-03,Trade counter,Despatched
SO-2025-09652,C1447,DAV,2025-12-03,2025-12-04,2025-12-03,Web,Despatched
SO-2025-09653,C1145,DAV,2025-12-03,2025-12-09,2025-12-03,Trade counter,Despatched
SO-2025-09654,C1194,DAV,2025-12-03,2025-12-05,2025-12-03,Web,Despatched
SO-2025-09655,C1078,DAV,2025-12-03,2025-12-09,2025-12-03,Web,Despatched
SO-2025-09656,C1402,WAR,2025-12-03,2025-12-04,2025-12-03,Telephone,Despatched
SO-2025-09657,C1032,WAR,2025-12-03,2025-12-08,2025-12-04,Trade counter,Part despatched
SO-2025-09658,C1730,WAR,2025-12-03,2025-12-05,2025-12-03,Web,Part despatched
SO-2025-09659,C1955,WAR,2025-12-03,2025-12-09,2025-12-03,Telephone,Despatched
SO-2025-09660,C1207,WAR,2025-12-03,2025-12-08,2025-12-08,Trade counter,Despatched
SO-2025-09661,C1398,WAR,2025-12-03,2025-12-09,2025-12-03,Web,Part despatched
SO-2025-09662,C1193,WAR,2025-12-03,2025-12-08,2025-12-03,Web,Despatched
SO-2025-09663,C1656,WAR,2025-12-03,2025-12-04,2025-12-03,Trade counter,Despatched
SO-2025-09664,C1535,WAR,2025-12-03,2025-12-08,2025-12-03,Trade counter,Despatched
SO-2025-09665,C1831,WAR,2025-12-03,2025-12-09,2025-12-03,Telephone,Despatched
SO-2025-09666,C1343,BRS,2025-12-03,2025-12-05,2025-12-03,Trade counter,Despatched
SO-2025-09667,C1302,BRS,2025-12-03,2025-12-08,2025-12-03,Web,Despatched
SO-2025-09668,C1321,LIV,2025-12-03,2025-12-04,2025-12-03,Trade counter,Despatched
SO-2025-09669,C1904,LIV,2025-12-03,2025-12-04,2025-12-03,Account manager,Despatched
SO-2025-09670,C1024,LIV,2025-12-03,2025-12-04,2025-12-03,Telephone,Despatched
SO-2025-09671,C1098,DAV,2025-12-04,2025-12-08,2025-12-09,Web,Part despatched
SO-2025-09672,C1708,DAV,2025-12-04,2025-12-10,2025-12-05,Account manager,Despatched
SO-2025-09673,C1938,DAV,2025-12-04,2025-12-09,2025-12-04,Telephone,Despatched
SO-2025-09674,C1554,DAV,2025-12-04,2025-12-10,2025-12-04,Web,Despatched
SO-2025-09675,C1366,DAV,2025-12-04,2025-12-09,2025-12-04,Trade counter,Despatched
SO-2025-09676,C1194,DAV,2025-12-04,2025-12-05,2025-12-05,Account manager,Despatched
SO-2025-09677,C1940,DAV,2025-12-04,2025-12-09,2025-12-04,Trade counter,Despatched
SO-2025-09678,C1952,DAV,2025-12-04,2025-12-09,2025-12-04,Trade counter,Despatched
SO-2025-09679,C1599,DAV,2025-12-04,2025-12-10,2025-12-04,Telephone,Part despatched
SO-2025-09680,C1255,DAV,2025-12-04,2025-12-08,2025-12-04,Telephone,Despatched
SO-2025-09681,C1938,DAV,2025-12-04,2025-12-05,2025-12-04,Telephone,Despatched
SO-2025-09682,C1398,WAR,2025-12-04,2025-12-10,2025-12-04,Web,Part despatched
SO-2025-09683,C1215,WAR,2025-12-04,2025-12-10,2025-12-04,Telephone,Despatched
SO-2025-09684,C1498,BRS,2025-12-04,2025-12-05,2025-12-04,Web,Despatched
SO-2025-09685,C1659,BRS,2025-12-04,2025-12-05,2025-12-05,Web,Despatched
SO-2025-09686,C1302,BRS,2025-12-04,2025-12-09,2025-12-04,Trade counter,Despatched
SO-2025-09687,C1071,BRS,2025-12-04,2025-12-10,2025-12-04,Trade counter,Despatched
SO-2025-09688,C1783,BRS,2025-12-04,2025-12-10,2025-12-05,Telephone,Despatched
SO-2025-09689,C1151,BRS,2025-12-04,2025-12-08,2025-12-04,Trade counter,Despatched
SO-2025-09690,C1821,LIV,2025-12-04,2025-12-05,2025-12-05,Trade counter,Despatched
SO-2025-09691,C1892,LIV,2025-12-04,2025-12-10,2025-12-04,Telephone,Despatched
SO-2025-09692,C1634,LIV,2025-12-04,2025-12-05,2025-12-04,Telephone,Despatched
SO-2025-09693,C1704,DAV,2025-12-05,2025-12-11,2025-12-05,Account manager,Despatched
SO-2025-09694,C1429,DAV,2025-12-05,2025-12-08,2025-12-08,Trade counter,Despatched
SO-2025-09695,C1599,DAV,2025-12-05,2025-12-10,2025-12-05,Telephone,Despatched
SO-2025-09696,C1447,DAV,2025-12-05,2025-12-10,2025-12-10,Telephone,Part despatched
SO-2025-09697,C1882,DAV,2025-12-05,2025-12-11,2025-12-05,Telephone,Despatched
SO-2025-09698,C1429,DAV,2025-12-05,2025-12-08,2025-12-05,Trade counter,Despatched
SO-2025-09699,C1882,DAV,2025-12-05,2025-12-11,2025-12-05,Trade counter,Despatched
SO-2025-09700,C1429,DAV,2025-12-05,2025-12-09,2025-12-08,Trade counter,Despatched
SO-2025-09701,C1844,WAR,2025-12-05,2025-12-08,2025-12-05,Telephone,Despatched
SO-2025-09702,C1492,WAR,2025-12-05,2025-12-10,2025-12-08,Telephone,Despatched
SO-2025-09703,C1051,WAR,2025-12-05,2025-12-09,2025-12-05,Telephone,Despatched
SO-2025-09704,C1948,WAR,2025-12-05,2025-12-10,2025-12-05,Trade counter,Part despatched
SO-2025-09705,C1339,BRS,2025-12-05,2025-12-09,2025-12-05,Web,Part despatched
SO-2025-09706,C1343,BRS,2025-12-05,2025-12-08,2025-12-05,Telephone,Despatched
SO-2025-09707,C1171,BRS,2025-12-05,2025-12-11,2025-12-05,Web,Part despatched
SO-2025-09708,C1475,BRS,2025-12-05,2025-12-08,2025-12-08,Trade counter,Despatched
SO-2025-09709,C1578,BRS,2025-12-05,2025-12-08,2025-12-05,Web,Despatched
SO-2025-09710,C1778,LIV,2025-12-05,2025-12-11,2025-12-05,Trade counter,Despatched
SO-2025-09711,C1430,LIV,2025-12-05,2025-12-09,2025-12-05,Telephone,Despatched
SO-2025-09712,C1321,LIV,2025-12-05,2025-12-10,2025-12-05,Trade counter,Despatched
SO-2025-09713,C1743,DAV,2025-12-08,2025-12-12,2025-12-08,Telephone,Despatched
SO-2025-09714,C1278,DAV,2025-12-08,2025-12-11,2025-12-08,Trade counter,Part despatched
SO-2025-09715,C1299,DAV,2025-12-08,2025-12-10,2025-12-10,Account manager,Despatched
SO-2025-09716,C1554,DAV,2025-12-08,2025-12-11,2025-12-08,Account manager,Part despatched
SO-2025-09717,C1488,DAV,2025-12-08,2025-12-10,2025-12-08,Trade counter,Despatched
SO-2025-09718,C1554,DAV,2025-12-08,2025-12-12,2025-12-08,Web,Despatched
SO-2025-09719,C1841,DAV,2025-12-08,2025-12-09,2025-12-08,Web,Despatched
SO-2025-09720,C1452,DAV,2025-12-08,2025-12-10,2025-12-08,Web,Part despatched
SO-2025-09721,C1491,DAV,2025-12-08,2025-12-11,2025-12-08,Web,Part despatched
SO-2025-09722,C1512,DAV,2025-12-08,2025-12-12,2025-12-08,Web,Despatched
SO-2025-09723,C1563,DAV,2025-12-08,2025-12-10,2025-12-08,Telephone,Part despatched
SO-2025-09724,C1882,DAV,2025-12-08,2025-12-11,2025-12-08,Trade counter,Despatched
SO-2025-09725,C1788,DAV,2025-12-08,2025-12-11,2025-12-10,Trade counter,Despatched
SO-2025-09726,C1367,DAV,2025-12-08,2025-12-12,2025-12-09,Telephone,Despatched
SO-2025-09727,C1429,DAV,2025-12-08,2025-12-11,2025-12-09,Telephone,Despatched
SO-2025-09728,C1078,DAV,2025-12-08,2025-12-11,2025-12-09,Telephone,Despatched
SO-2025-09729,C1392,WAR,2025-12-08,2025-12-11,2025-12-08,Telephone,Despatched
SO-2025-09730,C1720,WAR,2025-12-08,2025-12-10,2025-12-08,Web,Despatched
SO-2025-09731,C1802,WAR,2025-12-08,2025-12-12,2025-12-09,Trade counter,Part despatched
SO-2025-09732,C1215,WAR,2025-12-08,2025-12-10,2025-12-10,Telephone,Despatched
SO-2025-09733,C1450,WAR,2025-12-08,2025-12-10,2025-12-08,Telephone,Part despatched
SO-2025-09734,C1044,BRS,2025-12-08,2025-12-11,2025-12-08,Account manager,Despatched
SO-2025-09735,C1147,BRS,2025-12-08,2025-12-12,2025-12-08,Telephone,Despatched
SO-2025-09736,C1878,LIV,2025-12-08,2025-12-09,2025-12-08,Trade counter,Despatched
SO-2025-09737,C1278,DAV,2025-12-09,2025-12-12,2025-12-09,Web,Part despatched
SO-2025-09738,C1800,DAV,2025-12-09,2025-12-11,2025-12-10,Trade counter,Despatched
SO-2025-09739,C1599,DAV,2025-12-09,2025-12-11,2025-12-10,Telephone,Despatched
SO-2025-09740,C1940,DAV,2025-12-09,2025-12-12,2025-12-10,Telephone,Part despatched
SO-2025-09741,C1078,DAV,2025-12-09,2025-12-15,2025-12-09,Account manager,Despatched
SO-2025-09742,C1094,DAV,2025-12-09,2025-12-11,2025-12-09,Account manager,Part despatched
SO-2025-09743,C1918,WAR,2025-12-09,2025-12-10,2025-12-11,Telephone,Part despatched
SO-2025-09744,C1770,WAR,2025-12-09,2025-12-11,2025-12-09,Web,Part despatched
SO-2025-09745,C1724,WAR,2025-12-09,2025-12-12,2025-12-09,Telephone,Despatched
SO-2025-09746,C1752,WAR,2025-12-09,2025-12-12,2025-12-09,Trade counter,Despatched
SO-2025-09747,C1398,WAR,2025-12-09,2025-12-15,2025-12-10,Account manager,Part despatched
SO-2025-09748,C1040,BRS,2025-12-09,2025-12-10,2025-12-09,Telephone,Part despatched
SO-2025-09749,C1294,BRS,2025-12-09,2025-12-11,2025-12-09,Web,Despatched
SO-2025-09750,C1915,BRS,2025-12-09,2025-12-11,2025-12-10,Account manager,Despatched
SO-2025-09751,C1266,LIV,2025-12-09,2025-12-15,2025-12-09,Account manager,Despatched
SO-2025-09752,C1085,LIV,2025-12-09,2025-12-11,2025-12-09,Trade counter,Despatched
SO-2025-09753,C1321,LIV,2025-12-09,2025-12-12,2025-12-09,Telephone,Despatched
SO-2025-09754,C1168,LIV,2025-12-09,2025-12-11,2025-12-09,Telephone,Part despatched
SO-2025-09755,C1307,DAV,2025-12-10,2025-12-15,2025-12-10,Web,Part despatched
SO-2025-09756,C1078,DAV,2025-12-10,2025-12-15,2025-12-10,Web,Despatched
SO-2025-09757,C1179,DAV,2025-12-10,2025-12-12,2025-12-10,Trade counter,Part despatched
SO-2025-09758,C1734,DAV,2025-12-10,2025-12-16,2025-12-10,Trade counter,Despatched
SO-2025-09759,C1426,DAV,2025-12-10,2025-12-11,2025-12-10,Trade counter,Despatched
SO-2025-09760,C1078,DAV,2025-12-10,2025-12-15,2025-12-11,Trade counter,Despatched
SO-2025-09761,C1146,DAV,2025-12-10,2025-12-11,2025-12-10,Telephone,Despatched
SO-2025-09762,C1319,DAV,2025-12-10,2025-12-12,2025-12-11,Telephone,Part despatched
SO-2025-09763,C1051,WAR,2025-12-10,2025-12-11,2025-12-12,Account manager,Despatched
SO-2025-09764,C1948,WAR,2025-12-10,2025-12-15,2025-12-10,Telephone,Despatched
SO-2025-09765,C1032,WAR,2025-12-10,2025-12-12,2025-12-11,Trade counter,Despatched
SO-2025-09766,C1174,WAR,2025-12-10,2025-12-12,2025-12-12,Trade counter,Despatched
SO-2025-09767,C1492,WAR,2025-12-10,2025-12-11,2025-12-10,Web,Despatched
SO-2025-09768,C1808,WAR,2025-12-10,2025-12-15,2025-12-10,Web,Despatched
SO-2025-09769,C1339,BRS,2025-12-10,2025-12-15,2025-12-10,Telephone,Despatched
SO-2025-09770,C1387,BRS,2025-12-10,2025-12-12,2025-12-11,Trade counter,Despatched
SO-2025-09771,C1518,BRS,2025-12-10,2025-12-11,2025-12-10,Telephone,Part despatched
SO-2025-09772,C1518,BRS,2025-12-10,2025-12-11,2025-12-10,Account manager,Despatched
SO-2025-09773,C1328,BRS,2025-12-10,2025-12-16,2025-12-11,Web,Despatched
SO-2025-09774,C1357,LIV,2025-12-10,2025-12-11,2025-12-11,Trade counter,Despatched
SO-2025-09775,C1911,LIV,2025-12-10,2025-12-12,2025-12-10,Telephone,Despatched
SO-2025-09776,C1266,LIV,2025-12-10,2025-12-12,2025-12-10,Web,Despatched
SO-2025-09777,C1593,DAV,2025-12-11,2025-12-16,2025-12-12,Trade counter,Part despatched
SO-2025-09778,C1434,DAV,2025-12-11,2025-12-15,2025-12-11,Web,Part despatched
SO-2025-09779,C1734,DAV,2025-12-11,2025-12-12,2025-12-15,Web,Part despatched
SO-2025-09780,C1426,DAV,2025-12-11,2025-12-17,2025-12-11,Trade counter,Despatched
SO-2025-09781,C1335,DAV,2025-12-11,2025-12-16,2025-12-12,Web,Part despatched
SO-2025-09782,C1859,DAV,2025-12-11,2025-12-15,2025-12-11,Telephone,Despatched
SO-2025-09783,C1094,DAV,2025-12-11,2025-12-17,2025-12-11,Telephone,Despatched
SO-2025-09784,C1551,DAV,2025-12-11,2025-12-16,2025-12-11,Web,Part despatched
SO-2025-09785,C1543,WAR,2025-12-11,2025-12-12,2025-12-12,Web,Part despatched
SO-2025-09786,C1391,WAR,2025-12-11,2025-12-12,2025-12-11,Web,Part despatched
SO-2025-09787,C1702,WAR,2025-12-11,2025-12-17,2025-12-11,Account manager,Part despatched
SO-2025-09788,C1960,WAR,2025-12-11,2025-12-12,2025-12-12,Trade counter,Part despatched
SO-2025-09789,C1212,BRS,2025-12-11,2025-12-12,2025-12-11,Account manager,Despatched
SO-2025-09790,C1697,BRS,2025-12-11,2025-12-15,2025-12-11,Account manager,Despatched
SO-2025-09791,C1821,LIV,2025-12-11,2025-12-17,2025-12-11,Trade counter,Despatched
SO-2025-09792,C1803,LIV,2025-12-11,2025-12-17,2025-12-11,Telephone,Despatched
SO-2025-09793,C1379,LIV,2025-12-11,2025-12-15,2025-12-11,Telephone,Part despatched
SO-2025-09794,C1078,DAV,2025-12-12,2025-12-17,2025-12-15,Telephone,Part despatched
SO-2025-09795,C1145,DAV,2025-12-12,2025-12-16,2025-12-12,Web,Despatched
SO-2025-09796,C1232,DAV,2025-12-12,2025-12-15,2025-12-12,Account manager,Part despatched
SO-2025-09797,C1097,DAV,2025-12-12,2025-12-15,2025-12-15,Telephone,Despatched
SO-2025-09798,C1898,DAV,2025-12-12,2025-12-16,2025-12-12,Web,Despatched
SO-2025-09799,C1234,WAR,2025-12-12,2025-12-17,2025-12-12,Web,Part despatched
SO-2025-09800,C1010,WAR,2025-12-12,2025-12-18,2025-12-12,Web,Part despatched
SO-2025-09801,C1101,WAR,2025-12-12,2025-12-17,2025-12-12,Telephone,Despatched
SO-2025-09802,C1560,WAR,2025-12-12,2025-12-15,2025-12-12,Trade counter,Despatched
SO-2025-09803,C1336,WAR,2025-12-12,2025-12-17,2025-12-15,Telephone,Despatched
SO-2025-09804,C1624,WAR,2025-12-12,2025-12-15,2025-12-12,Trade counter,Despatched
SO-2025-09805,C1402,WAR,2025-12-12,2025-12-18,2025-12-12,Web,Despatched
SO-2025-09806,C1730,WAR,2025-12-12,2025-12-15,2025-12-12,Telephone,Despatched
SO-2025-09807,C1659,BRS,2025-12-12,2025-12-18,2025-12-12,Telephone,Despatched
SO-2025-09808,C1387,BRS,2025-12-12,2025-12-15,2025-12-12,Web,Part despatched
SO-2025-09809,C1435,LIV,2025-12-12,2025-12-18,2025-12-12,Trade counter,Despatched
SO-2025-09810,C1194,DAV,2025-12-15,2025-12-19,2025-12-16,Telephone,Despatched
SO-2025-09811,C1201,DAV,2025-12-15,2025-12-19,2025-12-17,Account manager,Despatched
SO-2025-09812,C1209,DAV,2025-12-15,2025-12-19,2025-12-17,Telephone,Despatched
SO-2025-09813,C1551,DAV,2025-12-15,2025-12-18,2025-12-15,Web,Part despatched
SO-2025-09814,C1734,DAV,2025-12-15,2025-12-16,2025-12-15,Telephone,Part despatched
SO-2025-09815,C1335,DAV,2025-12-15,2025-12-16,2025-12-16,Telephone,Despatched
SO-2025-09816,C1559,DAV,2025-12-15,2025-12-17,2025-12-15,Telephone,Despatched
SO-2025-09817,C1948,WAR,2025-12-15,2025-12-16,2025-12-15,Web,Despatched
SO-2025-09818,C1055,WAR,2025-12-15,2025-12-16,2025-12-15,Web,Despatched
SO-2025-09819,C1336,WAR,2025-12-15,2025-12-17,2025-12-15,Web,Part despatched
SO-2025-09820,C1234,WAR,2025-12-15,2025-12-16,2025-12-15,Telephone,Despatched
SO-2025-09821,C1590,BRS,2025-12-15,2025-12-19,2025-12-15,Account manager,Despatched
SO-2025-09822,C1046,BRS,2025-12-15,2025-12-19,2025-12-16,Web,Despatched
SO-2025-09823,C1578,BRS,2025-12-15,2025-12-18,2025-12-15,Trade counter,Part despatched
SO-2025-09824,C1374,BRS,2025-12-15,2025-12-16,2025-12-15,Trade counter,Despatched
SO-2025-09825,C1878,LIV,2025-12-15,2025-12-18,2025-12-15,Web,Despatched
SO-2025-09826,C1821,LIV,2025-12-15,2025-12-17,2025-12-16,Trade counter,Despatched
SO-2025-09827,C1634,LIV,2025-12-15,2025-12-19,2025-12-16,Telephone,Part despatched
SO-2025-09828,C1038,LIV,2025-12-15,2025-12-18,2025-12-15,Telephone,Part despatched
SO-2025-09829,C1422,LIV,2025-12-15,2025-12-16,2025-12-16,Web,Despatched
SO-2025-09830,C1085,LIV,2025-12-15,2025-12-18,2025-12-15,Telephone,Despatched
SO-2025-09831,C1648,DAV,2025-12-16,2025-12-18,2025-12-17,Telephone,Part despatched
SO-2025-09832,C1734,DAV,2025-12-16,2025-12-22,2025-12-16,Telephone,Despatched
SO-2025-09833,C1830,DAV,2025-12-16,2025-12-17,2025-12-17,Trade counter,Part despatched
SO-2025-09834,C1235,DAV,2025-12-16,2025-12-18,2025-12-16,Trade counter,Despatched
SO-2025-09835,C1442,DAV,2025-12-16,2025-12-19,2025-12-16,Trade counter,Despatched
SO-2025-09836,C1051,WAR,2025-12-16,2025-12-22,2025-12-17,Trade counter,Despatched
SO-2025-09837,C1398,WAR,2025-12-16,2025-12-17,2025-12-17,Trade counter,Despatched
SO-2025-09838,C1032,WAR,2025-12-16,2025-12-19,2025-12-16,Trade counter,Despatched
SO-2025-09839,C1802,WAR,2025-12-16,2025-12-22,2025-12-16,Telephone,Despatched
SO-2025-09840,C1075,WAR,2025-12-16,2025-12-17,2025-12-16,Account manager,Part despatched
SO-2025-09841,C1475,BRS,2025-12-16,2025-12-22,2025-12-16,Account manager,Despatched
SO-2025-09842,C1115,BRS,2025-12-16,2025-12-17,2025-12-16,Web,Part despatched
SO-2025-09843,C1087,BRS,2025-12-16,2025-12-22,2025-12-16,Telephone,Part despatched
SO-2025-09844,C1785,BRS,2025-12-16,2025-12-18,2025-12-16,Telephone,Despatched
SO-2025-09845,C1944,BRS,2025-12-16,2025-12-18,2025-12-17,Trade counter,Despatched
SO-2025-09846,C1411,BRS,2025-12-16,2025-12-22,2025-12-17,Trade counter,Despatched
SO-2025-09847,C1566,LIV,2025-12-16,2025-12-22,2025-12-19,Telephone,Part despatched
SO-2025-09848,C1666,LIV,2025-12-16,2025-12-18,2025-12-16,Telephone,Despatched
SO-2025-09849,C1734,DAV,2025-12-17,2025-12-23,2025-12-17,Telephone,Despatched
SO-2025-09850,C1593,DAV,2025-12-17,2025-12-22,2025-12-17,Account manager,Despatched
SO-2025-09851,C1429,DAV,2025-12-17,2025-12-22,2025-12-17,Telephone,Part despatched
SO-2025-09852,C1616,DAV,2025-12-17,2025-12-19,2025-12-17,Trade counter,Despatched
SO-2025-09853,C1648,DAV,2025-12-17,2025-12-23,2025-12-19,Trade counter,Despatched
SO-2025-09854,C1447,DAV,2025-12-17,2025-12-22,2025-12-17,Trade counter,Part despatched
SO-2025-09855,C1447,DAV,2025-12-17,2025-12-23,2025-12-18,Trade counter,Part despatched
SO-2025-09856,C1078,DAV,2025-12-17,2025-12-18,2025-12-17,Trade counter,Part despatched
SO-2025-09857,C1479,DAV,2025-12-17,2025-12-18,2025-12-17,Trade counter,Despatched
SO-2025-09858,C1201,DAV,2025-12-17,2025-12-23,2025-12-17,Telephone,Part despatched
SO-2025-09859,C1262,DAV,2025-12-17,2025-12-23,2025-12-17,Trade counter,Despatched
SO-2025-09860,C1366,DAV,2025-12-17,2025-12-22,2025-12-17,Trade counter,Part despatched
SO-2025-09861,C1157,WAR,2025-12-17,2025-12-19,2025-12-17,Web,Despatched
SO-2025-09862,C1871,WAR,2025-12-17,2025-12-22,2025-12-17,Account manager,Despatched
SO-2025-09863,C1376,WAR,2025-12-17,2025-12-22,2025-12-19,Trade counter,Despatched
SO-2025-09864,C1343,BRS,2025-12-17,2025-12-19,2025-12-17,Trade counter,Despatched
SO-2025-09865,C1541,BRS,2025-12-17,2025-12-23,2025-12-17,Telephone,Despatched
SO-2025-09866,C1498,BRS,2025-12-17,2025-12-23,2025-12-17,Account manager,Part despatched
SO-2025-09867,C1498,BRS,2025-12-17,2025-12-18,2025-12-19,Account manager,Despatched
SO-2025-09868,C1385,DAV,2025-12-18,2025-12-24,2025-12-18,Trade counter,Despatched
SO-2025-09869,C1898,DAV,2025-12-18,2025-12-22,2025-12-19,Telephone,Part despatched
SO-2025-09870,C1554,DAV,2025-12-18,2025-12-23,2025-12-19,Web,Part despatched
SO-2025-09871,C1429,DAV,2025-12-18,2025-12-24,2025-12-18,Trade counter,Despatched
SO-2025-09872,C1646,DAV,2025-12-18,2025-12-19,2025-12-18,Trade counter,Despatched
SO-2025-09873,C1447,DAV,2025-12-18,2025-12-19,2025-12-18,Telephone,Despatched
SO-2025-09874,C1765,DAV,2025-12-18,2025-12-24,2025-12-18,Trade counter,Despatched
SO-2025-09875,C1827,DAV,2025-12-18,2025-12-22,2025-12-18,Trade counter,Part despatched
SO-2025-09876,C1089,DAV,2025-12-18,2025-12-19,2025-12-18,Telephone,Despatched
SO-2025-09877,C1092,DAV,2025-12-18,2025-12-23,2025-12-18,Web,Part despatched
SO-2025-09878,C1032,WAR,2025-12-18,2025-12-24,2025-12-18,Account manager,Despatched
SO-2025-09879,C1790,WAR,2025-12-18,2025-12-23,2025-12-18,Trade counter,Part despatched
SO-2025-09880,C1141,WAR,2025-12-18,2025-12-19,2025-12-19,Account manager,Despatched
SO-2025-09881,C1482,WAR,2025-12-18,2025-12-23,2025-12-22,Trade counter,Despatched
SO-2025-09882,C1141,WAR,2025-12-18,2025-12-22,2025-12-19,Telephone,Despatched
SO-2025-09883,C1475,BRS,2025-12-18,2025-12-24,2025-12-18,Telephone,Despatched
SO-2025-09884,C1557,BRS,2025-12-18,2025-12-19,2025-12-19,Trade counter,Despatched
SO-2025-09885,C1321,LIV,2025-12-18,2025-12-22,2025-12-18,Web,Despatched
SO-2025-09886,C1038,LIV,2025-12-18,2025-12-23,2025-12-18,Account manager,Despatched
SO-2025-09887,C1279,LIV,2025-12-18,2025-12-23,2025-12-18,Account manager,Despatched
SO-2025-09888,C1085,LIV,2025-12-18,2025-12-23,,Account manager,Cancelled
SO-2025-09889,C1429,DAV,2025-12-19,2025-12-24,2025-12-19,Account manager,Despatched
SO-2025-09890,C1098,DAV,2025-12-19,2025-12-22,2025-12-22,Telephone,Despatched
SO-2025-09891,C1610,DAV,2025-12-19,2025-12-24,2025-12-19,Telephone,Despatched
SO-2025-09892,C1521,DAV,2025-12-19,2025-12-29,2025-12-19,Telephone,Despatched
SO-2025-09893,C1636,DAV,2025-12-19,2025-12-23,2025-12-19,Account manager,Despatched
SO-2025-09894,C1882,DAV,2025-12-19,2025-12-23,2025-12-22,Telephone,Part despatched
SO-2025-09895,C1098,DAV,2025-12-19,2025-12-22,2025-12-19,Trade counter,Despatched
SO-2025-09896,C1098,DAV,2025-12-19,2025-12-23,2025-12-19,Trade counter,Part despatched
SO-2025-09897,C1610,DAV,2025-12-19,2025-12-24,2025-12-19,Telephone,Despatched
SO-2025-09898,C1133,DAV,2025-12-19,2025-12-22,2025-12-19,Trade counter,Despatched
SO-2025-09899,C1236,DAV,2025-12-19,2025-12-22,2025-12-22,Account manager,Despatched
SO-2025-09900,C1234,WAR,2025-12-19,2025-12-22,2025-12-19,Trade counter,Part despatched
SO-2025-09901,C1831,WAR,2025-12-19,2025-12-23,2025-12-19,Web,Despatched
SO-2025-09902,C1558,WAR,2025-12-19,2025-12-23,2025-12-19,Telephone,Despatched
SO-2025-09903,C1101,WAR,2025-12-19,2025-12-29,2025-12-22,Trade counter,Despatched
SO-2025-09904,C1808,WAR,2025-12-19,2025-12-24,2025-12-19,Web,Despatched
SO-2025-09905,C1822,WAR,2025-12-19,2025-12-29,2025-12-19,Account manager,Despatched
SO-2025-09906,C1207,WAR,2025-12-19,2025-12-24,2025-12-19,Telephone,Despatched
SO-2025-09907,C1243,WAR,2025-12-19,2025-12-29,2025-12-19,Trade counter,Despatched
SO-2025-09908,C1463,BRS,2025-12-19,2025-12-29,2025-12-19,Account manager,Despatched
SO-2025-09909,C1302,BRS,2025-12-19,2025-12-24,2025-12-19,Web,Despatched
SO-2025-09910,C1475,BRS,2025-12-19,2025-12-23,2025-12-19,Telephone,Despatched
SO-2025-09911,C1333,LIV,2025-12-19,2025-12-23,2025-12-19,Web,Despatched
SO-2025-09912,C1085,LIV,2025-12-19,2025-12-23,2025-12-19,Trade counter,Despatched
SO-2025-09913,C1890,DAV,2025-12-22,2025-12-30,2025-12-23,Account manager,Despatched
SO-2025-09914,C1323,DAV,2025-12-22,2025-12-23,2025-12-22,Trade counter,Despatched
SO-2025-09915,C1366,DAV,2025-12-22,2025-12-23,2025-12-22,Telephone,Despatched
SO-2025-09916,C1882,DAV,2025-12-22,2025-12-24,2025-12-23,Web,Part despatched
SO-2025-09917,C1624,WAR,2025-12-22,2025-12-30,2025-12-22,Account manager,Part despatched
SO-2025-09918,C1713,WAR,2025-12-22,2025-12-23,2025-12-22,Account manager,Despatched
SO-2025-09919,C1948,WAR,2025-12-22,2025-12-23,2025-12-23,Trade counter,Despatched
SO-2025-09920,C1871,WAR,2025-12-22,2025-12-24,2025-12-22,Trade counter,Despatched
SO-2025-09921,C1702,WAR,2025-12-22,2025-12-29,2025-12-23,Web,Despatched
SO-2025-09922,C1671,WAR,2025-12-22,2025-12-29,2025-12-22,Trade counter,Despatched
SO-2025-09923,C1198,WAR,2025-12-22,2025-12-30,2025-12-22,Trade counter,Part despatched
SO-2025-09924,C1866,WAR,2025-12-22,2025-12-24,2025-12-22,Telephone,Despatched
SO-2025-09925,C1454,WAR,2025-12-22,2025-12-29,2025-12-22,Trade counter,Despatched
SO-2025-09926,C1338,BRS,2025-12-22,2025-12-23,2025-12-22,Web,Despatched
SO-2025-09927,C1167,BRS,2025-12-22,2025-12-23,2025-12-22,Trade counter,Despatched
SO-2025-09928,C1085,LIV,2025-12-22,2025-12-29,2025-12-24,Trade counter,Despatched
SO-2025-09929,C1821,LIV,2025-12-22,2025-12-24,2025-12-22,Trade counter,Despatched
SO-2025-09930,C1432,LIV,2025-12-22,2025-12-23,2025-12-22,Web,Despatched
SO-2025-09931,C1168,LIV,2025-12-22,2025-12-23,2025-12-24,Trade counter,Despatched
SO-2025-09932,C1746,DAV,2025-12-23,2025-12-29,2025-12-30,Telephone,Part despatched
SO-2025-09933,C1979,DAV,2025-12-23,2025-12-24,2025-12-29,Web,Despatched
SO-2025-09934,C1354,DAV,2025-12-23,2025-12-31,2025-12-23,Web,Despatched
SO-2025-09935,C1955,WAR,2025-12-23,2025-12-31,2025-12-23,Telephone,Despatched
SO-2025-09936,C1162,WAR,2025-12-23,2025-12-30,2025-12-23,Web,Part despatched
SO-2025-09937,C1402,WAR,2025-12-23,2025-12-30,2025-12-23,Trade counter,Part despatched
SO-2025-09938,C1215,WAR,2025-12-23,2025-12-30,2025-12-23,Telephone,Despatched
SO-2025-09939,C1182,WAR,2025-12-23,2025-12-31,2025-12-24,Web,Despatched
SO-2025-09940,C1123,WAR,2025-12-23,2025-12-31,2025-12-23,Telephone,Despatched
SO-2025-09941,C1140,BRS,2025-12-23,2025-12-31,2025-12-23,Telephone,Despatched
SO-2025-09942,C1578,BRS,2025-12-23,2025-12-30,2025-12-24,Telephone,Part despatched
SO-2025-09943,C1697,BRS,2025-12-23,2025-12-29,2025-12-23,Trade counter,Despatched
SO-2025-09944,C1423,LIV,2025-12-23,2025-12-24,2025-12-23,Web,Despatched
SO-2025-09945,C1109,LIV,2025-12-23,2025-12-30,2025-12-23,Telephone,Part despatched
SO-2025-09946,C1432,LIV,2025-12-23,2025-12-24,2025-12-24,Web,Part despatched
SO-2025-09947,C1379,LIV,2025-12-23,2025-12-24,2025-12-23,Telephone,Despatched
SO-2025-09948,C1434,DAV,2025-12-24,2025-12-31,2025-12-24,Account manager,Part despatched
SO-2025-09949,C1078,DAV,2025-12-24,2025-12-30,2025-12-24,Account manager,Part despatched
SO-2025-09950,C1434,DAV,2025-12-24,2025-12-29,2025-12-24,Trade counter,Despatched
SO-2025-09951,C1629,DAV,2025-12-24,2025-12-29,2025-12-29,Telephone,Despatched
SO-2025-09952,C1278,DAV,2025-12-24,2025-12-29,2025-12-29,Trade counter,Despatched
SO-2025-09953,C1253,DAV,2025-12-24,2025-12-31,2025-12-24,Trade counter,Despatched
SO-2025-09954,C1307,DAV,2025-12-24,2025-12-29,2025-12-24,Trade counter,Part despatched
SO-2025-09955,C1563,DAV,2025-12-24,2025-12-31,2025-12-29,Web,Despatched
SO-2025-09956,C1299,DAV,2025-12-24,2025-12-31,2025-12-31,Trade counter,Despatched
SO-2025-09957,C1952,DAV,2025-12-24,2025-12-31,2025-12-24,Web,Despatched
SO-2025-09958,C1334,DAV,2025-12-24,2025-12-30,2025-12-29,Trade counter,Despatched
SO-2025-09959,C1535,WAR,2025-12-24,2025-12-30,2025-12-24,Web,Part despatched
SO-2025-09960,C1398,WAR,2025-12-24,2025-12-31,2025-12-24,Telephone,Despatched
SO-2025-09961,C1264,WAR,2025-12-24,2025-12-30,2025-12-24,Web,Despatched
SO-2025-09962,C1871,WAR,2025-12-24,2025-12-31,2025-12-29,Telephone,Despatched
SO-2025-09963,C1960,WAR,2025-12-24,2026-01-01,2025-12-24,Telephone,Part despatched
SO-2025-09964,C1402,WAR,2025-12-24,2026-01-01,2025-12-24,Telephone,Despatched
SO-2025-09965,C1948,WAR,2025-12-24,2025-12-29,2025-12-31,Web,Despatched
SO-2025-09966,C1697,BRS,2025-12-24,2025-12-31,2025-12-24,Telephone,Despatched
SO-2025-09967,C1238,BRS,2025-12-24,2026-01-01,2025-12-24,Telephone,Despatched
SO-2025-09968,C1238,BRS,2025-12-24,2025-12-30,2025-12-24,Web,Part despatched
SO-2025-09969,C1212,BRS,2025-12-24,2025-12-29,2025-12-31,Trade counter,Despatched
SO-2025-09970,C1266,LIV,2025-12-24,2026-01-01,2025-12-24,Trade counter,Despatched
SO-2025-09971,C1159,LIV,2025-12-24,2025-12-30,2025-12-29,Telephone,Part despatched
SO-2025-09972,C1110,DAV,2025-12-29,2025-12-31,2025-12-29,Web,Despatched
SO-2025-09973,C1551,DAV,2025-12-29,2025-12-30,2025-12-29,Web,Despatched
SO-2025-09974,C1800,DAV,2025-12-29,2025-12-31,2025-12-31,Trade counter,Despatched
SO-2025-09975,C1389,DAV,2025-12-29,2026-01-02,2025-12-29,Telephone,Despatched
SO-2025-09976,C1052,DAV,2025-12-29,2025-12-31,2025-12-30,Telephone,Despatched
SO-2025-09977,C1234,WAR,2025-12-29,2026-01-02,2025-12-29,Web,Despatched
SO-2025-09978,C1948,WAR,2025-12-29,2025-12-30,2025-12-30,Trade counter,Despatched
SO-2025-09979,C1392,WAR,2025-12-29,2025-12-31,2025-12-29,Trade counter,Part despatched
SO-2025-09980,C1032,WAR,2025-12-29,2025-12-31,2025-12-30,Account manager,Despatched
SO-2025-09981,C1402,WAR,2025-12-29,2025-12-31,2025-12-31,Web,Despatched
SO-2025-09982,C1560,WAR,2025-12-29,2025-12-31,2025-12-30,Trade counter,Despatched
SO-2025-09983,C1460,WAR,2025-12-29,2025-12-31,2025-12-30,Trade counter,Despatched
SO-2025-09984,C1591,WAR,2025-12-29,2026-01-02,2025-12-30,Trade counter,Despatched
SO-2025-09985,C1352,BRS,2025-12-29,2025-12-31,2025-12-29,Web,Despatched
SO-2025-09986,C1147,BRS,2025-12-29,2026-01-02,2025-12-30,Telephone,Despatched
SO-2025-09987,C1463,BRS,2025-12-29,2025-12-30,2025-12-29,Trade counter,Despatched
SO-2025-09988,C1044,BRS,2025-12-29,2025-12-30,2025-12-29,Trade counter,Part despatched
SO-2025-09989,C1321,LIV,2025-12-29,2026-01-02,2025-12-30,Trade counter,Part despatched
SO-2025-09990,C1407,DAV,2025-12-30,2026-01-01,2025-12-31,Trade counter,Despatched
SO-2025-09991,C1194,DAV,2025-12-30,2026-01-02,2025-12-30,Trade counter,Part despatched
SO-2025-09992,C1985,DAV,2025-12-30,2025-12-31,2025-12-30,Trade counter,Despatched
SO-2025-09993,C1447,DAV,2025-12-30,2026-01-02,2025-12-31,Trade counter,Despatched
SO-2025-09994,C1599,DAV,2025-12-30,2026-01-01,2025-12-30,Web,Despatched
SO-2025-09995,C1447,DAV,2025-12-30,2026-01-01,2025-12-30,Trade counter,Despatched
SO-2025-09996,C1871,WAR,2025-12-30,2026-01-01,2025-12-31,Trade counter,Despatched
SO-2025-09997,C1831,WAR,2025-12-30,2026-01-02,,Telephone,Cancelled
SO-2025-09998,C1454,WAR,2025-12-30,2025-12-31,,Web,Cancelled
SO-2025-09999,C1844,WAR,2025-12-30,2026-01-01,,Trade counter,Cancelled
SO-2025-10000,C1474,WAR,2025-12-30,2026-01-01,2025-12-30,Trade counter,Despatched
SO-2025-10001,C1374,BRS,2025-12-30,2026-01-01,2025-12-30,Web,Despatched
SO-2025-10002,C1697,BRS,2025-12-30,2026-01-05,2025-12-30,Trade counter,Despatched
SO-2025-10003,C1737,BRS,2025-12-30,2025-12-31,2025-12-30,Web,Despatched
SO-2025-10004,C1044,BRS,2025-12-30,2026-01-01,2025-12-30,Account manager,Despatched
SO-2025-10005,C1821,LIV,2025-12-30,2025-12-31,,Account manager,Cancelled
SO-2025-10006,C1305,LIV,2025-12-30,2026-01-01,2025-12-31,Telephone,Despatched
SO-2025-10007,C1821,LIV,2025-12-30,2026-01-05,2025-12-31,Trade counter,Despatched
SO-2025-10008,C1911,LIV,2025-12-30,2025-12-31,2025-12-30,Telephone,Despatched
SO-2025-10009,C1109,LIV,2025-12-30,2025-12-31,2025-12-30,Trade counter,Despatched
SO-2025-10010,C1821,LIV,2025-12-30,2026-01-01,2025-12-30,Trade counter,Despatched
SO-2025-10011,C1078,DAV,2025-12-31,2026-01-01,2025-12-31,Web,Despatched
SO-2025-10012,C1145,DAV,2025-12-31,2026-01-01,,Trade counter,Cancelled
SO-2025-10013,C1366,DAV,2025-12-31,2026-01-02,2025-12-31,Telephone,Despatched
SO-2025-10014,C1270,DAV,2025-12-31,2026-01-06,2025-12-31,Account manager,Part despatched
SO-2025-10015,C1201,DAV,2025-12-31,2026-01-01,2025-12-31,Web,Despatched
SO-2025-10016,C1145,DAV,2025-12-31,2026-01-01,2025-12-31,Web,Part despatched
SO-2025-10017,C1429,DAV,2025-12-31,2026-01-01,2025-12-31,Web,Part despatched
SO-2025-10018,C1094,DAV,2025-12-31,2026-01-05,2025-12-31,Telephone,Despatched
SO-2025-10019,C1391,WAR,2025-12-31,2026-01-05,,Telephone,Cancelled
SO-2025-10020,C1409,WAR,2025-12-31,2026-01-01,2025-12-31,Telephone,Part despatched
SO-2025-10021,C1234,WAR,2025-12-31,2026-01-06,,Account manager,Cancelled
SO-2025-10022,C1866,WAR,2025-12-31,2026-01-02,,Trade counter,Cancelled
SO-2025-10023,C1376,WAR,2025-12-31,2026-01-02,,Telephone,Cancelled
SO-2025-10024,C1392,WAR,2025-12-31,2026-01-01,2025-12-31,Telephone,Despatched
SO-2025-10025,C1835,LIV,2025-12-31,2026-01-02,,Account manager,Cancelled
SO-2025-10026,C1821,LIV,2025-12-31,2026-01-02,2025-12-31,Web,Despatched
SO-2025-10027,C1607,LIV,2025-12-31,2026-01-06,2025-12-31,Web,Part despatched
